z1,z2,z3,z4,province,year,week,split
-7.3087416,-5.0808716,13.371524,3.623933,01 Distrito Nacional,2015,1,train
-8.178736,-7.1856074,12.639214,3.6798368,01 Distrito Nacional,2015,2,train
-6.1047726,-7.977581,12.456358,4.5568433,01 Distrito Nacional,2015,3,train
-7.4722905,-10.03448,10.943243,3.8092492,01 Distrito Nacional,2015,4,train
-1.4885587,-14.824884,2.3994944,3.3412776,01 Distrito Nacional,2015,5,train
-2.8664563,-14.490017,0.31360936,3.985401,01 Distrito Nacional,2015,6,train
-3.6609774,-14.354939,-0.03563749,3.1983485,01 Distrito Nacional,2015,7,train
-4.9912167,-15.793582,-1.4080114,2.0007632,01 Distrito Nacional,2015,8,train
-5.2920256,-15.610583,-3.3412132,0.4699355,01 Distrito Nacional,2015,9,train
-5.238698,-15.242476,-2.8337717,-1.4694846,01 Distrito Nacional,2015,10,train
-7.139871,-15.782282,-3.0469391,-3.3919277,01 Distrito Nacional,2015,11,train
-6.151907,-16.109379,-4.8828964,-5.979884,01 Distrito Nacional,2015,12,train
-3.5174475,-14.268967,-6.1485314,-7.2596083,01 Distrito Nacional,2015,13,train
-5.2811055,-13.977275,-8.021839,-6.1847544,01 Distrito Nacional,2015,14,train
-3.0069177,-11.784111,-8.091839,-6.2519035,01 Distrito Nacional,2015,15,train
-4.4124284,-11.547465,-8.890316,-10.031062,01 Distrito Nacional,2015,16,train
-2.777538,-2.459021,-16.038586,-6.8384323,01 Distrito Nacional,2015,17,train
-2.9535468,-1.1995527,-14.436056,-7.2377634,01 Distrito Nacional,2015,18,train
-3.4404314,0.91596323,-15.281421,-6.730296,01 Distrito Nacional,2015,19,train
-4.1749854,2.571656,-13.445778,-7.013298,01 Distrito Nacional,2015,20,train
-1.4738787,2.716937,-13.020249,-6.0045047,01 Distrito Nacional,2015,21,train
-0.45610666,3.293986,-13.103643,-6.096083,01 Distrito Nacional,2015,22,train
0.63656056,3.883092,-11.82719,-6.4487844,01 Distrito Nacional,2015,23,train
0.9093674,5.4293785,-10.762969,-6.7391167,01 Distrito Nacional,2015,24,train
1.0709617,7.38201,-9.59484,-7.2571526,01 Distrito Nacional,2015,25,train
2.7405772,7.221032,-9.29275,-6.646774,01 Distrito Nacional,2015,26,train
-3.1423814,13.932144,4.8650517,-7.8270736,01 Distrito Nacional,2015,27,train
-3.9801636,14.73163,5.7423882,-8.280769,01 Distrito Nacional,2015,28,train
-2.9549806,14.508132,5.6944666,-7.802767,01 Distrito Nacional,2015,29,train
-3.1387987,14.930941,6.384869,-7.8753276,01 Distrito Nacional,2015,30,train
-3.3890498,14.409395,4.507613,-9.401737,01 Distrito Nacional,2015,31,train
-2.6782727,13.767458,5.99045,-9.223112,01 Distrito Nacional,2015,32,train
-3.1388218,13.59923,6.2164555,-9.44393,01 Distrito Nacional,2015,33,train
-2.9563646,13.188567,7.218874,-8.651997,01 Distrito Nacional,2015,34,train
16.054007,2.3572335,-5.843326,-2.0111296,01 Distrito Nacional,2015,35,train
9.748354,10.514537,6.7340384,-3.1698215,01 Distrito Nacional,2015,36,train
10.38435,9.9084015,6.667877,-2.8062162,01 Distrito Nacional,2015,37,train
10.007089,9.245088,9.765967,-2.6210306,01 Distrito Nacional,2015,38,train
9.745614,8.489743,10.584714,-2.8023093,01 Distrito Nacional,2015,39,train
11.112787,4.7952204,10.722679,-3.686064,01 Distrito Nacional,2015,40,train
12.587467,3.6292589,11.072915,-3.0641153,01 Distrito Nacional,2015,41,train
11.19722,3.3010857,13.472488,-3.0212584,01 Distrito Nacional,2015,42,train
12.421302,2.262967,13.330115,-1.5415676,01 Distrito Nacional,2015,43,train
10.907475,2.1261718,14.219559,0.13676912,01 Distrito Nacional,2015,44,train
7.5307984,3.1737833,13.785994,2.9356647,01 Distrito Nacional,2015,45,train
8.147653,2.8163972,13.347059,3.6087172,01 Distrito Nacional,2015,46,train
11.142961,0.35716563,12.2048435,5.8561406,01 Distrito Nacional,2015,47,train
5.7928243,-6.7834544,13.841955,4.127843,01 Distrito Nacional,2015,48,train
2.2013817,-3.8445275,14.261649,4.3585076,01 Distrito Nacional,2015,49,train
2.7671447,-5.262222,13.664782,5.127912,01 Distrito Nacional,2015,50,train
2.4036574,-5.902832,13.282758,5.613832,01 Distrito Nacional,2015,51,train
-5.0359507,-2.726784,15.783581,1.5225784,01 Distrito Nacional,2015,52,train
-5.168132,-7.856841,17.657888,-2.6164062,01 Distrito Nacional,2016,1,train
-5.3411217,-9.3137,15.700982,-2.890572,01 Distrito Nacional,2016,2,train
-6.7059884,-11.152629,14.41641,-3.7606206,01 Distrito Nacional,2016,3,train
-4.0469885,-11.604783,14.154224,-2.2110596,01 Distrito Nacional,2016,4,train
-0.09886994,-17.820997,7.480702,-1.2264386,01 Distrito Nacional,2016,5,train
-0.51342654,-16.927755,5.07152,-2.0632153,01 Distrito Nacional,2016,6,train
-1.7268525,-17.879496,4.3840203,-2.898238,01 Distrito Nacional,2016,7,train
-2.009244,-17.901081,3.4964066,-4.32239,01 Distrito Nacional,2016,8,train
-0.921453,-16.563509,2.3703268,-5.206004,01 Distrito Nacional,2016,9,train
-7.43455,-17.612682,-2.4917371,-2.4194934,01 Distrito Nacional,2016,10,train
-3.8638186,-16.143927,-4.1587815,-5.129958,01 Distrito Nacional,2016,11,train
-2.491897,-13.845285,-4.830872,-7.1374335,01 Distrito Nacional,2016,12,train
-2.844088,-15.155752,-5.8436055,-8.57247,01 Distrito Nacional,2016,13,train
-0.4687092,-14.369891,-3.935674,-9.098849,01 Distrito Nacional,2016,14,train
-3.5390377,-13.94019,-3.1748087,-12.254662,01 Distrito Nacional,2016,15,train
-0.5480921,-13.289996,-2.4389675,-10.248868,01 Distrito Nacional,2016,16,train
13.508834,-13.682351,-6.3845973,-9.810553,01 Distrito Nacional,2016,17,train
1.2580988,-2.769231,-16.052559,-2.5307155,01 Distrito Nacional,2016,18,train
0.37436727,-1.98618,-14.542697,-1.8652866,01 Distrito Nacional,2016,19,train
0.2294427,0.5697004,-13.876261,-2.5809348,01 Distrito Nacional,2016,20,train
1.044754,1.2856877,-14.203579,-1.6650757,01 Distrito Nacional,2016,21,train
8.499173,-3.5500062,-15.356665,-0.30123734,01 Distrito Nacional,2016,22,train
1.771036,4.5778165,-12.638123,-1.8613743,01 Distrito Nacional,2016,23,train
1.2378632,7.4264884,-12.019578,-2.5441537,01 Distrito Nacional,2016,24,train
2.7845418,6.113907,-11.917454,-0.47174048,01 Distrito Nacional,2016,25,train
2.8823547,8.147206,-11.186702,-1.0437206,01 Distrito Nacional,2016,26,train
-1.8025626,15.504455,2.5133877,-2.064875,01 Distrito Nacional,2016,27,train
-2.3003473,16.317514,2.313987,-2.5060928,01 Distrito Nacional,2016,28,train
-1.7983719,16.34886,2.317548,-2.473836,01 Distrito Nacional,2016,29,train
-1.9503058,15.92314,3.3935313,-1.2539295,01 Distrito Nacional,2016,30,train
-8.053036,15.549828,14.552564,3.0422013,01 Distrito Nacional,2016,31,train
-2.26126,17.155441,2.393232,-0.42324144,01 Distrito Nacional,2016,32,train
-2.7444465,17.200655,0.25062475,-2.5916307,01 Distrito Nacional,2016,33,train
-3.6205604,17.460085,5.979394,4.0616584,01 Distrito Nacional,2016,34,train
5.095285,15.987354,-1.5960037,1.2610242,01 Distrito Nacional,2016,35,train
5.0222735,16.059069,-0.645075,3.5714583,01 Distrito Nacional,2016,36,train
5.1750293,16.023245,-0.3423757,3.0705295,01 Distrito Nacional,2016,37,train
4.93181,15.819037,1.0796716,3.8940501,01 Distrito Nacional,2016,38,train
5.29234,14.203103,1.8219147,4.624286,01 Distrito Nacional,2016,39,train
13.167278,1.6027281,-10.389158,6.017791,01 Distrito Nacional,2016,40,train
4.4398303,12.450123,6.2696447,7.877579,01 Distrito Nacional,2016,41,train
3.111992,11.143778,7.763455,9.385973,01 Distrito Nacional,2016,42,train
4.826453,9.552132,7.3158493,9.722826,01 Distrito Nacional,2016,43,train
3.8460238,8.750229,8.154576,11.047797,01 Distrito Nacional,2016,44,train
3.214156,7.7185073,8.619762,11.103518,01 Distrito Nacional,2016,45,train
1.644259,7.280059,9.466152,12.216832,01 Distrito Nacional,2016,46,train
1.6409844,5.097777,9.05547,13.903333,01 Distrito Nacional,2016,47,train
-1.834218,-3.8268716,9.356039,12.8941765,01 Distrito Nacional,2016,48,train
-1.6334649,-3.9877944,9.252098,12.230008,01 Distrito Nacional,2016,49,train
-1.7915395,-4.1499887,9.411392,12.06516,01 Distrito Nacional,2016,50,train
-2.477998,-4.15988,9.446439,12.26857,01 Distrito Nacional,2016,51,train
-8.079254,-3.1537435,12.747359,10.105875,01 Distrito Nacional,2016,52,train
-9.13467,-4.660795,12.1435,9.604817,01 Distrito Nacional,2017,1,train
-10.315876,-5.525149,10.18724,8.289713,01 Distrito Nacional,2017,2,train
-14.722545,-9.382981,10.69789,9.483413,01 Distrito Nacional,2017,3,train
-12.2206135,-9.0129385,8.915258,8.414185,01 Distrito Nacional,2017,4,train
-4.7892,-12.892231,1.4903504,8.417313,01 Distrito Nacional,2017,5,train
-4.347872,-13.081334,-0.4849681,6.8570027,01 Distrito Nacional,2017,6,train
-4.603178,-14.052693,-1.952433,6.345624,01 Distrito Nacional,2017,7,train
-8.17193,-15.1398115,-2.4036794,4.803877,01 Distrito Nacional,2017,8,train
-9.46063,-14.210076,-2.9462943,2.5431364,01 Distrito Nacional,2017,9,train
-7.6633954,-13.758411,-6.175793,1.9729149,01 Distrito Nacional,2017,10,train
-6.9683194,-13.850688,-9.234402,-0.673865,01 Distrito Nacional,2017,11,train
-6.5726657,-12.546432,-11.727982,-3.4305959,01 Distrito Nacional,2017,12,train
-9.382715,-11.689473,-11.772313,-7.8658295,01 Distrito Nacional,2017,13,train
-2.7531257,-12.28976,-7.6659927,-10.487241,01 Distrito Nacional,2017,14,train
-7.4386253,-12.269498,-6.2426124,-13.924632,01 Distrito Nacional,2017,15,train
7.415018,-12.200489,-9.906589,-3.186469,01 Distrito Nacional,2017,16,train
6.814967,-10.984701,-10.114534,-3.720765,01 Distrito Nacional,2017,17,train
-0.36590388,-2.5400512,-16.10358,-1.2030088,01 Distrito Nacional,2017,18,train
-2.0105886,1.1027279,-16.130625,-1.8504522,01 Distrito Nacional,2017,19,train
0.14296809,0.8575212,-14.078728,-0.9381066,01 Distrito Nacional,2017,20,train
-0.27729607,3.4023223,-13.154842,-2.3437328,01 Distrito Nacional,2017,21,train
0.5729238,4.176502,-13.332974,-1.4099666,01 Distrito Nacional,2017,22,train
0.9400031,5.8567305,-11.772308,-3.3866518,01 Distrito Nacional,2017,23,train
0.7336764,7.9976907,-11.718281,-3.141933,01 Distrito Nacional,2017,24,train
1.55617,9.300232,-10.83636,-3.3959303,01 Distrito Nacional,2017,25,train
2.6520152,9.0303545,-10.000343,-2.8906953,01 Distrito Nacional,2017,26,train
-3.014395,16.732046,1.7917781,-0.8995846,01 Distrito Nacional,2017,27,train
-2.8301291,17.07863,4.331194,1.489359,01 Distrito Nacional,2017,28,train
-3.3427794,16.975481,0.293472,-2.3420851,01 Distrito Nacional,2017,29,train
-2.0140004,16.820019,2.896545,0.0387278,01 Distrito Nacional,2017,30,train
-3.9897199,17.171812,0.05991659,-2.7135296,01 Distrito Nacional,2017,31,train
-3.2187142,17.599333,2.150376,-0.54060704,01 Distrito Nacional,2017,32,train
-3.6304352,16.922335,2.7246587,-0.04888957,01 Distrito Nacional,2017,33,train
-2.5213945,16.996246,3.0627387,0.06884299,01 Distrito Nacional,2017,34,train
4.8844175,15.750642,-0.8316884,1.579372,01 Distrito Nacional,2017,35,train
4.201796,14.958314,1.4629834,3.187948,01 Distrito Nacional,2017,36,train
4.3470745,15.503425,2.875671,3.9119763,01 Distrito Nacional,2017,37,train
4.692512,14.256163,3.8174489,4.7025604,01 Distrito Nacional,2017,38,train
5.2257442,14.587878,4.439663,5.030192,01 Distrito Nacional,2017,39,train
4.0333076,14.206028,5.5929008,6.77548,01 Distrito Nacional,2017,40,train
5.276105,12.451349,5.3230314,7.955078,01 Distrito Nacional,2017,41,train
5.2358894,10.657918,6.4184937,8.584473,01 Distrito Nacional,2017,42,train
5.8418107,9.814301,6.7745595,9.786697,01 Distrito Nacional,2017,43,train
6.277265,8.210374,6.6850514,10.038068,01 Distrito Nacional,2017,44,train
9.056373,-1.7964689,-13.330371,12.285613,01 Distrito Nacional,2017,45,train
10.489709,-3.394118,-12.01342,11.503743,01 Distrito Nacional,2017,46,train
3.6477513,6.231051,8.407837,13.499351,01 Distrito Nacional,2017,47,train
-1.6062984,-3.7157624,9.20438,12.882544,01 Distrito Nacional,2017,48,train
-1.7740817,-4.546709,8.582237,12.983608,01 Distrito Nacional,2017,49,train
-1.0468105,-6.4008393,7.8754716,13.79113,01 Distrito Nacional,2017,50,train
-1.4264507,-6.0597816,7.5194707,12.345798,01 Distrito Nacional,2017,51,train
-9.209007,-3.0113654,11.936098,9.552133,01 Distrito Nacional,2017,52,train
-7.8942103,-1.6010592,12.9073515,10.925798,01 Distrito Nacional,2018,1,train
-7.934851,-2.4176295,11.779894,10.7193775,01 Distrito Nacional,2018,2,train
-7.8497467,-3.8198333,10.849751,10.344447,01 Distrito Nacional,2018,3,train
-8.00842,-5.257117,9.089485,9.210422,01 Distrito Nacional,2018,4,train
-5.190068,-12.77822,0.9713053,9.003373,01 Distrito Nacional,2018,5,train
-4.165348,-11.849077,-1.9866351,7.2516,01 Distrito Nacional,2018,6,train
-5.88875,-12.74945,-2.630641,7.105322,01 Distrito Nacional,2018,7,train
-7.967958,-13.574489,-3.0532742,5.402058,01 Distrito Nacional,2018,8,train
-11.072793,-16.709515,-5.128158,5.7926564,01 Distrito Nacional,2018,9,train
-8.259812,-15.031266,-8.637104,1.5384309,01 Distrito Nacional,2018,10,train
-3.161073,-12.942505,-10.905951,-0.054558687,01 Distrito Nacional,2018,11,train
-6.849383,-12.491906,-11.983205,-2.8535736,01 Distrito Nacional,2018,12,train
-10.660862,-13.418332,-11.869334,-4.7160616,01 Distrito Nacional,2018,13,train
-4.5766726,-11.535283,-12.962075,-6.845144,01 Distrito Nacional,2018,14,train
-4.3400226,-10.093315,-12.728322,-7.9583955,01 Distrito Nacional,2018,15,train
-1.9028826,-9.936352,-13.191748,-7.4436393,01 Distrito Nacional,2018,16,train
-1.3010285,-8.54392,-12.344155,-8.744019,01 Distrito Nacional,2018,17,train
-0.17166439,-4.8040233,-15.2022,-4.999346,01 Distrito Nacional,2018,18,train
0.76179963,-4.4836926,-14.589788,-7.042529,01 Distrito Nacional,2018,19,train
0.06155777,-3.6537955,-14.087347,-7.9343257,01 Distrito Nacional,2018,20,train
0.63729566,-2.7068636,-13.788554,-8.182652,01 Distrito Nacional,2018,21,train
1.84237,-2.037549,-12.851419,-7.569462,01 Distrito Nacional,2018,22,train
1.1498164,0.46664354,-11.982238,-8.676775,01 Distrito Nacional,2018,23,train
1.3568921,1.9134545,-11.223989,-8.844911,01 Distrito Nacional,2018,24,train
3.2976663,1.8895354,-10.6495285,-7.831801,01 Distrito Nacional,2018,25,train
1.2393094,5.5543795,-9.42884,-9.378901,01 Distrito Nacional,2018,26,train
-5.369244,16.947832,2.464048,-8.116252,01 Distrito Nacional,2018,27,train
-2.4354193,15.290932,6.947657,-2.5294082,01 Distrito Nacional,2018,28,train
-1.6478852,15.413543,5.816969,-3.0681646,01 Distrito Nacional,2018,29,train
-2.2711847,16.19354,5.4564934,-4.0097647,01 Distrito Nacional,2018,30,train
-2.538178,16.20639,4.618616,-4.757571,01 Distrito Nacional,2018,31,train
-1.6469731,15.848046,7.5786285,-2.6625485,01 Distrito Nacional,2018,32,train
-1.751763,15.767488,7.719141,-2.6907296,01 Distrito Nacional,2018,33,train
-1.9491354,15.831091,7.048184,-3.4837346,01 Distrito Nacional,2018,34,train
13.226713,2.699614,-9.1149645,0.16050574,01 Distrito Nacional,2018,35,train
7.4842105,13.91924,4.363946,0.17673159,01 Distrito Nacional,2018,36,train
7.407009,13.21218,4.735523,0.759065,01 Distrito Nacional,2018,37,train
6.36139,13.1598835,6.1999793,1.2273382,01 Distrito Nacional,2018,38,train
6.9050946,12.978961,6.645315,1.9733096,01 Distrito Nacional,2018,39,train
6.92373,12.272067,8.0988035,4.9183702,01 Distrito Nacional,2018,40,train
16.617315,-1.9481269,-8.199636,4.8426337,01 Distrito Nacional,2018,41,train
7.6522775,9.414145,7.635915,5.6395135,01 Distrito Nacional,2018,42,train
8.479339,8.524283,7.9307723,6.5375533,01 Distrito Nacional,2018,43,train
8.634942,7.2313066,8.107938,7.4121666,01 Distrito Nacional,2018,44,train
6.3077297,6.9883604,9.787706,7.511508,01 Distrito Nacional,2018,45,train
3.9486272,6.973991,11.235709,7.5777955,01 Distrito Nacional,2018,46,train
7.934725,4.676221,9.852789,9.14694,01 Distrito Nacional,2018,47,train
1.7739471,-4.123926,11.284404,9.088431,01 Distrito Nacional,2018,48,train
1.3948281,-4.3584986,10.399845,9.756323,01 Distrito Nacional,2018,49,train
1.3840075,-4.974046,10.969219,10.439259,01 Distrito Nacional,2018,50,train
2.178783,-6.9459457,10.611464,11.196174,01 Distrito Nacional,2018,51,train
-9.583783,-2.8601859,12.662961,4.734491,01 Distrito Nacional,2018,52,train
-9.608645,-4.8285265,12.920385,4.654438,01 Distrito Nacional,2019,1,train
-10.04771,-7.320305,13.775466,5.769703,01 Distrito Nacional,2019,2,train
-10.0623255,-9.02833,12.788476,5.786204,01 Distrito Nacional,2019,3,train
-8.219569,-9.405181,10.945893,5.574376,01 Distrito Nacional,2019,4,train
-2.8291624,-15.150432,2.8568892,5.519471,01 Distrito Nacional,2019,5,train
-3.0193694,-16.089209,3.6472635,1.6590235,01 Distrito Nacional,2019,6,train
-2.430385,-15.558139,2.2728932,0.20196849,01 Distrito Nacional,2019,7,train
-6.368336,-16.527458,2.453075,-1.3377194,01 Distrito Nacional,2019,8,train
-7.9109106,-17.778364,2.2658086,-3.1476657,01 Distrito Nacional,2019,9,train
-6.7797394,-16.550064,-3.1256566,-1.8819078,01 Distrito Nacional,2019,10,train
-6.9287634,-16.888903,-4.962975,-3.098046,01 Distrito Nacional,2019,11,train
-5.3542004,-16.540659,-6.8169646,-5.247847,01 Distrito Nacional,2019,12,train
-0.3072949,-13.783849,-7.585521,-5.4696565,01 Distrito Nacional,2019,13,train
-4.3168364,-12.867648,-9.082224,-7.7828593,01 Distrito Nacional,2019,14,train
-1.5787272,-12.063995,-9.682089,-7.317355,01 Distrito Nacional,2019,15,train
-2.8148777,-11.328149,-9.490607,-9.745211,01 Distrito Nacional,2019,16,train
-2.3302133,-10.88023,-9.176031,-10.674489,01 Distrito Nacional,2019,17,train
-2.115138,-2.702501,-15.039502,-4.8732004,01 Distrito Nacional,2019,18,train
-2.070334,-0.020599002,-15.2708,-4.7304034,01 Distrito Nacional,2019,19,train
0.03833752,0.5308322,-13.415446,-4.6960964,01 Distrito Nacional,2019,20,train
0.9553075,1.1923926,-14.46144,-3.638794,01 Distrito Nacional,2019,21,train
2.4384794,0.69868726,-13.963253,-3.141687,01 Distrito Nacional,2019,22,train
2.244382,3.4176755,-12.385183,-3.4629629,01 Distrito Nacional,2019,23,train
1.0543606,6.6264243,-11.225303,-4.861937,01 Distrito Nacional,2019,24,train
2.1865788,7.0322995,-9.933542,-4.35719,01 Distrito Nacional,2019,25,train
2.6363075,8.354059,-9.694373,-4.580412,01 Distrito Nacional,2019,26,train
-1.605681,13.9758625,5.09715,-9.944478,01 Distrito Nacional,2019,27,train
0.32239375,12.420488,6.8831024,-8.8690195,01 Distrito Nacional,2019,28,train
0.78997236,11.769272,6.563592,-10.482233,01 Distrito Nacional,2019,29,train
1.0599258,11.47649,6.0866747,-11.208029,01 Distrito Nacional,2019,30,train
-4.0441747,11.392927,16.695465,-3.2907555,01 Distrito Nacional,2019,31,train
1.7163337,11.088127,8.1592455,-9.917762,01 Distrito Nacional,2019,32,train
1.2088464,11.268001,7.927225,-10.574179,01 Distrito Nacional,2019,33,train
1.4804728,11.221983,10.393574,-8.96193,01 Distrito Nacional,2019,34,train
8.096002,10.942726,3.8368447,-7.349364,01 Distrito Nacional,2019,35,train
9.552239,9.6190815,5.801599,-6.378038,01 Distrito Nacional,2019,36,train
9.016797,9.955025,6.04068,-5.602075,01 Distrito Nacional,2019,37,train
17.839987,-1.6289662,-6.0840006,-2.6624365,01 Distrito Nacional,2019,38,train
7.7468696,9.890842,10.189291,-0.58857155,01 Distrito Nacional,2019,39,train
7.4579053,9.630504,10.715557,1.5576155,01 Distrito Nacional,2019,40,train
9.945183,7.678362,8.410918,2.4215102,01 Distrito Nacional,2019,41,train
10.0137205,7.438697,8.909989,3.3982718,01 Distrito Nacional,2019,42,train
7.5250154,7.449291,11.179452,3.921229,01 Distrito Nacional,2019,43,train
10.769228,5.0544024,8.192089,4.9754343,01 Distrito Nacional,2019,44,train
8.968572,5.177857,9.635581,5.751124,01 Distrito Nacional,2019,45,train
7.5845037,5.2951217,11.170607,6.533218,01 Distrito Nacional,2019,46,train
11.936057,1.9194034,8.606032,7.268503,01 Distrito Nacional,2019,47,train
13.098943,0.3197708,7.0088835,7.257688,01 Distrito Nacional,2019,48,train
1.8709822,-3.7146788,13.162941,5.4779763,01 Distrito Nacional,2019,49,train
1.9636698,-4.208104,13.034091,5.7046456,01 Distrito Nacional,2019,50,train
1.7061113,-5.307253,12.0721445,6.6345997,01 Distrito Nacional,2019,51,train
-6.8450103,-3.0706103,15.186723,3.1037567,01 Distrito Nacional,2019,52,train
-7.539831,-3.8923905,13.724471,4.4794726,01 Distrito Nacional,2020,1,val
-8.562103,-4.7536674,12.087666,3.5951355,01 Distrito Nacional,2020,2,val
-8.042773,-5.991824,11.474597,4.1039915,01 Distrito Nacional,2020,3,val
-5.8338566,-6.8286467,12.626523,5.0011783,01 Distrito Nacional,2020,4,val
-1.4882765,-14.426901,2.2794507,4.2495055,01 Distrito Nacional,2020,5,val
-2.9813344,-14.084311,2.5794408,2.1729066,01 Distrito Nacional,2020,6,val
-4.316219,-14.614534,1.3946815,0.9685415,01 Distrito Nacional,2020,7,val
-2.6365027,-15.2230425,-0.56118536,0.24563634,01 Distrito Nacional,2020,8,val
-3.9442651,-16.072878,-1.7055179,-1.2025423,01 Distrito Nacional,2020,9,val
-0.998274,-15.441493,-3.1765316,-2.967402,01 Distrito Nacional,2020,10,val
-1.5831596,-16.862078,-4.0985727,-4.0689483,01 Distrito Nacional,2020,11,val
-4.333695,-16.640152,-4.7676196,-6.7502785,01 Distrito Nacional,2020,12,val
-1.5942506,-15.865568,-6.07387,-8.316167,01 Distrito Nacional,2020,13,val
-3.1722867,-15.029929,-8.064006,-10.128636,01 Distrito Nacional,2020,14,val
0.6771648,-12.439286,-7.1872334,-9.35183,01 Distrito Nacional,2020,15,val
-0.7801552,-12.201727,-6.748127,-11.541931,01 Distrito Nacional,2020,16,val
-0.17600603,-11.531889,-6.4091177,-11.483431,01 Distrito Nacional,2020,17,val
-2.1731665,0.09995623,-16.111809,-2.6554754,01 Distrito Nacional,2020,18,val
-0.79657567,0.24375764,-13.95716,-1.9364995,01 Distrito Nacional,2020,19,val
-0.61365706,1.4509404,-13.861694,-2.2409892,01 Distrito Nacional,2020,20,val
0.10202683,2.9414363,-12.996576,-1.8699011,01 Distrito Nacional,2020,21,val
0.58787245,4.164364,-12.994963,-1.6935993,01 Distrito Nacional,2020,22,val
0.38599598,7.197544,-12.021092,-3.0945003,01 Distrito Nacional,2020,23,val
0.96878314,8.37812,-11.452871,-3.0608103,01 Distrito Nacional,2020,24,val
1.5530117,9.357713,-10.66719,-2.9805136,01 Distrito Nacional,2020,25,val
0.9858569,12.50929,-9.628428,-2.7210202,01 Distrito Nacional,2020,26,val
-2.4487998,16.639183,2.485561,-0.23105824,01 Distrito Nacional,2020,27,val
-3.668373,17.331293,0.5432384,-2.0829275,01 Distrito Nacional,2020,28,val
-2.3828673,16.97244,1.386118,-1.4509166,01 Distrito Nacional,2020,29,val
-2.6860342,17.21615,1.8885995,-0.69299877,01 Distrito Nacional,2020,30,val
-2.7723305,16.042309,1.8859353,-0.596734,01 Distrito Nacional,2020,31,val
-3.0691838,17.904903,-0.514345,-0.7659601,01 Distrito Nacional,2020,32,val
-3.5116625,17.332657,-0.48026732,-0.76621825,01 Distrito Nacional,2020,33,val
-6.846594,15.977595,12.2053385,5.021999,01 Distrito Nacional,2020,34,val
3.5082226,16.636417,-2.4500253,2.202287,01 Distrito Nacional,2020,35,val
1.9825724,17.175592,0.93046135,6.755267,01 Distrito Nacional,2020,36,val
3.1935277,16.980614,0.81755537,5.112085,01 Distrito Nacional,2020,37,val
4.752092,16.245676,-0.9031547,3.7615335,01 Distrito Nacional,2020,38,val
5.516148,15.050089,-0.41940603,4.215306,01 Distrito Nacional,2020,39,val
1.6561028,15.365302,3.7198932,10.514178,01 Distrito Nacional,2020,40,val
5.7130046,12.594345,2.6315448,10.005767,01 Distrito Nacional,2020,41,val
2.521432,12.829125,6.0953717,10.457095,01 Distrito Nacional,2020,42,val
5.2732973,10.196887,5.3428426,11.090043,01 Distrito Nacional,2020,43,val
3.6308439,9.257427,6.534518,11.413274,01 Distrito Nacional,2020,44,val
10.553488,-2.132752,-8.794206,11.203899,01 Distrito Nacional,2020,45,val
10.985333,-3.5014052,-10.100871,11.517713,01 Distrito Nacional,2020,46,val
1.3475748,6.0374126,8.304562,14.012561,01 Distrito Nacional,2020,47,val
4.6171865,3.458901,6.5916576,14.1324625,01 Distrito Nacional,2020,48,val
4.123781,2.1931171,4.9738994,15.333302,01 Distrito Nacional,2020,49,val
-3.9346812,-3.3769634,9.13202,14.809366,01 Distrito Nacional,2020,50,val
-3.1521814,-4.9181833,7.821812,14.23053,01 Distrito Nacional,2020,51,val
-9.573368,-1.8601489,11.742695,10.589789,01 Distrito Nacional,2020,52,val
-11.851067,-3.0383697,11.139028,11.831249,01 Distrito Nacional,2021,1,val
-9.752649,-3.484771,10.709137,11.555061,01 Distrito Nacional,2021,2,val
-9.748843,-4.07689,9.907095,10.798534,01 Distrito Nacional,2021,3,val
-11.349903,-5.4051275,8.337976,10.003347,01 Distrito Nacional,2021,4,val
-3.804955,-11.159186,-2.3637083,8.871901,01 Distrito Nacional,2021,5,val
-5.1038857,-11.694478,-2.4235852,7.523574,01 Distrito Nacional,2021,6,val
-5.424602,-12.078089,-4.5689235,6.438352,01 Distrito Nacional,2021,7,val
-7.995436,-12.748655,-5.2950935,5.530906,01 Distrito Nacional,2021,8,val
-7.284249,-13.363877,-8.040291,4.8629146,01 Distrito Nacional,2021,9,val
-5.600482,-13.12521,-8.988613,3.4442997,01 Distrito Nacional,2021,10,val
-8.631296,-14.413464,-9.71853,2.004037,01 Distrito Nacional,2021,11,val
-3.744321,-11.851634,-11.77311,-0.09415115,01 Distrito Nacional,2021,12,val
-3.4779463,-11.148308,-13.5155525,-2.749423,01 Distrito Nacional,2021,13,val
-1.8857217,-11.55494,-12.88266,-2.004555,01 Distrito Nacional,2021,14,val
-5.703116,-12.25528,-13.819829,-6.904749,01 Distrito Nacional,2021,15,val
-0.59075207,-9.8348675,-12.524477,-6.4174256,01 Distrito Nacional,2021,16,val
-0.1454108,-9.865856,-12.457419,-7.138404,01 Distrito Nacional,2021,17,val
-1.4363716,-3.16289,-15.857488,-2.4040096,01 Distrito Nacional,2021,18,val
-0.578242,-2.4697223,-14.646637,-2.7906034,01 Distrito Nacional,2021,19,val
-0.1486516,-1.1624548,-14.956527,-2.2391305,01 Distrito Nacional,2021,20,val
0.44147086,0.4551732,-14.166786,-2.686954,01 Distrito Nacional,2021,21,val
1.2364737,0.94101053,-13.568459,-2.3976953,01 Distrito Nacional,2021,22,val
2.2645721,1.4187096,-13.534294,-2.2500577,01 Distrito Nacional,2021,23,val
1.7655663,4.7005267,-11.231234,-4.0267196,01 Distrito Nacional,2021,24,val
2.9314215,4.2929683,-11.713319,-2.6370392,01 Distrito Nacional,2021,25,val
7.493549,-0.2955055,-12.081417,-1.3042427,01 Distrito Nacional,2021,26,val
-3.3393438,17.11934,1.737168,-1.1637784,01 Distrito Nacional,2021,27,val
-3.247261,16.894497,3.5710561,1.5703838,01 Distrito Nacional,2021,28,val
-2.157111,16.921087,2.4749277,-0.081359945,01 Distrito Nacional,2021,29,val
-2.7589011,17.488743,2.8403895,0.54832727,01 Distrito Nacional,2021,30,val
-2.4498444,17.685678,2.3347974,0.12388895,01 Distrito Nacional,2021,31,val
-8.624428,16.025728,14.382866,4.008362,01 Distrito Nacional,2021,32,val
-8.2631,15.92189,13.917873,3.7935908,01 Distrito Nacional,2021,33,val
-2.7863767,16.70732,1.6462295,-2.4427955,01 Distrito Nacional,2021,34,val
4.1126003,16.162992,-0.111787535,0.9846484,01 Distrito Nacional,2021,35,val
3.6216922,16.305708,-1.260497,3.2783604,01 Distrito Nacional,2021,36,val
3.429916,16.69549,0.53012735,4.7351947,01 Distrito Nacional,2021,37,val
4.0378246,15.887186,0.11968822,3.4194026,01 Distrito Nacional,2021,38,val
4.210932,16.000996,2.1295497,6.878344,01 Distrito Nacional,2021,39,val
5.162144,13.438724,1.9329793,6.6403146,01 Distrito Nacional,2021,40,val
2.7378757,13.595168,5.4282236,9.700407,01 Distrito Nacional,2021,41,val
4.162844,11.920635,5.594573,10.242664,01 Distrito Nacional,2021,42,val
6.07021,9.699604,5.14647,10.84418,01 Distrito Nacional,2021,43,val
4.802479,9.044407,6.716552,11.223219,01 Distrito Nacional,2021,44,val
6.946764,6.7965655,5.4816575,11.279857,01 Distrito Nacional,2021,45,val
8.995746,4.078829,3.4766908,11.044089,01 Distrito Nacional,2021,46,val
6.5896926,4.4759884,6.460406,13.0687,01 Distrito Nacional,2021,47,val
-1.074468,-4.100668,7.731355,12.510933,01 Distrito Nacional,2021,48,val
-0.8201932,-4.998342,7.107277,12.627285,01 Distrito Nacional,2021,49,val
-0.8235543,-5.8187885,7.285461,12.990514,01 Distrito Nacional,2021,50,val
-2.7837536,-4.552018,8.82578,13.922317,01 Distrito Nacional,2021,51,val
-12.100252,-2.8359933,11.0429735,8.218313,01 Distrito Nacional,2021,52,val
-11.673335,-3.143412,12.210601,0.009401006,02 Azua,2015,1,train
-12.014834,-4.551079,11.516568,0.10717927,02 Azua,2015,2,train
-9.428078,-6.445808,11.545501,1.5967817,02 Azua,2015,3,train
-9.350357,-8.67591,11.575022,2.0355783,02 Azua,2015,4,train
-3.2037392,-13.115015,3.788696,2.753215,02 Azua,2015,5,train
-4.8200784,-12.7671175,1.7087928,3.4704866,02 Azua,2015,6,train
-4.965838,-13.293308,0.86057276,2.7905228,02 Azua,2015,7,train
-6.087048,-12.013116,-0.5135343,1.0624107,02 Azua,2015,8,train
-7.178677,-12.311405,-1.5807025,-0.31237978,02 Azua,2015,9,train
-8.681784,-12.787636,-0.7127181,-2.3577595,02 Azua,2015,10,train
-10.267131,-12.6530075,-0.8521037,-4.376863,02 Azua,2015,11,train
-5.184826,-13.65121,-3.7658656,-5.15404,02 Azua,2015,12,train
-4.6172624,-12.857307,-4.4901004,-6.4064007,02 Azua,2015,13,train
-4.9065657,-10.560501,-5.6286654,-4.984168,02 Azua,2015,14,train
-5.9539323,-8.369322,-5.3754725,-7.330733,02 Azua,2015,15,train
-6.687858,-9.701891,-6.272042,-9.72375,02 Azua,2015,16,train
-3.8144968,-2.0106425,-14.504466,-6.229848,02 Azua,2015,17,train
-5.3320704,-0.7767361,-14.771929,-8.070538,02 Azua,2015,18,train
-5.485987,1.6633922,-12.649045,-6.815498,02 Azua,2015,19,train
-5.6186566,2.637417,-9.962524,-6.909533,02 Azua,2015,20,train
-3.9634786,3.9888341,-11.671809,-6.652584,02 Azua,2015,21,train
-2.9632533,4.4555097,-11.2854805,-6.753913,02 Azua,2015,22,train
-0.6927836,3.9382133,-10.469836,-6.3553886,02 Azua,2015,23,train
-1.5289291,6.0173016,-9.413907,-7.4130497,02 Azua,2015,24,train
-1.6709557,7.930117,-8.443959,-8.170982,02 Azua,2015,25,train
-0.8866913,8.117483,-6.9566956,-7.51349,02 Azua,2015,26,train
-6.739839,12.289908,3.0812483,-10.796423,02 Azua,2015,27,train
-6.533675,12.306535,3.1284392,-10.414377,02 Azua,2015,28,train
-5.167897,12.024252,5.09115,-8.000815,02 Azua,2015,29,train
-5.762506,12.32987,5.440441,-8.591818,02 Azua,2015,30,train
-5.465861,11.2806225,3.0872674,-9.370369,02 Azua,2015,31,train
-6.246862,11.270172,4.388173,-9.85018,02 Azua,2015,32,train
-5.5708737,10.479638,4.2122464,-9.195152,02 Azua,2015,33,train
-5.135445,11.412072,7.5701785,-9.189094,02 Azua,2015,34,train
12.881957,3.0821044,-3.159393,-1.2575697,02 Azua,2015,35,train
8.826295,8.2578,5.406883,-2.3260624,02 Azua,2015,36,train
9.886993,7.6211705,4.6432514,-2.5853703,02 Azua,2015,37,train
10.1452,6.3860574,6.0569706,-3.117036,02 Azua,2015,38,train
9.373597,6.47334,8.217657,-2.495321,02 Azua,2015,39,train
10.504838,3.4267437,10.033959,-3.921584,02 Azua,2015,40,train
12.035097,1.6069052,8.070575,-3.1962092,02 Azua,2015,41,train
12.426908,0.84183085,9.698026,-3.0931969,02 Azua,2015,42,train
11.572124,0.7651262,11.41167,-2.5615513,02 Azua,2015,43,train
11.397499,-0.11234167,10.865213,-1.6142743,02 Azua,2015,44,train
10.04593,-0.052930865,8.495941,1.1247214,02 Azua,2015,45,train
11.221277,-0.5069322,8.815446,2.3383741,02 Azua,2015,46,train
11.463393,-1.2429587,7.387326,3.5318694,02 Azua,2015,47,train
8.077679,-7.59503,9.819064,2.0988786,02 Azua,2015,48,train
5.713047,-6.3404737,8.794145,2.6466944,02 Azua,2015,49,train
5.0234103,-6.5427136,9.393665,3.8967571,02 Azua,2015,50,train
5.113304,-7.2276726,8.641201,4.1740704,02 Azua,2015,51,train
-9.619864,-1.8776468,12.430513,-2.6299603,02 Azua,2015,52,train
-6.8511662,-5.8668766,16.05392,-5.51481,02 Azua,2016,1,train
-8.718611,-8.580867,15.731135,-5.7313957,02 Azua,2016,2,train
-7.9373813,-9.756627,14.213279,-5.816488,02 Azua,2016,3,train
-7.764487,-10.601758,12.956625,-5.229454,02 Azua,2016,4,train
-2.6790257,-15.693261,7.6867695,-2.393432,02 Azua,2016,5,train
-3.3938835,-14.954751,6.1901073,-3.0755768,02 Azua,2016,6,train
-4.954836,-15.108769,5.731088,-4.0893645,02 Azua,2016,7,train
-4.4381433,-15.299136,4.7567544,-5.186549,02 Azua,2016,8,train
-1.6103929,-15.19754,3.4553447,-5.8216286,02 Azua,2016,9,train
-9.581953,-15.399053,-1.1052985,-2.8524249,02 Azua,2016,10,train
-4.6202874,-14.179185,-2.7994518,-4.325755,02 Azua,2016,11,train
-6.9052033,-12.2273445,-2.6084309,-8.232971,02 Azua,2016,12,train
-4.7883673,-13.356626,-3.5085895,-8.572534,02 Azua,2016,13,train
-0.7622349,-12.122168,-1.853795,-8.740976,02 Azua,2016,14,train
-1.4950194,-11.379735,-1.8063236,-9.233168,02 Azua,2016,15,train
-2.1568363,-10.51741,-0.8144698,-9.771366,02 Azua,2016,16,train
6.242578,-10.25366,-4.0022774,-4.623131,02 Azua,2016,17,train
-0.43983337,-1.9060779,-13.264765,-1.8245302,02 Azua,2016,18,train
-1.7606477,0.087791055,-12.938146,-1.0303103,02 Azua,2016,19,train
-2.6130064,2.40715,-12.624355,-2.3392005,02 Azua,2016,20,train
-1.6027994,3.1213338,-12.237443,-1.3702189,02 Azua,2016,21,train
-0.12465178,3.311009,-12.011209,0.07701701,02 Azua,2016,22,train
-0.8656258,6.175522,-11.558312,-1.4323914,02 Azua,2016,23,train
-2.7868068,9.56302,-10.467864,-3.2926152,02 Azua,2016,24,train
-0.85113555,9.102794,-8.675248,-1.9377887,02 Azua,2016,25,train
-0.6983391,9.98678,-7.5927286,-2.8374422,02 Azua,2016,26,train
-4.599775,13.656411,-0.7638493,-5.908018,02 Azua,2016,27,train
-4.5534987,13.467068,-1.5832958,-6.2023497,02 Azua,2016,28,train
-5.000694,14.346761,0.9318879,-4.3984013,02 Azua,2016,29,train
-4.1475167,13.229565,-1.165681,-5.07744,02 Azua,2016,30,train
-4.637078,13.634611,0.93080586,-4.013395,02 Azua,2016,31,train
-5.011728,14.469682,-0.907606,-3.229236,02 Azua,2016,32,train
-4.391197,13.8676605,-2.574174,-4.927106,02 Azua,2016,33,train
-10.296716,14.042371,12.898059,2.0287821,02 Azua,2016,34,train
3.4862092,12.555995,-2.807686,-0.28399235,02 Azua,2016,35,train
4.4574347,12.982886,-3.1432538,1.4081571,02 Azua,2016,36,train
3.838678,12.547832,-2.2198372,1.0558397,02 Azua,2016,37,train
4.099249,12.516669,-0.8933776,2.6724505,02 Azua,2016,38,train
5.634216,10.939062,-1.6599389,2.8972044,02 Azua,2016,39,train
11.76068,1.1335878,-8.508364,5.6122437,02 Azua,2016,40,train
4.259077,9.7736635,4.2756143,7.5696836,02 Azua,2016,41,train
3.8406162,9.048867,4.8291163,8.87178,02 Azua,2016,42,train
3.4965692,7.878047,5.311873,7.8847184,02 Azua,2016,43,train
5.466661,6.503767,4.099078,9.328601,02 Azua,2016,44,train
10.525199,-1.1908586,-5.044263,8.48081,02 Azua,2016,45,train
2.2855835,6.0868707,6.507952,10.6960535,02 Azua,2016,46,train
3.673401,2.959518,5.388965,10.990558,02 Azua,2016,47,train
3.9147034,3.3856409,5.9974656,11.411445,02 Azua,2016,48,train
5.01502,1.9012144,5.1850924,10.5480385,02 Azua,2016,49,train
3.5894942,1.7676224,5.574368,9.681023,02 Azua,2016,50,train
4.06593,0.93112916,4.4865513,9.679393,02 Azua,2016,51,train
-11.644261,-1.4323841,9.973557,4.8144693,02 Azua,2016,52,train
-14.323394,-2.9245713,10.557127,4.9178543,02 Azua,2017,1,train
-16.467564,-3.917168,9.8398285,4.0656414,02 Azua,2017,2,train
-19.799011,-7.5171776,9.937369,4.451387,02 Azua,2017,3,train
-15.376734,-7.8091345,8.864563,6.343363,02 Azua,2017,4,train
-8.226696,-10.777342,2.8591068,6.8017044,02 Azua,2017,5,train
-8.411838,-11.037098,1.9903556,5.7788,02 Azua,2017,6,train
-7.007691,-12.331331,-0.6623072,6.0542154,02 Azua,2017,7,train
-7.524106,-12.705594,-1.8937428,4.3641844,02 Azua,2017,8,train
-14.504953,-13.051481,-0.8804741,0.5791881,02 Azua,2017,9,train
-13.967436,-12.579453,-3.3092735,-0.07574576,02 Azua,2017,10,train
-7.5020275,-11.826176,-7.387247,-0.30018866,02 Azua,2017,11,train
-6.9632015,-11.0762,-9.582891,-2.2329834,02 Azua,2017,12,train
-7.5367846,-10.536194,-10.316302,-5.1437764,02 Azua,2017,13,train
-5.852293,-10.76339,-5.073035,-10.205259,02 Azua,2017,14,train
-6.9705696,-10.481435,-5.2141185,-11.10038,02 Azua,2017,15,train
0.058309183,-10.665654,-4.868866,-7.9919415,02 Azua,2017,16,train
5.0514197,-8.897147,-7.1726747,-3.678475,02 Azua,2017,17,train
1.4079099,-9.674759,-6.108395,-8.085988,02 Azua,2017,18,train
0.7801011,-8.609163,-5.088327,-9.439994,02 Azua,2017,19,train
-4.298148,3.6102774,-12.17765,-0.85162795,02 Azua,2017,20,train
-4.845073,6.518317,-11.97857,-2.804352,02 Azua,2017,21,train
-4.909698,8.0615,-11.431292,-2.657542,02 Azua,2017,22,train
-3.9628134,9.111669,-10.967419,-4.0930953,02 Azua,2017,23,train
-4.147737,10.166308,-10.09608,-4.3074055,02 Azua,2017,24,train
-4.6349525,12.143836,-9.117537,-5.628327,02 Azua,2017,25,train
-2.0328307,11.797477,-8.402441,-4.2974315,02 Azua,2017,26,train
-8.003908,16.271488,-0.91680187,-4.896893,02 Azua,2017,27,train
-3.8829873,14.637126,1.1699744,-1.1904056,02 Azua,2017,28,train
-9.722732,16.270975,-3.3354318,-8.120611,02 Azua,2017,29,train
-6.536834,15.54192,-1.8000857,-4.957282,02 Azua,2017,30,train
-7.3607883,14.877279,-2.9229167,-6.6263733,02 Azua,2017,31,train
-7.5035605,15.723122,-2.070411,-5.907413,02 Azua,2017,32,train
-7.0317345,14.452053,-1.8392812,-5.507539,02 Azua,2017,33,train
-4.060612,14.139018,0.69142854,-2.3276653,02 Azua,2017,34,train
4.829134,13.102461,-3.2382562,0.8443038,02 Azua,2017,35,train
12.22612,5.8346925,-5.951458,3.7368147,02 Azua,2017,36,train
9.652534,4.849016,-7.548692,3.012387,02 Azua,2017,37,train
11.009329,4.4897337,-6.1116986,3.839166,02 Azua,2017,38,train
6.348631,11.685159,1.1894042,4.833977,02 Azua,2017,39,train
5.2117147,11.444823,2.1713138,7.2456355,02 Azua,2017,40,train
4.6412063,9.7002325,3.8282175,7.373953,02 Azua,2017,41,train
7.7732925,7.6184316,1.9954528,7.962027,02 Azua,2017,42,train
7.457096,7.205217,3.1926029,9.413663,02 Azua,2017,43,train
6.911089,5.7905326,3.6233249,9.137166,02 Azua,2017,44,train
10.315542,-1.5850878,-4.669817,10.346344,02 Azua,2017,45,train
11.011222,-3.0886576,-6.338824,9.652435,02 Azua,2017,46,train
4.460083,3.680075,4.7800236,13.247007,02 Azua,2017,47,train
6.33048,2.0779397,4.355606,13.007678,02 Azua,2017,48,train
6.18225,0.8756976,3.158677,12.441495,02 Azua,2017,49,train
7.593583,-0.026510311,2.3597705,13.4337435,02 Azua,2017,50,train
7.382173,-0.8466199,1.7261051,13.214009,02 Azua,2017,51,train
-15.943905,5.9763174,5.1980457,6.316602,02 Azua,2017,52,train
-11.784626,6.6000757,5.8382473,10.369148,02 Azua,2018,1,train
-14.361714,6.257309,4.742712,9.521222,02 Azua,2018,2,train
-13.95603,4.587588,3.418576,7.739838,02 Azua,2018,3,train
-13.562395,3.7056937,2.3584886,6.313686,02 Azua,2018,4,train
-10.895283,-10.373395,2.2872255,5.670924,02 Azua,2018,5,train
-11.891894,-10.919531,1.772457,4.117064,02 Azua,2018,6,train
-12.626559,-11.4408455,0.81900895,3.4867089,02 Azua,2018,7,train
-14.592994,-11.13738,0.41714495,1.7455853,02 Azua,2018,8,train
-12.982447,-13.911901,-2.3059452,3.2371962,02 Azua,2018,9,train
-16.808554,-14.219615,-5.996204,0.5476792,02 Azua,2018,10,train
-8.814943,-11.325929,-7.601466,-0.7859371,02 Azua,2018,11,train
-7.7706056,-10.845491,-9.260942,-1.9419216,02 Azua,2018,12,train
-12.68647,-10.99249,-9.487313,-5.7122283,02 Azua,2018,13,train
-5.165564,-9.86122,-10.505785,-5.4647923,02 Azua,2018,14,train
-10.509526,-8.462333,-9.090822,-9.492643,02 Azua,2018,15,train
-8.625404,-7.3054557,-9.262023,-9.434885,02 Azua,2018,16,train
-4.203386,-6.67345,-9.597941,-8.217412,02 Azua,2018,17,train
-2.8117616,-3.325759,-13.1819315,-4.046288,02 Azua,2018,18,train
-2.7934797,-2.788968,-12.46671,-7.631685,02 Azua,2018,19,train
-6.23505,0.24672008,-9.724939,-10.194776,02 Azua,2018,20,train
-5.142355,0.9480444,-9.1536255,-9.941088,02 Azua,2018,21,train
-2.4922378,0.7017687,-9.436809,-8.756009,02 Azua,2018,22,train
-4.3990006,3.6203446,-9.767275,-11.717536,02 Azua,2018,23,train
-3.2899013,4.467739,-8.486213,-10.500361,02 Azua,2018,24,train
0.67118585,2.6979082,-9.04318,-8.464595,02 Azua,2018,25,train
-2.493406,6.963698,-7.780186,-10.641388,02 Azua,2018,26,train
-10.0320015,15.813416,1.5441258,-10.778885,02 Azua,2018,27,train
-8.994562,16.33429,4.976333,-7.889936,02 Azua,2018,28,train
-6.625898,14.984029,3.0669956,-7.4845476,02 Azua,2018,29,train
-6.367128,14.4838915,3.2840364,-7.0964427,02 Azua,2018,30,train
-8.173495,15.343656,0.9261663,-9.949395,02 Azua,2018,31,train
-5.9666176,14.106233,4.4706216,-7.0041175,02 Azua,2018,32,train
-8.102613,14.451504,3.2573981,-9.110396,02 Azua,2018,33,train
-7.4928074,14.018736,3.122007,-8.735051,02 Azua,2018,34,train
8.491843,11.223097,-1.9590933,-1.3921964,02 Azua,2018,35,train
7.1996775,11.234304,1.6174372,-0.690543,02 Azua,2018,36,train
9.62058,10.379691,0.2703711,-0.058953796,02 Azua,2018,37,train
8.605684,10.29062,1.6757814,0.41994205,02 Azua,2018,38,train
9.474384,9.285435,0.23944867,0.2667832,02 Azua,2018,39,train
8.691254,9.076211,4.317219,4.106041,02 Azua,2018,40,train
5.6005983,9.066171,6.792776,4.5026336,02 Azua,2018,41,train
10.098291,5.755189,3.1130185,4.8390203,02 Azua,2018,42,train
9.213102,5.9594183,4.7448034,5.410288,02 Azua,2018,43,train
9.778606,4.615725,4.447683,6.1610413,02 Azua,2018,44,train
9.771805,3.0018954,4.0160694,6.110296,02 Azua,2018,45,train
9.55132,2.5696461,3.937268,6.0180845,02 Azua,2018,46,train
10.216102,1.6319834,4.741298,7.150241,02 Azua,2018,47,train
11.303553,0.45085555,5.0114274,8.24857,02 Azua,2018,48,train
4.517852,-6.542453,5.0298996,8.501125,02 Azua,2018,49,train
4.8037553,-7.4668307,5.526347,9.508362,02 Azua,2018,50,train
3.3215077,-7.204644,6.8248696,9.491303,02 Azua,2018,51,train
-15.021106,-1.2634101,10.4725065,0.11297448,02 Azua,2018,52,train
-16.008923,-3.0652342,12.324665,0.3861429,02 Azua,2019,1,train
-14.9709015,-5.4526596,12.162022,1.5677463,02 Azua,2019,2,train
-11.673153,-6.759726,10.978484,2.9259975,02 Azua,2019,3,train
-16.046206,-8.103702,9.776412,0.3351741,02 Azua,2019,4,train
-5.1816573,-12.68736,3.7567692,4.1743875,02 Azua,2019,5,train
-6.968,-14.54218,4.610689,0.36716437,02 Azua,2019,6,train
-7.9687295,-15.128296,3.9979835,-1.0816776,02 Azua,2019,7,train
-11.858721,-15.378919,3.5742698,-3.3269856,02 Azua,2019,8,train
-11.698772,-15.724518,3.2152963,-4.1455927,02 Azua,2019,9,train
-10.7860985,-15.266656,-0.77231467,-2.9308991,02 Azua,2019,10,train
-11.0237665,-14.869341,-2.2915154,-4.7065625,02 Azua,2019,11,train
-7.70838,-13.302988,-4.1151724,-5.8618155,02 Azua,2019,12,train
5.019567,-10.529569,-6.634887,-1.536624,02 Azua,2019,13,train
-8.295359,-11.022628,-6.1339917,-8.412141,02 Azua,2019,14,train
-6.831558,-10.284895,-6.341823,-8.554984,02 Azua,2019,15,train
-9.67991,-9.895141,-5.871948,-12.375413,02 Azua,2019,16,train
-2.6210208,-9.168434,-6.833695,-8.203721,02 Azua,2019,17,train
-8.373888,1.177547,-12.463354,-6.0762563,02 Azua,2019,18,train
-4.2410994,1.172212,-12.686339,-4.3431892,02 Azua,2019,19,train
-3.2264402,2.5277696,-11.991143,-4.95659,02 Azua,2019,20,train
0.1042343,1.0239744,-12.594823,-2.6992054,02 Azua,2019,21,train
0.22937916,1.7875212,-12.694573,-2.4726171,02 Azua,2019,22,train
-0.017589087,4.1846294,-10.4188,-3.6372964,02 Azua,2019,23,train
-3.017151,8.748127,-10.284626,-6.08402,02 Azua,2019,24,train
-1.7046126,8.997348,-7.911213,-6.9878254,02 Azua,2019,25,train
-1.7288517,10.278575,-7.1726804,-8.813315,02 Azua,2019,26,train
-4.1176987,10.725299,6.051902,-17.433764,02 Azua,2019,27,train
-3.1572115,10.223357,4.302216,-16.463446,02 Azua,2019,28,train
-2.8542898,9.632835,2.9462795,-18.857998,02 Azua,2019,29,train
-1.155051,8.633662,2.656317,-16.065056,02 Azua,2019,30,train
-0.96846735,8.814087,5.0970263,-16.329899,02 Azua,2019,31,train
-0.7180744,9.004992,3.7255309,-18.12074,02 Azua,2019,32,train
-0.8970756,8.480696,3.1182635,-16.428503,02 Azua,2019,33,train
0.96505964,7.6445727,5.7053857,-13.477361,02 Azua,2019,34,train
7.3589406,8.364495,1.9724797,-8.633553,02 Azua,2019,35,train
9.309227,6.5597343,4.749114,-7.4175735,02 Azua,2019,36,train
9.527287,6.343499,4.6712384,-8.056486,02 Azua,2019,37,train
16.81925,-2.372082,-3.3361986,-3.018452,02 Azua,2019,38,train
7.264111,6.8933682,9.641535,-2.0308094,02 Azua,2019,39,train
11.272138,5.8011746,7.5234056,1.1282425,02 Azua,2019,40,train
10.447529,5.3553963,5.836562,2.2307131,02 Azua,2019,41,train
10.416065,5.3809514,6.7764673,2.8332958,02 Azua,2019,42,train
10.796719,3.8231285,5.6646914,3.3012955,02 Azua,2019,43,train
10.65382,3.1747384,5.801467,4.1277223,02 Azua,2019,44,train
11.142676,2.1661482,5.108214,4.6228766,02 Azua,2019,45,train
7.780271,3.287037,8.449965,5.2895226,02 Azua,2019,46,train
10.989171,0.5981185,7.282224,6.0536118,02 Azua,2019,47,train
12.929466,-0.6981993,5.9120917,6.267361,02 Azua,2019,48,train
4.733418,-6.538873,8.29594,4.4403944,02 Azua,2019,49,train
5.295794,-7.2282853,6.8735347,4.7832923,02 Azua,2019,50,train
4.1041136,-7.272729,7.5292826,5.4658074,02 Azua,2019,51,train
-8.552716,-2.1912732,13.5301285,1.045725,02 Azua,2019,52,train
-10.045221,-2.8003387,12.418485,1.5670917,02 Azua,2020,1,val
-12.627935,-3.2547164,10.532884,-0.25799137,02 Azua,2020,2,val
-15.008073,-4.739618,8.898018,-1.141921,02 Azua,2020,3,val
-7.848487,-5.8792195,12.024801,2.5378094,02 Azua,2020,4,val
-3.207806,-12.427222,2.613809,3.3417883,02 Azua,2020,5,val
-5.726222,-11.958697,3.609084,1.008961,02 Azua,2020,6,val
-9.368657,-12.95865,3.182433,-0.43034863,02 Azua,2020,7,val
-7.4662848,-13.435243,1.991968,-0.9878471,02 Azua,2020,8,val
-3.2987285,-12.578277,-1.217774,-1.3288418,02 Azua,2020,9,val
-3.724961,-13.763348,-1.0158638,-3.214215,02 Azua,2020,10,val
-5.3509765,-14.201539,-1.7707725,-5.6303654,02 Azua,2020,11,val
-11.362782,-14.294489,-1.0599748,-9.826717,02 Azua,2020,12,val
-6.471311,-14.30219,-2.9357052,-10.364243,02 Azua,2020,13,val
-4.7460585,-12.704203,-5.8815813,-9.797368,02 Azua,2020,14,val
-1.1248336,-10.075769,-4.5987015,-9.559333,02 Azua,2020,15,val
-4.5505347,-10.810328,-4.07933,-12.96101,02 Azua,2020,16,val
-2.8661807,-9.46605,-3.7585447,-11.443015,02 Azua,2020,17,val
-3.5080063,-9.527357,-3.4003181,-12.867711,02 Azua,2020,18,val
-1.3729064,-7.8070626,-4.0338774,-12.18865,02 Azua,2020,19,val
-1.0806191,-6.945703,-3.41813,-12.244836,02 Azua,2020,20,val
0.2614307,-6.5830865,-2.5208938,-12.960844,02 Azua,2020,21,val
1.1234754,-6.566038,-2.2617111,-13.409936,02 Azua,2020,22,val
-0.5130683,-6.6092873,0.84310085,-16.953732,02 Azua,2020,23,val
2.8414154,-5.9374323,0.4274306,-14.1321125,02 Azua,2020,24,val
1.8030745,-5.4200516,1.9056988,-16.677715,02 Azua,2020,25,val
0.1429765,-4.650436,3.0540135,-19.627113,02 Azua,2020,26,val
-1.5482658,-0.9978015,9.870269,-16.966042,02 Azua,2020,27,val
-1.5578533,-1.1785632,8.918868,-18.519562,02 Azua,2020,28,val
-0.891257,-0.9685651,8.994918,-17.819517,02 Azua,2020,29,val
-4.532848,-0.6019669,8.591798,-21.734968,02 Azua,2020,30,val
-7.713373,4.5203676,15.123448,-11.010726,02 Azua,2020,31,val
-0.65781426,0.018840563,8.400267,-15.860441,02 Azua,2020,32,val
-0.87388235,0.20258868,8.030723,-15.910938,02 Azua,2020,33,val
-5.9498715,5.3088894,15.567998,-6.654731,02 Azua,2020,34,val
3.3507195,-0.0071002077,4.698628,-10.561664,02 Azua,2020,35,val
3.5027425,-0.33108738,4.108582,-9.2206335,02 Azua,2020,36,val
2.4499369,1.0367435,4.8504944,-7.3064656,02 Azua,2020,37,val
3.8034105,13.53942,-1.45704,5.034017,02 Azua,2020,38,val
4.771117,12.328443,-1.4608724,4.2400613,02 Azua,2020,39,val
5.863616,10.331265,-1.3823683,7.1967483,02 Azua,2020,40,val
6.0521007,10.03436,-0.72773397,9.910206,02 Azua,2020,41,val
3.7350821,9.676576,2.0726907,9.621621,02 Azua,2020,42,val
6.344406,7.67704,1.5277381,10.300677,02 Azua,2020,43,val
7.710875,5.339549,0.6161514,9.83685,02 Azua,2020,44,val
10.38974,-0.38676172,-3.410242,11.083168,02 Azua,2020,45,val
2.8346028,4.9181395,3.0250487,13.7195835,02 Azua,2020,46,val
1.8097931,3.4697793,4.799554,13.699512,02 Azua,2020,47,val
4.7038426,1.729446,3.440541,13.885845,02 Azua,2020,48,val
-1.9807277,-4.9096446,4.837399,13.578635,02 Azua,2020,49,val
-2.784337,-4.730638,5.138028,13.97047,02 Azua,2020,50,val
-2.4880574,-5.424833,4.4742584,13.52705,02 Azua,2020,51,val
-13.499137,-1.1474813,9.370503,7.8072615,02 Azua,2020,52,val
-14.670284,-1.9675862,9.408673,9.916227,02 Azua,2021,1,val
-14.807332,-2.954497,8.382709,8.399457,02 Azua,2021,2,val
-13.346718,-3.2864523,7.5334663,8.108346,02 Azua,2021,3,val
-15.449439,-4.395738,6.865729,8.069866,02 Azua,2021,4,val
-8.573749,-9.020621,0.16308114,9.020064,02 Azua,2021,5,val
-10.741179,-9.315989,0.052909136,5.9379854,02 Azua,2021,6,val
-13.559641,-10.043468,-1.3860492,5.3981805,02 Azua,2021,7,val
-14.887839,-10.205833,-2.1328785,4.0779095,02 Azua,2021,8,val
-13.175046,-11.157098,-6.110193,4.590258,02 Azua,2021,9,val
-7.10429,-10.323829,-7.053516,3.4089627,02 Azua,2021,10,val
-12.024263,-12.196909,-7.518618,1.0314177,02 Azua,2021,11,val
-10.977522,-10.718148,-8.869427,-1.5683045,02 Azua,2021,12,val
-10.475552,-9.263966,-9.778057,-4.575167,02 Azua,2021,13,val
-2.2244253,-9.256619,-10.595199,-1.9264191,02 Azua,2021,14,val
-7.4208555,-10.405971,-11.797038,-6.09313,02 Azua,2021,15,val
-6.2525997,-8.343634,-10.200726,-7.226334,02 Azua,2021,16,val
-6.2826743,-7.817407,-9.278152,-9.493954,02 Azua,2021,17,val
-5.4229045,-0.539885,-13.491317,-2.1197019,02 Azua,2021,18,val
-5.6622143,1.1005092,-12.904303,-3.0243464,02 Azua,2021,19,val
-6.7231817,3.2103832,-12.213455,-4.311226,02 Azua,2021,20,val
-5.2998753,4.4468737,-11.639412,-4.033669,02 Azua,2021,21,val
-6.056577,6.346063,-10.472789,-5.049549,02 Azua,2021,22,val
-5.407012,7.27528,-11.1329,-5.512561,02 Azua,2021,23,val
-4.596938,8.998218,-9.008374,-6.407423,02 Azua,2021,24,val
-2.9940295,9.192958,-9.067916,-5.0452514,02 Azua,2021,25,val
-2.1608045,9.954671,-8.01461,-4.771998,02 Azua,2021,26,val
-9.161542,16.907928,-1.4185433,-6.15698,02 Azua,2021,27,val
-8.005581,16.025557,-0.80744344,-3.6933658,02 Azua,2021,28,val
-7.034659,15.916195,-1.5220869,-4.2647996,02 Azua,2021,29,val
-6.0109286,15.138595,-2.1057968,-4.1739607,02 Azua,2021,30,val
-5.514549,15.022514,-2.0808098,-3.97188,02 Azua,2021,31,val
-11.530352,13.577931,11.950947,0.3694595,02 Azua,2021,32,val
-10.686468,14.178083,13.166097,1.6588058,02 Azua,2021,33,val
-5.7612624,14.689989,0.54431885,-4.005607,02 Azua,2021,34,val
4.346663,13.478659,-1.0013356,1.7000065,02 Azua,2021,35,val
3.4311888,13.936163,-3.5748234,2.2382672,02 Azua,2021,36,val
3.8321059,13.724111,-2.9277637,3.91443,02 Azua,2021,37,val
4.843827,13.045883,-2.8106463,3.9198616,02 Azua,2021,38,val
4.5211987,12.459094,-1.3718746,5.7606306,02 Azua,2021,39,val
6.7689357,9.839784,-1.9814861,5.7936482,02 Azua,2021,40,val
5.0088844,9.578153,0.5795523,8.541059,02 Azua,2021,41,val
5.9121637,8.387393,1.5044491,9.02462,02 Azua,2021,42,val
7.941464,6.2061462,0.842112,9.104554,02 Azua,2021,43,val
7.522639,5.5064883,1.4491785,9.834849,02 Azua,2021,44,val
9.278408,4.1745076,0.9590673,10.029329,02 Azua,2021,45,val
11.236242,2.3434772,0.6783439,10.600249,02 Azua,2021,46,val
7.2519217,2.5064945,2.9119725,11.952634,02 Azua,2021,47,val
1.2448715,-4.9661484,3.8554156,11.028099,02 Azua,2021,48,val
1.9953908,-6.0103817,2.9143796,10.930356,02 Azua,2021,49,val
2.0739732,-6.1525445,2.8461273,10.3613,02 Azua,2021,50,val
-1.1900454,-5.4142647,5.313706,12.069547,02 Azua,2021,51,val
-18.118937,-2.2436888,9.847098,4.8798003,02 Azua,2021,52,val
-11.591837,-2.4867802,10.336294,-1.041053,03 Baoruco,2015,1,train
-12.103494,-4.220126,10.287928,-1.1846572,03 Baoruco,2015,2,train
-11.058114,-5.4365196,8.7744255,-1.4881217,03 Baoruco,2015,3,train
-12.329984,-6.8163095,8.131731,-1.9294014,03 Baoruco,2015,4,train
-5.736669,-11.699654,4.5618777,0.9769665,03 Baoruco,2015,5,train
-6.5549297,-10.391288,2.3283074,1.9055811,03 Baoruco,2015,6,train
-8.294416,-10.453897,2.0314956,0.6216552,03 Baoruco,2015,7,train
-8.174595,-10.126582,0.69990265,-0.35508874,03 Baoruco,2015,8,train
-8.059624,-10.249434,-0.48216018,-1.1127319,03 Baoruco,2015,9,train
-9.219067,-10.988735,0.31749022,-3.2326481,03 Baoruco,2015,10,train
-10.243949,-11.26595,0.03537686,-4.5745664,03 Baoruco,2015,11,train
-7.499404,-9.870163,-0.5244939,-6.77066,03 Baoruco,2015,12,train
-7.3316197,-9.765411,-1.366683,-6.752944,03 Baoruco,2015,13,train
-7.836191,-8.319599,-3.359581,-5.744404,03 Baoruco,2015,14,train
-7.077476,-7.5011654,-3.5004854,-6.2506027,03 Baoruco,2015,15,train
-9.303812,-7.410823,-3.1364007,-9.248941,03 Baoruco,2015,16,train
-8.196951,-6.134095,-2.6868553,-9.96473,03 Baoruco,2015,17,train
-9.698912,1.6828535,-9.6731,-8.367769,03 Baoruco,2015,18,train
-7.8670435,2.086105,-10.118472,-5.9016933,03 Baoruco,2015,19,train
-7.643842,3.0525467,-9.336183,-6.257715,03 Baoruco,2015,20,train
-6.1019506,3.8564084,-8.379265,-5.8636208,03 Baoruco,2015,21,train
-5.840255,4.587098,-8.608247,-6.693311,03 Baoruco,2015,22,train
-4.6369386,4.7755957,-7.417366,-7.4534025,03 Baoruco,2015,23,train
-5.425604,6.4053717,-6.8934894,-8.7004595,03 Baoruco,2015,24,train
-3.7961047,6.450544,-6.1030755,-7.8372912,03 Baoruco,2015,25,train
-2.202813,6.182611,-5.4823666,-6.9604764,03 Baoruco,2015,26,train
-9.86791,10.404632,4.9793487,-10.368112,03 Baoruco,2015,27,train
-9.314153,10.316382,5.853123,-9.375797,03 Baoruco,2015,28,train
-8.706952,10.095178,6.389509,-8.41226,03 Baoruco,2015,29,train
-7.9210815,9.11383,4.0946083,-8.933607,03 Baoruco,2015,30,train
-9.958736,9.798635,4.4724283,-10.718316,03 Baoruco,2015,31,train
-7.9635997,8.422408,5.459675,-8.893391,03 Baoruco,2015,32,train
-8.526628,8.316854,5.047064,-9.602484,03 Baoruco,2015,33,train
-9.533923,8.537804,5.1851025,-10.205877,03 Baoruco,2015,34,train
11.972776,2.734803,-1.5309017,-0.29810646,03 Baoruco,2015,35,train
8.234399,5.797411,3.0877197,-2.0580113,03 Baoruco,2015,36,train
8.635209,5.2803426,2.3555002,-2.0494943,03 Baoruco,2015,37,train
9.754724,4.3430977,3.0869572,-2.150424,03 Baoruco,2015,38,train
9.348488,2.9945757,4.0520034,-3.041728,03 Baoruco,2015,39,train
11.952563,0.7479165,5.7658424,-3.234428,03 Baoruco,2015,40,train
11.201989,0.52477354,4.718809,-1.8833792,03 Baoruco,2015,41,train
10.690713,-0.18046397,5.369544,-2.1294138,03 Baoruco,2015,42,train
11.905688,-1.4265212,6.809087,-2.1973574,03 Baoruco,2015,43,train
10.587871,-1.3915197,6.539478,-1.3536723,03 Baoruco,2015,44,train
9.813585,-0.84029734,5.3848476,1.2953244,03 Baoruco,2015,45,train
8.753287,-0.9236955,5.7621045,1.7468603,03 Baoruco,2015,46,train
10.532768,-1.5928627,5.357438,2.8036435,03 Baoruco,2015,47,train
8.375983,-7.760139,6.5343766,1.5683025,03 Baoruco,2015,48,train
3.597996,-4.910613,7.2329445,2.0532374,03 Baoruco,2015,49,train
4.226786,-6.009828,6.860158,2.8451555,03 Baoruco,2015,50,train
3.6066072,-6.1053686,6.9492836,3.1098304,03 Baoruco,2015,51,train
-9.722863,-1.7548062,11.253504,-2.7415235,03 Baoruco,2015,52,train
-10.546929,-6.2385736,12.787666,-7.8317075,03 Baoruco,2016,1,train
-10.79303,-7.17459,12.059214,-7.800864,03 Baoruco,2016,2,train
-10.9131975,-8.48968,11.171854,-8.282518,03 Baoruco,2016,3,train
-8.093472,-8.471916,10.477471,-6.102266,03 Baoruco,2016,4,train
-6.4596643,-13.715629,6.87801,-5.30855,03 Baoruco,2016,5,train
-5.5370154,-11.948718,5.703469,-4.577874,03 Baoruco,2016,6,train
-5.529779,-12.7128105,5.367873,-5.611418,03 Baoruco,2016,7,train
-7.137848,-13.962743,5.589768,-7.09895,03 Baoruco,2016,8,train
5.300986,-8.779621,0.3663369,-2.3358312,03 Baoruco,2016,9,train
-7.8457375,-12.523231,-0.56782866,-2.974907,03 Baoruco,2016,10,train
-4.7912965,-10.617939,-1.3254596,-4.176021,03 Baoruco,2016,11,train
-7.572054,-10.2632265,-1.1113589,-6.457631,03 Baoruco,2016,12,train
-6.499905,-10.122057,-0.89297855,-7.461201,03 Baoruco,2016,13,train
-3.225662,-9.721668,0.81146294,-8.478823,03 Baoruco,2016,14,train
-5.3698277,-9.19817,1.1015499,-10.335105,03 Baoruco,2016,15,train
-3.3062475,-9.150319,0.9202567,-9.103601,03 Baoruco,2016,16,train
7.226128,-8.987077,-3.1286075,-4.476393,03 Baoruco,2016,17,train
-1.2494099,-1.2466893,-11.350272,-0.0007956332,03 Baoruco,2016,18,train
-3.5173967,1.3217838,-11.022989,1.0229397,03 Baoruco,2016,19,train
-4.6465397,2.8953273,-9.852689,-0.68925256,03 Baoruco,2016,20,train
-3.3188012,3.2115443,-9.572582,0.6480763,03 Baoruco,2016,21,train
-1.9497027,3.401996,-9.50175,1.4695123,03 Baoruco,2016,22,train
-4.9120474,6.955362,-8.583216,-0.63062257,03 Baoruco,2016,23,train
-5.336631,8.198536,-8.140161,-2.107931,03 Baoruco,2016,24,train
-3.9139569,8.743257,-8.145568,0.25643814,03 Baoruco,2016,25,train
-2.63953,8.558592,-6.932931,-0.31738606,03 Baoruco,2016,26,train
-8.276963,11.946859,1.1216955,-3.8899722,03 Baoruco,2016,27,train
-8.704913,11.79113,-0.20225854,-4.9589424,03 Baoruco,2016,28,train
-8.6329565,11.692328,0.21390389,-4.446863,03 Baoruco,2016,29,train
-8.134728,11.190114,0.5180031,-4.029092,03 Baoruco,2016,30,train
-6.9780607,11.378134,2.7501986,-1.2657133,03 Baoruco,2016,31,train
-6.7136807,11.307223,-0.73342055,-1.7211764,03 Baoruco,2016,32,train
-9.488595,12.271945,-1.6536342,-4.3959117,03 Baoruco,2016,33,train
-9.617378,12.80452,2.2835588,2.0491333,03 Baoruco,2016,34,train
4.2385397,9.876816,-3.1350806,2.5266404,03 Baoruco,2016,35,train
4.423962,9.774688,-3.8759887,2.6996777,03 Baoruco,2016,36,train
5.0891447,9.426826,-3.7268927,1.8303204,03 Baoruco,2016,37,train
5.1115947,8.699567,-3.3404884,2.446858,03 Baoruco,2016,38,train
5.6247945,7.857305,-2.5286758,3.60536,03 Baoruco,2016,39,train
8.509954,0.5444318,-6.1864223,4.8537984,03 Baoruco,2016,40,train
2.9832356,7.35552,0.279065,7.118425,03 Baoruco,2016,41,train
1.5644045,7.719121,-0.18848993,9.464313,03 Baoruco,2016,42,train
2.7708435,6.1022863,1.2102283,7.8108234,03 Baoruco,2016,43,train
3.9388416,5.0317116,0.9512331,8.442042,03 Baoruco,2016,44,train
2.6303337,4.6864076,2.1911933,8.004744,03 Baoruco,2016,45,train
1.2528919,4.637374,2.2862263,9.442881,03 Baoruco,2016,46,train
2.2197597,2.7147603,1.344536,10.523666,03 Baoruco,2016,47,train
-0.27387175,-4.4639974,3.3733156,10.225401,03 Baoruco,2016,48,train
0.7207242,-4.812455,3.711296,9.167085,03 Baoruco,2016,49,train
-0.24188426,-4.19206,4.0543003,8.454862,03 Baoruco,2016,50,train
1.0169774,-5.669326,3.2012522,9.066348,03 Baoruco,2016,51,train
-13.329147,-0.21606955,8.469808,2.5215902,03 Baoruco,2016,52,train
-14.653918,-1.2417898,7.57959,1.3006358,03 Baoruco,2017,1,train
-18.614212,-2.7587488,7.591587,0.7118821,03 Baoruco,2017,2,train
-19.35658,-4.252482,6.6465015,-0.12782383,03 Baoruco,2017,3,train
-17.018517,-4.7055025,6.141624,1.0870427,03 Baoruco,2017,4,train
-11.299501,-7.839458,1.7107375,2.3307993,03 Baoruco,2017,5,train
-9.956381,-8.7901325,1.3941342,3.0222936,03 Baoruco,2017,6,train
-11.886866,-9.559758,0.8756353,2.3989792,03 Baoruco,2017,7,train
-14.86274,-10.199829,0.42002484,0.8512145,03 Baoruco,2017,8,train
-15.272844,-9.5498085,-0.43849286,-1.3718752,03 Baoruco,2017,9,train
-13.353944,-8.554624,-2.7240593,-0.9139014,03 Baoruco,2017,10,train
-13.534609,-7.9615965,-4.205372,-2.9950562,03 Baoruco,2017,11,train
-12.09262,-7.4369307,-5.3675084,-3.812522,03 Baoruco,2017,12,train
-14.631957,-5.8654265,-5.3864822,-8.668554,03 Baoruco,2017,13,train
-7.544893,-7.7100644,-1.4552393,-9.958225,03 Baoruco,2017,14,train
-10.079001,-8.685135,-1.1420604,-12.505945,03 Baoruco,2017,15,train
4.7404413,-7.4901533,-4.4007,-3.0809994,03 Baoruco,2017,16,train
4.257745,-6.8066363,-4.7960644,-2.990187,03 Baoruco,2017,17,train
-2.0161352,-7.5453067,-2.124721,-9.4918785,03 Baoruco,2017,18,train
-2.665904,-7.1201015,-1.1630244,-11.724273,03 Baoruco,2017,19,train
-1.4581122,-6.303991,0.22080836,-10.983063,03 Baoruco,2017,20,train
-4.5382733,-5.0867524,0.34153637,-13.961869,03 Baoruco,2017,21,train
-3.5310428,-4.8859544,0.8278602,-14.390855,03 Baoruco,2017,22,train
-3.8887112,-4.8731623,2.0588605,-15.785169,03 Baoruco,2017,23,train
-1.3087565,-4.946952,2.5758512,-15.077787,03 Baoruco,2017,24,train
-6.4085913,9.802671,-7.665323,-3.8454318,03 Baoruco,2017,25,train
-5.0069685,9.972347,-6.7575474,-4.2779202,03 Baoruco,2017,26,train
-11.42344,12.943416,-2.4351966,-6.1724143,03 Baoruco,2017,27,train
-10.027151,12.586058,-1.7990782,-3.4987211,03 Baoruco,2017,28,train
-10.923852,12.861073,-2.3705845,-4.852458,03 Baoruco,2017,29,train
-8.9183,12.111097,-2.41862,-4.592263,03 Baoruco,2017,30,train
-9.421905,11.716382,-2.2371216,-4.4539785,03 Baoruco,2017,31,train
-8.852052,12.035489,-1.3922151,-2.6714497,03 Baoruco,2017,32,train
-9.975507,12.077523,-2.2258725,-4.848691,03 Baoruco,2017,33,train
-9.222539,11.370824,-1.5194842,-3.8265922,03 Baoruco,2017,34,train
5.0929513,9.729672,-3.8207319,1.0637778,03 Baoruco,2017,35,train
5.334421,8.787624,-3.2562761,2.0862386,03 Baoruco,2017,36,train
4.6188126,8.414177,-2.3728023,2.2429373,03 Baoruco,2017,37,train
5.232716,7.910357,-2.8024738,1.2415266,03 Baoruco,2017,38,train
6.4492435,7.4550605,-2.1086693,2.981914,03 Baoruco,2017,39,train
5.9695697,6.86577,-1.5946008,4.737221,03 Baoruco,2017,40,train
5.397657,6.271626,-0.5556171,5.5924234,03 Baoruco,2017,41,train
5.8054285,5.1552324,0.35285226,5.5409126,03 Baoruco,2017,42,train
7.485616,4.1693506,-0.21844508,6.342114,03 Baoruco,2017,43,train
6.2667227,3.707452,0.011319535,6.230074,03 Baoruco,2017,44,train
6.846718,-0.92742187,-5.855945,7.7509956,03 Baoruco,2017,45,train
-0.3279311,5.4015074,1.7956305,10.456836,03 Baoruco,2017,46,train
4.367744,2.8081899,0.28918085,9.971327,03 Baoruco,2017,47,train
5.726238,1.5631084,1.1076779,8.696831,03 Baoruco,2017,48,train
0.45628566,-4.6874285,2.3492453,8.670154,03 Baoruco,2017,49,train
1.5157439,-5.3312697,2.3084257,8.691211,03 Baoruco,2017,50,train
2.0206194,-5.8547235,2.488685,9.501865,03 Baoruco,2017,51,train
-16.437834,-1.0500325,7.11229,0.12885946,03 Baoruco,2017,52,train
-12.29558,-0.100400865,8.289202,4.0860367,03 Baoruco,2018,1,train
-12.139012,5.606374,13.733294,4.26497,03 Baoruco,2018,2,train
-11.2048855,-1.8675734,6.730205,4.550345,03 Baoruco,2018,3,train
-11.626484,-2.4704137,5.4772906,3.5162344,03 Baoruco,2018,4,train
-10.662164,-7.610958,0.9600093,4.791135,03 Baoruco,2018,5,train
-11.217763,-8.154842,0.82735175,2.721562,03 Baoruco,2018,6,train
-13.313038,-8.389966,0.4695607,1.4405487,03 Baoruco,2018,7,train
-15.120985,-9.088169,-0.08217917,0.7036188,03 Baoruco,2018,8,train
-14.987956,-10.294829,-1.4608616,0.5744817,03 Baoruco,2018,9,train
-17.680864,-9.3986225,-4.039214,-0.9481136,03 Baoruco,2018,10,train
-13.692074,-6.8168664,-4.555671,-3.4168944,03 Baoruco,2018,11,train
-12.430576,-6.6833415,-6.2954054,-4.013964,03 Baoruco,2018,12,train
-18.2809,-7.0193458,-6.326417,-8.167021,03 Baoruco,2018,13,train
-12.628286,-5.4928217,-5.3174286,-7.965366,03 Baoruco,2018,14,train
-10.13935,-4.807894,-5.704225,-7.9004436,03 Baoruco,2018,15,train
-10.280781,-5.54045,-6.439008,-7.768291,03 Baoruco,2018,16,train
-8.649384,-4.1345396,-5.8199577,-8.519652,03 Baoruco,2018,17,train
-4.515074,-4.7431602,-5.713127,-8.042464,03 Baoruco,2018,18,train
-3.744933,-1.4589404,-9.149278,-5.724896,03 Baoruco,2018,19,train
-4.3495474,-0.71379626,-8.287748,-6.693019,03 Baoruco,2018,20,train
-5.3948245,0.6802679,-7.2740135,-8.152828,03 Baoruco,2018,21,train
-4.6870675,1.4931737,-6.6655917,-7.9572577,03 Baoruco,2018,22,train
-7.0515394,3.7804165,-6.4424753,-10.706191,03 Baoruco,2018,23,train
-4.652837,3.7255838,-6.4947987,-9.360615,03 Baoruco,2018,24,train
-3.828027,4.0784736,-6.230069,-9.205323,03 Baoruco,2018,25,train
-5.9638996,6.760528,-5.8578877,-10.995877,03 Baoruco,2018,26,train
-11.799507,11.591873,0.59287935,-10.5686455,03 Baoruco,2018,27,train
-9.891547,12.1929865,2.8680625,-7.842911,03 Baoruco,2018,28,train
-8.378889,11.299718,1.8439136,-7.544287,03 Baoruco,2018,29,train
-8.188247,11.189011,3.0172374,-6.6293716,03 Baoruco,2018,30,train
-10.489257,11.552614,-0.34953323,-10.3638115,03 Baoruco,2018,31,train
-9.532314,11.042407,2.1922677,-8.819892,03 Baoruco,2018,32,train
-8.587146,10.638065,1.968649,-8.14454,03 Baoruco,2018,33,train
-8.148409,10.314082,3.1407745,-7.093888,03 Baoruco,2018,34,train
7.03092,8.2560005,-1.4028767,-0.6989502,03 Baoruco,2018,35,train
7.699901,7.689816,-0.8768415,-0.8037631,03 Baoruco,2018,36,train
8.492625,7.1933103,-1.0890776,-0.71195954,03 Baoruco,2018,37,train
6.9634466,7.015557,0.78053635,0.34197766,03 Baoruco,2018,38,train
10.850454,2.632633,-2.1231265,1.3349183,03 Baoruco,2018,39,train
7.671363,6.0143833,1.9516276,3.1128204,03 Baoruco,2018,40,train
6.2236094,5.4602537,2.889083,3.0819824,03 Baoruco,2018,41,train
10.150259,3.6984599,0.98719645,4.063273,03 Baoruco,2018,42,train
8.613282,2.8083158,0.96096593,3.6707907,03 Baoruco,2018,43,train
9.667766,2.4749925,1.4753169,4.5334044,03 Baoruco,2018,44,train
10.444929,1.8053925,1.4679664,4.9683127,03 Baoruco,2018,45,train
8.230693,1.5751191,2.7087178,4.5581346,03 Baoruco,2018,46,train
10.016151,0.20753138,2.3088036,5.4766126,03 Baoruco,2018,47,train
9.350648,-0.28076485,2.6826215,5.4015656,03 Baoruco,2018,48,train
9.358816,-0.9332754,2.4591208,6.3263464,03 Baoruco,2018,49,train
8.83979,-1.3255477,2.8913963,6.936073,03 Baoruco,2018,50,train
3.6331995,-6.210139,3.796016,7.045317,03 Baoruco,2018,51,train
-14.278501,-0.7610905,8.825811,-0.88252676,03 Baoruco,2018,52,train
-15.101577,-1.8491755,11.065301,-1.2891724,03 Baoruco,2019,1,train
-15.173725,-3.2490685,8.631636,-1.6854606,03 Baoruco,2019,2,train
-13.864785,-4.083828,7.5411677,-1.4938208,03 Baoruco,2019,3,train
-15.345407,-5.157608,6.813594,-2.165106,03 Baoruco,2019,4,train
-7.037054,-9.420892,3.042735,1.5286045,03 Baoruco,2019,5,train
-10.158763,-11.673013,4.602632,-2.9097407,03 Baoruco,2019,6,train
-8.122328,-11.19337,3.533848,-2.5658197,03 Baoruco,2019,7,train
-13.342328,-11.830581,3.534177,-5.070887,03 Baoruco,2019,8,train
-10.265433,-11.77718,3.1413627,-5.193761,03 Baoruco,2019,9,train
-10.007551,-10.225746,0.570198,-4.3226914,03 Baoruco,2019,10,train
-14.045524,-11.45888,0.122136936,-7.1912184,03 Baoruco,2019,11,train
-13.092655,-9.844438,-0.45275477,-9.481843,03 Baoruco,2019,12,train
4.6057186,-8.096884,-4.1450286,-1.8379211,03 Baoruco,2019,13,train
-8.460242,-7.304565,-2.8820817,-8.643705,03 Baoruco,2019,14,train
-8.383092,-7.4035068,-2.9536586,-8.572666,03 Baoruco,2019,15,train
-8.899273,-6.6107435,-2.4403968,-10.152291,03 Baoruco,2019,16,train
-7.50368,-7.43155,-2.6125932,-10.764264,03 Baoruco,2019,17,train
-7.6511745,0.95535547,-9.574891,-3.2992346,03 Baoruco,2019,18,train
-10.225769,4.1262546,-9.184631,-5.6989403,03 Baoruco,2019,19,train
-10.626431,5.6375217,-8.778629,-7.472081,03 Baoruco,2019,20,train
-6.571371,4.776437,-9.058109,-3.6773796,03 Baoruco,2019,21,train
5.29968,-2.4959621,-7.0025563,-2.2984486,03 Baoruco,2019,22,train
-5.2661386,6.439569,-8.072834,-4.2656293,03 Baoruco,2019,23,train
-5.182282,7.512419,-7.4908924,-5.486684,03 Baoruco,2019,24,train
-5.0362964,8.181605,-5.4686146,-8.671263,03 Baoruco,2019,25,train
-4.248572,8.176156,-4.5024705,-10.357101,03 Baoruco,2019,26,train
-7.8805785,8.526648,1.0340694,-17.102161,03 Baoruco,2019,27,train
-4.0483546,7.3043213,3.4787116,-14.874998,03 Baoruco,2019,28,train
-5.005678,7.6774917,1.2564927,-15.9874525,03 Baoruco,2019,29,train
-4.629892,7.350286,1.3621048,-16.159407,03 Baoruco,2019,30,train
-2.5741415,6.8462477,3.5440753,-13.318514,03 Baoruco,2019,31,train
-1.9028854,6.5666804,2.8577137,-14.775727,03 Baoruco,2019,32,train
-3.0713193,6.8704476,1.6548158,-13.067723,03 Baoruco,2019,33,train
-1.6785246,6.3073707,3.0925634,-10.908366,03 Baoruco,2019,34,train
7.393777,6.624597,-0.77871186,-6.1011815,03 Baoruco,2019,35,train
8.677377,4.903125,0.8333049,-5.027905,03 Baoruco,2019,36,train
8.747442,5.0066495,0.8777382,-4.932693,03 Baoruco,2019,37,train
13.369807,0.29467767,-0.6342842,-0.7990728,03 Baoruco,2019,38,train
7.1910195,4.3289394,3.9403505,-0.85964006,03 Baoruco,2019,39,train
9.094946,3.702267,2.4107301,1.08929,03 Baoruco,2019,40,train
9.596663,2.6712143,1.4791415,1.4509873,03 Baoruco,2019,41,train
10.181205,2.3995352,1.947753,2.0876596,03 Baoruco,2019,42,train
12.602208,-0.36968103,0.22796333,2.7470257,03 Baoruco,2019,43,train
10.645985,1.5357327,2.6051292,3.1073887,03 Baoruco,2019,44,train
10.133494,1.0463252,2.8714664,3.2964783,03 Baoruco,2019,45,train
8.819436,0.6780182,3.5978959,3.3125656,03 Baoruco,2019,46,train
10.38231,-0.6111658,3.6053767,3.9691515,03 Baoruco,2019,47,train
11.856165,-1.0089655,3.2139735,4.4872246,03 Baoruco,2019,48,train
5.093818,-6.093582,5.1984015,2.262929,03 Baoruco,2019,49,train
9.078288,-6.0856595,1.9597037,3.3083866,03 Baoruco,2019,50,train
2.7283452,-5.5909495,5.8448286,3.7161303,03 Baoruco,2019,51,train
-10.740595,-1.3535525,10.385365,-2.0367663,03 Baoruco,2019,52,train
-12.652825,-1.9195505,8.8539295,-2.1745377,03 Baoruco,2020,1,val
-13.003551,-2.6685255,8.3503895,-2.5483675,03 Baoruco,2020,2,val
-14.211669,-3.948209,7.15093,-2.3847604,03 Baoruco,2020,3,val
-12.524453,-5.2448034,7.6617455,-1.6956369,03 Baoruco,2020,4,val
-8.296843,-8.8803425,3.2540498,0.0020281058,03 Baoruco,2020,5,val
-7.7672443,-9.118635,3.1121833,-1.0650158,03 Baoruco,2020,6,val
-11.610184,-10.541988,3.1173964,-2.6969874,03 Baoruco,2020,7,val
-8.790502,-10.620022,2.6909306,-3.347036,03 Baoruco,2020,8,val
-6.943818,-10.664249,1.6595613,-3.5855074,03 Baoruco,2020,9,val
-5.9199533,-10.229639,1.5815438,-5.6915126,03 Baoruco,2020,10,val
-8.1385145,-10.974966,0.93556494,-8.184044,03 Baoruco,2020,11,val
-13.41424,-11.296827,1.0183882,-13.011055,03 Baoruco,2020,12,val
-8.428324,-10.29703,0.22523956,-11.687725,03 Baoruco,2020,13,val
-11.782066,-9.484054,-0.53197396,-14.4557,03 Baoruco,2020,14,val
-6.296577,-7.8318534,-0.24321158,-12.6263895,03 Baoruco,2020,15,val
-8.365434,-7.173712,-0.51759666,-12.702625,03 Baoruco,2020,16,val
-7.655106,-7.5929475,-0.12099322,-13.865724,03 Baoruco,2020,17,val
-6.9945655,-6.9670653,-0.024284748,-13.297622,03 Baoruco,2020,18,val
-8.812998,4.829867,-9.105789,-1.5162804,03 Baoruco,2020,19,val
-8.127701,5.3769555,-8.991478,-1.5162784,03 Baoruco,2020,20,val
-9.759121,7.847239,-9.277075,-1.9478607,03 Baoruco,2020,21,val
-8.093679,8.018196,-9.178538,-1.1851227,03 Baoruco,2020,22,val
-7.1767316,8.75837,-8.256943,-3.3258634,03 Baoruco,2020,23,val
-7.56115,10.00928,-8.34769,-3.0693793,03 Baoruco,2020,24,val
-5.2773705,9.516519,-7.210038,-3.0564272,03 Baoruco,2020,25,val
-7.6549263,11.274814,-7.5069423,-5.6816373,03 Baoruco,2020,26,val
-11.567541,11.659493,10.875747,-0.9123118,03 Baoruco,2020,27,val
-10.3757105,12.796308,-2.3000383,-5.5121603,03 Baoruco,2020,28,val
-10.054464,12.26839,-1.9009174,-4.311351,03 Baoruco,2020,29,val
-9.105336,12.205856,-1.7279632,-3.6775289,03 Baoruco,2020,30,val
-11.638252,12.673456,-2.090438,-5.260619,03 Baoruco,2020,31,val
-10.504132,13.353299,-3.4751537,-2.841727,03 Baoruco,2020,32,val
-9.745654,12.461845,-3.5466182,-4.45291,03 Baoruco,2020,33,val
-12.029588,10.894885,7.4203916,-0.8049002,03 Baoruco,2020,34,val
1.8108687,10.886355,-4.9143972,3.3750234,03 Baoruco,2020,35,val
1.9574072,10.065051,-4.327082,4.323268,03 Baoruco,2020,36,val
2.673209,9.871755,-4.0742383,4.965769,03 Baoruco,2020,37,val
3.8374872,9.280876,-4.0738115,3.8230114,03 Baoruco,2020,38,val
4.823442,8.493434,-3.5210133,3.5932543,03 Baoruco,2020,39,val
4.189701,7.7048182,-3.301666,6.2673955,03 Baoruco,2020,40,val
5.011923,7.0931687,-2.9124486,7.5201626,03 Baoruco,2020,41,val
4.8986583,5.970042,-2.0847106,6.9941077,03 Baoruco,2020,42,val
5.553358,4.9205523,-1.1833915,7.6557593,03 Baoruco,2020,43,val
6.1857944,4.2939324,-1.4180646,8.2701,03 Baoruco,2020,44,val
2.642587,4.5589347,-0.8656761,9.947449,03 Baoruco,2020,45,val
7.7411027,0.06505754,-2.0598452,8.643642,03 Baoruco,2020,46,val
2.5219023,2.7357693,-0.17101817,10.180226,03 Baoruco,2020,47,val
4.7753415,1.260916,-0.4158731,11.351379,03 Baoruco,2020,48,val
-0.54081863,-4.5440593,1.603655,9.906628,03 Baoruco,2020,49,val
-1.2478566,-4.7066236,1.4226382,10.152228,03 Baoruco,2020,50,val
-0.5563128,-5.042925,1.4312562,9.699907,03 Baoruco,2020,51,val
-14.395274,-0.5179118,6.436515,4.278784,03 Baoruco,2020,52,val
-15.985597,-1.3681223,5.966057,3.3949625,03 Baoruco,2021,1,val
-15.05469,-1.4661351,5.983399,4.307739,03 Baoruco,2021,2,val
-14.678331,-2.0377326,5.285132,3.8252623,03 Baoruco,2021,3,val
-18.878498,-3.6987438,5.041565,3.6273246,03 Baoruco,2021,4,val
-9.814943,-6.0682898,-0.02654969,5.876825,03 Baoruco,2021,5,val
-9.604207,-6.187434,-0.5900794,4.224853,03 Baoruco,2021,6,val
-11.963972,-6.2255387,-0.8945795,2.8552818,03 Baoruco,2021,7,val
-14.329307,-7.0212812,-2.5382838,3.2729893,03 Baoruco,2021,8,val
-15.338704,-7.3831134,-3.7549727,2.4206529,03 Baoruco,2021,9,val
1.758368,-7.1167674,-5.4677396,0.97327524,03 Baoruco,2021,10,val
-15.145587,-8.214546,-5.0857186,-0.54986244,03 Baoruco,2021,11,val
-10.746758,-6.61504,-6.7891545,-1.365453,03 Baoruco,2021,12,val
-11.313851,-6.037798,-6.973897,-3.6179988,03 Baoruco,2021,13,val
-5.4681616,-6.5402966,-7.6498556,-2.465033,03 Baoruco,2021,14,val
-13.475221,-6.2789717,-6.315038,-8.426233,03 Baoruco,2021,15,val
-9.965807,-5.09273,-5.484038,-7.430826,03 Baoruco,2021,16,val
-7.588027,-5.5681853,-5.46299,-7.8802733,03 Baoruco,2021,17,val
-7.616305,-4.8280635,-4.1676335,-9.737567,03 Baoruco,2021,18,val
-6.721855,-4.3622813,-3.462148,-10.553758,03 Baoruco,2021,19,val
-7.9907904,-4.631902,-2.660484,-12.77261,03 Baoruco,2021,20,val
-6.530875,-3.8018084,-1.9013205,-13.3939295,03 Baoruco,2021,21,val
-4.450504,-3.2178202,-1.5618795,-12.616331,03 Baoruco,2021,22,val
-4.476091,-2.8831913,-1.3480664,-14.113425,03 Baoruco,2021,23,val
-4.219106,-2.3956826,-0.66070986,-15.153627,03 Baoruco,2021,24,val
-2.091346,-2.446392,-0.13455659,-15.125198,03 Baoruco,2021,25,val
-4.496578,8.393964,-6.379005,-2.886842,03 Baoruco,2021,26,val
-10.639908,13.166277,-1.5620304,-4.8062677,03 Baoruco,2021,27,val
-10.378447,13.056819,-0.6864476,-1.5933878,03 Baoruco,2021,28,val
-10.261839,13.023729,-1.7814707,-3.0503204,03 Baoruco,2021,29,val
-8.275688,11.989863,-2.222938,-3.835798,03 Baoruco,2021,30,val
-9.5254545,12.30699,-2.82182,-5.7191267,03 Baoruco,2021,31,val
-10.693283,12.671423,-0.31279045,-4.4763827,03 Baoruco,2021,32,val
-8.804942,12.306319,12.121856,2.347632,03 Baoruco,2021,33,val
-8.745912,11.615984,-0.32482606,-4.6097007,03 Baoruco,2021,34,val
4.4802604,9.560842,-3.519781,0.511544,03 Baoruco,2021,35,val
3.8796568,10.663404,-4.899874,1.942669,03 Baoruco,2021,36,val
4.358874,10.02146,-4.5699015,3.7925305,03 Baoruco,2021,37,val
4.4372425,9.381853,-4.1915007,4.3519077,03 Baoruco,2021,38,val
4.566124,8.578774,-3.6028774,5.6119647,03 Baoruco,2021,39,val
4.969039,7.494384,-2.9984262,5.798653,03 Baoruco,2021,40,val
4.7149196,7.1501207,-2.7133293,8.063865,03 Baoruco,2021,41,val
4.536391,5.884216,-1.6829432,7.132923,03 Baoruco,2021,42,val
6.908063,4.692148,-1.3165482,7.857503,03 Baoruco,2021,43,val
5.959056,4.056777,-0.8678464,7.6969104,03 Baoruco,2021,44,val
6.6467376,3.166579,-0.59894454,7.177806,03 Baoruco,2021,45,val
8.645668,2.5238073,-0.12775195,8.575776,03 Baoruco,2021,46,val
6.5036306,1.8592056,-0.13924225,9.194158,03 Baoruco,2021,47,val
1.8688601,-4.5164976,1.8385545,8.256686,03 Baoruco,2021,48,val
1.6191956,-4.649405,1.7595952,8.854722,03 Baoruco,2021,49,val
1.5504504,-4.9094424,1.8753499,9.141522,03 Baoruco,2021,50,val
0.33028015,-5.184263,1.9547045,9.026897,03 Baoruco,2021,51,val
-18.382317,-0.98532265,7.5442553,3.235543,03 Baoruco,2021,52,val
-6.360319,-1.9095343,8.21215,0.30330557,04 Barahona,2015,1,train
-6.5437493,-3.4962223,8.11987,0.44070804,04 Barahona,2015,2,train
-6.447049,-4.899772,8.151637,0.6993547,04 Barahona,2015,3,train
-6.3498516,-5.722061,7.622999,0.54796594,04 Barahona,2015,4,train
-1.9663639,-9.344779,2.3413346,1.3341148,04 Barahona,2015,5,train
-2.9199562,-8.341735,0.32377154,1.7644713,04 Barahona,2015,6,train
-4.305949,-9.425065,0.78100586,1.3922744,04 Barahona,2015,7,train
-4.7623506,-8.701358,-0.405323,0.27805963,04 Barahona,2015,8,train
-3.881605,-7.9753585,-1.6614894,-0.41609237,04 Barahona,2015,9,train
-4.381891,-7.7698298,-1.1355582,-1.7653034,04 Barahona,2015,10,train
-4.99699,-7.700152,-1.2331103,-2.3337982,04 Barahona,2015,11,train
-3.6102173,-8.921294,-2.0981023,-3.742272,04 Barahona,2015,12,train
-3.7752,-8.34921,-2.4010932,-4.3925304,04 Barahona,2015,13,train
-4.257167,-7.727014,-3.921908,-3.7215617,04 Barahona,2015,14,train
-3.8868718,-6.0869985,-3.8140903,-4.106365,04 Barahona,2015,15,train
-4.42917,-6.008835,-3.7073011,-5.1342225,04 Barahona,2015,16,train
-4.081031,-0.67953223,-9.414874,-4.3299685,04 Barahona,2015,17,train
-4.4824734,-0.16586871,-8.618996,-5.009917,04 Barahona,2015,18,train
-3.3417385,0.022958238,-8.015707,-3.9981477,04 Barahona,2015,19,train
-3.2489614,0.60990167,-6.8982873,-3.9481535,04 Barahona,2015,20,train
-2.8179822,1.2152944,-7.354632,-4.2482133,04 Barahona,2015,21,train
-1.8595475,2.244037,-8.093589,-4.065506,04 Barahona,2015,22,train
-0.7456352,1.8933992,-6.969221,-4.2039843,04 Barahona,2015,23,train
-0.9884789,2.720543,-6.1447525,-4.4359527,04 Barahona,2015,24,train
-0.23019387,3.0350182,-5.5530887,-4.1399093,04 Barahona,2015,25,train
0.041285608,3.860318,-4.900182,-4.529189,04 Barahona,2015,26,train
-4.1459656,7.5630913,5.055106,-4.4508424,04 Barahona,2015,27,train
-5.065889,8.534419,6.901275,-4.5869527,04 Barahona,2015,28,train
-4.0219502,8.224122,6.5146856,-4.087784,04 Barahona,2015,29,train
-5.0978146,8.468424,5.665669,-5.4972887,04 Barahona,2015,30,train
-4.3091707,7.7105165,5.254793,-4.8389277,04 Barahona,2015,31,train
-4.1300945,7.339703,6.1254563,-4.9153867,04 Barahona,2015,32,train
-3.9098997,7.302159,5.5110984,-5.3183823,04 Barahona,2015,33,train
-4.164507,7.2574716,6.50402,-5.556727,04 Barahona,2015,34,train
9.46673,0.76107615,-3.0953858,-1.0094962,04 Barahona,2015,35,train
5.3773675,5.2568765,4.3469114,-2.0212936,04 Barahona,2015,36,train
5.8648386,4.9364276,3.6482651,-1.8783153,04 Barahona,2015,37,train
5.9229364,4.2566752,4.7766666,-1.9908745,04 Barahona,2015,38,train
5.899703,3.3224366,5.8421955,-2.6716359,04 Barahona,2015,39,train
7.6620884,1.3660399,6.537853,-3.5656714,04 Barahona,2015,40,train
7.170256,0.9305133,5.78615,-2.5231373,04 Barahona,2015,41,train
6.815868,0.8057332,7.073554,-2.5698633,04 Barahona,2015,42,train
7.7462015,0.09815828,8.14377,-2.7856033,04 Barahona,2015,43,train
7.89307,-0.26646528,8.292186,-1.8757676,04 Barahona,2015,44,train
5.723842,0.6108797,6.7325783,0.58401316,04 Barahona,2015,45,train
4.7069926,0.7287559,7.4972315,0.8198137,04 Barahona,2015,46,train
5.443541,0.09993279,6.7703505,1.7548164,04 Barahona,2015,47,train
4.3498464,-5.010923,7.384269,0.9513953,04 Barahona,2015,48,train
1.2472206,-2.7768955,8.070604,1.3792641,04 Barahona,2015,49,train
1.3157153,-3.0683343,8.126182,1.8213114,04 Barahona,2015,50,train
0.6528077,-2.8373857,7.8821545,2.1379952,04 Barahona,2015,51,train
-5.1064906,-0.70500493,10.044781,-0.72878575,04 Barahona,2015,52,train
-3.6204762,-4.6092906,12.330801,-4.1907,04 Barahona,2016,1,train
-4.077445,-5.5835757,10.945501,-4.041814,04 Barahona,2016,2,train
-4.3593516,-7.114265,11.064433,-4.5839486,04 Barahona,2016,3,train
-4.2357135,-7.1306252,9.983652,-3.6301038,04 Barahona,2016,4,train
-0.5381225,-11.007416,5.012391,-2.7185807,04 Barahona,2016,5,train
-1.375677,-10.333628,3.9750838,-2.8746758,04 Barahona,2016,6,train
-1.5435051,-10.760805,3.746809,-3.8215866,04 Barahona,2016,7,train
-2.1807575,-10.66373,3.0917075,-4.003024,04 Barahona,2016,8,train
-0.2538663,-10.98386,2.6180174,-4.6593904,04 Barahona,2016,9,train
-4.6645913,-9.465809,-1.5814495,-1.891535,04 Barahona,2016,10,train
-2.1610315,-8.873415,-2.1637378,-2.6530619,04 Barahona,2016,11,train
-3.3356998,-7.8636627,-2.1567383,-3.9247503,04 Barahona,2016,12,train
-2.5234292,-8.669075,-2.341423,-4.4605618,04 Barahona,2016,13,train
-1.3794441,-8.823247,-0.5487928,-5.906937,04 Barahona,2016,14,train
-1.48371,-8.729112,-0.049593482,-6.9088473,04 Barahona,2016,15,train
-0.4639345,-8.158247,-0.05032833,-6.231088,04 Barahona,2016,16,train
7.2769475,-8.607412,-3.190005,-4.7685957,04 Barahona,2016,17,train
6.5576963,-7.852728,-4.4500256,-3.4402597,04 Barahona,2016,18,train
-1.5521377,-0.10247564,-8.83233,-0.023140233,04 Barahona,2016,19,train
-2.3357937,1.3356168,-8.311435,-0.7047897,04 Barahona,2016,20,train
-1.2867739,1.4230661,-8.282314,0.045619674,04 Barahona,2016,21,train
-0.5497601,1.8626668,-9.05338,1.0396116,04 Barahona,2016,22,train
-0.9447235,3.3550203,-7.592261,-0.0028384747,04 Barahona,2016,23,train
-2.0230405,5.220889,-6.8885417,-0.6449076,04 Barahona,2016,24,train
-0.19684729,4.233468,-6.8188763,0.70551616,04 Barahona,2016,25,train
-0.29691947,5.1900864,-5.8253593,0.08404899,04 Barahona,2016,26,train
-3.618357,9.16005,2.0251932,-1.1953983,04 Barahona,2016,27,train
-3.7775965,9.141489,1.4742018,-1.3245578,04 Barahona,2016,28,train
-4.2609987,9.674894,2.4135683,-0.19497949,04 Barahona,2016,29,train
-3.9265578,9.079152,1.4834042,-1.2458963,04 Barahona,2016,30,train
-3.72492,9.180488,3.8258815,0.47871363,04 Barahona,2016,31,train
-4.2121263,9.617156,1.3839581,0.3733093,04 Barahona,2016,32,train
-3.942565,9.57212,0.3671067,-0.73785806,04 Barahona,2016,33,train
-9.36275,11.34272,11.740265,2.144316,04 Barahona,2016,34,train
1.8453187,8.502156,-1.0582747,1.9226089,04 Barahona,2016,35,train
1.7048358,8.863807,-1.4945716,2.965348,04 Barahona,2016,36,train
2.2728348,8.493233,-1.5111274,2.106341,04 Barahona,2016,37,train
2.3737183,8.288186,-0.8229303,2.8850067,04 Barahona,2016,38,train
2.5927658,7.4267535,-0.38056082,3.277522,04 Barahona,2016,39,train
7.25622,-0.12378054,-6.7618923,4.2281384,04 Barahona,2016,40,train
1.9622036,6.932739,1.7442379,5.9119487,04 Barahona,2016,41,train
6.9665227,-0.19406307,-5.534243,5.691916,04 Barahona,2016,42,train
1.3736482,6.309487,2.6225007,6.644595,04 Barahona,2016,43,train
2.1868894,5.3337646,2.6154387,6.937181,04 Barahona,2016,44,train
1.7082087,4.6120405,3.22966,6.969849,04 Barahona,2016,45,train
0.33017948,5.1059318,3.396426,8.46423,04 Barahona,2016,46,train
0.7555981,2.880954,3.364057,8.0575285,04 Barahona,2016,47,train
2.3238294,2.0701509,2.0436542,9.152112,04 Barahona,2016,48,train
1.6825919,1.9557426,3.6093035,7.260635,04 Barahona,2016,49,train
1.0992607,1.5792035,3.5657268,6.953429,04 Barahona,2016,50,train
1.4348353,1.0899814,2.7899675,7.1372194,04 Barahona,2016,51,train
-8.395104,-0.57542866,7.458907,4.576983,04 Barahona,2016,52,train
-8.100758,-0.9903306,7.5131874,5.0393734,04 Barahona,2017,1,train
-13.658214,-1.9822919,6.5551276,2.4503384,04 Barahona,2017,2,train
-11.948406,-3.4918818,6.3124976,3.8897426,04 Barahona,2017,3,train
-11.484328,-3.9148023,5.58847,4.097068,04 Barahona,2017,4,train
-5.476553,-6.842389,0.7535477,4.6616535,04 Barahona,2017,5,train
-4.4488,-7.208579,-0.53103733,4.1477017,04 Barahona,2017,6,train
-6.6113334,-8.452636,-0.8418173,4.5187764,04 Barahona,2017,7,train
-7.3753824,-8.409975,-1.167091,3.1731749,04 Barahona,2017,8,train
-6.368208,-6.412898,-1.7548763,1.2273029,04 Barahona,2017,9,train
-5.900254,-6.456104,-3.9489744,0.8804832,04 Barahona,2017,10,train
-5.351124,-7.048741,-5.4990478,0.33153465,04 Barahona,2017,11,train
-6.9931493,-7.185209,-6.706762,-1.2492516,04 Barahona,2017,12,train
-5.768083,-6.415629,-7.289447,-2.7160437,04 Barahona,2017,13,train
-1.7368132,-6.987487,-3.7734413,-4.6171136,04 Barahona,2017,14,train
-5.2933064,-8.110859,-2.4564123,-8.659353,04 Barahona,2017,15,train
4.2041774,-7.0049834,-5.8796997,-1.3539877,04 Barahona,2017,16,train
1.2114215,-6.621264,-4.780898,-5.068112,04 Barahona,2017,17,train
3.5627317,-3.9140477,-8.864267,-1.0382158,04 Barahona,2017,18,train
-3.430398,1.6982777,-10.247634,1.1953409,04 Barahona,2017,19,train
-1.6463127,1.006171,-9.093939,1.987731,04 Barahona,2017,20,train
-2.0626075,2.3764536,-7.6306047,-0.42615044,04 Barahona,2017,21,train
-2.1724968,3.2990081,-7.094399,-0.3108217,04 Barahona,2017,22,train
-1.3344259,3.555168,-6.9017467,-1.358461,04 Barahona,2017,23,train
-0.5479031,3.6039689,-6.964471,-0.5340448,04 Barahona,2017,24,train
-0.90489525,4.6334395,-6.086472,-1.0222222,04 Barahona,2017,25,train
-0.60828555,5.3705964,-5.6663566,-1.2532785,04 Barahona,2017,26,train
-4.258388,9.497653,0.79474056,-0.86912954,04 Barahona,2017,27,train
-4.1319003,10.369693,2.3839097,1.538924,04 Barahona,2017,28,train
-4.2018523,9.3855,-0.025735727,-1.3284492,04 Barahona,2017,29,train
-4.3205457,9.876191,1.3791463,0.06435658,04 Barahona,2017,30,train
-4.2371426,9.220749,0.7305925,-0.46769568,04 Barahona,2017,31,train
-4.658814,10.1012,1.5764403,0.56850725,04 Barahona,2017,32,train
-4.902307,9.651209,0.43795583,-0.8997976,04 Barahona,2017,33,train
-5.1425443,9.998817,0.96513003,-0.4891663,04 Barahona,2017,34,train
2.1353328,8.592045,-1.2184672,2.0458057,04 Barahona,2017,35,train
3.2861254,8.540514,-1.4715728,3.4646204,04 Barahona,2017,36,train
1.8921965,8.441561,0.6894994,3.397324,04 Barahona,2017,37,train
3.9119017,7.6827803,-0.8225273,2.8066154,04 Barahona,2017,38,train
2.0054564,7.5153613,1.9816066,3.1725323,04 Barahona,2017,39,train
1.925632,7.6543894,1.5240284,4.940941,04 Barahona,2017,40,train
2.962916,6.634503,1.0705303,5.3433843,04 Barahona,2017,41,train
1.1153029,5.8633337,3.211765,4.535564,04 Barahona,2017,42,train
3.5695908,5.2531366,1.7737405,6.03189,04 Barahona,2017,43,train
3.3072069,4.7322497,1.815522,6.422472,04 Barahona,2017,44,train
5.3985662,-1.5408106,-6.7958035,7.249734,04 Barahona,2017,45,train
4.7607403,-1.1876204,-4.96727,7.770753,04 Barahona,2017,46,train
1.9606605,3.438934,1.9057937,8.6974745,04 Barahona,2017,47,train
2.9609635,2.502633,2.0561244,8.462624,04 Barahona,2017,48,train
-1.5756704,-2.841509,3.583081,7.631806,04 Barahona,2017,49,train
-1.0623022,-3.8640525,3.5048559,8.622056,04 Barahona,2017,50,train
-0.9558123,-4.078646,3.0274923,8.105249,04 Barahona,2017,51,train
-9.766032,-0.18118827,7.1116147,4.080794,04 Barahona,2017,52,train
-8.623947,-0.07409679,8.179685,6.4109645,04 Barahona,2018,1,train
-8.832353,5.6887984,13.331497,6.2207627,04 Barahona,2018,2,train
-8.084428,-1.587522,5.9721856,5.7788024,04 Barahona,2018,3,train
-7.404453,-1.8711635,4.8147883,5.087596,04 Barahona,2018,4,train
-5.2099376,-5.9165497,-0.3082215,4.8578973,04 Barahona,2018,5,train
-5.6947174,-5.8927794,-0.5724178,3.6329582,04 Barahona,2018,6,train
-6.4145536,-6.0006294,-1.2767593,3.281054,04 Barahona,2018,7,train
-6.3707614,-5.9033947,-1.6457402,2.3123245,04 Barahona,2018,8,train
-8.587628,-7.9481125,-3.1748028,3.3404512,04 Barahona,2018,9,train
-7.333875,-7.1856346,-5.786978,1.0085413,04 Barahona,2018,10,train
-4.4158173,-7.01992,-6.8182,0.30949098,04 Barahona,2018,11,train
-4.967641,-6.8818803,-7.760913,-0.49041137,04 Barahona,2018,12,train
-9.371727,-6.7785807,-7.2915025,-2.632018,04 Barahona,2018,13,train
-4.263663,-6.502476,-7.65484,-3.249941,04 Barahona,2018,14,train
-2.7085094,-5.388913,-6.778977,-3.3142998,04 Barahona,2018,15,train
-2.8063245,-5.521328,-7.23152,-3.7697883,04 Barahona,2018,16,train
-2.9132013,-4.9611654,-6.900181,-4.607639,04 Barahona,2018,17,train
3.64738,-6.7601643,-7.774701,-1.3809087,04 Barahona,2018,18,train
4.6513786,-5.131744,-10.210778,-1.6097823,04 Barahona,2018,19,train
0.49545512,-2.857187,-8.386078,-3.4397855,04 Barahona,2018,20,train
0.088845104,-1.943503,-7.806602,-4.244339,04 Barahona,2018,21,train
0.7792441,-1.7967912,-7.7646446,-4.020068,04 Barahona,2018,22,train
0.25929558,-0.4659515,-7.0467463,-4.9674306,04 Barahona,2018,23,train
1.247054,-0.27835986,-6.974286,-4.503884,04 Barahona,2018,24,train
1.9891065,0.014673577,-6.793483,-4.266043,04 Barahona,2018,25,train
0.6275305,2.128496,-5.697204,-5.2107415,04 Barahona,2018,26,train
-3.9833925,9.077769,4.4228964,-2.504264,04 Barahona,2018,27,train
-4.1910434,9.456686,5.353469,-2.098935,04 Barahona,2018,28,train
-3.3082418,9.116678,4.424666,-2.1896384,04 Barahona,2018,29,train
-2.6565385,8.876821,5.6699934,-0.9976582,04 Barahona,2018,30,train
-3.2205331,8.7199335,2.824256,-3.1764388,04 Barahona,2018,31,train
-2.9825602,8.730391,5.0162835,-2.3138216,04 Barahona,2018,32,train
-3.542067,8.431344,3.3931348,-3.5631623,04 Barahona,2018,33,train
-3.2278056,8.86555,5.8931556,-1.9612155,04 Barahona,2018,34,train
3.0465262,7.1552477,2.55253,0.26873904,04 Barahona,2018,35,train
3.842208,7.1326485,2.4541068,-0.21887153,04 Barahona,2018,36,train
5.3719745,7.08049,2.102306,0.3959956,04 Barahona,2018,37,train
3.6551807,6.6182837,3.2772138,0.5833568,04 Barahona,2018,38,train
4.193086,6.13164,2.8045251,0.63683426,04 Barahona,2018,39,train
3.4754617,6.8163614,4.7942314,2.7057052,04 Barahona,2018,40,train
2.1576328,6.8405743,6.2816324,3.0551813,04 Barahona,2018,41,train
5.730347,4.455402,3.201169,2.994503,04 Barahona,2018,42,train
4.947294,4.1743054,3.722841,3.3111446,04 Barahona,2018,43,train
4.714173,3.6180046,4.047758,3.7287912,04 Barahona,2018,44,train
5.264401,2.8766346,3.8289447,3.8967004,04 Barahona,2018,45,train
2.9282174,3.211442,5.5916076,3.8951094,04 Barahona,2018,46,train
4.378608,2.0368218,5.3417826,4.4750123,04 Barahona,2018,47,train
1.3818947,-3.15483,6.3207216,4.5777006,04 Barahona,2018,48,train
1.3163719,-3.5925238,5.2193117,5.525177,04 Barahona,2018,49,train
0.6079049,-3.0184512,6.02355,5.5242143,04 Barahona,2018,50,train
1.1863928,-4.077584,5.9153023,6.1951394,04 Barahona,2018,51,train
-7.2930417,-0.6460987,7.5034795,1.7036234,04 Barahona,2018,52,train
-6.7322283,-1.5427238,9.073078,1.8837306,04 Barahona,2019,1,train
-9.787055,-3.3894978,9.723905,1.4035457,04 Barahona,2019,2,train
-7.98241,-4.570509,8.092062,1.7071406,04 Barahona,2019,3,train
-8.172412,-4.8533916,7.3201303,1.3208632,04 Barahona,2019,4,train
-2.044883,-7.9559298,0.60932755,2.0219586,04 Barahona,2019,5,train
-3.0350904,-9.998217,2.8415608,-0.24552669,04 Barahona,2019,6,train
-1.3583912,-8.553856,0.65920526,-0.93018174,04 Barahona,2019,7,train
-4.06383,-7.8337674,0.66474986,-1.8918921,04 Barahona,2019,8,train
-2.9330757,-8.938526,0.30033636,-2.0923293,04 Barahona,2019,9,train
-4.443338,-8.875125,-1.7822225,-1.2508862,04 Barahona,2019,10,train
-6.770476,-9.1432495,-1.860848,-2.4097831,04 Barahona,2019,11,train
-5.5670457,-9.272951,-2.7193336,-4.109466,04 Barahona,2019,12,train
-1.3973478,-8.957604,-3.7602694,-3.995912,04 Barahona,2019,13,train
-4.068945,-6.6042438,-3.7839432,-4.452477,04 Barahona,2019,14,train
-2.3874028,-6.933721,-4.73063,-3.7219718,04 Barahona,2019,15,train
-2.3106992,-6.5153346,-4.455542,-4.3678346,04 Barahona,2019,16,train
-2.0603383,-6.9130907,-4.4824586,-5.644058,04 Barahona,2019,17,train
-1.6647534,-1.6108261,-8.472914,-1.561066,04 Barahona,2019,18,train
-3.1319392,0.4360335,-8.886446,-1.9161266,04 Barahona,2019,19,train
-2.011496,0.85751617,-8.092033,-2.5207472,04 Barahona,2019,20,train
-0.9938883,0.84936655,-8.88926,-1.4249825,04 Barahona,2019,21,train
5.050267,-2.9848888,-7.487727,-1.7730423,04 Barahona,2019,22,train
0.052594528,2.0038123,-7.3204203,-1.941339,04 Barahona,2019,23,train
-0.35914716,3.0541985,-6.4783864,-2.7928433,04 Barahona,2019,24,train
0.5421616,3.0533159,-5.51766,-3.5232139,04 Barahona,2019,25,train
0.60384274,3.9777148,-4.3667135,-5.5729485,04 Barahona,2019,26,train
-0.7010622,5.9798865,6.4540715,-9.333941,04 Barahona,2019,27,train
0.12623589,5.629174,6.955685,-7.9270053,04 Barahona,2019,28,train
-0.18223737,5.412771,4.857496,-8.865823,04 Barahona,2019,29,train
0.42644528,5.4212813,4.7867775,-11.426811,04 Barahona,2019,30,train
-0.23380128,5.855952,6.3942356,-8.761537,04 Barahona,2019,31,train
0.7155387,5.615871,6.988182,-9.184443,04 Barahona,2019,32,train
0.0050123264,5.785204,6.206386,-7.7338367,04 Barahona,2019,33,train
0.19758357,6.1261435,8.267545,-6.624431,04 Barahona,2019,34,train
4.47152,5.703328,2.675079,-4.7368073,04 Barahona,2019,35,train
5.7035847,4.130309,4.5055127,-4.224291,04 Barahona,2019,36,train
5.0080867,4.4446797,4.6426163,-3.4494836,04 Barahona,2019,37,train
11.938463,-2.073284,-3.2369514,-1.7318817,04 Barahona,2019,38,train
5.192013,4.7792244,7.034065,-1.3262366,04 Barahona,2019,39,train
5.525075,5.124691,5.726846,0.77701104,04 Barahona,2019,40,train
5.5416217,4.2336926,4.4866033,1.1937991,04 Barahona,2019,41,train
5.903163,3.8942015,4.4675035,1.7373157,04 Barahona,2019,42,train
4.9676714,3.5302746,4.8929334,1.8520935,04 Barahona,2019,43,train
6.5905976,2.3906064,4.088429,2.478771,04 Barahona,2019,44,train
5.4686584,2.2342312,4.8819914,2.747646,04 Barahona,2019,45,train
5.1428876,2.2065492,5.847683,3.412731,04 Barahona,2019,46,train
6.4216104,0.81950617,5.0998573,3.641173,04 Barahona,2019,47,train
7.924825,-0.2868557,4.1577764,3.9486022,04 Barahona,2019,48,train
2.2465165,-4.1682734,6.860757,2.6265628,04 Barahona,2019,49,train
1.677026,-3.9443617,5.9175334,2.7153082,04 Barahona,2019,50,train
0.1284858,-2.7185903,7.013865,3.020176,04 Barahona,2019,51,train
-5.4084144,-1.0781841,10.811283,0.85945505,04 Barahona,2019,52,train
-6.9423423,-1.7653841,9.425097,0.9342478,04 Barahona,2020,1,val
-7.745887,-2.2323017,7.617637,0.37519813,04 Barahona,2020,2,val
-7.8959723,-2.803034,6.555812,0.31004933,04 Barahona,2020,3,val
-5.610171,-4.271435,8.888982,2.2145426,04 Barahona,2020,4,val
-3.2538307,-9.1082325,2.1112182,2.0637674,04 Barahona,2020,5,val
-2.2705326,-7.7312636,0.94000846,0.3777318,04 Barahona,2020,6,val
-3.6855378,-7.1795034,0.47317904,-0.1590172,04 Barahona,2020,7,val
-2.6389601,-8.23366,0.011673099,-0.6477077,04 Barahona,2020,8,val
-2.467415,-8.952127,-0.58106244,-1.403729,04 Barahona,2020,9,val
-1.218325,-8.901069,-1.1860038,-2.2412736,04 Barahona,2020,10,val
-3.6524372,-9.619468,-0.9955157,-4.4990363,04 Barahona,2020,11,val
-6.8579235,-9.236022,-0.6020071,-6.767912,04 Barahona,2020,12,val
-3.0257647,-8.171879,-1.9871991,-5.898462,04 Barahona,2020,13,val
-4.461902,-8.225161,-3.0671132,-6.771091,04 Barahona,2020,14,val
-1.3466015,-7.11674,-3.0117674,-6.475158,04 Barahona,2020,15,val
-2.9156635,-6.2272696,-2.3387547,-6.6323137,04 Barahona,2020,16,val
-0.9091818,-6.5598736,-2.6881952,-6.7599506,04 Barahona,2020,17,val
-0.58914167,-6.3801303,-2.2814395,-7.3590574,04 Barahona,2020,18,val
-1.9183881,0.61138046,-8.771183,0.5604156,04 Barahona,2020,19,val
-1.3421756,0.89617866,-8.878246,0.6258271,04 Barahona,2020,20,val
-2.0235057,2.5803056,-8.168901,0.90835106,04 Barahona,2020,21,val
-1.3997444,2.8181746,-8.256592,0.935304,04 Barahona,2020,22,val
-1.7098222,4.0114746,-7.0859747,-0.36008063,04 Barahona,2020,23,val
-1.3416262,4.9258265,-7.6261997,0.74244523,04 Barahona,2020,24,val
-0.18170835,4.35221,-6.496396,-0.04847618,04 Barahona,2020,25,val
-1.314519,6.3683896,-5.573885,-0.913455,04 Barahona,2020,26,val
-5.6012387,10.682463,1.3368509,0.21432325,04 Barahona,2020,27,val
-4.5340242,9.956189,0.8768101,-0.18076324,04 Barahona,2020,28,val
-4.252914,9.710606,1.0561109,0.19494914,04 Barahona,2020,29,val
-4.283793,9.579683,0.48926547,-0.81957656,04 Barahona,2020,30,val
-6.3780355,10.446915,0.10188663,-0.5711622,04 Barahona,2020,31,val
-3.8656836,9.721444,0.58202726,1.1520725,04 Barahona,2020,32,val
-4.707523,10.161225,-1.0876485,-0.58969426,04 Barahona,2020,33,val
-8.885799,10.684691,9.055457,1.8271612,04 Barahona,2020,34,val
0.67000175,9.309186,-2.149903,2.8813083,04 Barahona,2020,35,val
0.012248929,9.387203,-1.585931,4.6532593,04 Barahona,2020,36,val
0.5227601,9.732685,-1.8292484,5.4177628,04 Barahona,2020,37,val
1.6759937,9.132058,-1.9417174,4.8449664,04 Barahona,2020,38,val
2.668854,8.103182,-1.6330489,4.4432135,04 Barahona,2020,39,val
4.996985,2.4554293,-4.648852,5.334402,04 Barahona,2020,40,val
1.6958481,7.425091,-0.94636136,7.29502,04 Barahona,2020,41,val
1.2847127,6.8382106,0.67319685,6.8270597,04 Barahona,2020,42,val
1.3091029,6.502965,1.1076832,7.405179,04 Barahona,2020,43,val
1.5713385,5.108356,1.437148,6.695539,04 Barahona,2020,44,val
5.6691756,-1.1540852,-4.9200616,7.210137,04 Barahona,2020,45,val
-1.1841568,4.7927904,2.6026368,9.066944,04 Barahona,2020,46,val
-0.35034004,3.6975875,2.511763,9.04181,04 Barahona,2020,47,val
1.665428,1.8585829,0.6930049,9.957551,04 Barahona,2020,48,val
-2.1828249,-3.2488525,2.7586348,9.01657,04 Barahona,2020,49,val
-2.834121,-3.1990588,2.902489,9.450268,04 Barahona,2020,50,val
-2.579236,-3.2733424,2.7983496,8.811631,04 Barahona,2020,51,val
-9.824547,-0.17677282,6.6248207,6.309129,04 Barahona,2020,52,val
-10.402858,-0.55221725,6.2561083,6.4483643,04 Barahona,2021,1,val
-10.504747,-0.8605574,5.6529403,6.257059,04 Barahona,2021,2,val
-10.739397,-1.5348498,5.1478167,5.702498,04 Barahona,2021,3,val
-10.955223,-2.1413922,4.2941957,5.678044,04 Barahona,2021,4,val
-5.3540564,-5.3044405,-1.7082078,5.987628,04 Barahona,2021,5,val
-5.0242524,-5.1082406,-2.3374147,4.3712025,04 Barahona,2021,6,val
-6.501105,-5.260153,-2.3855073,3.9783661,04 Barahona,2021,7,val
-6.8406086,-4.9962554,-2.5392578,3.0135567,04 Barahona,2021,8,val
-6.7086782,-6.363672,-5.773517,3.5807145,04 Barahona,2021,9,val
-6.32079,-6.2758646,-5.2983384,2.654323,04 Barahona,2021,10,val
-6.254207,-5.973481,-5.281815,0.87018126,04 Barahona,2021,11,val
-4.3707957,-5.8370147,-6.726851,0.39930454,04 Barahona,2021,12,val
-3.8730757,-5.452043,-7.1974745,-0.86527056,04 Barahona,2021,13,val
-2.4385152,-5.922567,-7.48781,-1.2708005,04 Barahona,2021,14,val
-5.610246,-5.472323,-7.333468,-3.7683423,04 Barahona,2021,15,val
-2.4632032,-5.041891,-6.83702,-3.2558017,04 Barahona,2021,16,val
-2.7789962,-5.206812,-7.017666,-3.4241843,04 Barahona,2021,17,val
-3.473912,-0.882429,-9.493526,-0.047351833,04 Barahona,2021,18,val
-2.0565178,-0.8219699,-8.873349,-0.3541619,04 Barahona,2021,19,val
-2.4875011,0.15412936,-8.843949,0.51100427,04 Barahona,2021,20,val
-2.9433641,1.425987,-7.593383,-0.45772743,04 Barahona,2021,21,val
-1.9867947,1.629045,-6.294833,-1.4005326,04 Barahona,2021,22,val
-1.3013607,1.9872556,-7.1178813,-0.94196606,04 Barahona,2021,23,val
-0.6496856,2.6825173,-6.166469,-1.1569458,04 Barahona,2021,24,val
-0.6979354,3.7332401,-6.1424837,-1.0724541,04 Barahona,2021,25,val
3.5150623,-0.7591118,-6.924313,-0.78560185,04 Barahona,2021,26,val
-4.6512837,9.64753,1.6532983,0.43215945,04 Barahona,2021,27,val
-4.0329776,8.920821,1.3978758,0.29229957,04 Barahona,2021,28,val
-4.060847,9.536313,1.2465087,0.6339451,04 Barahona,2021,29,val
-3.590882,9.365715,1.4021406,0.6789962,04 Barahona,2021,30,val
-4.0860114,9.955459,0.98265934,0.3738279,04 Barahona,2021,31,val
-5.671638,10.398179,2.1980252,0.3387201,04 Barahona,2021,32,val
-6.652164,12.7307005,12.699644,4.1642523,04 Barahona,2021,33,val
-4.6394243,9.656151,1.2618138,-1.130606,04 Barahona,2021,34,val
1.6032706,8.956069,-0.7286589,2.0367613,04 Barahona,2021,35,val
1.0246003,8.995406,-2.332392,2.4925692,04 Barahona,2021,36,val
1.393261,8.950654,-2.0011358,3.8270464,04 Barahona,2021,37,val
1.941191,9.059298,-2.4194,5.1189375,04 Barahona,2021,38,val
1.8372717,8.769297,-1.3851874,5.9421773,04 Barahona,2021,39,val
1.6858525,7.432499,-0.16263413,5.3659363,04 Barahona,2021,40,val
0.6160135,8.116187,-0.39599466,7.745414,04 Barahona,2021,41,val
2.119652,6.4279814,-0.31664908,6.953376,04 Barahona,2021,42,val
2.7740047,5.3311157,0.99538857,6.3405213,04 Barahona,2021,43,val
1.8600494,5.375282,0.9610104,7.4588842,04 Barahona,2021,44,val
3.6458051,3.9374845,1.0136092,7.152207,04 Barahona,2021,45,val
4.6603055,2.7801805,0.9963297,7.4568896,04 Barahona,2021,46,val
2.4410129,2.8337708,1.479976,8.776664,04 Barahona,2021,47,val
-0.8922942,-3.2262652,2.8897617,8.298355,04 Barahona,2021,48,val
-1.0136716,-3.2911346,2.7288582,8.029517,04 Barahona,2021,49,val
-0.61958265,-3.6079094,2.2651217,7.344882,04 Barahona,2021,50,val
-1.9547573,-3.4090497,3.228103,8.871512,04 Barahona,2021,51,val
-10.345333,-0.18033479,6.2682467,4.2543564,04 Barahona,2021,52,val
-9.900873,-1.8200341,7.9596653,-1.6543752,05 Dajabón,2015,1,train
-11.777575,-3.585119,8.105578,-2.0509331,05 Dajabón,2015,2,train
-9.462967,-4.389424,7.406031,-1.6900543,05 Dajabón,2015,3,train
-10.624131,-5.6061964,7.340167,-2.026444,05 Dajabón,2015,4,train
5.374919,-7.616023,-1.317915,1.8270675,05 Dajabón,2015,5,train
-4.890766,-8.460718,1.7642645,1.6005312,05 Dajabón,2015,6,train
-3.920531,-8.380228,1.0415729,1.4868153,05 Dajabón,2015,7,train
-5.6547184,-8.32751,0.43419996,0.39887896,05 Dajabón,2015,8,train
-6.3436437,-8.083538,-0.46623564,-0.9814554,05 Dajabón,2015,9,train
-9.453009,-9.193916,0.70805126,-3.1027343,05 Dajabón,2015,10,train
-8.373664,-7.826827,0.13924336,-3.2966435,05 Dajabón,2015,11,train
-5.175514,-7.4743147,-0.91841656,-3.6853552,05 Dajabón,2015,12,train
-7.490951,-7.973689,-0.006880115,-5.961555,05 Dajabón,2015,13,train
-6.967327,-6.632293,-1.973613,-3.8843753,05 Dajabón,2015,14,train
-9.140377,-5.7087045,-1.4761415,-6.029075,05 Dajabón,2015,15,train
-9.205216,-5.1158504,-1.6497995,-7.1077237,05 Dajabón,2015,16,train
-6.897849,-4.9087934,-1.3406286,-7.4707894,05 Dajabón,2015,17,train
-12.590318,-5.0950665,-0.9173073,-12.323558,05 Dajabón,2015,18,train
-10.185577,-6.455498,1.4273967,-12.1271105,05 Dajabón,2015,19,train
-8.936883,2.8991745,-6.3762383,-5.559843,05 Dajabón,2015,20,train
-6.154772,3.1466513,-6.4275856,-4.4687347,05 Dajabón,2015,21,train
-4.3853664,2.9870605,-6.387117,-4.3895717,05 Dajabón,2015,22,train
-3.3897786,3.5292144,-5.6809855,-4.8746424,05 Dajabón,2015,23,train
-4.1557846,4.1423483,-5.061843,-5.734889,05 Dajabón,2015,24,train
-4.504244,4.791521,-4.2338033,-6.3165627,05 Dajabón,2015,25,train
-6.7240114,6.250603,-4.3893948,-8.456257,05 Dajabón,2015,26,train
-12.499564,7.054796,2.0400505,-11.231261,05 Dajabón,2015,27,train
-10.33325,7.297181,3.8939989,-9.259377,05 Dajabón,2015,28,train
-9.986285,7.1401787,4.3695145,-9.43239,05 Dajabón,2015,29,train
-10.434413,7.0439467,3.656706,-10.404053,05 Dajabón,2015,30,train
-10.855529,6.7062,1.6077915,-10.8536625,05 Dajabón,2015,31,train
-10.971089,6.38174,3.523927,-10.2719755,05 Dajabón,2015,32,train
-9.027114,5.6573076,3.9852986,-9.103453,05 Dajabón,2015,33,train
-7.8774004,5.240466,4.203409,-9.708402,05 Dajabón,2015,34,train
6.1035166,3.417774,0.49996066,-2.2949884,05 Dajabón,2015,35,train
6.1014175,3.369378,2.0784621,-2.0945148,05 Dajabón,2015,36,train
7.576873,3.039398,1.0262787,-1.7712423,05 Dajabón,2015,37,train
6.5767965,2.0012796,2.3731885,-2.3508592,05 Dajabón,2015,38,train
6.73618,1.8834372,2.8966613,-2.0084267,05 Dajabón,2015,39,train
10.68034,-0.110657945,3.276758,-1.9429168,05 Dajabón,2015,40,train
9.397087,-0.3226366,3.4432201,-2.3015773,05 Dajabón,2015,41,train
9.185442,-1.0070071,4.069884,-2.355634,05 Dajabón,2015,42,train
7.434802,-1.0070349,6.3034472,-1.9404788,05 Dajabón,2015,43,train
7.326712,-0.94732,5.6219683,-1.3119687,05 Dajabón,2015,44,train
6.8537283,-0.71306366,3.5430377,0.8005241,05 Dajabón,2015,45,train
8.132668,-1.0760632,3.2379797,1.4509178,05 Dajabón,2015,46,train
10.05151,-2.0843978,3.5382247,2.767831,05 Dajabón,2015,47,train
8.056617,-1.7320662,4.5924015,3.3569813,05 Dajabón,2015,48,train
6.9193625,-1.2591767,4.050923,3.124035,05 Dajabón,2015,49,train
6.7247624,-1.1608012,4.0521984,3.6074576,05 Dajabón,2015,50,train
6.4310136,-1.3118678,3.448161,3.4064338,05 Dajabón,2015,51,train
-11.349208,3.4625652,4.673042,-0.33463612,05 Dajabón,2015,52,train
-9.719051,-5.187291,10.158189,-6.6846223,05 Dajabón,2016,1,train
-10.924094,-6.594599,9.934918,-7.870133,05 Dajabón,2016,2,train
-8.756279,-6.975748,9.243568,-6.5418963,05 Dajabón,2016,3,train
-8.142246,-7.377598,9.11545,-5.8518815,05 Dajabón,2016,4,train
-6.489835,-12.488699,6.2615867,-4.9245253,05 Dajabón,2016,5,train
-1.4790862,-9.954164,4.9259443,-3.2261696,05 Dajabón,2016,6,train
-3.2968411,-10.284622,4.8233614,-3.8191795,05 Dajabón,2016,7,train
-3.9925807,-11.405018,4.8335633,-5.067743,05 Dajabón,2016,8,train
-2.5660102,-10.011513,3.6131718,-4.881742,05 Dajabón,2016,9,train
-9.124277,-9.048285,1.1038798,-3.4508867,05 Dajabón,2016,10,train
-8.539373,-8.723158,1.2992499,-6.601529,05 Dajabón,2016,11,train
-10.900259,-7.026824,1.1157801,-8.924289,05 Dajabón,2016,12,train
-9.012098,-6.0761995,0.76521474,-7.932982,05 Dajabón,2016,13,train
-5.269744,-8.123608,1.6292955,-7.948284,05 Dajabón,2016,14,train
-5.3766203,-7.7337003,0.87492126,-7.2851253,05 Dajabón,2016,15,train
-3.7618828,-7.850465,1.4896204,-7.326463,05 Dajabón,2016,16,train
5.3191285,-7.0358796,-1.7103966,-3.935472,05 Dajabón,2016,17,train
-6.060454,1.5816518,-8.601794,-0.76649135,05 Dajabón,2016,18,train
-4.4487066,2.0981193,-8.219779,1.4098988,05 Dajabón,2016,19,train
-6.7317204,4.0948124,-7.3409734,-0.31785113,05 Dajabón,2016,20,train
4.8558116,-2.7338815,-7.812226,-0.53765416,05 Dajabón,2016,21,train
3.5112066,-1.4001237,-6.155109,-0.8974588,05 Dajabón,2016,22,train
-4.7830343,5.888555,-7.2000313,2.0921884,05 Dajabón,2016,23,train
-5.520829,6.785984,-7.095284,1.5263346,05 Dajabón,2016,24,train
-4.8758373,6.786136,-6.064609,1.0469203,05 Dajabón,2016,25,train
-5.051284,7.393627,-5.654914,0.08479593,05 Dajabón,2016,26,train
-10.321491,8.897581,0.09196071,-3.7312324,05 Dajabón,2016,27,train
-8.3253565,8.350634,-0.37042922,-3.379612,05 Dajabón,2016,28,train
-9.178119,8.797355,0.17429839,-2.7068334,05 Dajabón,2016,29,train
-10.386412,8.908154,0.6686841,-2.950604,05 Dajabón,2016,30,train
-10.1766615,8.664495,-0.014258175,-4.456614,05 Dajabón,2016,31,train
-8.5955715,8.64449,-0.8263519,-1.8610893,05 Dajabón,2016,32,train
-10.626511,9.228136,-0.9164834,-3.3685293,05 Dajabón,2016,33,train
-9.161545,9.310679,0.7371476,0.74909836,05 Dajabón,2016,34,train
3.7652123,7.3224688,-3.1465435,2.7443826,05 Dajabón,2016,35,train
2.3264525,7.161539,-3.217839,3.5081708,05 Dajabón,2016,36,train
3.5800679,6.700165,-2.8448012,2.9829733,05 Dajabón,2016,37,train
2.898732,6.4710145,-2.6019166,3.6250308,05 Dajabón,2016,38,train
3.8330042,5.54826,-2.1303926,3.3833988,05 Dajabón,2016,39,train
2.4620628,5.014676,-1.3320068,4.8269095,05 Dajabón,2016,40,train
1.8209033,5.4068403,-0.5993992,5.3668547,05 Dajabón,2016,41,train
4.7063384,-0.15312302,-5.6341558,5.073806,05 Dajabón,2016,42,train
-0.9631036,5.6519146,0.3158864,7.149227,05 Dajabón,2016,43,train
-0.9735301,4.1718845,0.31210536,7.3159947,05 Dajabón,2016,44,train
-2.1586125,4.8728046,2.8080065,7.7494526,05 Dajabón,2016,45,train
3.31349,-1.262717,-3.676012,5.7721934,05 Dajabón,2016,46,train
-2.361075,2.5983245,0.2878704,9.310772,05 Dajabón,2016,47,train
-2.1430407,2.6898816,0.053958297,9.371043,05 Dajabón,2016,48,train
-0.5388338,1.6959026,0.19105199,8.944399,05 Dajabón,2016,49,train
-0.4051981,1.2585716,-0.58663005,9.70975,05 Dajabón,2016,50,train
-0.87099,0.92195934,-0.07613483,8.767403,05 Dajabón,2016,51,train
-10.895961,5.312654,2.3727496,6.858249,05 Dajabón,2016,52,train
-13.853836,4.503577,1.8038639,4.3752775,05 Dajabón,2017,1,train
-11.389191,4.3702087,1.2642561,9.503999,05 Dajabón,2017,2,train
-15.443577,4.347591,0.13770884,8.952538,05 Dajabón,2017,3,train
-15.542919,-3.229615,4.6313105,2.5432377,05 Dajabón,2017,4,train
-8.059685,-5.614333,0.75183105,3.3496776,05 Dajabón,2017,5,train
-7.3543296,-5.7055917,0.55765426,2.8291268,05 Dajabón,2017,6,train
-7.5273104,-6.050231,-0.10229974,2.5313559,05 Dajabón,2017,7,train
-11.428094,-6.7538214,-0.6857475,1.5705129,05 Dajabón,2017,8,train
-11.797696,-5.2113695,-0.6282816,-0.6375037,05 Dajabón,2017,9,train
-10.550678,-5.163364,-2.5873978,0.64213496,05 Dajabón,2017,10,train
-9.732691,-5.119996,-3.356501,-0.81337374,05 Dajabón,2017,11,train
3.847208,-7.2731733,-6.8840675,0.46799612,05 Dajabón,2017,12,train
-7.952899,-5.227191,-5.948167,-0.8517617,05 Dajabón,2017,13,train
-5.427607,-6.179217,-1.766535,-5.5637064,05 Dajabón,2017,14,train
-4.3889866,-6.195046,-3.4892347,-3.3605459,05 Dajabón,2017,15,train
-2.1075916,-6.581788,-1.7889385,-5.3157086,05 Dajabón,2017,16,train
0.3888058,-5.916319,-2.519654,-5.276794,05 Dajabón,2017,17,train
5.480757,-6.6924224,-3.8007872,-4.489445,05 Dajabón,2017,18,train
-1.0588956,-5.9086986,-1.8815125,-6.7273536,05 Dajabón,2017,19,train
0.38072762,-4.9136786,-0.61178917,-6.3873515,05 Dajabón,2017,20,train
-3.6462452,-5.1595464,0.8630473,-11.168232,05 Dajabón,2017,21,train
-7.4597673,5.6572094,-6.7910705,-0.06866561,05 Dajabón,2017,22,train
-5.6844296,5.4756026,-6.1216044,-1.3011119,05 Dajabón,2017,23,train
-7.1743813,6.5232644,-6.04367,-2.139184,05 Dajabón,2017,24,train
-6.8129773,6.448912,-5.1668763,-2.9224746,05 Dajabón,2017,25,train
-5.8641496,7.0083814,-4.9518166,-2.8937414,05 Dajabón,2017,26,train
-10.536613,8.422873,-0.98567647,-3.928669,05 Dajabón,2017,27,train
-7.938964,9.409593,0.31705788,1.6132005,05 Dajabón,2017,28,train
-9.896861,9.126958,-1.2786574,-2.437739,05 Dajabón,2017,29,train
-9.201188,8.964162,-1.0125799,-1.3376204,05 Dajabón,2017,30,train
-8.657567,7.695191,-0.9628341,-3.7127674,05 Dajabón,2017,31,train
-8.716516,8.70305,-0.7283477,-1.5473295,05 Dajabón,2017,32,train
-10.520645,8.9866085,-1.0141573,-4.041971,05 Dajabón,2017,33,train
-8.092752,8.359641,-0.6423073,-1.384025,05 Dajabón,2017,34,train
3.477375,6.6034427,-2.7668333,1.947924,05 Dajabón,2017,35,train
4.9432693,2.2329333,-3.7433755,2.163582,05 Dajabón,2017,36,train
1.3636642,6.721206,-1.0791124,3.8651652,05 Dajabón,2017,37,train
5.2055125,2.0974152,-3.4682822,2.4912314,05 Dajabón,2017,38,train
3.1434553,5.8989716,-0.9630713,3.8736627,05 Dajabón,2017,39,train
1.8114687,5.896132,-0.6913293,4.6363106,05 Dajabón,2017,40,train
1.7808968,5.4973536,-1.0561312,5.4485946,05 Dajabón,2017,41,train
3.7766185,4.083084,-0.76580346,4.729012,05 Dajabón,2017,42,train
3.937094,3.3535779,-0.46292192,4.9825554,05 Dajabón,2017,43,train
2.95985,3.4139457,-0.23102413,5.619019,05 Dajabón,2017,44,train
-0.14378151,4.412626,-0.6422552,7.942621,05 Dajabón,2017,45,train
4.032538,-0.6964303,-4.9907045,7.00728,05 Dajabón,2017,46,train
-0.14443077,3.3130136,-0.33202744,8.322279,05 Dajabón,2017,47,train
0.62318176,2.252181,-0.6130623,8.760979,05 Dajabón,2017,48,train
0.54351103,1.0888097,-0.49662977,8.511859,05 Dajabón,2017,49,train
0.014384803,1.1654295,-0.77370983,9.222044,05 Dajabón,2017,50,train
-1.8367373,-3.4760544,1.3518436,7.4965315,05 Dajabón,2017,51,train
-11.678474,0.36953866,6.1900883,3.724806,05 Dajabón,2017,52,train
-9.368074,0.24544458,6.09543,6.2197695,05 Dajabón,2018,1,train
-9.287802,-0.5347883,5.5127053,5.1293116,05 Dajabón,2018,2,train
-9.1556425,-0.9841212,4.5147223,4.97309,05 Dajabón,2018,3,train
-9.363828,-1.3003662,3.670125,3.9057055,05 Dajabón,2018,4,train
-7.8879356,-4.7033625,-0.15462711,4.313943,05 Dajabón,2018,5,train
-9.594196,-5.0571485,0.2175547,2.490319,05 Dajabón,2018,6,train
-9.831506,-4.901927,-0.5098837,2.4486444,05 Dajabón,2018,7,train
-9.0773535,-4.795723,-1.2107444,2.125562,05 Dajabón,2018,8,train
-10.315977,-5.6065745,-2.3087468,2.2001243,05 Dajabón,2018,9,train
-12.873517,-6.097122,-4.4465065,0.43207473,05 Dajabón,2018,10,train
-13.146739,-5.476163,-4.1967545,-1.6418259,05 Dajabón,2018,11,train
-9.796123,-5.052717,-4.8465657,-0.9398284,05 Dajabón,2018,12,train
-12.109229,-5.2290545,-4.781645,-1.8509471,05 Dajabón,2018,13,train
-7.033057,-5.157644,-5.88591,-2.4385288,05 Dajabón,2018,14,train
-9.107343,-4.1221957,-4.5698304,-4.575982,05 Dajabón,2018,15,train
-9.58876,-3.6050358,-4.2065496,-6.225389,05 Dajabón,2018,16,train
-8.693786,-3.3886416,-4.37251,-6.166084,05 Dajabón,2018,17,train
-6.106991,-3.9282026,-5.0625973,-4.881809,05 Dajabón,2018,18,train
-5.9964643,-3.057981,-4.578125,-6.909405,05 Dajabón,2018,19,train
-8.288557,-1.6511854,-3.2466497,-8.552499,05 Dajabón,2018,20,train
-8.671896,-1.0921148,-2.9874477,-9.9593315,05 Dajabón,2018,21,train
-7.4502945,-0.89375997,-2.8214629,-10.926992,05 Dajabón,2018,22,train
-8.18476,-0.4026772,-2.408049,-12.706309,05 Dajabón,2018,23,train
-8.838923,4.262572,-4.5604916,-9.978639,05 Dajabón,2018,24,train
-5.255054,3.6600919,-4.344316,-8.249148,05 Dajabón,2018,25,train
-7.249718,4.7103233,-3.7159305,-9.084618,05 Dajabón,2018,26,train
-12.134142,7.8260784,0.28499743,-9.133291,05 Dajabón,2018,27,train
-11.464074,7.7975717,0.14990465,-8.861978,05 Dajabón,2018,28,train
-10.591564,7.5046635,-0.15089557,-8.588619,05 Dajabón,2018,29,train
-9.734729,7.680111,0.022704683,-8.004953,05 Dajabón,2018,30,train
-9.297798,7.2881975,0.54558486,-7.0364943,05 Dajabón,2018,31,train
-10.17866,7.7747993,1.3645816,-7.797439,05 Dajabón,2018,32,train
-9.046875,6.865646,0.64882445,-7.207427,05 Dajabón,2018,33,train
-11.106326,7.696816,0.73365724,-8.6888685,05 Dajabón,2018,34,train
5.409088,5.6903296,-1.4706055,-0.5521264,05 Dajabón,2018,35,train
5.258218,5.2583227,0.12842569,0.010572811,05 Dajabón,2018,36,train
5.0095067,4.5277643,-0.44559452,-0.18270166,05 Dajabón,2018,37,train
6.306337,4.313436,-0.37282687,0.4813494,05 Dajabón,2018,38,train
6.582232,4.066899,-0.3754583,0.83798176,05 Dajabón,2018,39,train
5.1506867,4.902917,1.7076436,2.4544249,05 Dajabón,2018,40,train
4.191338,4.451548,2.4409418,2.3700066,05 Dajabón,2018,41,train
5.3976808,2.5320377,0.9333157,2.542781,05 Dajabón,2018,42,train
6.0597186,2.0639794,0.8526466,2.8878584,05 Dajabón,2018,43,train
6.0082192,1.9838638,1.2798167,3.2497969,05 Dajabón,2018,44,train
6.318957,1.1663145,1.4588776,3.6455088,05 Dajabón,2018,45,train
5.602331,0.9354258,1.6075249,3.3896801,05 Dajabón,2018,46,train
7.352888,0.18845089,1.5565401,4.385848,05 Dajabón,2018,47,train
2.9256916,-4.4620714,3.201701,3.9638286,05 Dajabón,2018,48,train
2.8498814,-4.5153556,2.6077902,4.966084,05 Dajabón,2018,49,train
3.5696719,-4.938226,2.8461366,5.672852,05 Dajabón,2018,50,train
3.4564726,-5.1733255,2.9373312,5.883811,05 Dajabón,2018,51,train
-11.603166,-0.2007059,6.20715,-1.4988425,05 Dajabón,2018,52,train
-13.194413,-1.3027905,6.4296446,-2.3036454,05 Dajabón,2019,1,train
-13.498777,-2.3833659,7.0752187,-1.9045255,05 Dajabón,2019,2,train
-13.7089,-3.6385696,6.6006727,-1.9035306,05 Dajabón,2019,3,train
-13.292114,-3.9616299,5.8260746,-2.5151951,05 Dajabón,2019,4,train
-8.913,-6.7012854,2.240188,-0.8820091,05 Dajabón,2019,5,train
-5.8716288,-8.305736,3.3869061,-1.4391505,05 Dajabón,2019,6,train
-7.925674,-8.506789,3.220212,-2.9686477,05 Dajabón,2019,7,train
-10.540366,-7.9228854,2.649222,-4.734744,05 Dajabón,2019,8,train
-9.928787,-7.925417,2.640546,-5.083901,05 Dajabón,2019,9,train
-9.817178,-5.939593,0.4547964,-3.7706282,05 Dajabón,2019,10,train
-10.637245,-6.563325,0.017817419,-4.728199,05 Dajabón,2019,11,train
-10.358184,-6.9301376,-0.19700767,-6.597336,05 Dajabón,2019,12,train
-5.4211593,-7.0092716,-1.4479105,-4.730508,05 Dajabón,2019,13,train
-10.227734,-5.5094194,-1.2169043,-7.200855,05 Dajabón,2019,14,train
-10.937589,-5.0093503,-1.027922,-9.122373,05 Dajabón,2019,15,train
-12.032928,-4.242391,-1.1527147,-10.236534,05 Dajabón,2019,16,train
-7.908422,-4.787291,-1.3964728,-7.95105,05 Dajabón,2019,17,train
-11.772078,3.2357607,-7.837671,-4.2271333,05 Dajabón,2019,18,train
-9.43548,3.2350192,-6.678048,-3.8459463,05 Dajabón,2019,19,train
-8.9399605,4.105494,-6.9437957,-3.837008,05 Dajabón,2019,20,train
-4.405424,2.8573465,-7.916556,-0.57760817,05 Dajabón,2019,21,train
4.180753,-1.9998736,-5.6429114,-1.6264763,05 Dajabón,2019,22,train
-3.4598083,4.2116947,-6.57416,-1.2398016,05 Dajabón,2019,23,train
-5.7770867,5.4862137,-5.4220924,-4.1000037,05 Dajabón,2019,24,train
-6.053921,6.21984,-4.555165,-6.142322,05 Dajabón,2019,25,train
-5.30519,6.19321,-3.8092062,-7.2313814,05 Dajabón,2019,26,train
-8.073574,6.06936,1.7401953,-11.898729,05 Dajabón,2019,27,train
-8.842557,6.137276,1.1596843,-13.254785,05 Dajabón,2019,28,train
-8.696926,6.1243496,0.34787565,-13.223029,05 Dajabón,2019,29,train
-7.2046957,5.858479,0.57117254,-12.6954565,05 Dajabón,2019,30,train
-4.108985,5.171325,2.7933486,-11.553367,05 Dajabón,2019,31,train
-6.4107356,5.8597527,1.1884496,-13.484952,05 Dajabón,2019,32,train
-6.01493,5.653346,1.3404413,-12.893155,05 Dajabón,2019,33,train
-5.0775366,5.38787,1.6085237,-10.038403,05 Dajabón,2019,34,train
5.3117156,4.4651203,-0.32555547,-3.9051833,05 Dajabón,2019,35,train
7.2590737,3.182188,0.76363134,-3.613023,05 Dajabón,2019,36,train
6.122462,3.545926,1.4290233,-1.5832572,05 Dajabón,2019,37,train
8.428218,-0.59668773,-1.8206621,-1.2336179,05 Dajabón,2019,38,train
8.241069,-1.3078451,-3.0369322,-0.93915373,05 Dajabón,2019,39,train
8.442786,-1.2372837,-2.8998692,0.44855785,05 Dajabón,2019,40,train
5.3299723,2.944813,2.3804545,1.1717622,05 Dajabón,2019,41,train
6.239725,2.652562,2.4559972,1.6696827,05 Dajabón,2019,42,train
6.283186,2.413728,2.7253685,1.9318297,05 Dajabón,2019,43,train
6.3518505,1.240394,2.6087625,2.0297859,05 Dajabón,2019,44,train
7.0492997,0.5472253,2.4762762,2.3243668,05 Dajabón,2019,45,train
5.5972347,0.55119044,3.8104548,2.464877,05 Dajabón,2019,46,train
7.0856266,-1.0365968,4.2858405,3.39923,05 Dajabón,2019,47,train
7.253069,-1.0829085,3.8071594,3.6598966,05 Dajabón,2019,48,train
2.750172,-4.611177,5.6702538,2.2009878,05 Dajabón,2019,49,train
2.530251,-4.6744,4.4696875,2.3950112,05 Dajabón,2019,50,train
2.9027295,-5.146965,3.7093868,2.7124383,05 Dajabón,2019,51,train
-12.062441,-1.4503673,7.800391,-3.2548583,05 Dajabón,2019,52,train
-9.806135,-1.5058955,7.255375,-1.4479562,05 Dajabón,2020,1,val
-9.215996,-1.6787597,6.0738106,-1.5272946,05 Dajabón,2020,2,val
-10.498047,-2.7670975,6.0907197,-1.7090036,05 Dajabón,2020,3,val
-11.548163,-4.584899,6.855633,-1.5503207,05 Dajabón,2020,4,val
-5.62661,-8.014892,2.9003642,0.6866481,05 Dajabón,2020,5,val
-7.4723372,-8.4682865,3.1016197,-1.4818308,05 Dajabón,2020,6,val
-8.815171,-6.722345,2.0745633,-2.5220609,05 Dajabón,2020,7,val
-7.8107896,-7.380004,1.9911829,-2.7649908,05 Dajabón,2020,8,val
-6.830675,-8.019662,1.2541081,-2.3870037,05 Dajabón,2020,9,val
-4.8054333,-8.313187,1.0657635,-4.0120316,05 Dajabón,2020,10,val
-5.2129107,-8.114773,-0.44568434,-3.579027,05 Dajabón,2020,11,val
-8.515061,-8.105902,0.095100805,-5.548593,05 Dajabón,2020,12,val
-9.86579,-9.107929,0.81509423,-8.907492,05 Dajabón,2020,13,val
-8.482378,-7.5668745,-0.19834709,-8.468163,05 Dajabón,2020,14,val
-9.203341,-6.1210876,0.06654227,-10.044356,05 Dajabón,2020,15,val
-8.214543,-5.2889867,0.2799032,-9.733857,05 Dajabón,2020,16,val
-9.239921,-5.369145,0.4500935,-11.390605,05 Dajabón,2020,17,val
-8.201643,-4.7963915,0.40113765,-10.624045,05 Dajabón,2020,18,val
-4.895524,-5.413616,-0.097754635,-9.7905035,05 Dajabón,2020,19,val
-4.5561543,-4.7412496,-0.059880927,-9.803239,05 Dajabón,2020,20,val
-3.2733448,-4.159305,0.47319555,-10.013987,05 Dajabón,2020,21,val
-3.3062923,-4.5936804,0.8508149,-11.634759,05 Dajabón,2020,22,val
-5.8285108,-4.515037,2.383625,-14.796413,05 Dajabón,2020,23,val
-4.206822,-4.4646883,2.7825735,-14.814996,05 Dajabón,2020,24,val
-1.6197617,-4.3229136,3.0436034,-13.975109,05 Dajabón,2020,25,val
-3.784892,-3.3320265,2.7630785,-15.643945,05 Dajabón,2020,26,val
-5.431593,-1.0449438,6.321665,-14.990222,05 Dajabón,2020,27,val
-6.4688563,-0.6218232,4.9386334,-15.928649,05 Dajabón,2020,28,val
-6.722282,-0.6395711,5.612708,-16.669138,05 Dajabón,2020,29,val
-5.814437,-0.54946095,5.4650826,-16.00217,05 Dajabón,2020,30,val
-3.6462927,-0.47373348,5.853472,-14.463139,05 Dajabón,2020,31,val
-6.5508127,0.22625348,4.037223,-15.873748,05 Dajabón,2020,32,val
-5.449465,0.51189536,3.4476361,-14.027981,05 Dajabón,2020,33,val
-8.053452,3.5354924,9.7249155,-6.323088,05 Dajabón,2020,34,val
2.7631097,-1.4719998,2.5117917,-8.845735,05 Dajabón,2020,35,val
2.7571342,-1.4835193,2.16877,-7.846116,05 Dajabón,2020,36,val
2.3892016,-1.2494179,2.0017726,-7.0291524,05 Dajabón,2020,37,val
2.0002222,-1.2368765,2.1756456,-5.667707,05 Dajabón,2020,38,val
2.326356,-1.1291587,1.2690666,-4.937902,05 Dajabón,2020,39,val
3.2355099,-1.4087589,1.4393536,-3.8437183,05 Dajabón,2020,40,val
2.9610465,-1.4328932,1.3693954,-2.2741625,05 Dajabón,2020,41,val
1.5930146,-1.9683836,1.3111806,-0.49462706,05 Dajabón,2020,42,val
1.0387747,-2.4585133,1.0886174,2.6675065,05 Dajabón,2020,43,val
1.0969839,-2.0067275,0.77819204,2.9753242,05 Dajabón,2020,44,val
3.846723,-3.3244467,-0.72551143,4.965456,05 Dajabón,2020,45,val
-1.7897441,-2.8662107,1.0046616,7.310164,05 Dajabón,2020,46,val
2.8657477,-3.846603,-1.3950589,5.71299,05 Dajabón,2020,47,val
-2.6027467,-2.9761856,1.0024179,8.589722,05 Dajabón,2020,48,val
-2.391394,-3.5409777,0.32219452,9.192993,05 Dajabón,2020,49,val
-3.4917426,-3.0614657,0.080803044,9.676623,05 Dajabón,2020,50,val
-3.6223228,-3.3134933,-0.1816749,10.109969,05 Dajabón,2020,51,val
-11.15681,0.058924314,4.834718,5.3613214,05 Dajabón,2020,52,val
-14.501111,-0.27906373,4.374955,5.8485646,05 Dajabón,2021,1,val
-13.341683,-0.91226524,4.0814996,4.258388,05 Dajabón,2021,2,val
-11.987833,-1.0762979,3.4691727,4.4730372,05 Dajabón,2021,3,val
-14.056568,-1.4238273,3.2149515,4.648059,05 Dajabón,2021,4,val
-7.416743,-3.94797,-2.3182728,8.373023,05 Dajabón,2021,5,val
-8.833262,-4.2156076,-1.3640885,4.3432426,05 Dajabón,2021,6,val
-13.100012,-4.6094275,-1.2163754,2.8009663,05 Dajabón,2021,7,val
-11.8913145,-4.2237806,-1.6331648,2.2850149,05 Dajabón,2021,8,val
-12.078705,-4.8812213,-3.8918216,2.6538823,05 Dajabón,2021,9,val
-5.230126,-4.449014,-5.422177,3.8209271,05 Dajabón,2021,10,val
-11.217955,-4.9912863,-4.999854,1.7010562,05 Dajabón,2021,11,val
-9.835686,-4.355867,-4.663133,-0.39186436,05 Dajabón,2021,12,val
-9.428761,-4.2610626,-5.123759,-1.1769,05 Dajabón,2021,13,val
-5.23469,-4.589205,-6.2653756,0.61056674,05 Dajabón,2021,14,val
-10.588094,-5.0469027,-6.4983773,-1.8727288,05 Dajabón,2021,15,val
-9.894707,-4.1317787,-4.3462577,-4.8036933,05 Dajabón,2021,16,val
-8.524215,-3.5466611,-4.0579143,-4.0827723,05 Dajabón,2021,17,val
-9.850966,2.154046,-7.4643135,-0.5430335,05 Dajabón,2021,18,val
-10.19839,3.4929345,-6.9119797,-1.9443963,05 Dajabón,2021,19,val
-7.4853654,3.0196261,-7.698389,1.4085349,05 Dajabón,2021,20,val
-6.307595,3.1758654,-6.518267,0.7378084,05 Dajabón,2021,21,val
-7.381597,4.2382975,-6.403837,0.1803619,05 Dajabón,2021,22,val
-6.530351,4.639431,-6.750894,0.28810245,05 Dajabón,2021,23,val
-7.357174,5.933105,-5.096804,-3.1392868,05 Dajabón,2021,24,val
-6.543955,5.922002,-5.205433,-1.3545212,05 Dajabón,2021,25,val
-6.064676,6.6449003,-4.9064245,-1.9384598,05 Dajabón,2021,26,val
-13.182872,9.746825,-2.3545363,-7.258231,05 Dajabón,2021,27,val
-11.122142,8.892639,-1.4226251,-4.788098,05 Dajabón,2021,28,val
-10.560846,9.126952,-1.6686493,-4.270978,05 Dajabón,2021,29,val
-10.401179,9.330758,-1.6117524,-3.4958267,05 Dajabón,2021,30,val
-9.12191,8.692243,-1.2785157,-3.1847727,05 Dajabón,2021,31,val
-8.648352,8.442372,0.40512222,-2.1187122,05 Dajabón,2021,32,val
-10.174453,8.865038,0.052840557,-2.8794706,05 Dajabón,2021,33,val
-11.325753,8.807455,-1.1278354,-6.6393,05 Dajabón,2021,34,val
3.8105621,6.9460196,-2.7344508,0.8159733,05 Dajabón,2021,35,val
3.1543827,7.8497887,-3.6790607,2.3700624,05 Dajabón,2021,36,val
1.808945,7.2397337,-3.8295047,4.7586355,05 Dajabón,2021,37,val
1.2547556,7.2051044,-3.8147223,5.4791656,05 Dajabón,2021,38,val
1.6574821,7.094525,-3.4238544,6.485005,05 Dajabón,2021,39,val
2.649002,5.3654566,-2.5738108,5.193265,05 Dajabón,2021,40,val
1.080085,6.2378783,-2.9812026,7.2627997,05 Dajabón,2021,41,val
0.96333784,5.487475,-1.8854458,6.851159,05 Dajabón,2021,42,val
2.9898393,4.184258,-1.9452803,6.8327265,05 Dajabón,2021,43,val
2.6571116,3.849956,-1.6535168,7.1022973,05 Dajabón,2021,44,val
3.7709358,3.3246627,-1.7878308,8.228154,05 Dajabón,2021,45,val
4.4356427,2.0225358,-0.7096023,6.828165,05 Dajabón,2021,46,val
1.2173831,2.750813,-2.4875655,10.585807,05 Dajabón,2021,47,val
-1.652955,-3.188045,1.0911835,8.171105,05 Dajabón,2021,48,val
-0.6869504,-3.5612988,0.7200602,8.1865635,05 Dajabón,2021,49,val
-0.7792631,-3.466541,0.8636806,6.9812765,05 Dajabón,2021,50,val
-1.553828,-3.8784854,0.86171234,8.335865,05 Dajabón,2021,51,val
-14.013994,-0.17200808,5.1587267,2.7021937,05 Dajabón,2021,52,val
-7.893235,-4.709963,16.583275,3.8517306,06 Duarte,2015,1,train
-9.688065,-7.2074285,16.53735,3.9257338,06 Duarte,2015,2,train
-7.967949,-8.213788,14.3474245,3.7370586,06 Duarte,2015,3,train
-9.49115,-10.448232,13.322391,3.391385,06 Duarte,2015,4,train
-0.8215368,-15.072619,3.7567234,3.4152844,06 Duarte,2015,5,train
-3.3251505,-14.830172,1.5180598,4.358772,06 Duarte,2015,6,train
-3.7653248,-15.034221,0.9444583,3.4940357,06 Duarte,2015,7,train
7.537355,-13.167621,-6.201585,3.0426006,06 Duarte,2015,8,train
-5.7270803,-16.396843,-2.7283998,0.57137656,06 Duarte,2015,9,train
-4.025105,-16.992569,-3.0924459,-0.7715858,06 Duarte,2015,10,train
-4.371996,-17.012375,-3.5225997,-2.4389393,06 Duarte,2015,11,train
-5.3399477,-16.786043,-4.8733125,-5.6487308,06 Duarte,2015,12,train
-5.9504366,-14.59316,-4.549995,-9.218813,06 Duarte,2015,13,train
-2.746575,-14.263802,-8.201959,-3.9881618,06 Duarte,2015,14,train
-3.201719,-13.290991,-8.2388315,-5.9053063,06 Duarte,2015,15,train
-5.926501,-13.200379,-7.973747,-10.514033,06 Duarte,2015,16,train
-6.799642,-0.36881867,-16.341843,-8.288559,06 Duarte,2015,17,train
-7.3317413,1.0578123,-15.324838,-9.613147,06 Duarte,2015,18,train
-8.20258,4.024847,-14.971732,-8.583611,06 Duarte,2015,19,train
-4.8963284,3.4837804,-15.2510395,-6.9763174,06 Duarte,2015,20,train
-0.8804569,1.988473,-14.377227,-4.734916,06 Duarte,2015,21,train
1.8630854,1.2859797,-13.893609,-3.7825737,06 Duarte,2015,22,train
-0.07563573,4.376474,-12.08138,-6.8870225,06 Duarte,2015,23,train
-0.7954127,6.786747,-10.952453,-8.197096,06 Duarte,2015,24,train
1.5575243,6.5620794,-10.025083,-6.9197183,06 Duarte,2015,25,train
1.0946196,8.701674,-9.472524,-8.16329,06 Duarte,2015,26,train
-4.8161793,14.092809,9.181399,-6.994192,06 Duarte,2015,27,train
-4.9991612,14.622391,10.930164,-7.219846,06 Duarte,2015,28,train
-5.070548,14.308288,10.320134,-8.67796,06 Duarte,2015,29,train
-5.4277654,14.047131,8.414191,-9.98677,06 Duarte,2015,30,train
-5.0197067,13.601623,8.420522,-11.266086,06 Duarte,2015,31,train
-4.7881427,12.8359995,10.214695,-11.382709,06 Duarte,2015,32,train
-3.863786,11.443501,9.439291,-12.110696,06 Duarte,2015,33,train
-4.5532374,11.460606,9.580261,-13.168537,06 Duarte,2015,34,train
16.547321,0.927434,-4.609355,-2.579989,06 Duarte,2015,35,train
11.481926,8.071323,5.697651,-5.0360365,06 Duarte,2015,36,train
12.3984785,7.522844,6.3920217,-4.430514,06 Duarte,2015,37,train
12.5135145,6.3913517,9.080118,-4.3386717,06 Duarte,2015,38,train
12.068155,5.2499657,9.31735,-4.6998773,06 Duarte,2015,39,train
15.432338,1.0879434,8.219539,-4.964326,06 Duarte,2015,40,train
14.842773,0.8481336,9.343235,-4.274122,06 Duarte,2015,41,train
13.240787,1.2137512,10.622259,-2.9733574,06 Duarte,2015,42,train
14.609505,0.078885116,12.628229,-2.4424605,06 Duarte,2015,43,train
12.790899,0.20957257,13.227905,-0.9067484,06 Duarte,2015,44,train
7.662503,2.3888185,14.111441,2.0361016,06 Duarte,2015,45,train
8.657459,1.7581593,12.531506,2.975785,06 Duarte,2015,46,train
11.854293,-0.98193526,11.840128,5.4873524,06 Duarte,2015,47,train
7.906989,-8.058224,12.03729,3.3080657,06 Duarte,2015,48,train
4.7187357,-5.808506,12.529786,3.6077769,06 Duarte,2015,49,train
4.1822624,-6.620381,11.641366,4.670833,06 Duarte,2015,50,train
3.649073,-6.9419117,11.89035,4.9426126,06 Duarte,2015,51,train
-5.3038907,-2.5136073,18.281277,0.8968577,06 Duarte,2015,52,train
-6.999603,-7.755699,19.358904,-4.1983376,06 Duarte,2016,1,train
-7.5855217,-9.745522,18.55732,-4.5073676,06 Duarte,2016,2,train
-7.010809,-10.9574175,17.525215,-4.305215,06 Duarte,2016,3,train
-5.4421315,-11.383626,16.84605,-3.4056213,06 Duarte,2016,4,train
0.626448,-18.160894,8.143351,-2.0524368,06 Duarte,2016,5,train
0.52551955,-17.07689,6.682559,-2.4992635,06 Duarte,2016,6,train
-1.0868622,-18.907314,6.752573,-3.1880248,06 Duarte,2016,7,train
-2.7727304,-18.481794,5.260277,-5.2165656,06 Duarte,2016,8,train
-1.7024813,-18.276958,4.4274263,-6.1623526,06 Duarte,2016,9,train
-4.132297,-17.069075,-2.4851906,-1.7028794,06 Duarte,2016,10,train
-5.8051004,-16.03183,-2.5821943,-7.224741,06 Duarte,2016,11,train
-5.536902,-14.382903,-3.0177944,-10.171174,06 Duarte,2016,12,train
-5.083522,-15.277809,-3.774017,-11.188244,06 Duarte,2016,13,train
-2.4899895,-14.450087,-1.1995623,-12.156443,06 Duarte,2016,14,train
-4.442164,-15.496881,-1.3417263,-13.144693,06 Duarte,2016,15,train
1.0187542,-14.740535,-1.0262712,-9.644754,06 Duarte,2016,16,train
12.648943,-13.165839,-5.6234527,-8.908448,06 Duarte,2016,17,train
-2.223114,-0.37064403,-15.457917,-2.0691483,06 Duarte,2016,18,train
-1.3580133,0.17291087,-16.281836,0.95867866,06 Duarte,2016,19,train
-2.951007,3.611979,-14.3989105,-2.0391154,06 Duarte,2016,20,train
-1.5284374,3.4566686,-14.813202,0.575347,06 Duarte,2016,21,train
-0.265133,4.227102,-15.521905,2.4799123,06 Duarte,2016,22,train
-1.9247826,8.289307,-12.260091,-1.5762084,06 Duarte,2016,23,train
-2.456898,10.339423,-11.290079,-2.935674,06 Duarte,2016,24,train
1.5403802,7.6672745,-13.292054,2.4363086,06 Duarte,2016,25,train
0.6063114,10.962408,-11.4853325,0.8968192,06 Duarte,2016,26,train
-4.978505,16.985123,3.3245826,-0.95686823,06 Duarte,2016,27,train
-6.20077,18.21615,3.6397676,-0.2796591,06 Duarte,2016,28,train
-5.5097933,17.630438,3.8257177,-0.036776748,06 Duarte,2016,29,train
-4.622538,17.31248,5.5324554,3.1476212,06 Duarte,2016,30,train
-9.642763,16.010002,15.713741,2.4942007,06 Duarte,2016,31,train
-5.7930493,18.078043,2.2371733,1.6804372,06 Duarte,2016,32,train
-6.2617245,18.376965,1.5500948,-0.19784196,06 Duarte,2016,33,train
-6.2083864,17.946772,4.5228186,6.301979,06 Duarte,2016,34,train
5.0770235,15.624071,-3.1502857,4.284955,06 Duarte,2016,35,train
3.828278,15.2779045,-1.6894737,5.6058764,06 Duarte,2016,36,train
4.0661883,15.732128,-1.5608102,6.085916,06 Duarte,2016,37,train
5.0676455,14.843454,-1.2852225,6.1040683,06 Duarte,2016,38,train
3.7944314,14.145416,1.1484191,7.21545,06 Duarte,2016,39,train
4.162671,12.651899,2.2487633,9.558191,06 Duarte,2016,40,train
5.596059,11.197821,2.5884826,9.543479,06 Duarte,2016,41,train
3.815323,10.742821,3.668348,11.252966,06 Duarte,2016,42,train
3.6780832,9.805314,4.343721,11.980176,06 Duarte,2016,43,train
0.28031203,9.993688,5.6141453,13.691865,06 Duarte,2016,44,train
-1.2149982,9.066781,6.4261165,14.414886,06 Duarte,2016,45,train
0.08742797,7.2623878,6.3292074,14.610199,06 Duarte,2016,46,train
-0.43213195,5.6708674,6.0875616,16.255898,06 Duarte,2016,47,train
-2.6089127,-3.0778215,8.185673,13.740239,06 Duarte,2016,48,train
-1.5989904,-4.185014,7.8768616,13.781269,06 Duarte,2016,49,train
-1.9222189,-4.131787,8.119555,13.450536,06 Duarte,2016,50,train
-3.9903686,-3.0917554,8.640708,14.767397,06 Duarte,2016,51,train
-10.981962,-2.0590153,13.036992,11.30346,06 Duarte,2016,52,train
-11.309041,-4.0561137,12.385203,9.611198,06 Duarte,2017,1,train
-12.008951,-4.0241013,11.268124,13.601044,06 Duarte,2017,2,train
-16.70321,-7.2945437,11.099192,14.075978,06 Duarte,2017,3,train
-17.751198,-9.124794,10.215373,10.453606,06 Duarte,2017,4,train
-5.473959,-12.087492,0.37526166,10.346953,06 Duarte,2017,5,train
-5.937783,-12.825066,-0.3372633,9.2579565,06 Duarte,2017,6,train
-5.778697,-13.375782,-2.3072917,8.351499,06 Duarte,2017,7,train
-10.550604,-15.241985,-2.3079836,6.9803605,06 Duarte,2017,8,train
-8.774592,-14.597277,-4.480667,5.2517385,06 Duarte,2017,9,train
-6.642332,-13.628875,-9.853779,5.963295,06 Duarte,2017,10,train
-8.133561,-13.65419,-9.89347,0.2842676,06 Duarte,2017,11,train
-3.426614,-12.19976,-13.453424,2.6840084,06 Duarte,2017,12,train
-7.633301,-12.65126,-13.286169,-2.969413,06 Duarte,2017,13,train
-4.7122717,-14.216758,-7.083698,-10.911862,06 Duarte,2017,14,train
-5.9202313,-15.425332,-8.467842,-8.773596,06 Duarte,2017,15,train
6.100106,-11.648738,-9.780525,-2.477908,06 Duarte,2017,16,train
7.97164,-11.431287,-9.782364,-3.6592658,06 Duarte,2017,17,train
8.299022,-6.1693316,-15.438625,-0.7570473,06 Duarte,2017,18,train
-5.1532874,3.0390706,-18.59853,1.8784446,06 Duarte,2017,19,train
-2.8313262,2.906379,-16.358578,2.6184044,06 Duarte,2017,20,train
-4.6971545,7.244498,-15.066882,-1.0697073,06 Duarte,2017,21,train
7.8538456,-1.9774371,-12.920648,-1.2924227,06 Duarte,2017,22,train
-3.1726804,9.662563,-13.135965,-2.7990541,06 Duarte,2017,23,train
-1.2404819,9.183948,-13.18537,-0.5066116,06 Duarte,2017,24,train
0.6395194,8.873978,-12.936285,0.8560035,06 Duarte,2017,25,train
1.6970702,9.225935,-11.695226,0.16523105,06 Duarte,2017,26,train
-6.4129286,18.547726,3.3452039,4.12081,06 Duarte,2017,27,train
-7.2940736,19.17762,3.5435545,4.023009,06 Duarte,2017,28,train
-5.642294,18.19308,3.355664,2.8397648,06 Duarte,2017,29,train
-4.852612,17.856735,3.1451786,2.1059046,06 Duarte,2017,30,train
-5.103513,17.6844,3.630077,2.5793328,06 Duarte,2017,31,train
-7.074423,18.920752,2.6250598,2.1829703,06 Duarte,2017,32,train
-5.303341,17.6706,4.2932487,4.164914,06 Duarte,2017,33,train
-5.8415947,17.843393,3.5623016,2.2530963,06 Duarte,2017,34,train
4.3171825,15.198154,-1.3587348,4.29188,06 Duarte,2017,35,train
11.477136,3.9351485,-9.21049,3.8133223,06 Duarte,2017,36,train
5.4091163,14.67471,-0.27788144,5.8721547,06 Duarte,2017,37,train
12.478699,3.8211,-8.781806,4.6230717,06 Duarte,2017,38,train
5.8278503,13.627499,1.5565126,6.6329474,06 Duarte,2017,39,train
4.2858877,13.445112,2.5258226,8.715335,06 Duarte,2017,40,train
5.3756943,12.140507,2.5018516,10.274345,06 Duarte,2017,41,train
6.753254,10.015198,2.860394,10.069698,06 Duarte,2017,42,train
6.5867085,9.013913,3.804326,11.016374,06 Duarte,2017,43,train
6.080044,8.21253,4.0537286,12.018967,06 Duarte,2017,44,train
8.088688,-0.63334143,-13.797001,14.094081,06 Duarte,2017,45,train
-1.3599952,8.548592,5.5744205,15.821414,06 Duarte,2017,46,train
4.128696,5.6932526,3.6816466,15.745534,06 Duarte,2017,47,train
4.5188894,4.176704,4.659865,14.893106,06 Duarte,2017,48,train
2.1781754,3.57326,4.745557,16.551207,06 Duarte,2017,49,train
4.6744375,1.6610227,2.072174,18.147648,06 Duarte,2017,50,train
0.09946187,2.8989618,4.768836,17.309866,06 Duarte,2017,51,train
-11.506133,8.513406,5.7194986,16.61805,06 Duarte,2017,52,train
-10.763624,8.724163,6.834714,16.13414,06 Duarte,2018,1,train
-10.90678,8.402864,5.328938,17.05172,06 Duarte,2018,2,train
-9.609416,-1.8192139,10.0165825,14.085132,06 Duarte,2018,3,train
-10.021501,-3.5026875,8.851453,13.572834,06 Duarte,2018,4,train
-5.451964,-11.309099,-1.584139,12.023154,06 Duarte,2018,5,train
-4.4981318,-11.656407,-4.348511,10.476799,06 Duarte,2018,6,train
-4.6815515,-12.249339,-6.0486317,10.111094,06 Duarte,2018,7,train
-5.8657207,-12.693585,-6.5194383,9.583815,06 Duarte,2018,8,train
-11.8703985,-16.021885,-6.777117,9.292863,06 Duarte,2018,9,train
-10.981929,-14.694016,-10.026667,4.184231,06 Duarte,2018,10,train
-7.7466063,-12.591113,-10.636881,0.011039286,06 Duarte,2018,11,train
-6.8436885,-12.169513,-12.796539,-1.0166348,06 Duarte,2018,12,train
-6.318409,-13.251556,-14.402998,0.6388856,06 Duarte,2018,13,train
-6.200803,-12.0953665,-12.676242,-4.8243756,06 Duarte,2018,14,train
-4.884469,-10.921014,-13.344831,-5.5580664,06 Duarte,2018,15,train
-4.228995,-10.675405,-13.378841,-6.389353,06 Duarte,2018,16,train
-4.5821013,-9.361816,-12.630759,-9.258775,06 Duarte,2018,17,train
-2.9707823,-9.085013,-12.09813,-8.477653,06 Duarte,2018,18,train
-2.2562919,-3.964802,-16.254192,-7.6087046,06 Duarte,2018,19,train
-0.57115877,-3.9779873,-15.363189,-6.4554315,06 Duarte,2018,20,train
-2.836984,-0.9411224,-14.937588,-10.26482,06 Duarte,2018,21,train
-1.0046593,-0.32337517,-13.220072,-9.648094,06 Duarte,2018,22,train
-1.8609285,2.6594224,-12.395822,-11.35659,06 Duarte,2018,23,train
-1.2690543,4.0079885,-11.778126,-11.321265,06 Duarte,2018,24,train
1.2478817,3.4089713,-10.813528,-9.246116,06 Duarte,2018,25,train
0.9799617,5.405497,-10.119355,-9.79843,06 Duarte,2018,26,train
-6.6643524,17.425251,7.3148904,-5.5534277,06 Duarte,2018,27,train
-6.3338485,17.318045,8.451687,-4.2023125,06 Duarte,2018,28,train
-4.170403,16.742947,8.243977,-3.1393921,06 Duarte,2018,29,train
-6.4175262,17.709204,7.8655295,-5.107622,06 Duarte,2018,30,train
-4.913783,17.094963,8.062243,-3.984532,06 Duarte,2018,31,train
-6.1346526,17.120691,9.415238,-4.6856294,06 Duarte,2018,32,train
-4.328254,16.318285,10.277288,-2.5918155,06 Duarte,2018,33,train
-5.244605,16.52989,9.116605,-4.310344,06 Duarte,2018,34,train
14.361369,1.6862787,-9.382269,0.85572004,06 Duarte,2018,35,train
7.90856,12.853036,4.6034255,1.2061228,06 Duarte,2018,36,train
7.448494,12.401068,5.359015,1.8856424,06 Duarte,2018,37,train
7.747014,12.039658,5.2419066,1.9680024,06 Duarte,2018,38,train
7.809629,12.099863,6.02005,2.598048,06 Duarte,2018,39,train
6.526986,11.896523,7.76018,5.0478935,06 Duarte,2018,40,train
8.025642,10.5518675,7.0377126,5.5170865,06 Duarte,2018,41,train
6.2887363,9.662765,8.163884,5.80787,06 Duarte,2018,42,train
9.625928,7.4527936,6.5033574,6.545707,06 Duarte,2018,43,train
9.580828,6.4367237,7.196816,7.7696705,06 Duarte,2018,44,train
5.882517,6.66967,9.755462,7.7506304,06 Duarte,2018,45,train
6.8698635,5.2184954,9.2482815,8.295382,06 Duarte,2018,46,train
9.592226,3.2701566,8.105919,9.334381,06 Duarte,2018,47,train
9.197105,2.2418344,8.424812,9.782771,06 Duarte,2018,48,train
8.059602,1.585719,9.167181,10.496848,06 Duarte,2018,49,train
2.6905468,-5.953586,9.565484,10.53428,06 Duarte,2018,50,train
3.3949978,-7.6441746,8.928632,11.056378,06 Duarte,2018,51,train
-9.127595,-1.8080732,15.948848,6.7863207,06 Duarte,2018,52,train
-11.371674,-4.802239,15.816022,5.097586,06 Duarte,2019,1,train
-11.76261,-6.8088517,15.74532,5.63517,06 Duarte,2019,2,train
-13.110325,-9.303848,14.465643,5.0701838,06 Duarte,2019,3,train
-12.8122835,-10.330273,13.05271,4.401997,06 Duarte,2019,4,train
-4.181261,-14.942872,3.5513217,5.30098,06 Duarte,2019,5,train
-3.9505548,-17.61385,5.3647532,2.0367312,06 Duarte,2019,6,train
-3.0610209,-16.874517,3.623844,0.61994326,06 Duarte,2019,7,train
-6.434515,-18.047432,3.1910994,-0.91427016,06 Duarte,2019,8,train
-6.2245846,-18.51112,2.2391613,-2.2455673,06 Duarte,2019,9,train
-8.150114,-17.559877,-2.8881695,-1.450868,06 Duarte,2019,10,train
-6.8676305,-17.595375,-5.168288,-2.3266098,06 Duarte,2019,11,train
-10.448704,-18.100082,-5.2223487,-8.47227,06 Duarte,2019,12,train
8.441095,-13.345756,-8.499112,-2.0778983,06 Duarte,2019,13,train
-3.3914685,-13.184718,-9.494275,-5.744899,06 Duarte,2019,14,train
-6.197262,-13.958549,-9.347577,-8.819684,06 Duarte,2019,15,train
-5.8865557,-13.192754,-9.313596,-10.55205,06 Duarte,2019,16,train
-5.1316876,-12.762918,-8.818808,-11.34216,06 Duarte,2019,17,train
-5.2358704,-1.5238105,-17.762178,-3.302389,06 Duarte,2019,18,train
-4.307023,1.1417017,-16.866879,-4.2324758,06 Duarte,2019,19,train
-4.74839,4.168677,-14.850444,-5.42789,06 Duarte,2019,20,train
-1.7260048,2.43094,-15.883736,-1.4093547,06 Duarte,2019,21,train
-0.6987098,3.0687292,-15.2249155,-2.0915112,06 Duarte,2019,22,train
-0.22069536,5.7723236,-13.614681,-2.3914552,06 Duarte,2019,23,train
-0.9425896,8.060742,-11.946478,-5.4529986,06 Duarte,2019,24,train
-0.9178105,10.407583,-10.540993,-6.013726,06 Duarte,2019,25,train
1.2706637,9.467286,-10.154319,-5.0370893,06 Duarte,2019,26,train
-5.274827,15.121703,8.356102,-11.800676,06 Duarte,2019,27,train
-2.8601556,13.654703,9.632652,-9.798335,06 Duarte,2019,28,train
-1.2134869,12.267572,10.841154,-8.283057,06 Duarte,2019,29,train
-1.4533753,11.915094,10.124322,-13.280725,06 Duarte,2019,30,train
-0.25464347,10.977985,12.3608675,-9.036415,06 Duarte,2019,31,train
0.098322645,10.645772,9.426814,-11.5863285,06 Duarte,2019,32,train
-0.334839,11.004401,9.613537,-10.488391,06 Duarte,2019,33,train
-0.57398134,11.302133,10.728561,-9.681583,06 Duarte,2019,34,train
9.27492,10.367036,2.2346046,-7.48908,06 Duarte,2019,35,train
11.0943775,9.267915,4.3986917,-5.2831087,06 Duarte,2019,36,train
11.33606,9.060108,5.6705422,-4.3720756,06 Duarte,2019,37,train
17.476421,-1.0333048,-4.8571935,-1.9322959,06 Duarte,2019,38,train
18.10851,-2.1353164,-5.4928207,-0.9605337,06 Duarte,2019,39,train
11.1388645,7.970013,6.426513,1.9739958,06 Duarte,2019,40,train
11.111359,6.925056,6.950507,2.5865266,06 Duarte,2019,41,train
12.216292,5.970021,6.226425,3.749659,06 Duarte,2019,42,train
7.910744,6.982943,10.039617,4.188366,06 Duarte,2019,43,train
7.998193,5.5401797,9.846951,5.0214205,06 Duarte,2019,44,train
10.05901,4.1594925,8.871751,5.806334,06 Duarte,2019,45,train
9.357647,3.6673374,9.442067,6.196527,06 Duarte,2019,46,train
12.960305,0.1549554,8.739978,7.2573376,06 Duarte,2019,47,train
12.644263,-0.51467913,8.45386,7.1119833,06 Duarte,2019,48,train
4.5218325,-5.9413795,11.8803835,4.771943,06 Duarte,2019,49,train
3.0115197,-4.296905,13.831407,4.83902,06 Duarte,2019,50,train
3.2802355,-6.627143,11.423449,5.8653526,06 Duarte,2019,51,train
-7.703362,-2.8554387,17.432116,1.7568325,06 Duarte,2019,52,train
-7.827553,-3.5256755,15.593231,3.7133234,06 Duarte,2020,1,val
-8.475089,-4.608972,15.752804,3.558974,06 Duarte,2020,2,val
-7.2301083,-5.8832173,14.94362,4.208793,06 Duarte,2020,3,val
-8.282891,-7.576554,13.983972,2.7586408,06 Duarte,2020,4,val
-3.3271673,-14.5563345,4.446786,3.2867432,06 Duarte,2020,5,val
-1.9916482,-14.773808,3.574449,1.2990881,06 Duarte,2020,6,val
-0.88205326,-14.61314,0.9917526,0.32210803,06 Duarte,2020,7,val
-2.9428113,-15.700453,1.2146165,-0.25156847,06 Duarte,2020,8,val
-4.600507,-17.092346,0.7080495,-2.0691228,06 Duarte,2020,9,val
-1.3696299,-16.95464,-0.51695603,-4.380342,06 Duarte,2020,10,val
0.07034969,-16.797438,-3.4296546,-3.846131,06 Duarte,2020,11,val
-2.12503,-17.644566,-4.4657784,-4.598344,06 Duarte,2020,12,val
-3.5298457,-17.371859,-4.008592,-8.913287,06 Duarte,2020,13,val
-5.1573725,-16.414442,-6.095826,-10.418778,06 Duarte,2020,14,val
-2.864442,-13.305888,-4.616208,-13.371602,06 Duarte,2020,15,val
-1.4115115,-12.854025,-6.094699,-12.005572,06 Duarte,2020,16,val
-4.4084992,-12.713459,-4.2163725,-16.338602,06 Duarte,2020,17,val
-8.684393,4.7411523,-17.451967,-2.5328314,06 Duarte,2020,18,val
-6.298532,3.9988291,-15.932093,0.006266085,06 Duarte,2020,19,val
-6.1793923,5.5721145,-16.0782,-0.8071578,06 Duarte,2020,20,val
-4.8579903,6.915871,-14.5764475,0.21881899,06 Duarte,2020,21,val
-5.214589,8.976716,-15.204784,-0.43268892,06 Duarte,2020,22,val
-3.9036705,10.739295,-13.499676,-1.5627638,06 Duarte,2020,23,val
-3.2211645,11.697841,-12.703747,-1.3530679,06 Duarte,2020,24,val
-2.7885559,13.088014,-11.535656,-2.1469455,06 Duarte,2020,25,val
-1.0898985,13.636339,-10.754799,-0.4802643,06 Duarte,2020,26,val
-7.8590655,19.504473,1.5800226,0.63820976,06 Duarte,2020,27,val
-6.4083686,18.676794,1.9244732,1.205687,06 Duarte,2020,28,val
-7.340904,19.16595,1.1253132,-0.07176141,06 Duarte,2020,29,val
-6.7060933,19.004255,2.8704104,2.9520254,06 Duarte,2020,30,val
-9.081264,15.778138,14.386494,2.959773,06 Duarte,2020,31,val
-6.31508,18.775627,-1.152748,1.1843859,06 Duarte,2020,32,val
-6.20401,18.54893,0.31955287,3.6816072,06 Duarte,2020,33,val
-9.886989,16.230118,13.154734,3.7903242,06 Duarte,2020,34,val
2.3456228,16.604883,-3.801841,5.7235208,06 Duarte,2020,35,val
0.6455474,17.169043,-1.4411497,9.349498,06 Duarte,2020,36,val
3.3268743,16.167646,-3.2718933,6.8566303,06 Duarte,2020,37,val
3.4367101,15.5038595,-1.7660061,7.5572953,06 Duarte,2020,38,val
5.645537,14.510795,-2.731639,8.17415,06 Duarte,2020,39,val
8.647541,4.3807178,-12.731578,10.603656,06 Duarte,2020,40,val
4.35308,12.54701,-0.43922955,12.53952,06 Duarte,2020,41,val
3.7566562,11.6969385,1.178332,12.532682,06 Duarte,2020,42,val
6.5718546,8.884415,0.56474555,12.64451,06 Duarte,2020,43,val
1.4831723,9.995646,3.0994081,14.722646,06 Duarte,2020,44,val
-1.9401478,9.536795,4.2534847,16.16229,06 Duarte,2020,45,val
-2.5263734,8.137132,4.9458437,16.629519,06 Duarte,2020,46,val
-1.3362517,6.555566,4.6859756,16.89195,06 Duarte,2020,47,val
1.4828122,4.063471,3.156933,18.100204,06 Duarte,2020,48,val
2.2005699,2.4196262,1.3963065,18.227499,06 Duarte,2020,49,val
-3.8038404,-4.9058332,5.273089,16.88677,06 Duarte,2020,50,val
-5.02155,-3.9521654,6.4157996,16.434286,06 Duarte,2020,51,val
-10.69005,-0.62337375,10.652655,14.316571,06 Duarte,2020,52,val
-15.011698,-2.1041167,9.697638,13.985841,06 Duarte,2021,1,val
-14.30196,-3.1156554,8.908121,12.228636,06 Duarte,2021,2,val
-11.344765,-3.3016484,8.406078,13.616791,06 Duarte,2021,3,val
-14.970352,-4.4760046,7.199546,14.025544,06 Duarte,2021,4,val
-6.2999744,-9.730397,-2.1606731,12.544183,06 Duarte,2021,5,val
-7.9123445,-10.605157,-3.3266768,11.31456,06 Duarte,2021,6,val
-8.095875,-11.289607,-4.6566863,9.677235,06 Duarte,2021,7,val
-9.005428,-11.876268,-7.4381514,10.105083,06 Duarte,2021,8,val
-11.3015785,-12.094424,-7.9671435,6.8973794,06 Duarte,2021,9,val
-5.2582,-11.896417,-11.573899,7.9460616,06 Duarte,2021,10,val
-9.460346,-13.33946,-11.578854,4.864369,06 Duarte,2021,11,val
-6.015164,-11.457586,-13.24962,1.8466179,06 Duarte,2021,12,val
-9.02073,-11.634364,-14.008346,-1.1760423,06 Duarte,2021,13,val
-5.0121245,-11.890581,-14.07353,1.3193434,06 Duarte,2021,14,val
-11.195057,-12.632933,-13.510086,-6.7592106,06 Duarte,2021,15,val
-5.374811,-10.173412,-12.242049,-8.3628845,06 Duarte,2021,16,val
-3.4071283,-10.168937,-13.030943,-6.089439,06 Duarte,2021,17,val
-7.150047,0.38836926,-18.167452,-0.6359779,06 Duarte,2021,18,val
-5.5533504,1.1052728,-16.795359,-1.0794216,06 Duarte,2021,19,val
-6.7686014,2.6343296,-18.163195,1.3064595,06 Duarte,2021,20,val
-2.064486,1.7449512,-16.296835,1.118075,06 Duarte,2021,21,val
-0.3028194,1.5033418,-16.303383,2.2218206,06 Duarte,2021,22,val
7.4983926,-3.0191674,-13.319912,-1.382891,06 Duarte,2021,23,val
0.15766206,5.9296007,-12.34111,-1.8380357,06 Duarte,2021,24,val
1.010609,6.3351994,-14.079344,1.9228158,06 Duarte,2021,25,val
0.2773199,9.026205,-11.95172,-0.6406216,06 Duarte,2021,26,val
-6.6668134,18.590036,2.6423545,2.9381328,06 Duarte,2021,27,val
-6.344782,18.637691,3.423882,5.578827,06 Duarte,2021,28,val
-7.472244,19.445824,1.6634593,1.8595282,06 Duarte,2021,29,val
-5.7792788,18.620737,2.1885066,3.1016643,06 Duarte,2021,30,val
-5.553786,18.690159,2.1109865,3.4966838,06 Duarte,2021,31,val
-9.773318,16.78458,15.49732,4.0619445,06 Duarte,2021,32,val
-6.2491813,18.266464,4.914429,4.780817,06 Duarte,2021,33,val
-5.8160524,17.483446,3.1912327,-0.47875214,06 Duarte,2021,34,val
5.1856427,15.1705265,-3.25382,1.7605206,06 Duarte,2021,35,val
3.7308517,16.22903,-4.9233446,5.321839,06 Duarte,2021,36,val
1.3414165,16.866438,-1.4386702,9.613257,06 Duarte,2021,37,val
2.0838,16.072697,-1.2921283,9.062369,06 Duarte,2021,38,val
3.206533,15.683428,-1.4817882,10.876925,06 Duarte,2021,39,val
5.114416,13.1388855,-0.8768847,10.365148,06 Duarte,2021,40,val
1.5835152,13.901734,1.0040656,12.368391,06 Duarte,2021,41,val
5.4547567,10.938295,0.5852047,12.629303,06 Duarte,2021,42,val
8.056837,7.8977175,0.3209845,12.131696,06 Duarte,2021,43,val
5.5260777,8.340266,2.0114427,13.2639265,06 Duarte,2021,44,val
7.3491974,5.9137836,2.0031927,12.681333,06 Duarte,2021,45,val
6.069654,5.4437323,2.8000093,13.407328,06 Duarte,2021,46,val
4.5223994,4.563584,1.9789723,16.651077,06 Duarte,2021,47,val
-1.1093386,-4.745422,5.265696,14.662514,06 Duarte,2021,48,val
-2.0134642,-4.82916,5.5891614,15.265142,06 Duarte,2021,49,val
-3.082234,-5.064799,6.1286364,16.85067,06 Duarte,2021,50,val
-2.6064904,-5.810648,5.6316657,15.884921,06 Duarte,2021,51,val
-14.874526,-1.9103744,11.289328,11.08771,06 Duarte,2021,52,val
-17.793806,-4.1734414,10.153247,-3.1756659,07 Elías Piña,2015,1,train
-19.034697,-5.9361296,10.357926,-3.5954306,07 Elías Piña,2015,2,train
-15.496674,-6.566817,9.287818,-3.1160858,07 Elías Piña,2015,3,train
-14.19776,-7.600708,8.6381645,-2.3822782,07 Elías Piña,2015,4,train
-5.172995,-11.583385,4.399279,1.51983,07 Elías Piña,2015,5,train
-10.37588,-11.434061,3.151055,1.0243269,07 Elías Piña,2015,6,train
-7.42026,-11.044697,1.9748219,1.3315626,07 Elías Piña,2015,7,train
-10.383223,-11.276966,1.5028664,-0.7852929,07 Elías Piña,2015,8,train
-12.905801,-12.000577,1.3552054,-2.968017,07 Elías Piña,2015,9,train
-16.33894,-13.324574,2.066006,-5.433633,07 Elías Piña,2015,10,train
-15.450558,-12.1033745,1.1575372,-6.595355,07 Elías Piña,2015,11,train
-8.131564,-10.502851,-0.50906956,-4.6579204,07 Elías Piña,2015,12,train
-10.483662,-10.682759,-0.022689058,-7.660728,07 Elías Piña,2015,13,train
-8.460404,-10.145652,-3.3823457,-4.8888273,07 Elías Piña,2015,14,train
-12.84747,-8.841096,-2.2967057,-8.977087,07 Elías Piña,2015,15,train
-13.77092,-7.937688,-2.2863033,-11.208299,07 Elías Piña,2015,16,train
-10.789186,-5.4417176,-2.3587,-10.232759,07 Elías Piña,2015,17,train
-16.051556,-6.431428,-2.1665812,-14.650721,07 Elías Piña,2015,18,train
-12.7427845,-9.136298,0.6112363,-14.413103,07 Elías Piña,2015,19,train
-10.166557,-7.829501,1.0137107,-13.309733,07 Elías Piña,2015,20,train
-4.5691133,-7.569541,1.4956061,-12.187675,07 Elías Piña,2015,21,train
-1.4081256,-7.4469595,0.3412938,-10.038658,07 Elías Piña,2015,22,train
-3.2449944,-4.6759944,0.08676725,-11.7961445,07 Elías Piña,2015,23,train
-6.012719,-4.6425056,1.1048901,-15.755693,07 Elías Piña,2015,24,train
-6.517582,7.491862,-7.0179596,-9.850645,07 Elías Piña,2015,25,train
-5.56394,7.773038,-6.435358,-9.724352,07 Elías Piña,2015,26,train
-15.876616,11.276362,4.438389,-14.614097,07 Elías Piña,2015,27,train
-13.932021,10.638322,4.7891974,-12.68954,07 Elías Piña,2015,28,train
-13.8165655,10.4586115,5.352862,-12.576917,07 Elías Piña,2015,29,train
-12.66898,9.49211,3.9069014,-12.883697,07 Elías Piña,2015,30,train
-16.232422,10.558963,3.8057797,-15.950541,07 Elías Piña,2015,31,train
-13.69094,9.217389,4.673506,-13.675386,07 Elías Piña,2015,32,train
-13.4441395,8.568483,4.077711,-13.40447,07 Elías Piña,2015,33,train
-11.613331,8.864611,5.721478,-12.427228,07 Elías Piña,2015,34,train
9.354557,6.3072977,-0.404889,-1.9666828,07 Elías Piña,2015,35,train
11.106516,5.278393,1.4572026,-2.0976253,07 Elías Piña,2015,36,train
10.577639,4.968788,0.67176926,-1.628029,07 Elías Piña,2015,37,train
11.785889,4.1422734,2.2713995,-1.4893818,07 Elías Piña,2015,38,train
10.772363,3.401159,3.562185,-1.4999676,07 Elías Piña,2015,39,train
12.551402,0.95191187,4.146856,-1.4333632,07 Elías Piña,2015,40,train
13.709449,0.42440498,3.7043478,-0.9588246,07 Elías Piña,2015,41,train
14.182245,-1.2260858,4.9660945,-1.9124345,07 Elías Piña,2015,42,train
11.950311,-1.7215953,7.8255143,-1.1786731,07 Elías Piña,2015,43,train
11.307977,-1.8879262,7.1567664,-0.9460538,07 Elías Piña,2015,44,train
10.228342,-1.2072119,4.5805335,2.029278,07 Elías Piña,2015,45,train
11.855708,-1.9442103,4.812377,2.564942,07 Elías Piña,2015,46,train
13.290987,-2.756451,4.5411453,4.119571,07 Elías Piña,2015,47,train
7.8257627,-7.7856255,6.4833145,2.5579777,07 Elías Piña,2015,48,train
5.5563517,-6.6726065,6.1533623,2.8581052,07 Elías Piña,2015,49,train
6.4159527,-7.794511,6.139199,3.7567723,07 Elías Piña,2015,50,train
5.440901,-7.66691,5.761248,4.0617948,07 Elías Piña,2015,51,train
-15.43825,-2.8321896,11.797285,-4.8258963,07 Elías Piña,2015,52,train
-13.613917,-6.848095,12.852142,-8.454361,07 Elías Piña,2016,1,train
-14.80475,-8.311942,12.243746,-9.0209255,07 Elías Piña,2016,2,train
-11.709119,-8.576895,11.248191,-7.6935334,07 Elías Piña,2016,3,train
-11.899207,-9.571106,11.005387,-7.4439545,07 Elías Piña,2016,4,train
-8.717142,-15.419814,7.4124475,-5.143653,07 Elías Piña,2016,5,train
-6.488952,-13.135579,6.1667533,-4.6559453,07 Elías Piña,2016,6,train
-8.586313,-14.626307,6.3981905,-5.107253,07 Elías Piña,2016,7,train
-9.560658,-14.6077585,5.8702345,-7.1569233,07 Elías Piña,2016,8,train
-3.2185018,-13.314303,4.17135,-5.5342097,07 Elías Piña,2016,9,train
-13.649234,-15.474494,1.523917,-4.219159,07 Elías Piña,2016,10,train
-10.336353,-11.901884,0.9868219,-6.858031,07 Elías Piña,2016,11,train
-13.135365,-11.768505,0.7020445,-9.563184,07 Elías Piña,2016,12,train
-11.366889,-9.932914,0.7288174,-10.2426,07 Elías Piña,2016,13,train
-5.9788866,-10.097934,1.4329919,-8.918561,07 Elías Piña,2016,14,train
-7.9850664,-11.484593,1.5882763,-10.210989,07 Elías Piña,2016,15,train
-4.658815,-10.40805,1.274514,-8.961812,07 Elías Piña,2016,16,train
2.0588455,-10.303482,0.3412534,-8.521763,07 Elías Piña,2016,17,train
0.06640999,-9.976905,0.14184776,-7.5801406,07 Elías Piña,2016,18,train
-0.52510023,-7.699381,-2.6870575,-7.7384663,07 Elías Piña,2016,19,train
-3.724783,-6.420102,-0.94982046,-10.822764,07 Elías Piña,2016,20,train
4.9918857,-6.486971,-3.9856026,-3.2267628,07 Elías Piña,2016,21,train
1.2821436,-6.206752,-1.0073748,-9.820263,07 Elías Piña,2016,22,train
-6.6283007,7.2868376,-9.447384,0.2732641,07 Elías Piña,2016,23,train
-8.603368,9.343801,-9.05581,-1.8429892,07 Elías Piña,2016,24,train
-6.0714192,9.763401,-9.82455,1.4888039,07 Elías Piña,2016,25,train
-5.568579,10.337173,-8.634228,1.2153252,07 Elías Piña,2016,26,train
-13.69816,13.968478,1.7234879,-3.1250362,07 Elías Piña,2016,27,train
-13.378473,13.349192,1.0584652,-4.3487334,07 Elías Piña,2016,28,train
-13.108996,12.722524,0.1881633,-5.220938,07 Elías Piña,2016,29,train
-12.997804,13.512014,2.7687676,-1.9910706,07 Elías Piña,2016,30,train
-12.638463,13.151707,2.399052,-2.984609,07 Elías Piña,2016,31,train
-12.6234665,13.794751,0.47039104,-0.31738928,07 Elías Piña,2016,32,train
-15.589436,14.4756775,-0.89940643,-5.568499,07 Elías Piña,2016,33,train
-12.774856,13.979343,2.60106,1.982694,07 Elías Piña,2016,34,train
6.5672956,10.191487,-4.0514584,3.7768197,07 Elías Piña,2016,35,train
5.4942174,9.874433,-4.189094,4.790157,07 Elías Piña,2016,36,train
5.358209,9.114534,-3.663017,4.536719,07 Elías Piña,2016,37,train
5.571337,8.782333,-3.3930671,5.519787,07 Elías Piña,2016,38,train
6.4888334,7.771515,-2.8264186,5.538974,07 Elías Piña,2016,39,train
1.3490217,7.787917,-1.2346895,7.951953,07 Elías Piña,2016,40,train
1.9691365,7.529042,-0.98583424,8.147626,07 Elías Piña,2016,41,train
-0.43539533,7.323271,-0.3101227,9.974297,07 Elías Piña,2016,42,train
0.6848076,6.165485,-0.005132825,9.604218,07 Elías Piña,2016,43,train
1.8112383,4.5297256,-0.13372369,11.519622,07 Elías Piña,2016,44,train
-0.53469765,4.3696113,1.8205128,9.79932,07 Elías Piña,2016,45,train
-2.230008,4.0049396,1.4638374,11.901821,07 Elías Piña,2016,46,train
-0.73693687,1.9555894,0.5389201,13.01818,07 Elías Piña,2016,47,train
0.9493087,1.5683683,-1.2353957,15.211844,07 Elías Piña,2016,48,train
3.6884649,0.5324534,-0.09703054,12.72657,07 Elías Piña,2016,49,train
0.6809193,-5.4246826,2.4669707,10.714641,07 Elías Piña,2016,50,train
1.0233537,-5.8671494,2.4096107,10.1592245,07 Elías Piña,2016,51,train
-17.587008,-0.66303355,8.979244,2.682884,07 Elías Piña,2016,52,train
-19.136305,-1.9711757,8.064485,1.0945497,07 Elías Piña,2017,1,train
-19.492928,-2.8007565,7.271815,6.665392,07 Elías Piña,2017,2,train
-24.211239,-5.6415825,6.8391223,5.412523,07 Elías Piña,2017,3,train
-22.222244,-5.7639403,6.185698,3.5686486,07 Elías Piña,2017,4,train
-14.012867,-8.694577,1.2610787,4.180664,07 Elías Piña,2017,5,train
-11.370306,-8.298725,1.108023,3.5051534,07 Elías Piña,2017,6,train
-11.726205,-8.961132,0.038890604,4.3607054,07 Elías Piña,2017,7,train
-13.557068,-9.179338,-0.4776913,3.0848932,07 Elías Piña,2017,8,train
-17.749903,-8.9156885,-0.020269396,-1.0082431,07 Elías Piña,2017,9,train
-16.389149,-9.1061945,-3.4868124,0.03942859,07 Elías Piña,2017,10,train
-13.705139,-7.72382,-3.7183988,-1.670199,07 Elías Piña,2017,11,train
4.5933037,-9.004486,-8.166515,0.67054814,07 Elías Piña,2017,12,train
-12.279999,-7.952741,-7.937724,-1.4427197,07 Elías Piña,2017,13,train
-10.468765,-8.930925,-2.0255244,-8.516004,07 Elías Piña,2017,14,train
-10.186026,-9.939248,-4.4361205,-5.26071,07 Elías Piña,2017,15,train
6.0939612,-9.007695,-5.91293,-3.7723243,07 Elías Piña,2017,16,train
4.27229,-7.6258297,-5.8692737,-2.115055,07 Elías Piña,2017,17,train
5.088292,-7.9859457,-6.435702,-2.0786555,07 Elías Piña,2017,18,train
-2.9953024,-8.46234,-3.9933681,-8.322266,07 Elías Piña,2017,19,train
-2.0749807,-6.9530377,-1.0896834,-9.246414,07 Elías Piña,2017,20,train
-5.675566,-6.3758974,0.25991458,-13.945752,07 Elías Piña,2017,21,train
-4.770043,-6.2483406,0.7921261,-14.752157,07 Elías Piña,2017,22,train
-10.06678,8.991798,-9.370721,-3.7420256,07 Elías Piña,2017,23,train
-8.512128,9.138434,-9.288426,-1.936322,07 Elías Piña,2017,24,train
-7.910036,9.379937,-8.169442,-3.2433493,07 Elías Piña,2017,25,train
-7.2620726,9.785122,-7.2901006,-4.351911,07 Elías Piña,2017,26,train
-14.377751,12.99053,-1.2177861,-5.293036,07 Elías Piña,2017,27,train
-12.637078,13.943934,0.45597422,0.60726726,07 Elías Piña,2017,28,train
-15.148721,13.822631,-1.6893812,-5.3185887,07 Elías Piña,2017,29,train
-13.404929,13.836295,-0.73975986,-2.2870867,07 Elías Piña,2017,30,train
-13.007539,12.570207,-0.9347263,-3.8679988,07 Elías Piña,2017,31,train
-13.558448,13.516317,-0.7174267,-3.0527756,07 Elías Piña,2017,32,train
-14.647425,13.11516,-1.4510332,-5.9361243,07 Elías Piña,2017,33,train
-12.814067,12.415781,-0.72418004,-3.3001094,07 Elías Piña,2017,34,train
6.5100117,9.768673,-3.7736754,2.1441083,07 Elías Piña,2017,35,train
4.936774,8.944745,-3.0691903,5.1631885,07 Elías Piña,2017,36,train
8.178203,3.6232042,-3.913086,3.1895943,07 Elías Piña,2017,37,train
3.8418448,8.210716,-0.9339872,4.9716425,07 Elías Piña,2017,38,train
7.246966,7.126551,-1.9717804,4.9125376,07 Elías Piña,2017,39,train
6.106287,6.3102207,-1.7491901,5.593461,07 Elías Piña,2017,40,train
4.981775,6.4669003,-0.9142198,6.803634,07 Elías Piña,2017,41,train
8.632861,4.7104087,-0.92162037,7.0652623,07 Elías Piña,2017,42,train
9.116448,3.8351603,-0.5031076,7.759488,07 Elías Piña,2017,43,train
7.2742634,3.240477,-0.30695936,7.77558,07 Elías Piña,2017,44,train
2.6705544,3.6813529,-1.5020576,10.949779,07 Elías Piña,2017,45,train
8.796249,-1.6463598,-2.7045953,8.269507,07 Elías Piña,2017,46,train
3.3295407,2.040524,-0.96105933,12.224897,07 Elías Piña,2017,47,train
4.3429193,1.3206975,-0.6695642,12.468481,07 Elías Piña,2017,48,train
0.88535446,-5.277925,2.0314832,10.466473,07 Elías Piña,2017,49,train
1.4233661,-5.542508,2.2039464,10.25215,07 Elías Piña,2017,50,train
1.0857998,-5.8707457,2.180148,10.825901,07 Elías Piña,2017,51,train
-18.440718,-0.9241685,8.198862,1.8863431,07 Elías Piña,2017,52,train
-15.006466,6.1192837,14.768839,3.8612947,07 Elías Piña,2018,1,train
-14.94119,-1.2080812,6.8864293,5.3541865,07 Elías Piña,2018,2,train
-14.819298,-2.3275385,5.923773,5.096252,07 Elías Piña,2018,3,train
-15.539999,-2.9477022,5.0763736,3.517831,07 Elías Piña,2018,4,train
-14.1242285,-7.787714,0.2774489,6.147106,07 Elías Piña,2018,5,train
-14.615379,-9.040006,1.2214568,2.7002602,07 Elías Piña,2018,6,train
-16.780167,-9.719978,0.5887344,2.5312304,07 Elías Piña,2018,7,train
-18.325415,-9.693154,-0.025744388,1.762654,07 Elías Piña,2018,8,train
-17.407486,-10.104552,-2.0271275,3.1930633,07 Elías Piña,2018,9,train
-20.254635,-9.034505,-3.523564,-0.21982472,07 Elías Piña,2018,10,train
-17.41129,-7.8208356,-5.208765,-2.5551877,07 Elías Piña,2018,11,train
-14.662257,-7.37959,-5.9072895,-2.0515785,07 Elías Piña,2018,12,train
-17.188547,-8.753952,-7.5731235,-2.5084617,07 Elías Piña,2018,13,train
-8.982257,-7.634769,-7.8575954,-2.5416162,07 Elías Piña,2018,14,train
-13.196204,-7.09374,-6.0973706,-6.3535,07 Elías Piña,2018,15,train
-13.790794,-5.705491,-5.660833,-8.582645,07 Elías Piña,2018,16,train
-9.628067,-5.736071,-6.74303,-6.343814,07 Elías Piña,2018,17,train
-10.232248,-5.3000836,-5.9504514,-7.345634,07 Elías Piña,2018,18,train
-8.966575,-3.4869373,-5.6067343,-9.958195,07 Elías Piña,2018,19,train
-9.453434,-2.7336357,-4.9688354,-10.583719,07 Elías Piña,2018,20,train
-11.025289,-1.6193877,-4.3691053,-12.971333,07 Elías Piña,2018,21,train
-9.869411,-1.1282208,-4.0601907,-13.3349285,07 Elías Piña,2018,22,train
-12.222623,-0.5998515,-3.4756913,-16.148756,07 Elías Piña,2018,23,train
-9.282769,4.743424,-6.4806094,-12.265805,07 Elías Piña,2018,24,train
-6.325392,4.4980354,-6.6503987,-10.957445,07 Elías Piña,2018,25,train
-8.243485,6.825808,-6.08494,-12.429493,07 Elías Piña,2018,26,train
-15.99172,11.824749,1.1935914,-12.849494,07 Elías Piña,2018,27,train
-14.938843,11.701518,1.6179037,-11.834824,07 Elías Piña,2018,28,train
-13.990328,11.678536,1.2985818,-11.552775,07 Elías Piña,2018,29,train
-14.184453,12.093583,3.002234,-10.402041,07 Elías Piña,2018,30,train
-14.518765,12.053209,1.8955642,-11.392925,07 Elías Piña,2018,31,train
-16.14397,12.450651,3.726629,-12.064523,07 Elías Piña,2018,32,train
-13.568351,11.952586,4.1103506,-10.106093,07 Elías Piña,2018,33,train
-12.489847,11.661923,5.611305,-8.372766,07 Elías Piña,2018,34,train
8.706972,8.27823,-1.7095834,0.21193439,07 Elías Piña,2018,35,train
9.706134,7.716987,-1.2073606,0.22943534,07 Elías Piña,2018,36,train
9.687427,7.0204453,-0.57352585,0.89852977,07 Elías Piña,2018,37,train
11.051926,6.768321,-0.644932,1.7031066,07 Elías Piña,2018,38,train
11.056189,6.4244924,-0.45678812,2.0112433,07 Elías Piña,2018,39,train
8.504588,6.000613,1.63583,3.7499576,07 Elías Piña,2018,40,train
7.6690145,5.7932444,2.3895438,3.8510818,07 Elías Piña,2018,41,train
10.386163,3.828251,1.6774969,4.777416,07 Elías Piña,2018,42,train
11.114542,2.8446357,1.2967564,5.234906,07 Elías Piña,2018,43,train
12.1351385,2.119772,1.6582576,6.335798,07 Elías Piña,2018,44,train
10.276062,1.198379,2.4846084,5.998839,07 Elías Piña,2018,45,train
9.545445,0.2724304,2.380243,5.7883644,07 Elías Piña,2018,46,train
10.923031,-0.14318942,2.331513,6.493631,07 Elías Piña,2018,47,train
5.5822196,-6.486907,4.290921,6.396764,07 Elías Piña,2018,48,train
5.185005,-6.2895117,3.6960044,7.5595922,07 Elías Piña,2018,49,train
4.967013,-6.6955566,3.9129047,8.030365,07 Elías Piña,2018,50,train
4.4942384,-7.136148,4.0565205,8.1869335,07 Elías Piña,2018,51,train
-19.392956,-1.2814754,10.159331,-2.1634867,07 Elías Piña,2018,52,train
-19.56479,-3.114422,10.133116,-2.856081,07 Elías Piña,2019,1,train
-18.85665,-4.7662525,10.235177,-2.1157918,07 Elías Piña,2019,2,train
-18.2811,-5.958773,8.890721,-2.389079,07 Elías Piña,2019,3,train
-19.476833,-6.6421585,8.234254,-3.1484084,07 Elías Piña,2019,4,train
-11.365641,-11.4969,3.8771122,0.4337697,07 Elías Piña,2019,5,train
-10.420364,-12.917068,4.924246,-1.7323415,07 Elías Piña,2019,6,train
-13.851307,-14.487704,5.3500433,-4.016515,07 Elías Piña,2019,7,train
-17.364866,-14.680463,4.820356,-6.077659,07 Elías Piña,2019,8,train
-14.836785,-13.816237,4.4179077,-6.364093,07 Elías Piña,2019,9,train
-13.772692,-11.070369,1.1931685,-4.6612525,07 Elías Piña,2019,10,train
-14.109864,-11.881075,0.23981479,-5.3674793,07 Elías Piña,2019,11,train
-14.460554,-11.663874,-0.14415641,-8.692517,07 Elías Piña,2019,12,train
6.3112426,-9.46204,-5.3188744,-1.3484374,07 Elías Piña,2019,13,train
-8.314987,-9.577699,-3.9071658,-5.541889,07 Elías Piña,2019,14,train
-11.390588,-8.943567,-2.565976,-8.811903,07 Elías Piña,2019,15,train
-12.548106,-7.874837,-2.3425531,-10.112298,07 Elías Piña,2019,16,train
-8.822519,-9.161485,-3.0504308,-9.056924,07 Elías Piña,2019,17,train
-10.208608,-7.317951,-2.091405,-11.534393,07 Elías Piña,2019,18,train
-7.8746157,-5.778148,-0.6750928,-11.655065,07 Elías Piña,2019,19,train
-11.3956995,5.044813,-10.137258,-6.2631474,07 Elías Piña,2019,20,train
6.5013003,-4.06103,-8.815011,-1.9144069,07 Elías Piña,2019,21,train
7.776961,-4.75383,-9.777137,-1.3099536,07 Elías Piña,2019,22,train
-3.6744776,4.8194885,-9.987132,-1.3882706,07 Elías Piña,2019,23,train
-4.672924,6.309365,-8.459836,-3.9577398,07 Elías Piña,2019,24,train
-7.9170218,8.815565,-6.8762164,-9.819026,07 Elías Piña,2019,25,train
-5.205189,8.281068,-5.4270825,-10.850333,07 Elías Piña,2019,26,train
-10.441541,9.100496,4.912881,-19.288372,07 Elías Piña,2019,27,train
-9.735783,8.5328,2.7242048,-18.19416,07 Elías Piña,2019,28,train
-10.020222,8.564152,1.8616507,-19.30429,07 Elías Piña,2019,29,train
-8.825796,8.110563,1.6005498,-17.651932,07 Elías Piña,2019,30,train
-5.9644675,7.862213,4.8756886,-15.772307,07 Elías Piña,2019,31,train
-5.830265,7.5207114,2.7592645,-17.457457,07 Elías Piña,2019,32,train
-8.2864685,7.886729,1.5015482,-16.367344,07 Elías Piña,2019,33,train
-5.5194044,7.0910535,3.9608667,-14.518311,07 Elías Piña,2019,34,train
9.388282,6.329463,-0.23123899,-4.076958,07 Elías Piña,2019,35,train
10.823441,4.719625,1.0188286,-3.3249683,07 Elías Piña,2019,36,train
12.816626,1.4137869,-0.8381311,-0.4907962,07 Elías Piña,2019,37,train
9.0423765,4.334495,3.7311223,-0.7650856,07 Elías Piña,2019,38,train
12.035622,-2.3605218,-3.4582248,-0.88104856,07 Elías Piña,2019,39,train
14.546837,-1.2537315,-2.5543058,2.3465447,07 Elías Piña,2019,40,train
9.380272,4.159867,3.3557575,2.880714,07 Elías Piña,2019,41,train
9.132429,3.607835,3.447478,3.1428163,07 Elías Piña,2019,42,train
9.642904,2.563669,3.804798,3.6372156,07 Elías Piña,2019,43,train
8.634953,1.6808498,4.217472,3.746215,07 Elías Piña,2019,44,train
11.066045,0.34096372,3.5633678,4.440826,07 Elías Piña,2019,45,train
7.739646,0.69732326,5.305097,4.2280183,07 Elías Piña,2019,46,train
10.075458,-1.2717458,5.254151,5.303086,07 Elías Piña,2019,47,train
12.275501,-2.2759743,4.641285,6.5788956,07 Elías Piña,2019,48,train
7.522768,-0.7795921,5.6185255,5.0915174,07 Elías Piña,2019,49,train
9.637252,-2.104957,4.3213687,6.13215,07 Elías Piña,2019,50,train
8.889847,-2.021443,4.041836,5.8817005,07 Elías Piña,2019,51,train
-14.833428,5.5376854,5.9187765,3.0638876,07 Elías Piña,2019,52,train
-15.673644,5.443025,4.617589,3.81431,07 Elías Piña,2020,1,val
-19.044907,4.8015776,3.7803013,2.8231692,07 Elías Piña,2020,2,val
-16.736996,-5.3366566,8.68441,-2.2862892,07 Elías Piña,2020,3,val
-16.459906,-7.176113,9.340273,-1.8696893,07 Elías Piña,2020,4,val
-10.483183,-10.833619,3.7173486,0.6354144,07 Elías Piña,2020,5,val
-10.755664,-11.305776,3.9107785,-1.2712971,07 Elías Piña,2020,6,val
-15.06722,-12.676715,4.013835,-3.2632017,07 Elías Piña,2020,7,val
-11.304344,-11.436567,2.9813528,-3.4905925,07 Elías Piña,2020,8,val
-9.791124,-10.941124,1.6737859,-3.0482917,07 Elías Piña,2020,9,val
-8.888103,-11.801307,1.9412333,-5.74616,07 Elías Piña,2020,10,val
-11.045702,-13.434634,0.8516095,-5.9041615,07 Elías Piña,2020,11,val
-14.693938,-14.258652,0.9550135,-9.11461,07 Elías Piña,2020,12,val
-11.593978,-12.286451,0.6265807,-11.399493,07 Elías Piña,2020,13,val
-11.551078,-9.63221,-0.81330734,-11.915452,07 Elías Piña,2020,14,val
-11.328361,-9.141511,0.15819727,-14.091323,07 Elías Piña,2020,15,val
-11.996464,-8.159629,-0.33194995,-14.225808,07 Elías Piña,2020,16,val
-11.875717,-8.158279,0.11260715,-15.335617,07 Elías Piña,2020,17,val
-10.194174,-7.333954,0.11144976,-14.636052,07 Elías Piña,2020,18,val
2.7961805,-6.1067815,-3.8568327,-3.6649432,07 Elías Piña,2020,19,val
-7.848579,-6.6404066,-0.4914936,-14.01071,07 Elías Piña,2020,20,val
-5.4329047,-6.3492465,0.12930448,-13.881662,07 Elías Piña,2020,21,val
-5.4524217,-6.183369,0.35808462,-14.816379,07 Elías Piña,2020,22,val
-4.2475863,-6.853974,2.6744432,-16.537802,07 Elías Piña,2020,23,val
-1.4971461,-6.4772525,3.0443087,-16.023464,07 Elías Piña,2020,24,val
-0.28619704,-6.053904,3.3462834,-15.975164,07 Elías Piña,2020,25,val
-4.0314193,-5.229433,3.3848705,-18.725239,07 Elías Piña,2020,26,val
-7.539232,-1.084535,11.932122,-17.860184,07 Elías Piña,2020,27,val
-8.48632,-1.3428828,8.193261,-19.709581,07 Elías Piña,2020,28,val
-8.034856,-1.2284107,8.9300165,-19.855536,07 Elías Piña,2020,29,val
-7.4492903,-0.9820704,9.781627,-18.872591,07 Elías Piña,2020,30,val
-6.6222343,-0.64273417,8.248001,-18.488356,07 Elías Piña,2020,31,val
-9.054328,0.22494203,5.5735416,-19.60967,07 Elías Piña,2020,32,val
-6.453976,0.38666427,4.8045,-17.04817,07 Elías Piña,2020,33,val
-10.439919,4.7171307,12.599392,-9.465295,07 Elías Piña,2020,34,val
1.059891,11.056077,-4.745685,6.7338476,07 Elías Piña,2020,35,val
1.8284398,11.133026,-5.748208,8.523619,07 Elías Piña,2020,36,val
1.5758386,10.389335,-4.5370097,7.9632263,07 Elías Piña,2020,37,val
3.1502767,9.609955,-4.400692,7.582774,07 Elías Piña,2020,38,val
4.495636,8.847018,-4.02666,7.4546638,07 Elías Piña,2020,39,val
4.8638353,7.5817084,-3.626272,9.019864,07 Elías Piña,2020,40,val
5.9993553,6.9637103,-3.1585422,9.414379,07 Elías Piña,2020,41,val
3.7953496,6.4646144,-3.0977046,9.633409,07 Elías Piña,2020,42,val
4.8293896,5.538386,-2.6709135,10.4892025,07 Elías Piña,2020,43,val
5.8561063,3.8562193,-1.58827,9.676113,07 Elías Piña,2020,44,val
2.667911,3.8527932,-2.959109,13.07639,07 Elías Piña,2020,45,val
0.25977036,3.2778988,-1.9898089,13.533116,07 Elías Piña,2020,46,val
0.06944848,2.2932527,-1.6047777,13.557818,07 Elías Piña,2020,47,val
0.1404968,1.3211452,-1.0473902,13.638061,07 Elías Piña,2020,48,val
0.90352964,1.2457483,-2.2102063,14.2915745,07 Elías Piña,2020,49,val
-2.7591655,-4.49293,0.61625946,12.418261,07 Elías Piña,2020,50,val
-2.0490952,-4.974241,0.75810426,12.416568,07 Elías Piña,2020,51,val
-17.096708,-0.08238528,6.454456,6.359359,07 Elías Piña,2020,52,val
-17.302092,-0.4483384,5.7426305,8.820857,07 Elías Piña,2021,1,val
-20.16616,-1.721477,5.481233,6.3717313,07 Elías Piña,2021,2,val
-16.24133,-1.6899625,4.9134793,6.51483,07 Elías Piña,2021,3,val
-19.625734,-3.1211824,4.2898297,6.4527926,07 Elías Piña,2021,4,val
-13.089184,-5.945084,-2.0382261,10.43983,07 Elías Piña,2021,5,val
-14.1677265,-6.4384546,-1.2178218,6.1932707,07 Elías Piña,2021,6,val
-17.684402,-7.035159,-1.6366099,4.7161574,07 Elías Piña,2021,7,val
-18.320625,-7.2958922,-2.8138168,4.788387,07 Elías Piña,2021,8,val
-17.77302,-7.4014006,-4.625694,4.2318964,07 Elías Piña,2021,9,val
-9.84389,-6.8402753,-7.441211,6.289538,07 Elías Piña,2021,10,val
-17.246338,-8.689192,-7.1567316,2.8348417,07 Elías Piña,2021,11,val
1.1757804,-7.820283,-6.9531493,-0.010745159,07 Elías Piña,2021,12,val
-12.71904,-6.9198527,-8.37934,-0.5810533,07 Elías Piña,2021,13,val
-5.8721533,-6.7546887,-9.372933,1.3507769,07 Elías Piña,2021,14,val
-18.549046,-8.372524,-7.813984,-5.595185,07 Elías Piña,2021,15,val
-14.772229,-6.4085555,-6.4602833,-6.689675,07 Elías Piña,2021,16,val
-10.217467,-6.5055046,-8.101003,-3.5877283,07 Elías Piña,2021,17,val
-11.536411,-5.4515185,-5.54468,-8.482966,07 Elías Piña,2021,18,val
-11.233569,-5.024058,-4.160153,-10.574726,07 Elías Piña,2021,19,val
-9.928001,-5.6123867,-4.7706447,-9.416288,07 Elías Piña,2021,20,val
4.000086,-6.167331,-6.0657887,-2.6514635,07 Elías Piña,2021,21,val
-7.049834,3.849466,-10.781757,1.662127,07 Elías Piña,2021,22,val
4.883375,-2.7799664,-8.487695,-1.2064419,07 Elías Piña,2021,23,val
-7.3468413,6.7915864,-8.061511,-2.521911,07 Elías Piña,2021,24,val
-5.608853,7.1654687,-9.291609,0.22827527,07 Elías Piña,2021,25,val
-5.932606,8.143348,-7.341629,-2.1282184,07 Elías Piña,2021,26,val
-15.250631,13.784326,-1.9360061,-6.143089,07 Elías Piña,2021,27,val
-15.481263,14.872588,-0.26623258,-1.5671767,07 Elías Piña,2021,28,val
-13.37279,13.114817,-1.5043428,-3.9341178,07 Elías Piña,2021,29,val
-12.491078,12.966263,-1.4390411,-3.4265182,07 Elías Piña,2021,30,val
-12.351593,12.914819,-1.5513974,-3.8037055,07 Elías Piña,2021,31,val
-12.129996,12.780375,1.4278073,-2.7015707,07 Elías Piña,2021,32,val
-11.714017,11.940858,12.431776,1.039891,07 Elías Piña,2021,33,val
-13.074193,12.839976,1.2195385,-4.6888895,07 Elías Piña,2021,34,val
5.987244,9.466474,-3.532032,0.86864495,07 Elías Piña,2021,35,val
5.2145476,10.8567505,-5.0913725,4.8754063,07 Elías Piña,2021,36,val
3.6388295,9.934986,-5.0102153,6.707828,07 Elías Piña,2021,37,val
3.72818,8.926115,-4.155043,6.425695,07 Elías Piña,2021,38,val
3.4271917,8.886163,-3.7826734,8.054304,07 Elías Piña,2021,39,val
5.3450108,7.3842793,-3.2612221,7.969199,07 Elías Piña,2021,40,val
8.143982,2.2311745,-4.423998,7.5585833,07 Elías Piña,2021,41,val
3.2153883,6.6355867,-2.7479687,10.114093,07 Elías Piña,2021,42,val
6.6694517,4.9775887,-2.0789342,10.808271,07 Elías Piña,2021,43,val
5.345323,4.4381423,-2.0469456,11.202329,07 Elías Piña,2021,44,val
5.492967,3.6468694,-1.8472456,11.450074,07 Elías Piña,2021,45,val
7.4436245,1.9401246,-0.55773443,11.052905,07 Elías Piña,2021,46,val
4.3969226,1.5624048,-1.3304168,13.4369,07 Elías Piña,2021,47,val
0.13669665,-4.7491374,1.5102241,10.945239,07 Elías Piña,2021,48,val
1.0698344,-5.279585,1.6237566,11.907175,07 Elías Piña,2021,49,val
0.86247796,-5.530447,1.6264315,12.850132,07 Elías Piña,2021,50,val
-0.43874156,-5.1977453,1.360925,11.7237835,07 Elías Piña,2021,51,val
-23.345875,-1.086694,7.5926166,5.3265724,07 Elías Piña,2021,52,val
-4.030658,-0.7338436,7.183683,0.96107495,08 El Seibo,2015,1,train
-4.539353,-2.082852,6.7092395,0.8675776,08 El Seibo,2015,2,train
-4.4167085,-3.3070662,7.157397,1.0347847,08 El Seibo,2015,3,train
-5.5915904,-4.794938,6.89538,0.84430474,08 El Seibo,2015,4,train
-1.3793147,-7.4226713,0.8856093,0.96366954,08 El Seibo,2015,5,train
-2.7627432,-6.9328938,-0.010468058,1.2969083,08 El Seibo,2015,6,train
-1.8122908,-6.8200474,-1.1940409,1.0023654,08 El Seibo,2015,7,train
-2.4192884,-6.7141485,-1.3387498,0.4966553,08 El Seibo,2015,8,train
-3.5058138,-5.9409623,-1.4694947,-0.4123793,08 El Seibo,2015,9,train
-3.391411,-5.8111115,-1.3058193,-1.2148552,08 El Seibo,2015,10,train
-3.5352874,-5.6289287,-1.4570147,-1.6630151,08 El Seibo,2015,11,train
-4.280143,-7.4364076,-2.003063,-3.0623934,08 El Seibo,2015,12,train
-4.3958282,-7.051791,-1.9244206,-4.2002144,08 El Seibo,2015,13,train
-4.3587856,-5.800928,-3.1017802,-2.9556284,08 El Seibo,2015,14,train
-3.3951535,-5.0381308,-3.211079,-2.8728008,08 El Seibo,2015,15,train
-3.9668963,-5.1742444,-3.3742952,-4.112065,08 El Seibo,2015,16,train
-4.8971224,-4.906006,-2.9242365,-5.7694726,08 El Seibo,2015,17,train
-4.9959254,-3.805762,-2.3045073,-5.917343,08 El Seibo,2015,18,train
-3.477908,-4.6882105,-0.45740423,-6.1479645,08 El Seibo,2015,19,train
-2.6098278,-4.1053324,-0.62513626,-5.35969,08 El Seibo,2015,20,train
0.19750552,-4.602566,-0.71789676,-6.0576024,08 El Seibo,2015,21,train
0.9519599,-4.7761173,-0.9352977,-6.322187,08 El Seibo,2015,22,train
0.3895394,-3.361084,-0.8351148,-8.001927,08 El Seibo,2015,23,train
0.14979465,-2.684461,0.020551091,-9.046431,08 El Seibo,2015,24,train
1.3952827,-2.4407396,0.16618918,-8.522409,08 El Seibo,2015,25,train
0.35206935,2.403986,-3.937417,-3.2446127,08 El Seibo,2015,26,train
-3.2978907,5.902369,5.167067,-2.8702872,08 El Seibo,2015,27,train
-3.3898094,6.735333,6.4861107,-2.8421257,08 El Seibo,2015,28,train
-3.718173,6.3679523,5.564227,-3.4014006,08 El Seibo,2015,29,train
-3.661447,6.756481,5.594678,-4.0130863,08 El Seibo,2015,30,train
-3.5609484,5.701175,4.1769257,-4.0678053,08 El Seibo,2015,31,train
-3.7814496,5.783486,5.4882045,-4.820681,08 El Seibo,2015,32,train
-4.125619,5.7504673,5.058824,-5.0742135,08 El Seibo,2015,33,train
-3.8900905,5.9559274,6.474463,-5.183827,08 El Seibo,2015,34,train
2.6429057,4.393486,3.2467897,-0.87918985,08 El Seibo,2015,35,train
4.5769486,3.5466897,4.2846646,-2.7856503,08 El Seibo,2015,36,train
3.9238782,3.3045073,3.7173433,-1.9740611,08 El Seibo,2015,37,train
3.6082773,3.48624,5.1626086,-1.8988273,08 El Seibo,2015,38,train
5.423185,2.954822,5.0930047,-2.2979627,08 El Seibo,2015,39,train
4.8331537,1.1938653,5.21056,-2.8574088,08 El Seibo,2015,40,train
5.896672,0.65842295,5.722176,-3.1667013,08 El Seibo,2015,41,train
5.6096077,0.5295338,6.5030956,-2.4438756,08 El Seibo,2015,42,train
5.9999585,0.73050195,7.633417,-1.9578806,08 El Seibo,2015,43,train
4.035446,1.3818116,8.006425,-1.0987537,08 El Seibo,2015,44,train
1.6751764,2.7116344,7.9464035,1.239503,08 El Seibo,2015,45,train
2.7996802,1.0429419,5.652153,1.0184175,08 El Seibo,2015,46,train
2.942336,0.8989741,5.9293246,2.0505908,08 El Seibo,2015,47,train
2.3040195,-3.6099246,7.2889056,1.2337016,08 El Seibo,2015,48,train
0.7483303,-2.701409,6.253639,1.2548476,08 El Seibo,2015,49,train
0.879293,-3.2339983,5.8609123,1.7898117,08 El Seibo,2015,50,train
-0.14997913,-2.4769142,5.88269,1.8275261,08 El Seibo,2015,51,train
-3.8476105,-0.12901466,7.894291,0.16155921,08 El Seibo,2015,52,train
-3.3421612,-3.5548794,10.788093,-2.5662372,08 El Seibo,2016,1,train
-4.869714,-4.9601088,9.459563,-3.4071958,08 El Seibo,2016,2,train
-4.6063743,-5.780253,8.89625,-3.4418817,08 El Seibo,2016,3,train
-3.9333336,-5.8485637,8.243323,-2.8350239,08 El Seibo,2016,4,train
-0.12493393,-8.923715,3.5547385,-2.1963568,08 El Seibo,2016,5,train
-1.336613,-8.647269,3.0778866,-2.611191,08 El Seibo,2016,6,train
-1.2302862,-8.298118,2.3571556,-2.5423083,08 El Seibo,2016,7,train
-2.400747,-9.24892,2.6228688,-3.5502818,08 El Seibo,2016,8,train
-1.1360769,-8.621342,1.4845759,-3.3012817,08 El Seibo,2016,9,train
-3.3356378,-6.299788,-1.5114697,-1.1102436,08 El Seibo,2016,10,train
-3.56328,-7.223916,-1.3797421,-2.534256,08 El Seibo,2016,11,train
-3.4271939,-6.092472,-1.4762819,-3.2074313,08 El Seibo,2016,12,train
-3.1282616,-6.463963,-1.7633306,-3.8850598,08 El Seibo,2016,13,train
-2.6972294,-7.4624395,-0.4207571,-5.729358,08 El Seibo,2016,14,train
-2.8499389,-7.5271235,-0.4678516,-5.9580364,08 El Seibo,2016,15,train
-0.6567569,-7.605701,-0.2596023,-5.214575,08 El Seibo,2016,16,train
7.8983326,-8.3173275,-4.0466495,-5.339885,08 El Seibo,2016,17,train
3.5440626,-3.3154008,-6.911372,-1.2781382,08 El Seibo,2016,18,train
-1.4117371,-0.56242365,-7.915322,0.5916638,08 El Seibo,2016,19,train
-2.1518788,0.8515023,-6.4131293,-0.77714396,08 El Seibo,2016,20,train
-1.7313676,1.7566954,-7.4524856,0.2666733,08 El Seibo,2016,21,train
4.044971,-2.5018742,-9.092917,0.29454604,08 El Seibo,2016,22,train
-1.3629506,3.3731377,-6.534827,0.3118916,08 El Seibo,2016,23,train
-1.7532965,4.219868,-5.92706,-0.09119059,08 El Seibo,2016,24,train
-0.21416815,2.8394344,-5.3255415,0.6539782,08 El Seibo,2016,25,train
-0.4637257,4.0004315,-4.9239254,0.45224524,08 El Seibo,2016,26,train
-3.430144,7.3147717,2.354105,-0.39821994,08 El Seibo,2016,27,train
-3.9017353,7.490036,2.3822925,-0.23422956,08 El Seibo,2016,28,train
-3.558662,7.3722596,1.9889095,-0.41620082,08 El Seibo,2016,29,train
-3.517544,7.202564,3.2631524,0.6639771,08 El Seibo,2016,30,train
-6.975516,9.205349,10.239585,1.5978682,08 El Seibo,2016,31,train
-3.9158328,7.8881135,2.227816,1.010646,08 El Seibo,2016,32,train
-4.284103,8.158163,1.3146394,0.020092426,08 El Seibo,2016,33,train
-7.8450875,10.614957,11.02327,2.9159558,08 El Seibo,2016,34,train
0.76526237,6.996905,-0.68031216,1.8272982,08 El Seibo,2016,35,train
0.31637192,7.29507,-0.4184799,3.10663,08 El Seibo,2016,36,train
0.39507887,7.036178,0.072551265,2.656708,08 El Seibo,2016,37,train
1.1351382,7.3096976,-0.32809013,3.191709,08 El Seibo,2016,38,train
0.39265728,5.7087994,0.41268942,2.4164615,08 El Seibo,2016,39,train
0.20194381,6.5491223,2.186027,4.45272,08 El Seibo,2016,40,train
0.8041011,6.3928914,2.1836693,4.722651,08 El Seibo,2016,41,train
-0.05370732,6.1953526,2.836543,5.570519,08 El Seibo,2016,42,train
0.28923663,5.7698526,2.7147052,5.6962576,08 El Seibo,2016,43,train
3.7120478,-0.44686216,-4.6092396,5.7019987,08 El Seibo,2016,44,train
3.7604673,-0.8092254,-4.454139,5.849857,08 El Seibo,2016,45,train
4.4582195,-1.308988,-5.133473,6.690937,08 El Seibo,2016,46,train
-2.430282,4.150198,4.3729224,7.9430623,08 El Seibo,2016,47,train
-1.0300657,2.849528,2.9605968,7.6393867,08 El Seibo,2016,48,train
-0.9596671,2.1689699,3.6344283,5.707005,08 El Seibo,2016,49,train
-0.9447268,1.8442687,3.0764794,5.678554,08 El Seibo,2016,50,train
-1.6813942,1.9609162,2.885986,6.022548,08 El Seibo,2016,51,train
-7.110605,4.433388,3.6913633,7.1998897,08 El Seibo,2016,52,train
-8.77974,4.077982,2.3735127,7.017427,08 El Seibo,2017,1,train
-8.485336,3.2952998,1.5901252,7.272452,08 El Seibo,2017,2,train
-13.024241,3.8387551,0.6060345,9.225658,08 El Seibo,2017,3,train
-11.552206,3.3977375,0.43229544,7.8607473,08 El Seibo,2017,4,train
-6.424206,0.32561442,-3.5326319,6.5703273,08 El Seibo,2017,5,train
-5.8398604,-0.1269232,-4.1918874,5.7128854,08 El Seibo,2017,6,train
-7.294014,-0.47043487,-6.231037,7.336168,08 El Seibo,2017,7,train
-9.07634,-0.50762457,-6.6594615,6.6709394,08 El Seibo,2017,8,train
-6.427539,-0.46588376,-5.2973256,4.039798,08 El Seibo,2017,9,train
-6.3969917,-1.3482928,-7.001987,4.138016,08 El Seibo,2017,10,train
-7.9397945,-1.2197452,-7.4968367,2.8147862,08 El Seibo,2017,11,train
-6.422301,-2.0765986,-9.670075,2.824668,08 El Seibo,2017,12,train
-9.278835,-1.1716161,-9.260061,1.1739415,08 El Seibo,2017,13,train
-6.3841057,-6.184704,-3.0710604,-4.8277855,08 El Seibo,2017,14,train
-4.1958227,-5.6084704,-3.338191,-4.130889,08 El Seibo,2017,15,train
-0.90829057,-5.665818,-3.4215424,-2.919342,08 El Seibo,2017,16,train
0.8317893,-6.047099,-3.2234821,-4.3263664,08 El Seibo,2017,17,train
0.09246874,-5.6172237,-3.3399887,-5.267138,08 El Seibo,2017,18,train
-0.48245522,-5.501133,-2.6041033,-6.5607643,08 El Seibo,2017,19,train
-0.42697412,-4.519326,-1.0212486,-6.9792943,08 El Seibo,2017,20,train
-1.4049445,-4.049165,-0.5375084,-8.047462,08 El Seibo,2017,21,train
0.51605326,-4.2304325,-0.33870283,-8.342085,08 El Seibo,2017,22,train
-0.6225329,-4.034432,1.102471,-9.951621,08 El Seibo,2017,23,train
0.5559741,-3.7766235,1.4471117,-9.610321,08 El Seibo,2017,24,train
1.2039257,-3.4101622,1.5195897,-9.201393,08 El Seibo,2017,25,train
1.9120715,-3.2916038,1.8258349,-9.628435,08 El Seibo,2017,26,train
-1.9966912,-0.27434197,6.760302,-11.439535,08 El Seibo,2017,27,train
-0.6565604,-0.9645162,7.8535104,-12.854854,08 El Seibo,2017,28,train
-0.8377905,-0.2900818,6.697088,-11.164277,08 El Seibo,2017,29,train
-0.8406971,-0.4892589,7.1372986,-12.70885,08 El Seibo,2017,30,train
-1.2698858,-0.32778823,6.5336623,-12.177857,08 El Seibo,2017,31,train
-0.9376638,-0.529349,7.435755,-12.741198,08 El Seibo,2017,32,train
-0.23932701,-0.23010617,7.2106395,-10.768253,08 El Seibo,2017,33,train
0.14162026,-0.12586565,7.379044,-10.999878,08 El Seibo,2017,34,train
4.0194664,-1.841134,4.765148,-10.585438,08 El Seibo,2017,35,train
6.522901,-4.0409656,-0.47737136,-5.269425,08 El Seibo,2017,36,train
4.300577,-1.4771416,5.6822667,-9.729676,08 El Seibo,2017,37,train
7.817098,-5.0495214,-1.02839,-4.192422,08 El Seibo,2017,38,train
1.8295224,6.3610244,1.025554,3.1688552,08 El Seibo,2017,39,train
0.64828795,6.9650073,1.2245471,4.748095,08 El Seibo,2017,40,train
5.60201,0.48511103,-4.004811,4.4902716,08 El Seibo,2017,41,train
1.092894,4.281474,1.4924705,3.8351395,08 El Seibo,2017,42,train
1.2669673,4.7496805,1.7910933,5.106844,08 El Seibo,2017,43,train
1.8172095,4.1003017,1.7018089,5.6075563,08 El Seibo,2017,44,train
-2.838526,6.15382,2.642236,9.825881,08 El Seibo,2017,45,train
4.3486047,-1.8548124,-5.952664,6.8184233,08 El Seibo,2017,46,train
-0.18588887,3.3744524,0.041842464,9.65717,08 El Seibo,2017,47,train
0.93710417,2.2146444,1.1281768,8.219088,08 El Seibo,2017,48,train
-2.2334554,-1.966304,3.0702145,6.5437098,08 El Seibo,2017,49,train
-2.137959,-2.953524,2.3964603,8.348377,08 El Seibo,2017,50,train
-2.4645503,-2.0304604,3.0635035,6.4438896,08 El Seibo,2017,51,train
-7.471863,0.19193108,5.601375,4.948247,08 El Seibo,2017,52,train
-7.4514656,0.7384491,6.807723,6.3793826,08 El Seibo,2018,1,train
-6.267847,0.51861316,5.689825,5.5856733,08 El Seibo,2018,2,train
-6.7145686,-0.4916471,4.769097,5.481429,08 El Seibo,2018,3,train
-6.5555305,-0.67883086,3.6509142,4.791781,08 El Seibo,2018,4,train
-4.772663,-4.267881,-0.8779837,4.4959927,08 El Seibo,2018,5,train
-3.9121072,-3.8812644,-1.4945109,3.0059211,08 El Seibo,2018,6,train
-3.9132917,-4.017036,-2.2828355,2.8906581,08 El Seibo,2018,7,train
-5.3264117,-4.004621,-2.4322832,2.6434543,08 El Seibo,2018,8,train
-8.342602,-5.859499,-4.0839686,4.1904006,08 El Seibo,2018,9,train
-8.333004,-5.962051,-4.672718,1.117359,08 El Seibo,2018,10,train
-7.624245,-5.7493777,-5.1903553,-0.11606344,08 El Seibo,2018,11,train
-7.0135074,-5.5295057,-5.915442,-0.54608613,08 El Seibo,2018,12,train
-5.468137,-5.363465,-6.059147,-0.32619035,08 El Seibo,2018,13,train
-5.711083,-5.391058,-6.3273444,-2.7917726,08 El Seibo,2018,14,train
-4.7602983,-4.303038,-4.9857287,-2.9264417,08 El Seibo,2018,15,train
-4.0882363,-4.471784,-5.6457105,-3.2162638,08 El Seibo,2018,16,train
-5.3140607,-4.00911,-5.3674593,-4.563934,08 El Seibo,2018,17,train
-4.0867643,-4.094915,-5.633324,-4.3550496,08 El Seibo,2018,18,train
-3.773857,-3.2216253,-4.773186,-5.192214,08 El Seibo,2018,19,train
-2.0844836,-2.938243,-4.4794965,-4.0990934,08 El Seibo,2018,20,train
-3.579842,-2.0749762,-4.3664346,-6.6909456,08 El Seibo,2018,21,train
-2.2179596,-1.884994,-4.503394,-6.8310885,08 El Seibo,2018,22,train
-3.0842729,-0.9411627,-3.4377804,-8.473174,08 El Seibo,2018,23,train
-1.6761664,-0.8846406,-3.3768032,-8.539904,08 El Seibo,2018,24,train
0.12929916,1.1409268,-5.4150887,-4.955496,08 El Seibo,2018,25,train
-1.2193118,2.3723135,-4.2211204,-5.3239655,08 El Seibo,2018,26,train
-5.9328933,7.790735,4.365443,-2.920421,08 El Seibo,2018,27,train
-5.6571665,7.991958,5.6962576,-1.8835447,08 El Seibo,2018,28,train
-4.542952,7.598476,4.1949916,-2.2187772,08 El Seibo,2018,29,train
-6.081343,8.385072,4.1230965,-3.3249528,08 El Seibo,2018,30,train
-4.596003,7.516891,3.6221883,-2.6623948,08 El Seibo,2018,31,train
-6.3167667,8.675376,5.223678,-3.4891298,08 El Seibo,2018,32,train
-4.742173,7.523856,4.630925,-2.6543484,08 El Seibo,2018,33,train
-5.0511656,7.695191,4.4575863,-3.007059,08 El Seibo,2018,34,train
1.9399307,5.672389,2.449729,0.6500439,08 El Seibo,2018,35,train
3.658939,6.3042703,2.3612182,0.22473788,08 El Seibo,2018,36,train
3.0337207,5.7755075,2.7684546,0.55011344,08 El Seibo,2018,37,train
3.664134,5.7141986,2.59286,0.7974457,08 El Seibo,2018,38,train
2.3747225,5.0170393,2.88233,0.6957568,08 El Seibo,2018,39,train
4.1838517,6.079071,3.326907,2.654091,08 El Seibo,2018,40,train
1.977158,5.447122,4.7405715,2.5862062,08 El Seibo,2018,41,train
1.9083863,3.6691697,3.6753416,2.1429927,08 El Seibo,2018,42,train
3.5289514,3.7513955,3.4353101,2.854841,08 El Seibo,2018,43,train
4.484427,2.7222347,3.0098054,3.4786124,08 El Seibo,2018,44,train
2.0779407,3.1427364,4.9184012,3.2443755,08 El Seibo,2018,45,train
1.5727475,2.5087242,4.792824,3.2077549,08 El Seibo,2018,46,train
3.2654195,1.561491,4.237192,4.040578,08 El Seibo,2018,47,train
4.78959,0.69845057,3.8532212,4.8440485,08 El Seibo,2018,48,train
2.410542,0.9789281,4.169862,4.18222,08 El Seibo,2018,49,train
3.0689754,0.33255276,3.9394484,4.801857,08 El Seibo,2018,50,train
4.118879,-0.13902089,3.7471128,5.4915013,08 El Seibo,2018,51,train
-7.3686485,3.5617754,3.803163,4.029742,08 El Seibo,2018,52,train
-8.842859,3.7655458,2.8940036,5.255647,08 El Seibo,2019,1,train
-10.646141,4.5513573,3.1465685,7.243839,08 El Seibo,2019,2,train
-11.08432,3.8300507,1.8234655,7.3021765,08 El Seibo,2019,3,train
-10.077358,3.1899846,1.004399,6.7201934,08 El Seibo,2019,4,train
-6.1735644,-0.4432489,-4.2056,5.8710623,08 El Seibo,2019,5,train
-6.5451207,-0.539828,-5.3230796,6.0327764,08 El Seibo,2019,6,train
-6.2147174,-0.549162,-5.7072964,5.0495076,08 El Seibo,2019,7,train
-6.276621,-0.49773484,-5.7054133,4.202423,08 El Seibo,2019,8,train
-7.751883,-0.5230266,-6.28171,3.9879575,08 El Seibo,2019,9,train
-7.7902756,-0.94450104,-7.197668,3.656396,08 El Seibo,2019,10,train
-8.522298,-1.2490413,-8.135301,3.3848772,08 El Seibo,2019,11,train
-9.246314,-1.1734446,-9.095565,2.1993473,08 El Seibo,2019,12,train
-2.3844612,-7.5565143,-3.7404845,-3.000575,08 El Seibo,2019,13,train
-4.7631664,-5.5504465,-3.689735,-2.73363,08 El Seibo,2019,14,train
-5.0040464,-5.40876,-3.7780082,-3.695656,08 El Seibo,2019,15,train
-4.8709803,-5.0177774,-3.5671601,-4.186821,08 El Seibo,2019,16,train
-5.3671384,-6.028331,-4.056116,-5.4030094,08 El Seibo,2019,17,train
-4.1928616,-1.0360959,-7.0426235,-1.1628947,08 El Seibo,2019,18,train
-3.7228036,-0.05533281,-7.6825166,-1.4240296,08 El Seibo,2019,19,train
-3.5723484,1.6862818,-7.622213,-2.3024352,08 El Seibo,2019,20,train
-1.3358608,0.33655268,-8.396508,-0.36143786,08 El Seibo,2019,21,train
3.8238153,-2.5769353,-6.422216,-1.3110708,08 El Seibo,2019,22,train
-0.365287,1.9869177,-7.2568774,-1.3647356,08 El Seibo,2019,23,train
-1.1847062,2.8031166,-5.2748547,-2.547096,08 El Seibo,2019,24,train
-1.5478867,4.1581974,-4.775136,-2.8170574,08 El Seibo,2019,25,train
-0.6750586,4.2537913,-4.6102834,-2.6956468,08 El Seibo,2019,26,train
-4.45728,7.152652,5.15964,-4.0530214,08 El Seibo,2019,27,train
-3.0530443,6.0520215,4.9689655,-4.811555,08 El Seibo,2019,28,train
-2.3105667,5.306429,4.594249,-5.051044,08 El Seibo,2019,29,train
-1.9574499,4.876569,3.457993,-6.9668555,08 El Seibo,2019,30,train
-1.5612942,5.3362627,6.7909594,-4.4740415,08 El Seibo,2019,31,train
-1.1076448,5.1524553,5.0346065,-6.6224856,08 El Seibo,2019,32,train
-1.6070558,5.2054706,4.3964047,-6.3200974,08 El Seibo,2019,33,train
-1.4047043,5.2564974,5.1627975,-6.267269,08 El Seibo,2019,34,train
4.3799334,5.12975,1.6386117,-3.6157672,08 El Seibo,2019,35,train
5.0593143,3.4789834,3.1695647,-2.725854,08 El Seibo,2019,36,train
4.5130625,4.0873303,3.2671392,-2.107838,08 El Seibo,2019,37,train
10.216059,-2.228178,-2.821155,-1.0127785,08 El Seibo,2019,38,train
10.220441,-1.3237025,-2.1056147,-0.89671814,08 El Seibo,2019,39,train
4.1222,4.7074924,6.1137342,0.23852322,08 El Seibo,2019,40,train
5.473757,3.0308118,3.693859,0.79354876,08 El Seibo,2019,41,train
5.582985,2.9005556,3.8831177,1.313929,08 El Seibo,2019,42,train
2.6177857,3.105292,5.7252007,1.3596085,08 El Seibo,2019,43,train
4.043542,1.7519661,4.33634,1.6368631,08 El Seibo,2019,44,train
4.4122157,1.7542497,4.423042,2.2329297,08 El Seibo,2019,45,train
4.888442,1.5729966,5.264793,2.9611363,08 El Seibo,2019,46,train
6.021517,0.19667469,4.9300785,3.4283516,08 El Seibo,2019,47,train
5.4514294,-0.11108327,4.8340054,3.229042,08 El Seibo,2019,48,train
1.5592314,-3.1870449,6.6867185,2.302196,08 El Seibo,2019,49,train
-0.23144849,-2.048337,5.9304175,1.9768006,08 El Seibo,2019,50,train
0.27504677,-3.0701778,5.045206,2.0960352,08 El Seibo,2019,51,train
-5.5726776,-0.72025675,9.4357,0.0047451057,08 El Seibo,2019,52,train
-5.93893,-1.0875174,7.9381227,0.9550915,08 El Seibo,2020,1,val
-5.1405516,-1.0277356,6.7100644,1.0239921,08 El Seibo,2020,2,val
-5.367996,-1.785435,6.0497413,1.235404,08 El Seibo,2020,3,val
-5.831321,-3.7789035,7.1203704,1.5172043,08 El Seibo,2020,4,val
-3.3766274,-8.086395,1.9510468,1.742394,08 El Seibo,2020,5,val
-2.7500536,-6.429407,0.8196394,0.32947478,08 El Seibo,2020,6,val
-2.607905,-5.6676373,-0.13586533,-0.12369122,08 El Seibo,2020,7,val
-2.8946562,-7.2739544,0.028674878,-0.61238056,08 El Seibo,2020,8,val
-3.753353,-7.7656302,-0.35903192,-1.3981111,08 El Seibo,2020,9,val
-2.5615304,-7.116672,-0.78866994,-1.7788979,08 El Seibo,2020,10,val
-1.394252,-7.549739,-2.3422081,-1.919402,08 El Seibo,2020,11,val
-3.0382156,-6.467647,-2.262071,-2.1613092,08 El Seibo,2020,12,val
-2.5159724,-7.1777472,-2.3332105,-3.4652188,08 El Seibo,2020,13,val
-6.013568,-8.501375,-2.53971,-6.3107843,08 El Seibo,2020,14,val
-2.974927,-6.988132,-1.8327359,-6.7479444,08 El Seibo,2020,15,val
-3.0039368,-5.4907417,-1.6133666,-5.994509,08 El Seibo,2020,16,val
-3.8114233,-5.628036,-0.9957413,-7.225851,08 El Seibo,2020,17,val
-3.4624875,-5.656517,-0.7173044,-8.008666,08 El Seibo,2020,18,val
-1.5987753,-4.804418,-1.8432425,-7.2288723,08 El Seibo,2020,19,val
-1.7708364,-4.091186,-1.6358457,-6.9627275,08 El Seibo,2020,20,val
0.07958657,-4.567496,-0.8900059,-8.990994,08 El Seibo,2020,21,val
0.65281284,-4.5858994,-0.9155814,-9.122017,08 El Seibo,2020,22,val
-0.19602986,-4.0348196,0.8863532,-9.246054,08 El Seibo,2020,23,val
1.5622557,-4.856399,1.6991872,-11.881816,08 El Seibo,2020,24,val
0.2332,-3.4133837,1.9108706,-10.959881,08 El Seibo,2020,25,val
-1.9018484,5.530479,-4.771518,0.1274694,08 El Seibo,2020,26,val
-7.1295915,9.889078,0.7612186,0.55706567,08 El Seibo,2020,27,val
-5.5284824,8.516749,0.9814205,-0.124298096,08 El Seibo,2020,28,val
-5.0916963,8.500717,0.8892498,0.11258185,08 El Seibo,2020,29,val
-4.977092,8.066538,0.8926049,-0.13305345,08 El Seibo,2020,30,val
-7.5158186,9.18427,9.842507,1.5370332,08 El Seibo,2020,31,val
-5.150106,9.029658,-0.75478894,0.25099275,08 El Seibo,2020,32,val
-5.8395915,8.894707,-0.4663104,0.40426856,08 El Seibo,2020,33,val
-9.172742,9.48663,8.663702,1.4643568,08 El Seibo,2020,34,val
0.6281058,7.782105,-2.6400435,2.4880292,08 El Seibo,2020,35,val
-0.17346573,7.28796,-2.013557,3.8658845,08 El Seibo,2020,36,val
-0.0892207,8.149278,-2.270523,4.8992867,08 El Seibo,2020,37,val
1.4499307,7.9316745,-2.5576224,4.5621095,08 El Seibo,2020,38,val
1.6518226,7.5074844,-1.8454322,4.665719,08 El Seibo,2020,39,val
-0.8007131,6.942967,-0.9001846,6.381014,08 El Seibo,2020,40,val
0.8284277,6.1293736,-0.91759634,6.177075,08 El Seibo,2020,41,val
-0.40001962,6.3504906,-0.23851727,6.636149,08 El Seibo,2020,42,val
1.6438512,5.297121,-1.0429866,7.333625,08 El Seibo,2020,43,val
0.076414764,3.2097073,0.5386564,5.1386914,08 El Seibo,2020,44,val
4.268797,-1.0153592,-4.044322,6.2932153,08 El Seibo,2020,45,val
-2.3649168,3.964631,2.2419064,8.227018,08 El Seibo,2020,46,val
-1.9505948,3.2523696,1.0317613,9.096857,08 El Seibo,2020,47,val
-1.9579201,2.27318,0.2274475,9.987578,08 El Seibo,2020,48,val
-1.4187214,1.375296,-1.1667129,10.57654,08 El Seibo,2020,49,val
-2.918952,2.1863382,-0.59030974,10.592019,08 El Seibo,2020,50,val
-2.7052605,1.3680614,-0.8064299,9.70386,08 El Seibo,2020,51,val
-8.501407,4.9684916,2.611556,8.66805,08 El Seibo,2020,52,val
-10.3824215,5.239759,1.1887878,10.05428,08 El Seibo,2021,1,val
-9.424704,4.4988823,1.1662568,8.6679535,08 El Seibo,2021,2,val
-9.443701,4.1361003,0.6037286,8.7948675,08 El Seibo,2021,3,val
-9.665252,3.48889,0.31447104,8.734794,08 El Seibo,2021,4,val
-6.743417,0.73873854,-4.0571337,7.9534,08 El Seibo,2021,5,val
-6.498876,0.12251429,-3.9918673,6.246675,08 El Seibo,2021,6,val
-7.185857,0.11657422,-4.4746685,5.9483438,08 El Seibo,2021,7,val
-6.762044,-0.28462484,-5.031349,5.290142,08 El Seibo,2021,8,val
-9.306423,-0.10290568,-7.373058,6.593288,08 El Seibo,2021,9,val
-6.629349,-1.421546,-7.914385,5.1223316,08 El Seibo,2021,10,val
-6.777857,-4.883376,-5.2722397,1.9242198,08 El Seibo,2021,11,val
-5.3820696,-4.584864,-5.674792,1.046448,08 El Seibo,2021,12,val
-5.3008313,-4.6240125,-6.1991577,-0.19917257,08 El Seibo,2021,13,val
-5.260807,-5.117631,-6.8076262,0.67501605,08 El Seibo,2021,14,val
-7.450212,-5.2408757,-7.3273644,-1.7836916,08 El Seibo,2021,15,val
-5.0145936,-3.9008749,-5.2889843,-2.696151,08 El Seibo,2021,16,val
-3.4501498,-4.4626403,-6.1456046,-1.8350059,08 El Seibo,2021,17,val
-3.9676235,-3.684888,-4.7325897,-3.3001401,08 El Seibo,2021,18,val
-3.2347474,-3.5935748,-4.040495,-4.703368,08 El Seibo,2021,19,val
-2.4417775,-3.6900325,-3.858228,-5.428632,08 El Seibo,2021,20,val
-1.4318788,-3.3134818,-3.3293355,-5.7346125,08 El Seibo,2021,21,val
-0.3456144,-2.9544325,-2.802248,-4.9249854,08 El Seibo,2021,22,val
1.2873874,-3.4462626,-3.269128,-6.649395,08 El Seibo,2021,23,val
-0.12480594,-2.2804968,-1.6473557,-7.4019327,08 El Seibo,2021,24,val
1.398184,-2.5933917,-1.4811801,-7.663869,08 El Seibo,2021,25,val
1.2398444,-2.1001577,-0.40928882,-8.690467,08 El Seibo,2021,26,val
-2.1935184,0.42657295,5.2467213,-9.114036,08 El Seibo,2021,27,val
-1.698648,0.40500686,6.021555,-8.9747,08 El Seibo,2021,28,val
-1.383504,0.27261204,5.5530977,-10.421885,08 El Seibo,2021,29,val
-5.02952,8.139329,1.3719501,0.90477353,08 El Seibo,2021,30,val
-4.5348744,8.276092,1.5046613,1.1180038,08 El Seibo,2021,31,val
-8.717222,10.256129,11.340585,2.1631603,08 El Seibo,2021,32,val
-4.9935856,7.895097,3.5403636,1.057365,08 El Seibo,2021,33,val
-4.8809514,7.9845757,1.2499155,-0.9680938,08 El Seibo,2021,34,val
2.3537133,7.7114787,-1.9026622,1.3170094,08 El Seibo,2021,35,val
0.4329235,7.7597284,-2.239745,3.603004,08 El Seibo,2021,36,val
-0.23325332,8.01352,-1.5903575,4.681079,08 El Seibo,2021,37,val
0.8686974,8.168012,-2.3667092,5.0631027,08 El Seibo,2021,38,val
0.5930056,8.395699,-2.6062853,6.8348036,08 El Seibo,2021,39,val
1.0852652,5.504324,-0.76738757,3.965117,08 El Seibo,2021,40,val
-1.0250324,8.50342,-1.138545,8.488958,08 El Seibo,2021,41,val
1.0450122,5.720081,-0.48059863,6.468143,08 El Seibo,2021,42,val
2.3735867,4.5040483,-0.15445,6.1660666,08 El Seibo,2021,43,val
1.4849503,4.0569754,0.21796845,6.370571,08 El Seibo,2021,44,val
1.9935173,2.9495132,-0.024662757,6.8006897,08 El Seibo,2021,45,val
2.0527308,1.5068512,0.6108715,5.5589323,08 El Seibo,2021,46,val
1.1206706,1.5785193,0.7824827,7.59091,08 El Seibo,2021,47,val
1.1187075,1.3767283,0.6233135,7.55346,08 El Seibo,2021,48,val
0.19372644,0.69584763,0.7318825,6.3006616,08 El Seibo,2021,49,val
-1.4225794,0.8723884,0.66004896,6.4906244,08 El Seibo,2021,50,val
-2.161399,1.7478842,-0.73926395,10.397679,08 El Seibo,2021,51,val
-9.31686,4.0676866,2.5032659,6.9578567,08 El Seibo,2021,52,val
-4.5345817,-1.6988173,12.912246,3.089289,09 Espaillat,2015,1,train
-5.211662,-3.9276154,11.973952,3.1542692,09 Espaillat,2015,2,train
-4.88149,-5.1713104,11.1088295,2.9064643,09 Espaillat,2015,3,train
-6.072476,-7.5246816,9.995992,2.4509518,09 Espaillat,2015,4,train
7.26444,-10.8652115,-2.9292855,2.450548,09 Espaillat,2015,5,train
-1.84999,-10.701605,-0.17763548,2.5009549,09 Espaillat,2015,6,train
-1.8047192,-10.947815,-0.8863761,2.1357646,09 Espaillat,2015,7,train
6.108227,-10.302856,-5.273362,2.519991,09 Espaillat,2015,8,train
-3.048863,-10.88508,-2.7725773,0.025895024,09 Espaillat,2015,9,train
-2.103303,-11.466519,-2.8324864,-0.9844209,09 Espaillat,2015,10,train
-1.2333887,-11.02176,-3.4452124,-1.7762761,09 Espaillat,2015,11,train
-2.4221363,-11.9804125,-4.1545134,-4.1068377,09 Espaillat,2015,12,train
-3.0785713,-10.5308075,-3.668294,-6.435662,09 Espaillat,2015,13,train
-0.1903833,-10.202206,-6.6441784,-3.4121387,09 Espaillat,2015,14,train
-1.2184339,-8.939403,-6.27974,-4.411501,09 Espaillat,2015,15,train
-3.4145336,-8.607125,-5.7629924,-7.1296835,09 Espaillat,2015,16,train
-4.0317416,-7.28895,-4.754608,-9.780187,09 Espaillat,2015,17,train
-6.7737575,1.3473812,-10.982398,-7.3696856,09 Espaillat,2015,18,train
-4.3400636,1.6629196,-10.237004,-5.0294714,09 Espaillat,2015,19,train
-1.3668562,0.69731706,-10.727364,-4.0921803,09 Espaillat,2015,20,train
0.19209258,0.5615145,-10.503828,-3.373177,09 Espaillat,2015,21,train
1.5393133,0.41039783,-10.651777,-3.2199826,09 Espaillat,2015,22,train
0.013627475,3.1301289,-8.913504,-4.79185,09 Espaillat,2015,23,train
0.16386135,4.2017093,-8.084035,-5.182748,09 Espaillat,2015,24,train
2.3617182,3.4138963,-7.5330963,-4.073598,09 Espaillat,2015,25,train
1.6875867,5.0684233,-6.941814,-5.0169616,09 Espaillat,2015,26,train
-2.7881866,10.312423,7.251789,-3.959417,09 Espaillat,2015,27,train
-2.7881286,10.846319,8.664219,-3.9908051,09 Espaillat,2015,28,train
-2.8629725,10.422052,7.7887287,-4.824498,09 Espaillat,2015,29,train
-3.6815748,10.233756,5.7648754,-6.668656,09 Espaillat,2015,30,train
-3.0540764,10.000218,6.314166,-6.059789,09 Espaillat,2015,31,train
-2.9946165,9.345781,7.5736556,-6.5000567,09 Espaillat,2015,32,train
-2.609922,8.889899,7.4144673,-6.4375706,09 Espaillat,2015,33,train
-3.4077678,8.794829,7.3107557,-7.941176,09 Espaillat,2015,34,train
6.0556865,7.509612,5.0216646,-1.8287678,09 Espaillat,2015,35,train
7.370674,6.092103,4.412765,-3.9165678,09 Espaillat,2015,36,train
7.319337,5.637334,5.5720634,-3.381554,09 Espaillat,2015,37,train
7.4817796,5.097933,7.3635826,-3.521895,09 Espaillat,2015,38,train
8.362459,4.082084,7.574867,-4.0890684,09 Espaillat,2015,39,train
10.752278,0.9647145,7.6151853,-4.620184,09 Espaillat,2015,40,train
9.897256,0.73344964,7.869169,-4.063135,09 Espaillat,2015,41,train
8.763961,1.0229653,9.016326,-3.3906062,09 Espaillat,2015,42,train
9.033151,1.0420939,12.770263,-3.2899294,09 Espaillat,2015,43,train
8.16976,0.69735473,11.576882,-1.6756306,09 Espaillat,2015,44,train
4.5141296,2.935008,12.125849,1.2673185,09 Espaillat,2015,45,train
4.938842,2.4822793,10.898986,1.6583912,09 Espaillat,2015,46,train
6.289905,0.8109025,10.2451315,3.0070572,09 Espaillat,2015,47,train
4.7013097,-4.9303684,10.784257,1.633267,09 Espaillat,2015,48,train
2.478069,-3.3379996,10.78606,1.7039899,09 Espaillat,2015,49,train
2.6007607,-4.1928954,9.690908,2.3760242,09 Espaillat,2015,50,train
1.3687009,-3.570841,10.138507,3.0226116,09 Espaillat,2015,51,train
-3.323706,0.49348095,15.410031,0.7886861,09 Espaillat,2015,52,train
-3.4369242,-4.991304,15.119582,-4.2275224,09 Espaillat,2016,1,train
-4.7146425,-6.771674,14.6375265,-5.183067,09 Espaillat,2016,2,train
-2.9252512,-7.4291215,13.943214,-4.03895,09 Espaillat,2016,3,train
-2.9404993,-8.405677,12.737875,-3.8616793,09 Espaillat,2016,4,train
0.9201858,-13.605898,5.557591,-2.8295643,09 Espaillat,2016,5,train
0.84583277,-13.417675,4.437448,-3.4063854,09 Espaillat,2016,6,train
0.66338617,-13.684924,4.075614,-3.926739,09 Espaillat,2016,7,train
-0.13651446,-13.137707,3.0898993,-4.468266,09 Espaillat,2016,8,train
0.5377352,-13.544797,2.4051178,-4.979942,09 Espaillat,2016,9,train
-2.0678892,-11.697735,-2.6986346,-1.4311075,09 Espaillat,2016,10,train
-2.984136,-11.334931,-2.1192648,-4.888742,09 Espaillat,2016,11,train
-2.0361254,-9.915699,-2.578116,-6.7409387,09 Espaillat,2016,12,train
-2.35035,-10.33585,-2.7128851,-7.800774,09 Espaillat,2016,13,train
-1.2816855,-10.60332,-0.7222717,-8.837906,09 Espaillat,2016,14,train
-1.3849766,-11.322248,-1.3139671,-8.602125,09 Espaillat,2016,15,train
2.3314543,-11.268542,-1.0668675,-8.08437,09 Espaillat,2016,16,train
5.320494,-11.035867,-1.986964,-11.519594,09 Espaillat,2016,17,train
-1.7416222,-0.306526,-11.703441,-1.9055951,09 Espaillat,2016,18,train
-0.50427496,-0.30452126,-11.600996,-0.1246938,09 Espaillat,2016,19,train
-1.8175498,2.2272346,-10.028795,-1.3414026,09 Espaillat,2016,20,train
-1.1552196,2.6723073,-10.934235,0.41047153,09 Espaillat,2016,21,train
0.05434515,2.783363,-10.569298,0.81437486,09 Espaillat,2016,22,train
-1.9726678,6.5253778,-8.345286,-1.2411234,09 Espaillat,2016,23,train
-1.8756938,7.5326843,-8.029859,-1.674241,09 Espaillat,2016,24,train
0.8990747,5.3137693,-8.854594,0.51789856,09 Espaillat,2016,25,train
0.7873604,6.9181967,-7.933219,-0.0230964,09 Espaillat,2016,26,train
-2.9524095,12.031007,2.2793236,-0.9066546,09 Espaillat,2016,27,train
-3.1128511,12.471002,3.0071387,0.09229855,09 Espaillat,2016,28,train
-3.173738,12.313798,2.984749,-0.22514927,09 Espaillat,2016,29,train
-2.9186282,12.418669,4.625351,1.6084323,09 Espaillat,2016,30,train
-2.931314,12.175343,4.711478,0.8315725,09 Espaillat,2016,31,train
-3.3568883,12.685585,1.4383924,0.2702512,09 Espaillat,2016,32,train
-3.543089,12.928587,0.93761057,-0.51178527,09 Espaillat,2016,33,train
-3.8765452,13.3542595,4.7806067,4.342415,09 Espaillat,2016,34,train
2.420078,11.383462,-1.2828995,1.8466032,09 Espaillat,2016,35,train
1.9290416,11.475664,-0.7128301,3.240661,09 Espaillat,2016,36,train
2.27979,11.365123,-0.7724007,2.4936993,09 Espaillat,2016,37,train
2.611243,11.2121525,-0.31734195,3.6718574,09 Espaillat,2016,38,train
2.194401,10.318052,1.5187501,4.049669,09 Espaillat,2016,39,train
2.2566054,9.552058,3.5398135,5.9575925,09 Espaillat,2016,40,train
2.3987474,9.638051,3.6479244,6.9245086,09 Espaillat,2016,41,train
0.72238743,9.701278,4.348457,8.538794,09 Espaillat,2016,42,train
9.811896,-0.9417328,-7.659993,7.4451675,09 Espaillat,2016,43,train
-0.28213084,8.329883,5.4260263,9.70699,09 Espaillat,2016,44,train
6.9406004,-1.824568,-8.061633,8.833764,09 Espaillat,2016,45,train
-1.6761446,7.6034527,6.443084,10.890866,09 Espaillat,2016,46,train
-1.1071552,5.001484,6.1290274,11.035662,09 Espaillat,2016,47,train
-0.648031,4.970559,5.695488,11.285835,09 Espaillat,2016,48,train
-1.6552941,-2.4378026,6.993969,9.364722,09 Espaillat,2016,49,train
-2.4370246,-1.6975167,7.7404847,9.238313,09 Espaillat,2016,50,train
-3.4171185,-0.9233853,8.307712,10.230781,09 Espaillat,2016,51,train
-7.2343607,-0.5453577,10.734999,8.164249,09 Espaillat,2016,52,train
-9.061671,-2.1523678,9.449234,6.180056,09 Espaillat,2017,1,train
-9.315345,6.241973,15.735046,7.824236,09 Espaillat,2017,2,train
-11.312695,-4.8023024,8.424901,10.278683,09 Espaillat,2017,3,train
-11.085695,-6.1480637,7.23916,7.3191557,09 Espaillat,2017,4,train
-3.7374642,-9.096903,-0.4879171,6.489044,09 Espaillat,2017,5,train
-3.9333956,-9.652398,-1.0868729,6.0962744,09 Espaillat,2017,6,train
-3.615387,-9.952339,-2.9217622,5.7007713,09 Espaillat,2017,7,train
-6.110534,-10.647145,-2.534772,4.1304216,09 Espaillat,2017,8,train
-4.485843,-9.784686,-4.8898587,3.3936841,09 Espaillat,2017,9,train
-3.265044,-9.539833,-8.079565,3.1605182,09 Espaillat,2017,10,train
-4.6067224,-9.657429,-7.343804,0.2660167,09 Espaillat,2017,11,train
5.517185,-10.678462,-11.080495,1.0797638,09 Espaillat,2017,12,train
-4.1938233,-9.199876,-10.773133,-2.0485823,09 Espaillat,2017,13,train
-1.6406462,-9.713727,-6.015784,-6.9612465,09 Espaillat,2017,14,train
-0.32455188,-10.44045,-7.492973,-4.513522,09 Espaillat,2017,15,train
1.5194758,-9.685401,-6.5623255,-5.624845,09 Espaillat,2017,16,train
5.9689875,-9.089376,-8.490634,-2.5221782,09 Espaillat,2017,17,train
-3.8941338,0.31011873,-13.997254,1.4643778,09 Espaillat,2017,18,train
-4.209463,1.9897975,-15.0472355,2.4193192,09 Espaillat,2017,19,train
-2.5417068,2.5803452,-12.202943,2.2655013,09 Espaillat,2017,20,train
-3.3378196,4.841863,-10.704451,-0.41091803,09 Espaillat,2017,21,train
-2.409899,5.2050915,-10.965664,0.61934024,09 Espaillat,2017,22,train
-2.352507,6.644679,-8.35666,-2.777777,09 Espaillat,2017,23,train
-0.056056533,5.397769,-8.604316,-1.4849818,09 Espaillat,2017,24,train
0.7959146,5.662556,-8.219465,-1.2415825,09 Espaillat,2017,25,train
1.332469,5.552726,-7.967916,-1.2021228,09 Espaillat,2017,26,train
-3.6260865,12.524607,2.687794,1.2894393,09 Espaillat,2017,27,train
-4.0604334,13.828144,4.2793794,4.260808,09 Espaillat,2017,28,train
-3.2680285,12.379236,2.0070858,0.33721346,09 Espaillat,2017,29,train
-3.9274201,13.007321,1.6800783,0.37968877,09 Espaillat,2017,30,train
-3.0356348,12.140392,1.9893861,0.2405269,09 Espaillat,2017,31,train
-5.127279,13.6819,2.368767,1.5828139,09 Espaillat,2017,32,train
-3.5027463,12.86052,4.160868,2.5606577,09 Espaillat,2017,33,train
-3.365943,12.602884,2.6131048,0.551839,09 Espaillat,2017,34,train
2.6077302,11.342512,-0.5306098,2.724697,09 Espaillat,2017,35,train
8.855287,2.7782784,-8.263575,3.0128164,09 Espaillat,2017,36,train
3.1444163,11.140803,0.85076636,3.90841,09 Espaillat,2017,37,train
10.023236,3.1866858,-6.8104253,3.632773,09 Espaillat,2017,38,train
3.9539366,9.849055,0.7603335,3.3775637,09 Espaillat,2017,39,train
3.7949553,9.806276,1.3679343,5.668785,09 Espaillat,2017,40,train
2.8651412,9.75557,2.6937394,7.3742247,09 Espaillat,2017,41,train
4.059345,7.2261505,3.0049202,6.291441,09 Espaillat,2017,42,train
4.95134,6.752032,2.8020022,7.4543014,09 Espaillat,2017,43,train
2.3423464,7.144396,5.3355627,7.9822755,09 Espaillat,2017,44,train
8.919452,-1.9976777,-5.8796816,8.297222,09 Espaillat,2017,45,train
-2.2858617,8.549237,5.356207,12.123562,09 Espaillat,2017,46,train
3.6316512,4.539513,3.1986554,10.925489,09 Espaillat,2017,47,train
-2.0038152,-2.0592084,6.756481,10.397672,09 Espaillat,2017,48,train
-2.360456,-2.2396069,6.811035,10.233805,09 Espaillat,2017,49,train
-1.6616844,-3.6297407,5.8344517,10.675773,09 Espaillat,2017,50,train
-3.123238,-2.3873954,6.8460617,10.629755,09 Espaillat,2017,51,train
-7.6865325,-0.39181364,9.980249,9.657604,09 Espaillat,2017,52,train
-10.761465,6.714592,16.154877,7.392787,09 Espaillat,2018,1,train
-7.282047,-0.5766498,9.407738,9.220565,09 Espaillat,2018,2,train
-7.8225865,-0.2696756,8.806591,11.054351,09 Espaillat,2018,3,train
-7.495419,-0.0012439302,8.471769,10.203631,09 Espaillat,2018,4,train
-3.6953833,-8.263759,-1.6071293,7.2056127,09 Espaillat,2018,5,train
-3.1077023,-8.019315,-3.717531,6.0770073,09 Espaillat,2018,6,train
-3.1998093,-8.261358,-5.066224,6.108632,09 Espaillat,2018,7,train
-3.7366576,-8.450701,-5.7726965,6.2749667,09 Espaillat,2018,8,train
-5.874879,-10.40841,-6.8460755,5.834722,09 Espaillat,2018,9,train
-6.863672,-10.438906,-8.542732,2.0455859,09 Espaillat,2018,10,train
-6.5415707,-9.647964,-9.15867,0.008730107,09 Espaillat,2018,11,train
-4.8205266,-9.355736,-10.971091,-0.45606065,09 Espaillat,2018,12,train
-2.9938042,-9.832417,-11.640703,-0.14569849,09 Espaillat,2018,13,train
-2.6338162,-8.991538,-10.6905575,-3.156463,09 Espaillat,2018,14,train
-2.7555125,-7.406734,-9.431259,-4.9025707,09 Espaillat,2018,15,train
-2.0593455,-7.0189676,-9.460003,-5.2191224,09 Espaillat,2018,16,train
-3.383516,-6.1466937,-9.132449,-7.058045,09 Espaillat,2018,17,train
-0.80418587,-6.313477,-9.0765915,-5.6543837,09 Espaillat,2018,18,train
-1.5422876,-4.6880774,-8.445097,-7.320812,09 Espaillat,2018,19,train
-0.43171608,-2.5234828,-10.392013,-5.9547005,09 Espaillat,2018,20,train
-1.7491984,-1.2233577,-9.796084,-7.350264,09 Espaillat,2018,21,train
-2.2052472,0.3335286,-8.706622,-7.8302298,09 Espaillat,2018,22,train
-2.2245142,1.8392854,-7.892585,-8.2296095,09 Espaillat,2018,23,train
-0.8726169,2.1774278,-7.9069715,-7.5045185,09 Espaillat,2018,24,train
0.2601587,2.8897197,-7.662561,-7.6213126,09 Espaillat,2018,25,train
0.94228685,3.3196015,-7.4284883,-6.8210382,09 Espaillat,2018,26,train
-5.0104556,12.270555,4.332309,-4.5099783,09 Espaillat,2018,27,train
-5.2370486,12.838569,6.3727975,-3.3177843,09 Espaillat,2018,28,train
-2.7831974,11.757837,4.686086,-2.820561,09 Espaillat,2018,29,train
-4.10494,12.118506,3.9662187,-4.2038403,09 Espaillat,2018,30,train
-3.298461,11.953138,4.3725996,-3.520432,09 Espaillat,2018,31,train
-3.7082384,11.880993,5.4393744,-3.9090824,09 Espaillat,2018,32,train
-3.0312018,12.036093,7.8055353,-1.8290458,09 Espaillat,2018,33,train
-3.386991,11.626592,5.6578975,-3.5860736,09 Espaillat,2018,34,train
4.388729,10.120926,4.497792,1.3561851,09 Espaillat,2018,35,train
4.985279,9.769698,4.0037956,0.45518246,09 Espaillat,2018,36,train
5.259647,9.479134,4.266265,0.9785224,09 Espaillat,2018,37,train
5.035457,8.84222,3.3336537,0.2814646,09 Espaillat,2018,38,train
5.1195493,9.166837,5.0224266,1.4991935,09 Espaillat,2018,39,train
4.305215,9.605783,6.9096775,3.7881386,09 Espaillat,2018,40,train
5.225974,7.781781,5.5610285,3.7016048,09 Espaillat,2018,41,train
3.1857555,7.771538,7.3817286,4.185867,09 Espaillat,2018,42,train
5.9713397,6.2639003,5.611714,4.5898237,09 Espaillat,2018,43,train
5.3095946,5.7459054,6.6769996,5.50315,09 Espaillat,2018,44,train
3.4779587,5.8183274,8.494635,5.8190694,09 Espaillat,2018,45,train
3.4962084,4.7540874,7.970541,5.802557,09 Espaillat,2018,46,train
5.2341137,3.3442738,7.039635,6.383888,09 Espaillat,2018,47,train
4.490551,3.0522382,7.873566,6.7784595,09 Espaillat,2018,48,train
0.26015726,-2.2825954,8.7107,7.101845,09 Espaillat,2018,49,train
1.2887065,-4.3283195,7.080529,7.373067,09 Espaillat,2018,50,train
1.4026139,-4.750451,7.361944,7.7033105,09 Espaillat,2018,51,train
-6.34676,-0.4747419,12.237757,5.088646,09 Espaillat,2018,52,train
-7.988505,-2.7061203,11.381385,3.3269567,09 Espaillat,2019,1,train
-8.127554,-4.207589,12.053197,4.213086,09 Espaillat,2019,2,train
-9.7975,-6.6144805,11.001479,3.6719315,09 Espaillat,2019,3,train
-8.396609,-6.76089,8.671275,2.9920003,09 Espaillat,2019,4,train
-3.8207695,-10.556483,2.101863,3.2571316,09 Espaillat,2019,5,train
-1.4940528,-13.010595,3.2948542,0.72009206,09 Espaillat,2019,6,train
-2.5709443,-13.271965,2.5597923,-0.15917571,09 Espaillat,2019,7,train
-3.2902007,-11.367404,0.72893316,-1.4921942,09 Espaillat,2019,8,train
-3.3918767,-12.043465,0.41441458,-2.0991435,09 Espaillat,2019,9,train
-4.8965015,-11.91845,-2.8142247,-0.92761254,09 Espaillat,2019,10,train
-4.0744557,-12.641041,-4.6008835,-1.2882878,09 Espaillat,2019,11,train
-6.6388206,-12.67735,-4.573722,-5.694141,09 Espaillat,2019,12,train
0.8840121,-11.203816,-6.044738,-4.7118254,09 Espaillat,2019,13,train
-1.6901393,-9.29636,-7.4766765,-4.3406186,09 Espaillat,2019,14,train
-4.693319,-8.608039,-6.267928,-6.9572816,09 Espaillat,2019,15,train
-3.9000013,-7.7610703,-6.435947,-6.871482,09 Espaillat,2019,16,train
-3.3636649,-8.890517,-7.016496,-7.74278,09 Espaillat,2019,17,train
-1.8562139,-7.581193,-5.8184114,-7.329624,09 Espaillat,2019,18,train
-2.6022964,0.26562756,-11.363299,-3.4826152,09 Espaillat,2019,19,train
-5.5377326,3.8998668,-10.215625,-4.951299,09 Espaillat,2019,20,train
-1.075244,1.3868289,-12.149604,-1.5522387,09 Espaillat,2019,21,train
0.13834247,1.4313701,-10.4916525,-3.132141,09 Espaillat,2019,22,train
-0.8680731,4.8069525,-9.712098,-2.9932117,09 Espaillat,2019,23,train
-1.882444,6.6002793,-8.02925,-4.64759,09 Espaillat,2019,24,train
-0.79862595,7.0511394,-7.30796,-4.256232,09 Espaillat,2019,25,train
1.4855139,5.679032,-7.2942595,-3.405644,09 Espaillat,2019,26,train
-2.8263068,10.069842,4.962695,-7.06264,09 Espaillat,2019,27,train
-2.0672967,9.272341,4.9696836,-7.6089387,09 Espaillat,2019,28,train
-0.515549,8.535986,7.5052667,-6.96415,09 Espaillat,2019,29,train
-0.202955,7.9813504,5.845753,-9.007911,09 Espaillat,2019,30,train
-0.22682275,8.26338,9.107217,-6.9380937,09 Espaillat,2019,31,train
-0.094538964,7.773771,4.3094225,-10.065142,09 Espaillat,2019,32,train
-0.041607037,7.7947206,5.624473,-9.683763,09 Espaillat,2019,33,train
0.2496359,7.748277,6.3207436,-9.471847,09 Espaillat,2019,34,train
5.9193563,7.980996,2.363071,-5.8284745,09 Espaillat,2019,35,train
7.0122714,6.537354,3.4989505,-5.08643,09 Espaillat,2019,36,train
7.5867524,6.631287,4.772947,-3.3032854,09 Espaillat,2019,37,train
7.0464253,6.5064993,6.23425,-2.4900649,09 Espaillat,2019,38,train
14.882831,-3.4309363,-5.031129,-3.8440332,09 Espaillat,2019,39,train
15.825002,-2.970592,-5.350262,0.6619693,09 Espaillat,2019,40,train
6.4989653,5.516819,6.0812263,1.4387481,09 Espaillat,2019,41,train
7.329521,5.1402225,5.744029,2.1663563,09 Espaillat,2019,42,train
4.0070662,6.485255,9.482494,2.7904747,09 Espaillat,2019,43,train
4.4289246,5.501174,9.577227,3.283576,09 Espaillat,2019,44,train
7.0899434,3.1576958,6.848817,3.630213,09 Espaillat,2019,45,train
5.221651,3.8709743,9.053256,4.2629995,09 Espaillat,2019,46,train
6.2540994,2.0758846,9.398089,4.7385187,09 Espaillat,2019,47,train
6.994009,1.0154134,9.214904,4.5052185,09 Espaillat,2019,48,train
3.277424,-4.014349,11.159297,3.021185,09 Espaillat,2019,49,train
1.3947481,-2.700538,11.279275,3.4520679,09 Espaillat,2019,50,train
1.9481397,-4.2373753,9.580229,3.7298915,09 Espaillat,2019,51,train
-6.7565246,-1.5106134,13.813374,0.07895977,09 Espaillat,2019,52,train
-5.4693794,-1.548672,13.3013525,2.7704322,09 Espaillat,2020,1,val
-5.1764812,-1.8690376,12.453925,2.851284,09 Espaillat,2020,2,val
-5.309155,-2.7964108,12.18274,3.1217535,09 Espaillat,2020,3,val
-5.483449,-4.8694196,11.909797,2.4324684,09 Espaillat,2020,4,val
-1.6224815,-11.023049,2.6039171,2.1279821,09 Espaillat,2020,5,val
-0.67662686,-10.542486,1.0898689,0.3022988,09 Espaillat,2020,6,val
-1.0477861,-10.36543,-0.4965963,-0.15485366,09 Espaillat,2020,7,val
-0.96896714,-11.141939,-0.7697501,-0.73532826,09 Espaillat,2020,8,val
-1.2066534,-11.978653,-1.4211938,-1.4902095,09 Espaillat,2020,9,val
6.9007173,-11.149889,-5.099238,-0.55211455,09 Espaillat,2020,10,val
0.66598606,-12.189913,-4.194582,-3.8187773,09 Espaillat,2020,11,val
-0.84644246,-11.892077,-4.138341,-3.871208,09 Espaillat,2020,12,val
-0.27884477,-11.527866,-4.466692,-5.0122294,09 Espaillat,2020,13,val
-1.3379257,-11.8157015,-5.523805,-6.710407,09 Espaillat,2020,14,val
0.5088171,-10.079334,-5.1490083,-7.2739344,09 Espaillat,2020,15,val
-0.41420698,-8.787822,-4.4097877,-8.083896,09 Espaillat,2020,16,val
-1.6049901,-8.724186,-3.0075536,-10.714456,09 Espaillat,2020,17,val
-1.4986905,-7.9481654,-2.5394914,-10.651436,09 Espaillat,2020,18,val
-1.2293915,-6.942301,-2.6487465,-12.141124,09 Espaillat,2020,19,val
-1.2413465,-6.027369,-2.4720185,-11.594407,09 Espaillat,2020,20,val
1.498197,-6.0783095,-2.1000793,-11.295834,09 Espaillat,2020,21,val
1.097411,-6.003956,-1.4799181,-13.307345,09 Espaillat,2020,22,val
1.7635939,-5.6854873,0.2370838,-12.488105,09 Espaillat,2020,23,val
2.9666977,-5.9393663,1.0702726,-14.004533,09 Espaillat,2020,24,val
2.512816,-4.8789425,1.6462115,-14.108512,09 Espaillat,2020,25,val
3.5605345,-4.8277755,2.4722137,-14.861709,09 Espaillat,2020,26,val
-0.48713177,-0.95584226,9.06924,-14.772187,09 Espaillat,2020,27,val
-0.5367597,-0.94413483,8.327139,-15.384509,09 Espaillat,2020,28,val
0.27154315,-0.9048904,9.05204,-15.539335,09 Espaillat,2020,29,val
-4.2271876,13.139467,1.9862182,1.0206239,09 Espaillat,2020,30,val
-7.830548,12.690717,12.324376,2.6147022,09 Espaillat,2020,31,val
-4.0769835,13.44107,-1.0501492,0.30730265,09 Espaillat,2020,32,val
-3.440049,13.229946,1.1235833,2.1141665,09 Espaillat,2020,33,val
-8.578873,12.970371,11.149208,3.2335942,09 Espaillat,2020,34,val
1.1803881,12.40043,-2.1187983,3.609135,09 Espaillat,2020,35,val
0.54311615,12.489028,-0.96480656,6.146364,09 Espaillat,2020,36,val
1.8133914,12.118851,-1.931265,4.4573464,09 Espaillat,2020,37,val
1.8229373,11.914804,-0.73636806,5.482424,09 Espaillat,2020,38,val
1.8650019,11.988717,-0.36813903,6.4386244,09 Espaillat,2020,39,val
0.9572263,10.994379,0.5467728,8.411161,09 Espaillat,2020,40,val
2.3938975,9.596427,0.5965799,8.629264,09 Espaillat,2020,41,val
1.7680401,9.105813,2.2322187,8.203903,09 Espaillat,2020,42,val
4.885565,7.0775013,0.36373374,8.973824,09 Espaillat,2020,43,val
1.3004884,7.5796013,3.0200636,9.712058,09 Espaillat,2020,44,val
-0.45194876,7.1190414,3.79278,11.038321,09 Espaillat,2020,45,val
-1.2407267,6.1524878,4.7368126,11.193329,09 Espaillat,2020,46,val
-0.5573983,5.52326,3.9723237,12.166691,09 Espaillat,2020,47,val
-0.99199307,4.3578095,3.7577324,13.175346,09 Espaillat,2020,48,val
-3.0044382,-3.760613,4.3934226,12.180415,09 Espaillat,2020,49,val
5.3513627,-7.9183826,-5.5353775,8.063177,09 Espaillat,2020,50,val
-4.622235,-2.1061404,5.819225,12.855146,09 Espaillat,2020,51,val
-8.605777,0.21803956,9.094764,10.814343,09 Espaillat,2020,52,val
-11.113258,-1.0706841,7.9624043,11.092922,09 Espaillat,2021,1,val
-11.545019,-1.8996687,7.247832,8.922367,09 Espaillat,2021,2,val
-8.874397,-1.466281,7.254896,10.882301,09 Espaillat,2021,3,val
-10.439325,-2.0134199,5.9803977,11.011436,09 Espaillat,2021,4,val
-4.9306574,-7.374286,-2.7714853,8.9378195,09 Espaillat,2021,5,val
-5.111407,-7.4988246,-2.5878804,6.3194923,09 Espaillat,2021,6,val
-4.908509,-7.770231,-4.2884784,5.8253927,09 Espaillat,2021,7,val
-5.5003605,-8.026743,-6.1948833,5.2692347,09 Espaillat,2021,8,val
-8.241259,-8.89238,-7.210442,4.828303,09 Espaillat,2021,9,val
4.6458416,-10.433412,-10.825769,3.2101357,09 Espaillat,2021,10,val
-5.0486374,-8.924932,-8.922883,2.5121734,09 Espaillat,2021,11,val
-3.7193964,-8.060848,-9.205636,0.7224018,09 Espaillat,2021,12,val
-5.098414,-7.9665823,-10.923115,-1.2537906,09 Espaillat,2021,13,val
5.0945654,-10.164615,-10.460327,0.10837174,09 Espaillat,2021,14,val
-5.7127104,-8.359111,-11.259886,-4.7391467,09 Espaillat,2021,15,val
-4.668782,-6.5363364,-8.364494,-7.224976,09 Espaillat,2021,16,val
-0.8909403,-7.3965697,-10.180975,-4.251803,09 Espaillat,2021,17,val
-3.9313083,-1.0955836,-11.722134,-1.056654,09 Espaillat,2021,18,val
-3.00958,-0.38986552,-10.706073,-1.7056383,09 Espaillat,2021,19,val
5.6711917,-4.732471,-11.460333,-1.1707989,09 Espaillat,2021,20,val
-1.3474561,0.43583125,-11.982396,0.4201936,09 Espaillat,2021,21,val
0.018310817,0.21395166,-10.334218,-0.6198918,09 Espaillat,2021,22,val
-0.6499374,2.5889792,-11.082661,0.110249154,09 Espaillat,2021,23,val
0.30723518,3.7133775,-8.058513,-2.2141776,09 Espaillat,2021,24,val
0.81481296,4.2844963,-9.054006,-0.5284917,09 Espaillat,2021,25,val
0.2145576,6.5329747,-7.2739305,-2.3023133,09 Espaillat,2021,26,val
-3.917927,12.672403,2.7706997,1.5146663,09 Espaillat,2021,27,val
-4.129198,13.215238,3.082051,2.9575553,09 Espaillat,2021,28,val
-3.9841113,13.035624,1.5962095,1.0903066,09 Espaillat,2021,29,val
-2.9834397,12.47343,1.1936861,0.45036152,09 Espaillat,2021,30,val
-3.1419554,12.918384,1.2689666,0.4755754,09 Espaillat,2021,31,val
-4.5697174,13.8911,5.03749,3.8986633,09 Espaillat,2021,32,val
-3.5078902,12.735113,4.255346,1.9014053,09 Espaillat,2021,33,val
-3.4472573,12.429271,2.5212193,-0.34867778,09 Espaillat,2021,34,val
2.8855963,11.755676,-1.7498457,0.9321118,09 Espaillat,2021,35,val
1.4644032,12.102365,-2.2337663,3.2463028,09 Espaillat,2021,36,val
1.1735185,12.62913,-1.3184158,6.5174055,09 Espaillat,2021,37,val
0.11314135,12.984212,1.2499425,7.121635,09 Espaillat,2021,38,val
1.4961177,12.372795,0.008164377,8.0846195,09 Espaillat,2021,39,val
2.2861688,10.087761,0.58441776,6.9656744,09 Espaillat,2021,40,val
0.3005839,11.1295395,2.4229174,9.161414,09 Espaillat,2021,41,val
2.822201,8.470432,2.0697129,8.156601,09 Espaillat,2021,42,val
5.797587,5.6649365,0.41323745,7.5327477,09 Espaillat,2021,43,val
4.3830423,6.334898,2.0007818,8.599148,09 Espaillat,2021,44,val
4.2145534,5.4911146,2.750743,8.972881,09 Espaillat,2021,45,val
3.7663312,4.3189816,3.4770207,8.861743,09 Espaillat,2021,46,val
2.5146937,4.190915,2.0733633,12.376132,09 Espaillat,2021,47,val
-2.252499,-2.392622,5.4823117,10.763489,09 Espaillat,2021,48,val
-2.712116,-2.3954763,5.7558794,10.887443,09 Espaillat,2021,49,val
-2.9394794,-2.6189132,5.6280537,11.2615595,09 Espaillat,2021,50,val
-2.0299692,-4.0802727,4.833482,11.043546,09 Espaillat,2021,51,val
-10.412859,-0.48430833,8.937266,7.575362,09 Espaillat,2021,52,val
-9.069678,-1.3214437,6.8971767,-1.6883224,10 Independencia,2015,1,train
-9.686919,-2.6887891,6.704249,-2.333482,10 Independencia,2015,2,train
-8.830785,-3.6486363,6.3958464,-2.213449,10 Independencia,2015,3,train
-9.433494,-4.728232,6.3512797,-2.4058654,10 Independencia,2015,4,train
-3.8857307,-8.4440365,3.4365058,-0.052368443,10 Independencia,2015,5,train
-5.9312024,-7.1553187,1.7467927,0.38944802,10 Independencia,2015,6,train
-4.0743523,-7.5843396,0.9089223,0.783745,10 Independencia,2015,7,train
-6.6773705,-7.668781,0.9686834,-1.0033267,10 Independencia,2015,8,train
-7.0401235,-6.7280445,0.36164814,-2.1769001,10 Independencia,2015,9,train
-8.116302,-6.8359294,0.76414466,-3.8247051,10 Independencia,2015,10,train
-8.130454,-6.514353,0.46983692,-4.5376787,10 Independencia,2015,11,train
-4.8655925,-7.0620174,-0.2833032,-4.9894156,10 Independencia,2015,12,train
-5.958694,-6.615065,-0.41266334,-5.9427543,10 Independencia,2015,13,train
-5.738151,-6.1838055,-2.1394634,-4.7775974,10 Independencia,2015,14,train
-7.337755,-5.317373,-1.4640586,-6.075783,10 Independencia,2015,15,train
-8.473094,-4.7369742,-1.2293577,-7.630504,10 Independencia,2015,16,train
-7.427875,-4.5843415,-1.1789773,-7.6405377,10 Independencia,2015,17,train
-8.904908,-3.5786364,-1.1813956,-8.469575,10 Independencia,2015,18,train
-7.348252,-5.943474,0.7682938,-8.834244,10 Independencia,2015,19,train
-6.8127737,-4.9013276,0.9851725,-9.019819,10 Independencia,2015,20,train
-4.066122,-5.092353,1.2648762,-9.474124,10 Independencia,2015,21,train
-4.2988343,3.1926367,-6.338561,-3.9893684,10 Independencia,2015,22,train
-3.9650428,3.1703985,-5.367134,-4.9640718,10 Independencia,2015,23,train
-4.9928646,4.0077763,-4.6829,-5.957372,10 Independencia,2015,24,train
-4.338046,4.5269423,-4.2536564,-6.083541,10 Independencia,2015,25,train
-3.3622289,4.2127366,-3.7975636,-5.6483054,10 Independencia,2015,26,train
-10.048282,6.742237,4.2050996,-8.37607,10 Independencia,2015,27,train
-9.903119,7.061696,3.9105456,-8.547689,10 Independencia,2015,28,train
-9.013716,6.9525995,4.5784655,-7.51005,10 Independencia,2015,29,train
-8.23718,6.3265133,3.6175225,-7.4309793,10 Independencia,2015,30,train
-11.50631,6.951741,3.6918745,-9.657333,10 Independencia,2015,31,train
-9.32305,6.1750946,4.3830767,-7.989988,10 Independencia,2015,32,train
-8.538472,5.5437145,3.2188563,-7.7585382,10 Independencia,2015,33,train
-8.241406,5.7500114,3.8525584,-8.17117,10 Independencia,2015,34,train
7.9732547,1.2520032,-0.8692415,-0.41073868,10 Independencia,2015,35,train
5.678828,3.2303057,1.4446532,-1.8542672,10 Independencia,2015,36,train
6.3788095,3.103829,0.7072529,-1.470987,10 Independencia,2015,37,train
6.601224,2.5762632,1.7585896,-1.47636,10 Independencia,2015,38,train
5.667085,2.1429749,3.237449,-2.0106776,10 Independencia,2015,39,train
7.1597786,1.0259688,3.965451,-2.0174592,10 Independencia,2015,40,train
7.0094185,0.44742998,2.9708908,-1.4370928,10 Independencia,2015,41,train
6.4179144,-0.08489299,4.20958,-2.1370301,10 Independencia,2015,42,train
6.5273232,-0.27989304,5.764579,-2.2264738,10 Independencia,2015,43,train
6.717118,-0.59727025,5.696424,-1.8562446,10 Independencia,2015,44,train
6.0904436,-0.3233858,4.0266323,0.14269525,10 Independencia,2015,45,train
5.8382874,-0.57212806,4.175246,0.6410751,10 Independencia,2015,46,train
7.1615047,-0.9695744,4.0149736,1.5730253,10 Independencia,2015,47,train
7.647167,-1.2394828,4.022712,2.2405064,10 Independencia,2015,48,train
4.568299,-0.362879,4.514286,2.4127672,10 Independencia,2015,49,train
2.7722597,-4.5378566,5.035149,1.4062091,10 Independencia,2015,50,train
2.612862,-4.6364174,5.1091356,1.7367982,10 Independencia,2015,51,train
-7.5697722,-1.3082594,7.721194,-2.1557362,10 Independencia,2015,52,train
-7.5559425,-4.5089927,8.909034,-6.0358534,10 Independencia,2016,1,train
-8.171906,-5.3536687,8.678721,-6.5061502,10 Independencia,2016,2,train
-8.733665,-6.1873393,8.553691,-6.8614683,10 Independencia,2016,3,train
-7.502054,-6.5860443,8.076796,-5.91006,10 Independencia,2016,4,train
-5.0221615,-9.905404,5.2112417,-4.8742385,10 Independencia,2016,5,train
-4.2581825,-8.628388,4.426486,-4.635917,10 Independencia,2016,6,train
-4.537607,-9.946036,4.600936,-4.80695,10 Independencia,2016,7,train
-5.5812373,-8.659116,4.0081563,-5.726871,10 Independencia,2016,8,train
4.6824827,-7.249622,0.4508619,-2.2440214,10 Independencia,2016,9,train
-7.449679,-8.709115,0.770296,-3.8862681,10 Independencia,2016,10,train
-5.5714774,-7.5711823,0.7181978,-5.253047,10 Independencia,2016,11,train
-7.975334,-6.7469897,0.5664575,-6.647391,10 Independencia,2016,12,train
-6.4613113,-6.5590353,0.6183319,-6.861428,10 Independencia,2016,13,train
-3.4908874,-7.0999627,1.2183049,-6.9905586,10 Independencia,2016,14,train
-3.3848271,-7.2199874,1.0416181,-7.1617236,10 Independencia,2016,15,train
4.371649,-6.5985513,-1.5819914,-3.0163038,10 Independencia,2016,16,train
5.8621125,-7.0272675,-2.1108065,-3.6943588,10 Independencia,2016,17,train
3.6685264,-3.2110012,-6.675122,-1.202131,10 Independencia,2016,18,train
-3.5201645,2.2538154,-8.21907,2.102472,10 Independencia,2016,19,train
-4.5509496,2.8740315,-6.778369,0.046880797,10 Independencia,2016,20,train
3.4755843,-1.9987307,-6.079429,-0.82856536,10 Independencia,2016,21,train
-2.3809733,3.282188,-7.4479036,2.553743,10 Independencia,2016,22,train
-4.930008,5.2458653,-6.173097,0.71612895,10 Independencia,2016,23,train
-5.7775145,6.125393,-6.1123924,0.4019287,10 Independencia,2016,24,train
-4.6096992,6.4782605,-6.055249,1.8818573,10 Independencia,2016,25,train
-3.8415058,6.242152,-5.237611,1.1134408,10 Independencia,2016,26,train
-8.013857,7.9714427,0.26688623,-2.3470445,10 Independencia,2016,27,train
-7.7495017,7.7165713,-0.123424135,-2.3563707,10 Independencia,2016,28,train
-8.142056,7.8716507,0.1351117,-1.8970995,10 Independencia,2016,29,train
-7.90636,7.3713026,0.3364903,-2.6926036,10 Independencia,2016,30,train
-7.1713285,8.169854,1.6095152,-0.57393926,10 Independencia,2016,31,train
-7.837829,8.595823,-0.7144116,0.25707537,10 Independencia,2016,32,train
-9.082616,8.488058,-1.2691337,-2.851684,10 Independencia,2016,33,train
-11.176793,9.766964,10.30791,0.5995744,10 Independencia,2016,34,train
2.500164,6.246987,-2.60427,1.9345711,10 Independencia,2016,35,train
2.296738,6.656414,-3.0481257,3.0039628,10 Independencia,2016,36,train
2.5803616,6.3473377,-2.7131598,2.543004,10 Independencia,2016,37,train
2.3800356,6.1739326,-2.3380435,3.2011874,10 Independencia,2016,38,train
3.5594516,5.501237,-2.3023896,3.6770914,10 Independencia,2016,39,train
5.2933335,0.2233544,-4.9819303,3.6343226,10 Independencia,2016,40,train
0.8646663,5.6459184,-0.0073171766,5.387701,10 Independencia,2016,41,train
4.499815,0.510342,-3.5034928,4.7327495,10 Independencia,2016,42,train
0.31617117,5.2260537,-0.15674976,6.6112003,10 Independencia,2016,43,train
1.0647709,4.350939,0.23688751,6.3041744,10 Independencia,2016,44,train
0.3546962,4.206017,0.53925514,6.869469,10 Independencia,2016,45,train
-1.7320095,4.7234664,0.05599327,8.837394,10 Independencia,2016,46,train
-0.38367665,2.8850164,-0.6357647,8.886152,10 Independencia,2016,47,train
0.6586481,2.289966,-0.64910245,8.618379,10 Independencia,2016,48,train
2.3058558,1.7653129,0.55500394,7.031818,10 Independencia,2016,49,train
2.0232162,1.5151497,0.89237237,6.648831,10 Independencia,2016,50,train
2.451898,0.6869897,0.4174749,6.6299796,10 Independencia,2016,51,train
-10.83376,4.7124825,2.466575,3.5000408,10 Independencia,2016,52,train
-13.502277,3.798056,1.7577507,2.7872934,10 Independencia,2017,1,train
-16.109856,3.7495525,1.1723506,3.2403169,10 Independencia,2017,2,train
-19.205366,3.5935793,0.66371006,2.2503233,10 Independencia,2017,3,train
-16.005598,3.7824304,0.34262672,4.7605505,10 Independencia,2017,4,train
-11.954755,0.9983815,-3.5299308,4.8236203,10 Independencia,2017,5,train
-10.016228,0.5972545,-3.332185,4.2384067,10 Independencia,2017,6,train
-10.273469,0.44421476,-5.078676,5.7604623,10 Independencia,2017,7,train
-12.424957,0.6238985,-5.0827956,4.5473957,10 Independencia,2017,8,train
-13.212316,0.5822242,-4.729184,2.529452,10 Independencia,2017,9,train
-12.340404,0.0416186,-6.1072083,2.658573,10 Independencia,2017,10,train
-10.269023,-0.3522424,-6.8212366,2.383232,10 Independencia,2017,11,train
-8.605395,-0.6973866,-8.929218,3.0423672,10 Independencia,2017,12,train
-13.271022,0.61264545,-7.5035825,-0.12639278,10 Independencia,2017,13,train
-9.295668,1.5641646,-7.9362845,0.90510607,10 Independencia,2017,14,train
-12.494868,2.5360813,-8.940997,0.29493716,10 Independencia,2017,15,train
3.0708587,-3.6273031,-7.771705,0.24845396,10 Independencia,2017,16,train
-3.165556,0.105810605,-8.76631,2.2682238,10 Independencia,2017,17,train
-5.505101,1.6534269,-9.070491,1.9001427,10 Independencia,2017,18,train
-7.497986,3.5902224,-8.723909,1.4740602,10 Independencia,2017,19,train
-6.0603433,3.6996908,-7.408396,2.392221,10 Independencia,2017,20,train
-7.449768,3.7526665,-5.622372,-1.5197289,10 Independencia,2017,21,train
-7.06219,4.4983816,-5.57226,-1.3010087,10 Independencia,2017,22,train
-7.0897694,5.119047,-5.5348735,-2.653834,10 Independencia,2017,23,train
-6.141993,5.360547,-5.5528026,-1.5828246,10 Independencia,2017,24,train
-5.5870686,5.037429,-4.430054,-2.4260607,10 Independencia,2017,25,train
-5.7466125,6.0469723,-4.6124024,-2.747718,10 Independencia,2017,26,train
-9.980324,7.7240386,-0.49775106,-3.7268932,10 Independencia,2017,27,train
-10.803826,9.043665,-1.2815286,-2.5110595,10 Independencia,2017,28,train
-9.627912,7.8858275,-0.87240106,-4.109115,10 Independencia,2017,29,train
-9.270887,8.381186,-1.0668921,-3.214842,10 Independencia,2017,30,train
-9.256129,8.018698,-0.7635554,-2.9164844,10 Independencia,2017,31,train
-8.933699,8.535291,-0.8804962,-2.277524,10 Independencia,2017,32,train
-9.542368,8.381853,-0.9972015,-3.08215,10 Independencia,2017,33,train
-10.162197,8.387547,-0.93917704,-3.2269197,10 Independencia,2017,34,train
3.6781468,6.4769626,-2.674199,1.3659962,10 Independencia,2017,35,train
3.6026254,5.8084016,-2.3179007,1.8855026,10 Independencia,2017,36,train
3.2253957,5.6225867,-1.7848333,2.368213,10 Independencia,2017,37,train
4.1330204,5.164563,-1.8385391,2.069314,10 Independencia,2017,38,train
3.7399457,4.5414357,-1.2430301,2.5925045,10 Independencia,2017,39,train
3.444224,4.823742,-1.2058928,4.0196633,10 Independencia,2017,40,train
3.9824927,4.3501406,-1.2021835,4.4634523,10 Independencia,2017,41,train
2.9033036,3.1103926,-0.15868863,3.6399598,10 Independencia,2017,42,train
4.610625,2.4855,-0.48736063,4.391096,10 Independencia,2017,43,train
4.900314,2.7139907,-0.5270666,5.507735,10 Independencia,2017,44,train
4.184209,-0.7734861,-2.8775284,5.661814,10 Independencia,2017,45,train
4.1444573,-1.2972379,-2.9284484,5.705972,10 Independencia,2017,46,train
0.5941511,2.4859035,0.055421457,7.811503,10 Independencia,2017,47,train
2.956545,0.8867857,-0.13903064,7.480179,10 Independencia,2017,48,train
1.9445788,0.2916168,0.42220014,6.950662,10 Independencia,2017,49,train
3.3952975,-0.2489499,0.2666195,7.373589,10 Independencia,2017,50,train
3.7670922,-0.29108873,0.43611,6.9689136,10 Independencia,2017,51,train
-13.730301,3.6575599,2.2253232,1.9132198,10 Independencia,2017,52,train
-12.170565,8.108985,10.793543,4.282949,10 Independencia,2018,1,train
-9.232437,4.218166,1.5883489,8.053911,10 Independencia,2018,2,train
-10.894384,3.1766512,1.0565361,5.294285,10 Independencia,2018,3,train
-10.832421,3.0608926,0.78272647,5.3326635,10 Independencia,2018,4,train
-11.630221,0.6837226,-3.1944978,4.7433057,10 Independencia,2018,5,train
-9.836758,0.33266044,-3.0877047,3.7798388,10 Independencia,2018,6,train
-11.799125,0.2679437,-4.0194364,4.0195518,10 Independencia,2018,7,train
-11.711239,0.32329258,-3.509833,2.5009973,10 Independencia,2018,8,train
-12.678773,-5.3710847,-0.73387194,-0.06826091,10 Independencia,2018,9,train
-12.142344,-4.8786173,-2.4760027,-0.54203784,10 Independencia,2018,10,train
-10.380336,-4.4707346,-3.065233,-1.2893909,10 Independencia,2018,11,train
-10.474832,-4.060926,-3.0953555,-2.5461187,10 Independencia,2018,12,train
-15.155206,-4.035371,-3.204932,-5.0300508,10 Independencia,2018,13,train
-10.221821,-4.0014286,-3.603361,-4.3061013,10 Independencia,2018,14,train
-9.779575,-3.8663332,-3.6663053,-4.56499,10 Independencia,2018,15,train
-8.839631,-3.2685266,-3.4510713,-5.012456,10 Independencia,2018,16,train
-7.4827256,-3.2066321,-3.687974,-5.3689623,10 Independencia,2018,17,train
-6.6961427,-4.2124333,-5.013616,-4.4370713,10 Independencia,2018,18,train
-3.954912,-3.1522784,-4.640089,-5.085202,10 Independencia,2018,19,train
-5.118612,-2.2757347,-3.6626937,-5.9906445,10 Independencia,2018,20,train
-5.983495,-1.3315811,-3.1176183,-7.2302713,10 Independencia,2018,21,train
-5.6397147,-0.8908706,-2.9144716,-7.9104567,10 Independencia,2018,22,train
-6.156668,-0.250626,-2.5248222,-9.014554,10 Independencia,2018,23,train
-4.165027,-0.31687105,-2.5648437,-8.512032,10 Independencia,2018,24,train
-3.4715412,-0.029315194,-2.472974,-8.574947,10 Independencia,2018,25,train
-4.9224386,3.561235,-3.838053,-7.511869,10 Independencia,2018,26,train
-10.147557,6.1246343,0.7928636,-7.48863,10 Independencia,2018,27,train
-8.770258,7.894606,2.7003682,-5.6298695,10 Independencia,2018,28,train
-8.538963,7.490166,1.9063733,-6.0627213,10 Independencia,2018,29,train
-7.2940755,7.0334835,2.1570585,-5.1178913,10 Independencia,2018,30,train
-8.517581,6.939329,0.43979487,-6.9644933,10 Independencia,2018,31,train
-9.554903,7.1733394,2.6598372,-6.5340586,10 Independencia,2018,32,train
-8.28417,6.856218,2.7827017,-5.6694765,10 Independencia,2018,33,train
-7.692558,5.8106904,1.7344038,-5.6937947,10 Independencia,2018,34,train
5.108604,4.7395906,-0.7276513,-0.0054076053,10 Independencia,2018,35,train
5.273123,4.2043157,-0.6029222,-0.31512555,10 Independencia,2018,36,train
6.1035004,4.3778896,-0.27861822,0.15926905,10 Independencia,2018,37,train
4.5664153,4.0530176,0.6233799,0.4123822,10 Independencia,2018,38,train
5.6315355,3.7426345,0.26496595,0.81401,10 Independencia,2018,39,train
4.668466,4.438491,1.8632433,2.3123746,10 Independencia,2018,40,train
3.832619,4.1514015,2.6111984,2.2725158,10 Independencia,2018,41,train
6.1725807,1.856653,0.7482679,2.5753756,10 Independencia,2018,42,train
6.3962054,1.4493911,0.7331743,2.7978296,10 Independencia,2018,43,train
6.170836,1.4896702,1.4363453,3.1138637,10 Independencia,2018,44,train
6.7791004,0.81099916,1.2402471,3.3746963,10 Independencia,2018,45,train
5.2152624,0.82691854,2.6718955,3.193999,10 Independencia,2018,46,train
6.368707,-0.23993221,2.4177752,3.768586,10 Independencia,2018,47,train
3.239379,-4.573695,3.4221451,3.7625172,10 Independencia,2018,48,train
2.6779509,-4.5513783,2.6207476,4.9234133,10 Independencia,2018,49,train
2.1701684,-4.514095,3.0845747,5.0571337,10 Independencia,2018,50,train
2.1466362,-4.731345,2.9968512,5.2292156,10 Independencia,2018,51,train
-11.627649,-0.39071795,6.8616576,-0.9984836,10 Independencia,2018,52,train
-10.576056,-1.4311819,7.444617,-0.90940845,10 Independencia,2019,1,train
-13.170862,-2.723326,6.386812,-1.7785571,10 Independencia,2019,2,train
-12.260789,-3.3852587,6.2240252,-1.4502175,10 Independencia,2019,3,train
-13.537191,-3.6406896,5.793642,-2.011169,10 Independencia,2019,4,train
-4.735734,-7.8609104,2.2405853,1.4751992,10 Independencia,2019,5,train
-8.118865,-9.217873,3.5444906,-2.2180598,10 Independencia,2019,6,train
-5.778136,-8.856542,2.698183,-1.8550229,10 Independencia,2019,7,train
-8.285431,-8.217928,2.2930913,-3.1703634,10 Independencia,2019,8,train
-7.757747,-8.601424,2.1217558,-3.385152,10 Independencia,2019,9,train
-8.59101,-8.652582,0.15151381,-2.8897665,10 Independencia,2019,10,train
-10.364512,-7.816694,-0.11170588,-4.14015,10 Independencia,2019,11,train
-9.643916,-7.97172,-0.17786199,-5.581437,10 Independencia,2019,12,train
3.46999,-6.5181327,-3.7561104,-0.80699563,10 Independencia,2019,13,train
-7.530879,-6.3457966,-2.6117013,-4.825841,10 Independencia,2019,14,train
-6.9195194,-5.4765835,-2.1854565,-5.4599056,10 Independencia,2019,15,train
-6.916078,-5.596793,-1.8007895,-5.934306,10 Independencia,2019,16,train
3.6090548,-5.969954,-4.091302,-1.4502153,10 Independencia,2019,17,train
-5.297479,0.34039846,-7.335857,-1.3937311,10 Independencia,2019,18,train
-7.8978314,2.0207877,-6.9068823,-2.7522714,10 Independencia,2019,19,train
-8.959763,2.9575107,-5.6156254,-4.8030386,10 Independencia,2019,20,train
-5.880803,3.269758,-7.865209,-1.0387828,10 Independencia,2019,21,train
-1.6405226,1.5288017,-8.3424015,1.1827855,10 Independencia,2019,22,train
-3.0660875,3.2061744,-6.234593,-1.679159,10 Independencia,2019,23,train
-4.89076,4.4750896,-5.2195415,-3.7370305,10 Independencia,2019,24,train
-5.2266135,4.7033706,-3.3899841,-5.963355,10 Independencia,2019,25,train
-4.9786687,4.915217,-3.1154034,-6.267154,10 Independencia,2019,26,train
-7.400382,5.633836,1.7177899,-12.377592,10 Independencia,2019,27,train
-4.677875,4.9824142,2.9644566,-9.938214,10 Independencia,2019,28,train
-4.72553,5.5341077,1.8444892,-12.627238,10 Independencia,2019,29,train
-5.5301185,5.582737,1.5251021,-12.25025,10 Independencia,2019,30,train
-3.4943292,5.0385494,2.7285302,-10.379855,10 Independencia,2019,31,train
-3.3976743,5.007871,1.7607768,-9.989137,10 Independencia,2019,32,train
-5.158281,5.018754,1.0886158,-9.844573,10 Independencia,2019,33,train
-3.3585925,4.835254,1.8759351,-9.163506,10 Independencia,2019,34,train
5.3162622,3.7775848,-0.09426615,-4.176865,10 Independencia,2019,35,train
6.692691,2.5519812,1.2245092,-2.9945092,10 Independencia,2019,36,train
5.978944,2.7609751,1.1084532,-2.4233105,10 Independencia,2019,37,train
6.846402,2.496452,2.3864617,-1.1413219,10 Independencia,2019,38,train
7.9565215,-0.77610856,-1.1676874,-0.22200759,10 Independencia,2019,39,train
5.078138,3.3348122,3.0005705,0.8570412,10 Independencia,2019,40,train
6.367723,1.733115,1.1861595,1.2805613,10 Independencia,2019,41,train
6.9699535,1.3089644,1.2485824,1.755083,10 Independencia,2019,42,train
6.078425,1.1748704,1.7608795,1.7209113,10 Independencia,2019,43,train
7.2631726,0.54051936,1.6705325,2.2543762,10 Independencia,2019,44,train
6.430714,0.2792553,2.0496194,2.1220753,10 Independencia,2019,45,train
5.6220436,0.6920206,3.598925,2.4000888,10 Independencia,2019,46,train
6.441047,-0.54626316,2.9243095,2.6881032,10 Independencia,2019,47,train
7.66781,-1.027719,2.3604488,3.293964,10 Independencia,2019,48,train
3.2814858,-4.942472,4.3973484,2.4328976,10 Independencia,2019,49,train
2.472048,-4.713784,3.8951344,2.7213461,10 Independencia,2019,50,train
1.6172138,-4.6070423,4.253928,2.984028,10 Independencia,2019,51,train
-9.34371,-1.0637671,7.9418406,-1.7385128,10 Independencia,2019,52,train
-11.814217,-1.7161608,6.3606124,-2.1993892,10 Independencia,2020,1,val
-12.009778,-1.9214187,5.668079,-1.9981117,10 Independencia,2020,2,val
-12.089761,-2.3143673,5.222416,-1.8933941,10 Independencia,2020,3,val
-10.228232,-3.5240731,5.666622,-1.0597687,10 Independencia,2020,4,val
-6.647334,-6.831568,2.4381537,0.25073805,10 Independencia,2020,5,val
-7.0495706,-6.776202,2.3748407,-0.99299914,10 Independencia,2020,6,val
-8.224362,-6.7534647,2.0644283,-1.6681218,10 Independencia,2020,7,val
-7.1811466,-7.4967227,1.7818763,-2.2691479,10 Independencia,2020,8,val
-6.065663,-8.426517,1.2286385,-2.6173978,10 Independencia,2020,9,val
-5.1717424,-7.5480704,0.97984695,-3.6863418,10 Independencia,2020,10,val
-8.982857,-8.143001,0.9919143,-5.813644,10 Independencia,2020,11,val
-11.323083,-8.065414,1.0466515,-8.146835,10 Independencia,2020,12,val
-7.5423756,-8.034416,0.6609861,-7.6503496,10 Independencia,2020,13,val
-9.6595545,-7.5349193,0.09930651,-9.672618,10 Independencia,2020,14,val
-7.2789335,-5.567838,-0.032583185,-8.336021,10 Independencia,2020,15,val
-7.4806995,-5.7947297,-0.09934881,-8.88536,10 Independencia,2020,16,val
-6.9941783,-5.1522913,-0.22802283,-8.515137,10 Independencia,2020,17,val
-6.6037717,-5.1959524,0.120621316,-9.0097275,10 Independencia,2020,18,val
-3.849232,-4.6457973,-0.57226205,-7.9023304,10 Independencia,2020,19,val
-3.2983143,-4.1919723,-0.58528936,-7.6962957,10 Independencia,2020,20,val
-4.5617657,-3.9138486,0.32872108,-9.761714,10 Independencia,2020,21,val
-3.653105,-4.4722795,0.6833697,-10.84763,10 Independencia,2020,22,val
-6.5598307,5.3966646,-6.063126,-1.0924034,10 Independencia,2020,23,val
-7.5802236,6.8734794,-6.740285,-0.3274605,10 Independencia,2020,24,val
-5.8757563,6.353151,-5.5431824,-1.0725449,10 Independencia,2020,25,val
-7.595787,7.6021686,-5.6282854,-2.3958972,10 Independencia,2020,26,val
-10.459357,9.60296,-0.60576445,-0.65332323,10 Independencia,2020,27,val
-10.3219,8.846019,-1.1476991,-2.9719615,10 Independencia,2020,28,val
-10.614854,9.588155,-0.848636,-0.8137699,10 Independencia,2020,29,val
-9.313331,8.379156,-0.76204264,-2.992375,10 Independencia,2020,30,val
-11.588756,9.357597,-1.0875621,-2.5704982,10 Independencia,2020,31,val
-8.79064,9.021853,-1.8239425,-1.7780983,10 Independencia,2020,32,val
-9.120023,9.035356,-1.8270057,-1.514655,10 Independencia,2020,33,val
-10.810922,8.572982,6.7996235,-0.27389032,10 Independencia,2020,34,val
0.2441336,7.5300856,-3.3383477,3.9371097,10 Independencia,2020,35,val
0.38386416,7.063879,-3.4541082,4.343719,10 Independencia,2020,36,val
1.4849603,6.8300686,-3.3976827,4.3615427,10 Independencia,2020,37,val
3.1324408,6.55808,-3.1261883,4.007771,10 Independencia,2020,38,val
3.1264417,5.453666,-2.4574108,3.6585586,10 Independencia,2020,39,val
2.6659384,5.305102,-2.737761,5.708657,10 Independencia,2020,40,val
1.1705245,5.663174,-2.5247245,6.759023,10 Independencia,2020,41,val
2.334879,4.468038,-2.065336,5.973778,10 Independencia,2020,42,val
2.1628644,3.970902,-1.4095879,5.945574,10 Independencia,2020,43,val
3.3003013,2.7528145,-1.1697398,5.7507424,10 Independencia,2020,44,val
4.122009,-0.07794791,-2.583096,6.2407866,10 Independencia,2020,45,val
-1.8107088,3.5720766,-0.5775553,8.854561,10 Independencia,2020,46,val
-1.0946021,2.2641432,-0.91576666,8.952982,10 Independencia,2020,47,val
1.7846326,0.8481842,-0.818303,8.535767,10 Independencia,2020,48,val
-1.9287564,-3.5857296,0.70111006,8.416361,10 Independencia,2020,49,val
-2.2277198,-3.4587216,0.617685,8.409376,10 Independencia,2020,50,val
-1.7101709,-3.7395897,0.8146883,7.485215,10 Independencia,2020,51,val
-11.214036,-0.4268472,4.784707,3.817394,10 Independencia,2020,52,val
-13.151325,-0.6087483,4.436839,3.9522166,10 Independencia,2021,1,val
-13.235153,-0.8592436,4.2609396,4.0022264,10 Independencia,2021,2,val
-12.516918,-1.2818558,3.6564887,4.1182756,10 Independencia,2021,3,val
-15.968303,-2.1246173,3.3877468,2.5593622,10 Independencia,2021,4,val
-7.8887854,-4.18978,-1.3203171,5.586704,10 Independencia,2021,5,val
-8.640362,-4.1288147,-0.9156595,3.7084756,10 Independencia,2021,6,val
-9.838055,-4.2757993,-1.7123752,3.5667222,10 Independencia,2021,7,val
-10.32157,-4.224545,-2.0003345,2.9747386,10 Independencia,2021,8,val
-11.533133,-4.584999,-3.5547507,2.85285,10 Independencia,2021,9,val
2.0046146,-5.862961,-5.0324044,1.3775078,10 Independencia,2021,10,val
-11.7669,-5.1481805,-4.4717064,0.89070904,10 Independencia,2021,11,val
2.201804,-6.0192976,-5.842372,0.42551368,10 Independencia,2021,12,val
-8.341097,-4.519568,-5.9789276,-0.34477824,10 Independencia,2021,13,val
-4.581269,-5.053841,-6.7959404,0.095513515,10 Independencia,2021,14,val
-12.1821995,-4.3595376,-4.8345284,-4.1065493,10 Independencia,2021,15,val
-8.648954,-3.39268,-4.08341,-3.6092093,10 Independencia,2021,16,val
-6.421849,-4.7349677,-5.863706,-2.7863474,10 Independencia,2021,17,val
-8.169254,1.5592979,-8.313413,0.83861876,10 Independencia,2021,18,val
-8.104183,1.7279668,-6.3098655,-1.3317382,10 Independencia,2021,19,val
-9.865912,3.2195685,-7.6367736,0.062179152,10 Independencia,2021,20,val
-8.544036,4.0990376,-8.034281,1.1394393,10 Independencia,2021,21,val
-6.2722178,3.1329513,-5.640996,-0.8252363,10 Independencia,2021,22,val
-6.5960183,4.024581,-6.050529,-0.8249349,10 Independencia,2021,23,val
-6.152354,4.1083794,-4.014788,-3.0762744,10 Independencia,2021,24,val
-5.4410586,5.0955734,-5.548567,-0.67859125,10 Independencia,2021,25,val
-4.4407644,5.3165154,-5.065387,-0.2296446,10 Independencia,2021,26,val
-9.235593,8.295154,-0.40099013,-2.4495888,10 Independencia,2021,27,val
-9.550409,8.878246,0.29218382,-0.30440944,10 Independencia,2021,28,val
-8.401095,8.335533,-0.5940513,-0.93620825,10 Independencia,2021,29,val
-8.491294,8.056809,-0.92305964,-2.6276436,10 Independencia,2021,30,val
-9.458413,8.474812,-1.0662885,-2.8194625,10 Independencia,2021,31,val
-12.394382,10.118122,10.273548,-0.2094563,10 Independencia,2021,32,val
-8.248728,10.3383,11.071964,2.4173214,10 Independencia,2021,33,val
-7.5844884,7.662686,0.11758782,-2.5881612,10 Independencia,2021,34,val
3.265935,6.319459,-2.504504,0.9267625,10 Independencia,2021,35,val
2.2220447,6.677999,-3.2295675,2.1949697,10 Independencia,2021,36,val
2.7221682,6.5828834,-3.2475083,3.7392254,10 Independencia,2021,37,val
2.9658937,6.5981455,-3.3051693,4.835869,10 Independencia,2021,38,val
2.9553246,5.999565,-2.9184778,5.146817,10 Independencia,2021,39,val
3.3384151,4.86177,-2.1893313,4.9075985,10 Independencia,2021,40,val
1.9625995,5.592469,-2.8780556,6.808134,10 Independencia,2021,41,val
3.1112154,3.3636973,-1.4325885,4.9244695,10 Independencia,2021,42,val
3.9494324,3.2816432,-1.3532956,5.933655,10 Independencia,2021,43,val
3.4009109,2.644546,-1.0179863,5.996163,10 Independencia,2021,44,val
3.6502492,2.0704746,-0.72924036,6.119889,10 Independencia,2021,45,val
4.7395196,1.0668949,-0.03468718,6.0732136,10 Independencia,2021,46,val
3.4230373,0.88284594,-0.3818788,7.4582815,10 Independencia,2021,47,val
3.374331,0.2826097,0.00794313,6.937426,10 Independencia,2021,48,val
3.3065684,0.14536035,-0.033540066,7.3939877,10 Independencia,2021,49,val
0.0013827201,-3.7308664,1.1225404,7.219424,10 Independencia,2021,50,val
-0.3626368,-3.9506898,1.1127317,7.7597013,10 Independencia,2021,51,val
-14.506831,-0.42761013,5.1396127,1.7676272,10 Independencia,2021,52,val
-3.7872002,-0.70283294,6.241851,0.8246917,11 La Altagracia,2015,1,train
-4.3509617,-1.7924488,5.989266,0.6871624,11 La Altagracia,2015,2,train
-3.9859538,-2.827642,6.499239,0.87078446,11 La Altagracia,2015,3,train
-4.8827333,-3.588119,5.786154,0.5608264,11 La Altagracia,2015,4,train
-1.4451016,-6.405894,0.6818253,0.7900802,11 La Altagracia,2015,5,train
-2.6392906,-6.138345,0.081798024,1.1199799,11 La Altagracia,2015,6,train
-1.8163975,-5.954324,-0.84684736,0.84518206,11 La Altagracia,2015,7,train
-2.2609878,-5.695794,-1.2755347,0.26760265,11 La Altagracia,2015,8,train
-2.9642234,-4.98354,-1.3892775,-0.4106339,11 La Altagracia,2015,9,train
-3.3078291,-5.0428343,-1.0825864,-1.2474315,11 La Altagracia,2015,10,train
-3.3191147,-4.5124774,-1.2639941,-1.5193571,11 La Altagracia,2015,11,train
-3.7917707,-6.0053782,-1.7403419,-2.6237988,11 La Altagracia,2015,12,train
-3.5503776,-5.599719,-1.8317512,-3.165144,11 La Altagracia,2015,13,train
-4.1873,-4.7949905,-2.6721003,-2.6928434,11 La Altagracia,2015,14,train
-2.7821257,-4.366575,-3.0871246,-2.4045782,11 La Altagracia,2015,15,train
-3.1267238,-4.4356866,-3.0941515,-3.023239,11 La Altagracia,2015,16,train
-3.9122424,-4.2803116,-2.7213156,-4.25947,11 La Altagracia,2015,17,train
-3.4355688,-0.1290139,-5.3947077,-3.0889835,11 La Altagracia,2015,18,train
-2.964513,0.08160026,-5.6707673,-2.4070692,11 La Altagracia,2015,19,train
-2.4681327,0.06681272,-5.170197,-2.2819407,11 La Altagracia,2015,20,train
-1.1856681,0.19322154,-5.662557,-2.2352257,11 La Altagracia,2015,21,train
-0.42374685,0.1251135,-5.839682,-2.0894992,11 La Altagracia,2015,22,train
-1.0316305,1.586252,-5.1769376,-3.1213377,11 La Altagracia,2015,23,train
-1.0100641,1.9854085,-4.643531,-3.3730485,11 La Altagracia,2015,24,train
-0.2447262,1.924376,-4.2020016,-2.911723,11 La Altagracia,2015,25,train
0.3902617,1.8454497,-3.4742978,-2.5487082,11 La Altagracia,2015,26,train
-2.8885403,4.960444,4.688265,-2.107334,11 La Altagracia,2015,27,train
-2.9286463,6.102446,6.6428328,-1.2443656,11 La Altagracia,2015,28,train
-3.0638978,5.5267043,4.9163346,-2.6088772,11 La Altagracia,2015,29,train
-3.278218,6.134748,5.323749,-2.9824905,11 La Altagracia,2015,30,train
-3.2934022,4.990341,4.288089,-2.932971,11 La Altagracia,2015,31,train
-3.435263,5.1414194,5.4090996,-3.358128,11 La Altagracia,2015,32,train
-3.4824038,5.3190885,5.4025598,-3.7680614,11 La Altagracia,2015,33,train
-3.625433,5.620798,6.11476,-3.9747486,11 La Altagracia,2015,34,train
1.8702991,3.8972352,2.8923724,-0.4259576,11 La Altagracia,2015,35,train
3.4019468,3.4791625,3.5110285,-1.907102,11 La Altagracia,2015,36,train
2.908723,3.0990782,3.5361016,-1.450878,11 La Altagracia,2015,37,train
2.7080874,3.531115,4.3601127,-1.0245284,11 La Altagracia,2015,38,train
3.9236834,3.0400999,4.3751225,-1.6509234,11 La Altagracia,2015,39,train
3.6758113,1.3460668,4.6991234,-2.33367,11 La Altagracia,2015,40,train
3.7983747,1.0856088,5.1730804,-1.9557594,11 La Altagracia,2015,41,train
4.3657103,0.88851696,5.771938,-2.0278306,11 La Altagracia,2015,42,train
4.7440486,0.77986175,6.849991,-1.843137,11 La Altagracia,2015,43,train
3.3776455,1.1133137,7.162975,-1.0443099,11 La Altagracia,2015,44,train
1.5052474,2.4644873,7.1547637,1.09073,11 La Altagracia,2015,45,train
2.2259731,1.1508082,5.1250944,0.8405007,11 La Altagracia,2015,46,train
2.4066746,0.8248009,5.190252,1.6602473,11 La Altagracia,2015,47,train
1.5449125,-3.2636502,6.4121804,0.9590523,11 La Altagracia,2015,48,train
0.07035912,-2.2305646,5.9065914,1.1108029,11 La Altagracia,2015,49,train
0.04349541,-2.5944595,5.630103,1.4587295,11 La Altagracia,2015,50,train
-0.3352278,-2.201335,5.8032126,1.8302014,11 La Altagracia,2015,51,train
-3.3375692,-0.030633828,7.5455174,0.30896625,11 La Altagracia,2015,52,train
-2.8544626,-3.0479236,9.57049,-1.9092162,11 La Altagracia,2016,1,train
-3.8455591,-3.6700284,7.945345,-2.3679633,11 La Altagracia,2016,2,train
-4.1058173,-4.817379,7.728874,-2.844164,11 La Altagracia,2016,3,train
-3.386263,-4.4102626,6.9827776,-2.2830253,11 La Altagracia,2016,4,train
-0.38830313,-7.9693203,3.2489474,-1.8763504,11 La Altagracia,2016,5,train
-1.3568879,-7.3175073,2.5119467,-2.2201185,11 La Altagracia,2016,6,train
-0.89491457,-7.178346,1.8490894,-2.1802359,11 La Altagracia,2016,7,train
-1.8886759,-7.7729797,2.0071456,-2.9455147,11 La Altagracia,2016,8,train
-1.3019967,-7.535714,1.3401526,-2.9890459,11 La Altagracia,2016,9,train
-3.0864456,-4.9157968,-1.0269244,-1.0348705,11 La Altagracia,2016,10,train
-2.9947796,-6.018931,-1.3073677,-2.1809266,11 La Altagracia,2016,11,train
-2.9082973,-4.7468996,-1.2980576,-2.5324728,11 La Altagracia,2016,12,train
-2.656684,-5.6605773,-1.7378038,-3.093484,11 La Altagracia,2016,13,train
-2.7711766,-6.3746667,-0.6209797,-4.6820364,11 La Altagracia,2016,14,train
-2.6907644,-6.4048333,-0.61929107,-4.8626003,11 La Altagracia,2016,15,train
-1.2566972,-6.065465,-0.24370933,-4.29985,11 La Altagracia,2016,16,train
5.413875,-6.9099684,-3.4618437,-2.9777653,11 La Altagracia,2016,17,train
4.2911024,-3.4249256,-7.074769,-0.9242086,11 La Altagracia,2016,18,train
-1.7299774,-0.1356236,-6.540872,0.11950144,11 La Altagracia,2016,19,train
-1.8418595,0.6635507,-5.924023,-0.5528362,11 La Altagracia,2016,20,train
-1.3968029,1.2215873,-6.76574,0.9069695,11 La Altagracia,2016,21,train
-0.7990644,1.0206971,-7.477491,1.902968,11 La Altagracia,2016,22,train
-1.082382,2.5732641,-5.930665,0.44541693,11 La Altagracia,2016,23,train
-1.2164706,3.0906785,-5.228249,0.22378246,11 La Altagracia,2016,24,train
-0.43897066,2.4895096,-4.7982163,0.45702022,11 La Altagracia,2016,25,train
-0.37813714,3.0582573,-4.5873795,0.61718476,11 La Altagracia,2016,26,train
-3.2421386,6.3323555,2.65756,0.2622602,11 La Altagracia,2016,27,train
-3.497293,6.4004774,2.2792435,-0.026657104,11 La Altagracia,2016,28,train
-3.5154455,6.6137805,2.4306607,0.22914207,11 La Altagracia,2016,29,train
-3.3418396,6.397192,3.0046945,0.73845154,11 La Altagracia,2016,30,train
-6.1408396,8.400669,9.1420765,1.5534763,11 La Altagracia,2016,31,train
-3.7666183,7.0817547,2.467555,1.3734248,11 La Altagracia,2016,32,train
-4.2452803,6.9631886,1.5134166,0.3385802,11 La Altagracia,2016,33,train
-4.0291157,7.948437,2.9495068,2.6231444,11 La Altagracia,2016,34,train
0.061555844,5.7293096,-0.26245263,1.8453262,11 La Altagracia,2016,35,train
-0.13457152,6.1508164,-0.16457134,2.8071733,11 La Altagracia,2016,36,train
0.094913945,5.847338,-0.32235104,2.0249057,11 La Altagracia,2016,37,train
0.6166504,6.261926,-0.4839244,2.9435596,11 La Altagracia,2016,38,train
0.05990387,4.77831,-0.030031353,2.1959276,11 La Altagracia,2016,39,train
-0.19200565,5.927112,2.073405,4.114599,11 La Altagracia,2016,40,train
0.6860332,5.331662,1.5509502,4.2670035,11 La Altagracia,2016,41,train
-0.18300563,5.4986906,2.204321,5.003389,11 La Altagracia,2016,42,train
0.14630067,4.793911,1.8719853,5.014817,11 La Altagracia,2016,43,train
-1.66808,5.6297584,3.1592562,6.9068465,11 La Altagracia,2016,44,train
-1.315691,4.734819,3.370629,6.523097,11 La Altagracia,2016,45,train
4.0241585,-1.5612642,-4.628984,5.647736,11 La Altagracia,2016,46,train
3.8465397,-2.357146,-6.107699,6.1890574,11 La Altagracia,2016,47,train
-1.3148414,2.8612301,2.3096123,7.03762,11 La Altagracia,2016,48,train
-0.9651525,2.1973698,3.1572983,5.2475452,11 La Altagracia,2016,49,train
-0.9619285,1.8582368,2.8004963,4.9878306,11 La Altagracia,2016,50,train
-2.2718265,-1.1210874,3.383113,5.164575,11 La Altagracia,2016,51,train
-5.6914883,0.0720651,5.777946,4.439636,11 La Altagracia,2016,52,train
-7.335436,-0.29072735,5.5948467,4.4164567,11 La Altagracia,2017,1,train
-6.154728,-0.13131902,4.2052073,4.450189,11 La Altagracia,2017,2,train
-8.621308,-1.7010194,3.894769,5.7538023,11 La Altagracia,2017,3,train
-9.045413,-2.0214078,3.6823013,4.6869636,11 La Altagracia,2017,4,train
-4.2906184,-4.240222,-0.6600388,4.285463,11 La Altagracia,2017,5,train
-3.8071516,-4.5718555,-1.4038407,3.3797965,11 La Altagracia,2017,6,train
-5.8798485,-5.287946,-2.3336856,5.4566746,11 La Altagracia,2017,7,train
-5.9306607,-4.963764,-2.8457112,3.3454282,11 La Altagracia,2017,8,train
-3.713776,-3.7980177,-2.5852494,1.4071915,11 La Altagracia,2017,9,train
-4.029563,-4.3643074,-3.9513798,1.4365449,11 La Altagracia,2017,10,train
-5.8012285,-4.942846,-4.796305,0.43615028,11 La Altagracia,2017,11,train
-4.4968686,-5.399207,-6.686391,0.5971869,11 La Altagracia,2017,12,train
-5.648882,-4.8559027,-5.900678,-0.9929439,11 La Altagracia,2017,13,train
-4.5575624,-5.2039537,-3.1654859,-3.328207,11 La Altagracia,2017,14,train
-3.0613806,-4.839941,-3.8760343,-2.495831,11 La Altagracia,2017,15,train
-0.6125103,-5.2477455,-4.0767536,-2.3028882,11 La Altagracia,2017,16,train
0.52129805,-5.459357,-3.5316103,-3.2276056,11 La Altagracia,2017,17,train
-0.09701631,-5.192861,-3.1184323,-4.601003,11 La Altagracia,2017,18,train
-0.37078533,-4.9093404,-2.5994766,-5.149038,11 La Altagracia,2017,19,train
0.17407955,-4.186486,-1.7677581,-5.045248,11 La Altagracia,2017,20,train
-0.6033741,-3.99846,-0.97341377,-6.597595,11 La Altagracia,2017,21,train
1.2492795,-4.098248,-1.2033246,-6.2899446,11 La Altagracia,2017,22,train
-0.013641197,-3.9536455,0.4835021,-8.076999,11 La Altagracia,2017,23,train
0.9505581,-3.708352,0.90206426,-8.037147,11 La Altagracia,2017,24,train
1.5995554,-3.3470871,0.96862954,-7.6133447,11 La Altagracia,2017,25,train
2.147135,-3.0605984,1.0307007,-7.6934566,11 La Altagracia,2017,26,train
-4.7441077,7.3594675,2.444179,1.750893,11 La Altagracia,2017,27,train
-6.10666,8.882757,1.8022883,2.4931586,11 La Altagracia,2017,28,train
-4.0238767,6.8665195,2.0879478,1.1640545,11 La Altagracia,2017,29,train
-4.8316193,8.015938,1.6738648,1.4253455,11 La Altagracia,2017,30,train
-4.566494,6.9759774,2.1329205,1.0633273,11 La Altagracia,2017,31,train
-4.966417,7.7689023,1.9330285,1.6573805,11 La Altagracia,2017,32,train
-7.45485,9.149385,9.672604,1.759139,11 La Altagracia,2017,33,train
-4.487522,7.5807185,2.7898424,1.5903639,11 La Altagracia,2017,34,train
0.8390164,6.682058,-1.286771,3.0172212,11 La Altagracia,2017,35,train
0.0913739,5.8591638,0.24820296,2.8441625,11 La Altagracia,2017,36,train
0.311126,7.2690277,-0.29859585,4.15577,11 La Altagracia,2017,37,train
4.657592,-0.38819328,-5.401078,2.5696764,11 La Altagracia,2017,38,train
1.0921038,5.741911,0.77677864,3.3906646,11 La Altagracia,2017,39,train
0.8399469,6.1071334,0.05811445,4.5382795,11 La Altagracia,2017,40,train
-0.15509039,6.1570067,0.92426926,5.2505436,11 La Altagracia,2017,41,train
0.43921047,4.24104,1.4172603,3.7816799,11 La Altagracia,2017,42,train
0.4518448,4.4760103,1.1791465,4.9627905,11 La Altagracia,2017,43,train
0.8446215,3.9557054,0.89494467,5.362984,11 La Altagracia,2017,44,train
3.2011228,-1.0238684,-6.4728622,6.8115716,11 La Altagracia,2017,45,train
4.8788643,-2.2443516,-6.2186556,6.1403356,11 La Altagracia,2017,46,train
-0.85930884,3.3461487,0.618505,7.603465,11 La Altagracia,2017,47,train
-0.46571678,2.3174841,0.4756707,7.5482635,11 La Altagracia,2017,48,train
-2.3979943,-1.7147388,2.7510715,6.124369,11 La Altagracia,2017,49,train
-2.1053529,-2.800729,1.7006919,7.144771,11 La Altagracia,2017,50,train
-2.560649,-1.4911855,2.7712646,5.9595604,11 La Altagracia,2017,51,train
-6.170039,0.4276917,5.3381143,5.3597527,11 La Altagracia,2017,52,train
-7.238353,0.5233542,6.037869,6.0911446,11 La Altagracia,2018,1,train
-6.283593,0.45743284,5.351829,5.691878,11 La Altagracia,2018,2,train
-6.40548,-0.31919384,4.475606,5.665132,11 La Altagracia,2018,3,train
-5.7641373,-0.27120692,3.6551251,5.0140896,11 La Altagracia,2018,4,train
-4.0674777,-3.73209,-1.156439,3.9349356,11 La Altagracia,2018,5,train
-3.099811,-3.7036283,-2.0983937,3.3099275,11 La Altagracia,2018,6,train
-3.2901795,-3.6903577,-2.5846913,2.996058,11 La Altagracia,2018,7,train
-3.8588705,-3.688788,-2.9493477,2.7092888,11 La Altagracia,2018,8,train
-5.90099,-4.820434,-4.519638,4.1222486,11 La Altagracia,2018,9,train
-5.9194264,-5.13543,-5.080064,1.6079848,11 La Altagracia,2018,10,train
-5.26412,-5.0692363,-5.4501467,0.5032098,11 La Altagracia,2018,11,train
-4.9882636,-5.1592603,-6.428579,0.41257322,11 La Altagracia,2018,12,train
-4.1313987,-5.0104194,-6.183506,-0.09266678,11 La Altagracia,2018,13,train
-4.184621,-4.944648,-6.001486,-1.9861202,11 La Altagracia,2018,14,train
-3.8777795,-4.472452,-5.260501,-2.0792532,11 La Altagracia,2018,15,train
-3.5677905,-4.4278746,-5.5491533,-2.3399942,11 La Altagracia,2018,16,train
-4.29952,-3.8644176,-4.9838123,-3.3513894,11 La Altagracia,2018,17,train
-3.1605277,-4.065989,-5.5028167,-3.2022853,11 La Altagracia,2018,18,train
-2.871325,-3.3368313,-4.914651,-4.395946,11 La Altagracia,2018,19,train
-1.3316804,-3.2120998,-4.7881365,-3.5581667,11 La Altagracia,2018,20,train
-2.225691,-2.4662256,-4.567549,-5.259491,11 La Altagracia,2018,21,train
-1.2167047,-0.6294201,-5.5909925,-3.8765585,11 La Altagracia,2018,22,train
-1.8063536,0.5612691,-4.801992,-4.854451,11 La Altagracia,2018,23,train
-1.4039322,0.9707884,-4.665038,-4.8941536,11 La Altagracia,2018,24,train
0.72528696,0.60181946,-4.9846582,-3.8754618,11 La Altagracia,2018,25,train
-0.08411013,1.3106464,-3.847268,-3.7897348,11 La Altagracia,2018,26,train
-4.4832015,6.547018,4.5192766,-1.5326855,11 La Altagracia,2018,27,train
-4.1158996,6.874306,5.6643915,-0.67657566,11 La Altagracia,2018,28,train
-4.2811723,7.1800966,5.1140976,-1.2464137,11 La Altagracia,2018,29,train
-5.1653523,7.6334443,4.595022,-2.2631428,11 La Altagracia,2018,30,train
-4.056335,6.841389,4.898697,-1.2121125,11 La Altagracia,2018,31,train
-4.847179,7.4314375,5.256597,-2.1705132,11 La Altagracia,2018,32,train
-4.4308105,7.119734,5.412566,-1.6664493,11 La Altagracia,2018,33,train
-4.6412477,7.2824125,4.847241,-2.2850199,11 La Altagracia,2018,34,train
5.48621,-0.33812055,-4.2992444,0.26482815,11 La Altagracia,2018,35,train
3.164857,5.6271625,2.5390797,0.41119274,11 La Altagracia,2018,36,train
2.4513614,4.943786,2.5997124,0.5617146,11 La Altagracia,2018,37,train
2.8392403,4.9152274,2.5874379,0.697455,11 La Altagracia,2018,38,train
1.8079202,4.910611,3.4795542,0.8233962,11 La Altagracia,2018,39,train
2.7518997,5.6137557,3.7097332,2.4223661,11 La Altagracia,2018,40,train
1.4401087,5.3158693,4.9255495,2.5049195,11 La Altagracia,2018,41,train
1.1279532,3.7379603,4.0106745,1.919954,11 La Altagracia,2018,42,train
2.617668,3.4839513,3.384886,2.4705956,11 La Altagracia,2018,43,train
2.9881258,2.8725123,3.3452168,2.9946141,11 La Altagracia,2018,44,train
1.5144379,3.0724149,4.822154,2.8765817,11 La Altagracia,2018,45,train
1.3707159,2.6321094,4.761316,3.0215657,11 La Altagracia,2018,46,train
2.7368956,1.7174785,4.265701,3.7757447,11 La Altagracia,2018,47,train
3.402,0.9225355,3.9128096,4.202469,11 La Altagracia,2018,48,train
1.7412063,1.2118824,4.2159023,3.846169,11 La Altagracia,2018,49,train
2.0527132,0.814922,4.1098084,4.2627788,11 La Altagracia,2018,50,train
3.05712,0.21655425,3.8325229,4.9696083,11 La Altagracia,2018,51,train
-4.7516966,0.27700275,6.823096,2.3359265,11 La Altagracia,2018,52,train
-5.632811,-1.1082026,6.9140043,1.6757987,11 La Altagracia,2019,1,train
-6.471283,-2.5964835,7.150096,2.0487397,11 La Altagracia,2019,2,train
-7.1340666,-3.7377827,6.4429717,1.7298787,11 La Altagracia,2019,3,train
-6.229485,-3.2755504,5.5308957,1.5318534,11 La Altagracia,2019,4,train
-2.976115,-6.707722,1.1138918,1.7511138,11 La Altagracia,2019,5,train
-2.2045622,-7.3717422,1.5372823,0.0017697448,11 La Altagracia,2019,6,train
-2.0826705,-6.9841375,0.88707185,-0.7456483,11 La Altagracia,2019,7,train
-2.6089737,-6.0096264,0.26235253,-1.0347102,11 La Altagracia,2019,8,train
-4.062965,-6.4087996,0.44801265,-1.7375542,11 La Altagracia,2019,9,train
-3.999825,-6.3420005,-1.6794695,-1.0292318,11 La Altagracia,2019,10,train
-4.427309,-6.1512384,-2.1170235,-1.4713726,11 La Altagracia,2019,11,train
-5.841587,-7.074585,-2.2799752,-3.059465,11 La Altagracia,2019,12,train
-2.727128,-6.7410994,-3.27647,-2.4248464,11 La Altagracia,2019,13,train
-3.722072,-4.8266263,-3.5361366,-2.251509,11 La Altagracia,2019,14,train
-4.3165426,-4.979863,-3.6299977,-2.9628808,11 La Altagracia,2019,15,train
-4.528041,-4.4238715,-3.279305,-3.425281,11 La Altagracia,2019,16,train
-4.5821033,-5.015676,-3.6018589,-4.105391,11 La Altagracia,2019,17,train
-2.6107874,-4.103769,-3.4858692,-3.1407142,11 La Altagracia,2019,18,train
-3.7501078,0.109661385,-7.1224256,-1.0859873,11 La Altagracia,2019,19,train
-3.4135265,1.2291652,-6.6353946,-1.6200782,11 La Altagracia,2019,20,train
-1.2865276,0.3364726,-7.281237,-0.059396796,11 La Altagracia,2019,21,train
4.337212,-3.0857732,-6.900106,-0.98421603,11 La Altagracia,2019,22,train
-0.9389208,2.0405364,-6.475964,-0.6821943,11 La Altagracia,2019,23,train
-1.0194675,2.1346185,-5.125583,-1.7166532,11 La Altagracia,2019,24,train
-0.75585395,2.8545773,-4.534593,-1.6604595,11 La Altagracia,2019,25,train
-0.17155938,3.1596696,-4.544803,-1.7926838,11 La Altagracia,2019,26,train
-4.8928237,6.613751,5.478457,-3.3282495,11 La Altagracia,2019,27,train
-2.8335872,5.6675444,5.0841093,-3.1702569,11 La Altagracia,2019,28,train
-2.4156744,5.3716664,5.16395,-3.4040947,11 La Altagracia,2019,29,train
-1.6923287,4.7955775,4.626832,-4.7720513,11 La Altagracia,2019,30,train
-6.239098,8.636072,13.159491,-0.47080952,11 La Altagracia,2019,31,train
-1.4225715,5.128147,5.282087,-4.942602,11 La Altagracia,2019,32,train
-1.1874286,4.839005,5.277412,-5.4760284,11 La Altagracia,2019,33,train
-1.0896788,5.2084484,6.08471,-4.8606114,11 La Altagracia,2019,34,train
3.5406215,4.3652472,2.2525687,-2.5257568,11 La Altagracia,2019,35,train
4.2055917,3.1776266,3.561993,-2.5545864,11 La Altagracia,2019,36,train
4.2354445,3.4320807,3.2053812,-1.9968598,11 La Altagracia,2019,37,train
8.926001,-2.479215,-3.0868764,-1.1800385,11 La Altagracia,2019,38,train
4.3805914,3.685406,4.2332826,-0.6654213,11 La Altagracia,2019,39,train
3.8553696,4.4748178,4.8159833,0.70482385,11 La Altagracia,2019,40,train
4.1578493,3.1980865,3.750788,0.775696,11 La Altagracia,2019,41,train
4.1331553,3.2128088,4.2085137,1.0450327,11 La Altagracia,2019,42,train
1.713336,3.5360541,6.288732,1.3516978,11 La Altagracia,2019,43,train
2.9329975,1.9654989,4.3235564,1.4174851,11 La Altagracia,2019,44,train
3.2283695,1.8172073,4.4806814,1.9279612,11 La Altagracia,2019,45,train
4.3762774,1.2781801,4.6396213,2.6321838,11 La Altagracia,2019,46,train
4.408083,0.52156955,4.748689,2.8820896,11 La Altagracia,2019,47,train
4.1447387,0.0077581597,4.5563893,2.7279353,11 La Altagracia,2019,48,train
0.85756725,-2.9424026,6.0864234,1.9192607,11 La Altagracia,2019,49,train
-0.35895976,-1.647821,6.063411,2.0142448,11 La Altagracia,2019,50,train
-0.30223796,-2.493064,5.075445,2.1131551,11 La Altagracia,2019,51,train
-4.4774423,-0.6923266,8.717718,0.46568382,11 La Altagracia,2019,52,train
-4.3977156,-0.62619567,7.701484,1.6827835,11 La Altagracia,2020,1,val
-4.4684963,-0.770597,6.263882,1.3675392,11 La Altagracia,2020,2,val
-4.450348,-1.4164405,5.6873713,1.5634475,11 La Altagracia,2020,3,val
-4.8851776,-3.3783493,6.6227317,1.7727464,11 La Altagracia,2020,4,val
-3.0499704,-7.6070485,1.7996962,1.7260232,11 La Altagracia,2020,5,val
-1.8639342,-5.9700837,0.06897816,0.5737568,11 La Altagracia,2020,6,val
-1.8790754,-5.375757,-0.5177005,0.039215975,11 La Altagracia,2020,7,val
-2.052939,-6.15899,-0.5880705,-0.28790644,11 La Altagracia,2020,8,val
-2.5748088,-6.735537,-0.7561402,-1.0100318,11 La Altagracia,2020,9,val
-1.7581904,-6.461921,-1.3804046,-1.5864002,11 La Altagracia,2020,10,val
-1.1632074,-6.6962924,-2.3422627,-1.6823093,11 La Altagracia,2020,11,val
-2.0019712,-5.4957943,-2.5822945,-1.6114813,11 La Altagracia,2020,12,val
-2.0057704,-6.17394,-2.3629324,-2.782545,11 La Altagracia,2020,13,val
-5.496335,-7.4156423,-2.1916463,-4.9963365,11 La Altagracia,2020,14,val
-1.9175531,-6.1344113,-1.9731549,-4.783569,11 La Altagracia,2020,15,val
-2.9099844,-4.9423456,-1.7152996,-4.919815,11 La Altagracia,2020,16,val
-3.0653665,-4.977028,-1.286122,-5.604135,11 La Altagracia,2020,17,val
-3.125233,-5.212834,-0.8373897,-6.812458,11 La Altagracia,2020,18,val
-2.0692754,-3.9269233,-1.8525672,-5.3250837,11 La Altagracia,2020,19,val
-3.9857547,1.8881936,-6.8075647,0.75535786,11 La Altagracia,2020,20,val
-3.9714336,3.3612325,-6.7883515,1.5252904,11 La Altagracia,2020,21,val
-4.130054,4.112774,-7.0844884,2.0809853,11 La Altagracia,2020,22,val
-3.198046,3.8227112,-5.8987455,0.4634991,11 La Altagracia,2020,23,val
-2.7375224,4.664983,-6.278346,1.1742425,11 La Altagracia,2020,24,val
-2.7884245,4.7809844,-5.1979513,0.19326572,11 La Altagracia,2020,25,val
-1.4690162,4.3643436,-4.549771,1.0254458,11 La Altagracia,2020,26,val
-6.0920377,8.205666,0.87072664,1.0803678,11 La Altagracia,2020,27,val
-5.0386763,7.603424,1.709893,1.4778144,11 La Altagracia,2020,28,val
-5.563787,7.9431586,1.1158872,1.1925353,11 La Altagracia,2020,29,val
-4.829779,7.477277,1.7057076,1.223202,11 La Altagracia,2020,30,val
-7.2518992,8.6062765,9.40732,1.540984,11 La Altagracia,2020,31,val
-5.298379,7.8640137,-0.0036624586,1.2498409,11 La Altagracia,2020,32,val
-5.2010174,7.618822,0.37966976,1.4698586,11 La Altagracia,2020,33,val
-5.5540504,7.9065585,1.3525281,2.363646,11 La Altagracia,2020,34,val
-0.15503538,6.6871505,-2.429895,3.074313,11 La Altagracia,2020,35,val
-1.1706473,7.0316935,-2.083139,5.0181212,11 La Altagracia,2020,36,val
-0.47593555,7.1889744,-2.5795233,4.776801,11 La Altagracia,2020,37,val
0.34905115,6.782159,-2.3246534,4.4620385,11 La Altagracia,2020,38,val
0.72624254,6.58187,-2.4234757,5.1489296,11 La Altagracia,2020,39,val
2.9501824,1.3532304,-5.9405313,5.210698,11 La Altagracia,2020,40,val
-0.7780071,5.75853,-1.0231973,5.976616,11 La Altagracia,2020,41,val
-0.9220779,6.2538557,-1.3486191,6.9719677,11 La Altagracia,2020,42,val
0.18943924,4.790468,-1.2939961,6.790045,11 La Altagracia,2020,43,val
-0.9274416,3.7801118,0.58006895,5.3764377,11 La Altagracia,2020,44,val
3.7590454,-0.71047705,-3.9806292,5.888066,11 La Altagracia,2020,45,val
3.762066,-1.5172849,-5.0724936,6.2545905,11 La Altagracia,2020,46,val
-2.025092,3.2176096,0.62503934,8.05793,11 La Altagracia,2020,47,val
-2.576228,2.9641726,1.1823115,8.579702,11 La Altagracia,2020,48,val
-2.0096548,1.7961433,-0.64027584,8.488833,11 La Altagracia,2020,49,val
-3.5320854,-2.3200984,1.0863582,8.506483,11 La Altagracia,2020,50,val
-3.1618533,-2.0752673,1.5648243,7.229706,11 La Altagracia,2020,51,val
-7.2011642,0.6223394,5.065718,6.7064857,11 La Altagracia,2020,52,val
-8.709251,0.14139333,4.4454436,7.0244093,11 La Altagracia,2021,1,val
-8.588184,-0.35613722,4.183451,5.809758,11 La Altagracia,2021,2,val
-7.5846887,-0.39028928,3.7432675,6.468486,11 La Altagracia,2021,3,val
-8.032988,-0.7501692,2.8027084,6.5477715,11 La Altagracia,2021,4,val
-5.2077193,-3.677872,-1.9243819,5.5162015,11 La Altagracia,2021,5,val
-4.8781147,-3.4269733,-2.4617753,4.792923,11 La Altagracia,2021,6,val
-5.392282,-3.6126838,-2.7814155,4.2244997,11 La Altagracia,2021,7,val
-4.956335,-3.466911,-3.314296,3.181875,11 La Altagracia,2021,8,val
-6.567941,-4.2202106,-4.4420137,3.3449814,11 La Altagracia,2021,9,val
-5.0523267,-4.154054,-4.8408494,2.4298272,11 La Altagracia,2021,10,val
-5.452014,-4.183726,-5.0865026,1.7580954,11 La Altagracia,2021,11,val
-4.721266,-4.0619297,-5.3030057,0.6996458,11 La Altagracia,2021,12,val
-5.0434413,-4.490757,-6.2881866,0.13538875,11 La Altagracia,2021,13,val
-3.752894,-4.788103,-6.7655354,0.6552557,11 La Altagracia,2021,14,val
-7.061449,-4.4652224,-6.2547345,-0.9652947,11 La Altagracia,2021,15,val
-4.3947716,-3.887202,-5.440967,-1.6875328,11 La Altagracia,2021,16,val
-5.737733,-0.5993469,-8.84266,1.6342983,11 La Altagracia,2021,17,val
-5.001918,-0.28938568,-7.3778243,0.27636904,11 La Altagracia,2021,18,val
-3.9201834,-0.038193207,-7.313255,0.6481016,11 La Altagracia,2021,19,val
-3.7118819,0.49657175,-7.1090665,1.0572696,11 La Altagracia,2021,20,val
-3.157874,0.9264697,-6.174329,0.19149299,11 La Altagracia,2021,21,val
-2.1510623,0.8561782,-6.302706,0.7850328,11 La Altagracia,2021,22,val
-1.8656851,1.4435272,-7.4804587,1.6945192,11 La Altagracia,2021,23,val
-1.3442897,1.9527924,-5.273394,0.08282169,11 La Altagracia,2021,24,val
-1.1451179,2.2724967,-4.9891586,0.24067606,11 La Altagracia,2021,25,val
-0.7419859,2.4574385,-4.632625,0.16760984,11 La Altagracia,2021,26,val
-4.978199,7.1269174,2.606292,2.0031183,11 La Altagracia,2021,27,val
-4.8335843,7.2296515,2.276407,2.2850482,11 La Altagracia,2021,28,val
-4.9394674,7.5974846,2.1160724,1.8791565,11 La Altagracia,2021,29,val
-4.783991,7.4578595,1.9566495,1.8967967,11 La Altagracia,2021,30,val
-4.6753874,7.6919975,1.7904307,1.8678529,11 La Altagracia,2021,31,val
-9.749192,10.649948,11.854741,2.05608,11 La Altagracia,2021,32,val
-4.4259434,7.3288813,3.6087377,1.8941946,11 La Altagracia,2021,33,val
-4.6078706,7.264939,2.3384168,0.3304247,11 La Altagracia,2021,34,val
1.644773,6.579566,-1.6718956,2.1950676,11 La Altagracia,2021,35,val
-0.3887893,7.00852,-2.6911137,4.362864,11 La Altagracia,2021,36,val
-1.0635552,7.575845,-1.4465033,5.4725,11 La Altagracia,2021,37,val
-0.17704266,7.010382,-1.7446816,4.715882,11 La Altagracia,2021,38,val
-0.63378364,7.4656034,-2.096255,6.3272033,11 La Altagracia,2021,39,val
0.6787037,4.926223,-1.2293719,4.0440454,11 La Altagracia,2021,40,val
-0.7685647,6.7867494,-2.3093033,7.620128,11 La Altagracia,2021,41,val
0.34982473,4.8746743,-0.8993228,5.810923,11 La Altagracia,2021,42,val
1.4451174,3.958979,-0.72108006,5.6587434,11 La Altagracia,2021,43,val
0.57426417,3.817959,-0.43302712,6.1585174,11 La Altagracia,2021,44,val
1.6307995,2.627185,-0.92419904,6.3393583,11 La Altagracia,2021,45,val
0.6818773,1.9034793,0.24108508,5.516179,11 La Altagracia,2021,46,val
-0.23985319,2.285606,0.0076211668,7.210068,11 La Altagracia,2021,47,val
-0.4348176,1.8687527,0.72016996,6.497885,11 La Altagracia,2021,48,val
-2.346679,-2.1312015,1.8544416,6.0297728,11 La Altagracia,2021,49,val
-2.8320835,-1.7581875,1.9731026,6.3175244,11 La Altagracia,2021,50,val
-3.0332458,-2.0544586,2.0274851,7.7216434,11 La Altagracia,2021,51,val
-7.9401026,0.12864654,4.8178415,4.8149724,11 La Altagracia,2021,52,val
-5.4745584,-1.0861559,6.5616508,-0.15319055,12 La Romana,2015,1,train
-6.3228135,-2.0437403,6.152056,-0.19171228,12 La Romana,2015,2,train
-6.3070703,-3.5629683,6.658175,-0.09262363,12 La Romana,2015,3,train
-7.1534643,-4.4083347,6.404227,-0.29756534,12 La Romana,2015,4,train
-1.8365526,-7.1066546,1.4986132,0.7279224,12 La Romana,2015,5,train
-3.7584052,-7.0535207,0.6611085,1.2401738,12 La Romana,2015,6,train
-2.2823372,-6.601586,-0.5798101,0.93115765,12 La Romana,2015,7,train
-3.5882192,-6.7639523,-0.58430856,0.26625288,12 La Romana,2015,8,train
-4.946076,-5.6867146,-0.6911323,-0.80459905,12 La Romana,2015,9,train
-4.7795978,-5.3590627,-0.47537926,-1.7011818,12 La Romana,2015,10,train
-4.9345903,-4.8104053,-0.6187348,-2.1992114,12 La Romana,2015,11,train
-5.8713923,-6.8245573,-1.1107397,-3.9982417,12 La Romana,2015,12,train
-4.930501,-6.296291,-1.4353232,-4.5963154,12 La Romana,2015,13,train
-5.8288736,-5.0966887,-2.2314992,-3.749912,12 La Romana,2015,14,train
-4.388734,-4.316321,-2.3451316,-3.5274022,12 La Romana,2015,15,train
-5.0693154,-4.638032,-2.5802062,-4.6582403,12 La Romana,2015,16,train
-5.281186,0.10234854,-7.325117,-4.3011813,12 La Romana,2015,17,train
-4.289322,0.23180394,-5.8828745,-3.9202309,12 La Romana,2015,18,train
-4.5447984,0.8212111,-6.01318,-3.7583578,12 La Romana,2015,19,train
-4.1772532,0.9842742,-5.247957,-3.5454407,12 La Romana,2015,20,train
-3.5830975,1.3441887,-5.6820946,-3.9413667,12 La Romana,2015,21,train
-2.7920752,2.124427,-6.1232915,-3.8955066,12 La Romana,2015,22,train
-1.6364225,2.491288,-5.642451,-4.0315304,12 La Romana,2015,23,train
-2.2131112,3.3186228,-4.760788,-4.609312,12 La Romana,2015,24,train
-1.6828042,3.5258722,-4.246799,-4.438253,12 La Romana,2015,25,train
-0.6318856,3.5041099,-3.8901825,-4.060493,12 La Romana,2015,26,train
-4.123035,5.499619,3.5776367,-4.1981907,12 La Romana,2015,27,train
-4.9755993,6.565654,5.111614,-4.5532494,12 La Romana,2015,28,train
-4.7055163,6.313846,4.2784824,-4.8461676,12 La Romana,2015,29,train
-4.5996957,6.660275,3.9668286,-5.286554,12 La Romana,2015,30,train
-4.5048256,5.5773206,2.9097278,-5.071945,12 La Romana,2015,31,train
-4.542257,5.7214117,4.2584095,-5.5793257,12 La Romana,2015,32,train
-4.669092,5.911349,3.870432,-6.068585,12 La Romana,2015,33,train
-4.7622156,6.2394977,5.2055774,-5.8017783,12 La Romana,2015,34,train
2.964958,3.863279,1.5616499,-1.2032971,12 La Romana,2015,35,train
4.715356,3.5718863,3.4513848,-2.5541806,12 La Romana,2015,36,train
5.150437,3.0173795,2.469295,-2.3300385,12 La Romana,2015,37,train
4.5661573,3.054987,4.294675,-1.8661996,12 La Romana,2015,38,train
5.1745234,2.9070873,4.4474626,-2.01824,12 La Romana,2015,39,train
4.736324,1.1250584,4.7914767,-2.5828242,12 La Romana,2015,40,train
5.6405997,0.5762797,4.7384834,-2.3089974,12 La Romana,2015,41,train
6.3371005,0.18786588,4.898323,-2.0122643,12 La Romana,2015,42,train
6.478048,0.3333781,6.396179,-1.5991102,12 La Romana,2015,43,train
4.980949,0.52999836,6.738047,-1.0482119,12 La Romana,2015,44,train
2.516034,1.6252692,6.3725977,0.9229134,12 La Romana,2015,45,train
3.6538522,0.6182071,5.0002913,0.95496213,12 La Romana,2015,46,train
4.5615296,-0.118906125,4.7280684,1.9677039,12 La Romana,2015,47,train
3.0240066,-4.4107504,6.399893,1.2426739,12 La Romana,2015,48,train
0.9537134,-3.099397,5.9093895,1.1611825,12 La Romana,2015,49,train
1.4148616,-3.7393515,5.311889,1.5840309,12 La Romana,2015,50,train
0.73195934,-3.3795228,5.3340716,1.763405,12 La Romana,2015,51,train
-5.499351,-0.796262,6.985465,-1.0482026,12 La Romana,2015,52,train
-3.9779963,-3.9336472,9.79091,-3.2694428,12 La Romana,2016,1,train
-5.408555,-4.5960503,8.610812,-3.708441,12 La Romana,2016,2,train
-5.838624,-5.6924915,8.485154,-4.2961926,12 La Romana,2016,3,train
-5.279523,-5.5018587,7.676638,-3.6763842,12 La Romana,2016,4,train
-1.2530231,-8.848698,4.347398,-2.4488926,12 La Romana,2016,5,train
-2.6521885,-8.333092,3.67237,-3.098454,12 La Romana,2016,6,train
-2.3282113,-7.8869944,3.0005414,-2.943677,12 La Romana,2016,7,train
-3.4411612,-9.073051,3.2812164,-4.090324,12 La Romana,2016,8,train
-2.880121,-8.694106,2.6932268,-4.1550364,12 La Romana,2016,9,train
-4.650632,-4.785825,-0.30654606,-1.6244941,12 La Romana,2016,10,train
-4.4270506,-6.832259,-0.67509526,-3.2543912,12 La Romana,2016,11,train
-4.2557416,-5.184683,-0.7385863,-3.7700086,12 La Romana,2016,12,train
-4.2498264,-6.0524936,-1.0737596,-4.691507,12 La Romana,2016,13,train
-3.7970545,-7.3969173,0.25121918,-6.368652,12 La Romana,2016,14,train
-4.6053414,-6.9587145,0.24212027,-7.0169983,12 La Romana,2016,15,train
-2.159591,-6.5672274,0.28889617,-5.564389,12 La Romana,2016,16,train
6.6529613,-7.6647863,-3.3158915,-4.2983236,12 La Romana,2016,17,train
3.8641448,-6.02315,-2.867034,-2.5284925,12 La Romana,2016,18,train
0.11918651,-4.7477264,-2.7254663,-4.8200808,12 La Romana,2016,19,train
-0.6582218,-4.072377,-2.0050812,-5.6843233,12 La Romana,2016,20,train
-1.6906939,1.7810063,-6.8458,0.01180095,12 La Romana,2016,21,train
3.3575418,-2.016168,-7.6137033,-0.28102645,12 La Romana,2016,22,train
-1.221863,3.1409807,-6.464547,0.30196452,12 La Romana,2016,23,train
-1.8587867,4.2578177,-5.818603,-0.07436134,12 La Romana,2016,24,train
-0.8244863,3.8672376,-5.1619453,0.5237551,12 La Romana,2016,25,train
-0.9735523,4.786164,-4.9987926,0.35068437,12 La Romana,2016,26,train
-3.9548042,7.306975,1.5454106,-1.0421438,12 La Romana,2016,27,train
-4.322437,7.30507,1.1934396,-1.4030645,12 La Romana,2016,28,train
-4.4659967,7.6538124,0.80486727,-1.6175233,12 La Romana,2016,29,train
-4.396578,7.4231653,1.9402767,-0.54824626,12 La Romana,2016,30,train
-4.2928667,7.622683,2.7592342,-0.009951636,12 La Romana,2016,31,train
-4.382261,8.116886,1.372058,0.4322729,12 La Romana,2016,32,train
-5.1430693,8.435326,-0.22736543,-1.0758624,12 La Romana,2016,33,train
-5.848885,8.940783,2.7054384,2.1627934,12 La Romana,2016,34,train
0.9488025,6.6523805,-1.260059,1.2453938,12 La Romana,2016,35,train
0.79798365,6.9660726,-0.9275177,2.5391667,12 La Romana,2016,36,train
1.22984,6.768642,-1.11975,2.124918,12 La Romana,2016,37,train
1.9124122,6.9464736,-1.2027164,2.6637444,12 La Romana,2016,38,train
1.390824,5.226837,-0.9436816,2.15577,12 La Romana,2016,39,train
0.7892743,5.989567,1.7637957,3.9227123,12 La Romana,2016,40,train
1.7279294,5.6058173,1.3766311,4.590484,12 La Romana,2016,41,train
0.19756702,6.1181087,2.8780289,5.330771,12 La Romana,2016,42,train
1.3555125,4.9872036,2.0710788,5.3206224,12 La Romana,2016,43,train
-0.31293297,4.7498493,3.3363338,5.5201583,12 La Romana,2016,44,train
-0.4538519,4.9106073,3.9162962,6.377857,12 La Romana,2016,45,train
4.0109425,-1.0222824,-4.0349007,6.1173587,12 La Romana,2016,46,train
-1.8871014,3.6127632,4.2970715,7.108977,12 La Romana,2016,47,train
-2.0936887,-1.8000231,4.3288627,6.926167,12 La Romana,2016,48,train
-2.1723847,-1.6085545,4.034705,5.932739,12 La Romana,2016,49,train
-2.038417,-1.8640445,3.6665328,5.818967,12 La Romana,2016,50,train
-2.2236292,-1.8846164,3.2726145,5.4807076,12 La Romana,2016,51,train
-7.6151385,-0.23247014,6.127974,3.953904,12 La Romana,2016,52,train
-7.4237046,-0.6811321,6.2298155,4.6499586,12 La Romana,2017,1,train
-7.5000796,-0.4392867,4.5946193,3.8420796,12 La Romana,2017,2,train
-10.66356,-2.3748949,4.895924,5.1367383,12 La Romana,2017,3,train
-8.829858,-2.5467222,4.3524394,4.345293,12 La Romana,2017,4,train
-4.579082,-5.1229453,0.040531065,4.036987,12 La Romana,2017,5,train
-4.7095876,-5.4072447,-0.39219093,3.3037822,12 La Romana,2017,6,train
-3.9552279,-6.105126,-2.3822305,3.8519003,12 La Romana,2017,7,train
-6.650938,-6.232076,-2.0940711,3.0400534,12 La Romana,2017,8,train
-5.059223,-4.1383204,-1.731418,1.0500534,12 La Romana,2017,9,train
-4.6280823,-4.4187226,-3.18504,1.0207361,12 La Romana,2017,10,train
-6.971859,-5.396245,-4.1537275,-0.21561934,12 La Romana,2017,11,train
-5.034076,-5.792344,-6.7270317,-0.31598124,12 La Romana,2017,12,train
-6.640637,-5.1504693,-5.851395,-2.2085052,12 La Romana,2017,13,train
-5.427249,-5.628662,-2.8329194,-4.649408,12 La Romana,2017,14,train
-4.7599087,-5.2574153,-2.7518086,-4.5481725,12 La Romana,2017,15,train
-0.20834082,-5.5882053,-3.568241,-2.8179452,12 La Romana,2017,16,train
0.72006726,-5.7284946,-3.2766082,-3.9450233,12 La Romana,2017,17,train
-0.054222897,-5.5386996,-3.3178148,-5.159044,12 La Romana,2017,18,train
-0.402193,-5.2430253,-2.8451095,-5.7633305,12 La Romana,2017,19,train
-0.027313445,-4.2464156,-1.5099257,-5.6703663,12 La Romana,2017,20,train
-1.4948915,-4.040407,-0.62404066,-7.9017954,12 La Romana,2017,21,train
0.2097893,-4.030113,-0.41991964,-7.9609723,12 La Romana,2017,22,train
-0.51434344,-3.982349,0.81552213,-9.423699,12 La Romana,2017,23,train
0.08226879,-3.7898693,1.7032839,-10.281973,12 La Romana,2017,24,train
0.61599064,-3.2780697,1.6230797,-9.415612,12 La Romana,2017,25,train
1.2239025,-3.1368542,2.1545916,-10.496107,12 La Romana,2017,26,train
-1.9163628,-0.27594298,6.560316,-11.21584,12 La Romana,2017,27,train
-0.30909324,-0.5027766,7.4724693,-11.250505,12 La Romana,2017,28,train
-1.5006537,-0.3228503,6.3162756,-11.822694,12 La Romana,2017,29,train
-1.0206871,-0.5366663,6.736887,-13.168425,12 La Romana,2017,30,train
-1.5534251,-0.3446983,6.0633264,-12.650803,12 La Romana,2017,31,train
-1.3897406,-0.49465278,6.8411794,-13.213022,12 La Romana,2017,32,train
-0.8450697,-0.3535114,6.875832,-11.77883,12 La Romana,2017,33,train
0.051767454,-0.20312047,7.13658,-11.461457,12 La Romana,2017,34,train
4.1248026,-2.0328677,4.294745,-10.800957,12 La Romana,2017,35,train
3.4231946,-1.3386781,4.7921476,-8.832401,12 La Romana,2017,36,train
0.5593342,7.7839885,1.2499167,3.390749,12 La Romana,2017,37,train
4.734492,0.13285351,-5.2792244,2.361893,12 La Romana,2017,38,train
1.3964405,6.440594,1.4651355,3.0913959,12 La Romana,2017,39,train
1.0945315,6.92075,1.3987728,4.620911,12 La Romana,2017,40,train
4.9524236,0.5400171,-4.5130963,4.2686877,12 La Romana,2017,41,train
0.66238177,4.67732,2.1639025,3.8529289,12 La Romana,2017,42,train
1.3513635,4.810803,2.103146,4.9441032,12 La Romana,2017,43,train
1.3834208,4.4765897,2.0915227,5.5070567,12 La Romana,2017,44,train
2.9992108,-0.4712745,-9.488597,9.197251,12 La Romana,2017,45,train
5.8237815,-2.6854908,-6.536443,6.2615414,12 La Romana,2017,46,train
-0.36763284,3.8773005,2.1348732,7.87909,12 La Romana,2017,47,train
0.28810087,2.5577383,2.1219523,7.425782,12 La Romana,2017,48,train
-0.6830742,1.5115027,2.1036496,6.5792665,12 La Romana,2017,49,train
-0.07612046,0.85769683,0.9339819,8.109151,12 La Romana,2017,50,train
-1.2156489,1.2371887,1.7488945,6.3742995,12 La Romana,2017,51,train
-7.4754157,3.824334,3.1859727,6.243378,12 La Romana,2017,52,train
-7.7584333,5.0854473,4.037711,8.367576,12 La Romana,2018,1,train
-6.979899,4.2002277,3.5958571,7.7355366,12 La Romana,2018,2,train
-7.045113,3.5095,2.505482,7.461382,12 La Romana,2018,3,train
-6.763658,2.6913226,1.633667,6.559469,12 La Romana,2018,4,train
-5.6125927,-0.23085147,-3.296527,5.5830026,12 La Romana,2018,5,train
-5.0173078,-0.29456022,-3.5608912,4.4485693,12 La Romana,2018,6,train
-4.3995857,-3.9659762,-1.6826744,2.4088101,12 La Romana,2018,7,train
-4.997481,-3.9049666,-2.2066941,2.1589317,12 La Romana,2018,8,train
-5.9673886,-5.371508,-4.475292,3.5103867,12 La Romana,2018,9,train
-6.596303,-5.640964,-4.5648913,0.91208094,12 La Romana,2018,10,train
-5.0246873,-5.65049,-5.405035,0.06341372,12 La Romana,2018,11,train
-4.588895,-5.6010194,-6.382817,-0.3073609,12 La Romana,2018,12,train
-5.732013,-5.0098944,-5.308659,-0.80954117,12 La Romana,2018,13,train
-4.505156,-5.1893983,-6.271774,-2.709867,12 La Romana,2018,14,train
-5.2988095,-4.237831,-5.004352,-3.2560909,12 La Romana,2018,15,train
-4.4754505,-4.016477,-5.1919413,-3.6005507,12 La Romana,2018,16,train
-4.426701,-3.8466313,-5.124462,-4.2838573,12 La Romana,2018,17,train
-3.5329788,-3.9176555,-5.4749236,-4.2213306,12 La Romana,2018,18,train
-3.1593184,-3.2639527,-5.073148,-5.045349,12 La Romana,2018,19,train
-2.229518,-2.8169484,-4.571763,-4.51953,12 La Romana,2018,20,train
-3.2238684,-0.04508762,-5.6232433,-5.2112975,12 La Romana,2018,21,train
-1.8491373,-0.021826075,-5.569379,-4.8142953,12 La Romana,2018,22,train
-2.8389404,1.3980187,-5.0413437,-6.1448946,12 La Romana,2018,23,train
-2.3064802,1.9127295,-4.8622828,-6.1185455,12 La Romana,2018,24,train
0.46775523,1.0528333,-5.212696,-4.632769,12 La Romana,2018,25,train
-1.4260006,2.6437554,-4.0980735,-5.427852,12 La Romana,2018,26,train
-5.38264,7.1858997,3.234038,-3.2587426,12 La Romana,2018,27,train
-4.3025374,7.4884753,5.3837905,-1.2553743,12 La Romana,2018,28,train
-3.9403834,7.466657,4.2992787,-1.8831731,12 La Romana,2018,29,train
-5.494204,8.230806,3.5964363,-3.4497554,12 La Romana,2018,30,train
-5.818234,7.8477125,2.8737395,-3.8559453,12 La Romana,2018,31,train
-5.744329,8.098607,3.8744845,-3.98242,12 La Romana,2018,32,train
-4.9139166,7.4488816,3.8055425,-3.3750784,12 La Romana,2018,33,train
-5.316163,7.643127,3.384714,-3.9905143,12 La Romana,2018,34,train
3.4146154,5.880354,1.3121532,0.57977283,12 La Romana,2018,35,train
3.2005923,6.251843,2.6848938,0.17408346,12 La Romana,2018,36,train
3.1476126,5.5195317,2.3889523,0.43390507,12 La Romana,2018,37,train
3.2395113,5.485659,2.5544176,0.5250196,12 La Romana,2018,38,train
2.4483874,5.199435,3.139531,0.6857819,12 La Romana,2018,39,train
7.990736,-0.88844013,-4.1736917,2.2830393,12 La Romana,2018,40,train
1.3151108,5.8911314,5.69008,2.6918612,12 La Romana,2018,41,train
1.7723663,3.7456682,3.73719,2.070016,12 La Romana,2018,42,train
2.7883735,3.9463997,3.9232242,2.6730952,12 La Romana,2018,43,train
3.373584,3.138101,3.6561072,3.1831827,12 La Romana,2018,44,train
1.986859,3.1281066,4.9129133,3.1539204,12 La Romana,2018,45,train
1.2942945,3.0206285,5.477326,3.337831,12 La Romana,2018,46,train
2.8211029,2.051981,4.7853694,4.03611,12 La Romana,2018,47,train
4.205566,1.0592768,4.1577187,4.641921,12 La Romana,2018,48,train
2.3653247,0.9859427,4.1068344,4.088646,12 La Romana,2018,49,train
2.9072564,0.5542619,4.140263,4.726297,12 La Romana,2018,50,train
0.55546266,-3.8004901,4.883232,5.326391,12 La Romana,2018,51,train
-6.448084,-0.38644013,6.343304,1.4438816,12 La Romana,2018,52,train
-7.138312,-1.3663459,6.875781,1.0876226,12 La Romana,2019,1,train
-8.063264,-3.0756962,7.1641746,1.2009182,12 La Romana,2019,2,train
-8.062006,-4.019371,6.5725617,1.3408585,12 La Romana,2019,3,train
-7.2243485,-3.6872087,5.649733,1.0928005,12 La Romana,2019,4,train
-4.162618,-7.2114954,1.9747047,1.88115,12 La Romana,2019,5,train
-3.5246878,-8.028734,2.4370644,-0.34527925,12 La Romana,2019,6,train
-3.5497441,-7.4880457,1.9167378,-1.1620334,12 La Romana,2019,7,train
-4.329867,-6.6071744,1.5189073,-1.6115417,12 La Romana,2019,8,train
-5.346986,-6.643058,1.4865326,-2.231226,12 La Romana,2019,9,train
-4.6982875,-6.800559,-1.2206323,-1.2602473,12 La Romana,2019,10,train
-6.3029747,-7.1907954,-1.5792772,-1.956323,12 La Romana,2019,11,train
-4.265166,-7.572583,-3.1984007,-2.651362,12 La Romana,2019,12,train
-2.3042636,-7.0388074,-3.532397,-2.7270067,12 La Romana,2019,13,train
-5.379179,-4.9555287,-3.0093918,-3.445223,12 La Romana,2019,14,train
-5.3310924,-4.703327,-3.1072106,-4.110191,12 La Romana,2019,15,train
-6.168186,-4.486943,-2.953921,-5.1893716,12 La Romana,2019,16,train
-4.5265164,-5.264509,-3.6690948,-5.0551386,12 La Romana,2019,17,train
-5.7951717,-0.11286716,-6.917428,-1.799304,12 La Romana,2019,18,train
-4.0381913,0.6294329,-7.5543113,-1.6953784,12 La Romana,2019,19,train
-2.52501,1.1841419,-6.822343,-2.3882792,12 La Romana,2019,20,train
-0.70263195,0.23500197,-7.343282,-1.1139499,12 La Romana,2019,21,train
4.5163608,-2.8418663,-7.196193,-1.1610917,12 La Romana,2019,22,train
0.11999918,1.3353988,-6.911012,-1.3113269,12 La Romana,2019,23,train
-1.133199,2.7370293,-5.424521,-2.269515,12 La Romana,2019,24,train
-1.0712737,3.537104,-4.8329954,-2.3593097,12 La Romana,2019,25,train
-0.8632621,4.419068,-4.699776,-2.6249459,12 La Romana,2019,26,train
-3.5934014,6.7078767,4.706685,-4.080787,12 La Romana,2019,27,train
-2.729554,5.7279005,4.3251457,-4.7601852,12 La Romana,2019,28,train
-2.369004,5.336249,4.3171344,-5.6032405,12 La Romana,2019,29,train
-1.9984834,4.9718957,3.1384506,-7.65148,12 La Romana,2019,30,train
-1.223249,5.4678698,6.4753156,-4.264371,12 La Romana,2019,31,train
-1.0284581,5.337754,4.6115236,-6.2962794,12 La Romana,2019,32,train
-1.7102418,5.231813,3.6649177,-7.252175,12 La Romana,2019,33,train
-1.363024,5.351522,4.6964874,-6.5970883,12 La Romana,2019,34,train
3.682062,4.969798,2.1586833,-3.2653975,12 La Romana,2019,35,train
4.7723455,3.4952297,2.851802,-2.901993,12 La Romana,2019,36,train
4.9702215,3.8333528,2.357803,-2.8815706,12 La Romana,2019,37,train
9.782677,-1.9696697,-2.9241502,-1.106508,12 La Romana,2019,38,train
3.4442818,4.9397826,6.1716256,-0.71304137,12 La Romana,2019,39,train
2.82314,5.818881,7.1682153,0.7064727,12 La Romana,2019,40,train
4.692902,3.3096395,3.9754713,0.784811,12 La Romana,2019,41,train
4.8096657,3.1512222,4.31111,1.1197118,12 La Romana,2019,42,train
2.3613288,3.2618933,6.0508995,1.3700337,12 La Romana,2019,43,train
3.7833667,1.7691758,4.178751,1.4289451,12 La Romana,2019,44,train
3.8382814,1.7707022,4.5143995,1.914313,12 La Romana,2019,45,train
4.6705456,1.5947839,5.1747775,2.7228227,12 La Romana,2019,46,train
4.8270316,0.6001482,4.9946747,3.0190773,12 La Romana,2019,47,train
5.248053,-0.15527055,4.166602,2.8061533,12 La Romana,2019,48,train
1.542653,-3.2616997,6.3896265,1.9696252,12 La Romana,2019,49,train
0.22084357,-2.4840553,5.6902437,1.8980923,12 La Romana,2019,50,train
0.09859742,-2.8524287,5.184973,2.1490612,12 La Romana,2019,51,train
-5.5274253,-0.7714778,9.006243,-0.09709231,12 La Romana,2019,52,train
-5.959317,-1.0634888,7.5416884,0.7885246,12 La Romana,2020,1,val
-6.101722,-1.3502917,6.2660146,0.5257951,12 La Romana,2020,2,val
-5.991196,-1.8390545,5.7861447,0.8486,12 La Romana,2020,3,val
-5.695422,-3.4599473,6.967763,1.3161856,12 La Romana,2020,4,val
-3.0687416,-7.8757763,1.7873313,1.6394658,12 La Romana,2020,5,val
-3.2731698,-6.2572517,1.319544,0.08448859,12 La Romana,2020,6,val
-3.7710752,-5.7051735,0.57459676,-0.48482293,12 La Romana,2020,7,val
-3.7912934,-6.5216393,0.55686677,-0.91111636,12 La Romana,2020,8,val
-2.7438364,-6.9561734,-0.7888835,-1.0235506,12 La Romana,2020,9,val
-3.004534,-7.04668,-0.42563438,-2.1832008,12 La Romana,2020,10,val
-2.0348587,-7.162429,-1.7805684,-2.1151505,12 La Romana,2020,11,val
-3.7614677,-5.662153,-1.3613164,-2.4437473,12 La Romana,2020,12,val
-3.332659,-6.683706,-1.4891093,-4.0540137,12 La Romana,2020,13,val
-5.1278114,-7.695373,-2.5883236,-5.8843455,12 La Romana,2020,14,val
-2.1143467,-6.1879725,-2.1079836,-5.6948347,12 La Romana,2020,15,val
-2.8961604,-5.0506334,-1.555273,-5.6536155,12 La Romana,2020,16,val
-3.418127,-4.976829,-1.1045659,-6.5740585,12 La Romana,2020,17,val
-3.3633504,-5.3391685,-0.6899628,-7.804296,12 La Romana,2020,18,val
-4.3727255,1.9470547,-6.645853,-0.11314255,12 La Romana,2020,19,val
-3.8189216,2.1067457,-6.543691,-0.28568667,12 La Romana,2020,20,val
-2.6160395,2.5913277,-6.661923,0.4012003,12 La Romana,2020,21,val
-2.9508379,3.6335294,-7.0483017,1.2706718,12 La Romana,2020,22,val
-3.5321872,4.746589,-6.061201,-0.5726642,12 La Romana,2020,23,val
-2.0302567,4.595692,-6.2985315,0.0010293598,12 La Romana,2020,24,val
-3.4588664,5.950244,-5.119862,-1.4347394,12 La Romana,2020,25,val
-2.9139967,6.3047333,-4.478272,-0.9250233,12 La Romana,2020,26,val
-5.6663485,8.644319,0.8059759,-0.07689723,12 La Romana,2020,27,val
-5.469973,8.342738,0.14840561,-0.8398622,12 La Romana,2020,28,val
-6.224897,8.871845,-0.25785747,-0.88432175,12 La Romana,2020,29,val
-6.1618547,8.64463,-0.26938644,-1.1660995,12 La Romana,2020,30,val
-7.302577,9.09024,9.407461,1.3548471,12 La Romana,2020,31,val
-5.1903415,8.873258,-0.87425584,0.08137053,12 La Romana,2020,32,val
-5.5493064,8.505974,-0.4911453,0.31204143,12 La Romana,2020,33,val
-8.820022,9.215249,8.041361,1.3768307,12 La Romana,2020,34,val
0.56668276,7.4057155,-2.5040088,2.046451,12 La Romana,2020,35,val
-0.26606873,7.592792,-2.0741317,4.3385506,12 La Romana,2020,36,val
-0.31292725,8.115748,-1.3142276,4.507332,12 La Romana,2020,37,val
1.3621709,7.7261276,-2.5091825,4.294341,12 La Romana,2020,38,val
1.6396607,7.127518,-1.4858259,4.102647,12 La Romana,2020,39,val
-0.61709887,7.194386,-1.6215417,6.749748,12 La Romana,2020,40,val
0.4468454,6.097886,-0.60564023,5.7194777,12 La Romana,2020,41,val
-0.023225863,6.3421736,-0.056984574,6.430939,12 La Romana,2020,42,val
2.0525162,4.849051,-0.6747823,6.4174013,12 La Romana,2020,43,val
1.0429555,3.4282494,0.111827046,5.2940054,12 La Romana,2020,44,val
4.3844733,-0.7071767,-4.1024947,6.3320193,12 La Romana,2020,45,val
4.9936895,-1.7664573,-5.046244,6.575344,12 La Romana,2020,46,val
-1.5029324,3.563206,1.9363099,8.117666,12 La Romana,2020,47,val
-1.48156,2.6909835,1.9607587,8.067105,12 La Romana,2020,48,val
-2.7238443,-2.9113567,1.8189089,7.99524,12 La Romana,2020,49,val
-3.146683,-2.5241985,2.4516644,8.486429,12 La Romana,2020,50,val
-2.900414,-2.7989538,1.7935734,7.728348,12 La Romana,2020,51,val
-7.812697,0.16042462,5.514876,5.797378,12 La Romana,2020,52,val
-9.393655,-0.29658163,5.2428513,6.306006,12 La Romana,2021,1,val
-8.871927,-0.66433674,4.8892193,5.505389,12 La Romana,2021,2,val
-8.467609,-0.9796603,4.255481,5.73457,12 La Romana,2021,3,val
-8.753166,-1.2674322,3.456146,5.294148,12 La Romana,2021,4,val
-5.9113417,-4.4629173,-1.3901486,5.0665503,12 La Romana,2021,5,val
-5.963423,-4.003404,-1.3061892,3.804539,12 La Romana,2021,6,val
-6.7895613,-4.212688,-1.759097,3.4622219,12 La Romana,2021,7,val
-5.9594474,-3.8005462,-2.5529542,2.7803922,12 La Romana,2021,8,val
-7.0180273,-4.7744074,-3.9988973,2.7862115,12 La Romana,2021,9,val
-5.6632743,-4.6736283,-4.503142,2.1813898,12 La Romana,2021,10,val
-7.8326526,-4.834084,-4.3656754,1.1324242,12 La Romana,2021,11,val
-4.9799876,-4.5003996,-5.195291,0.39963356,12 La Romana,2021,12,val
-5.7371383,-4.56888,-6.033141,-0.78750783,12 La Romana,2021,13,val
-4.464488,-4.9363666,-6.45141,0.153681,12 La Romana,2021,14,val
-5.655489,-4.964903,-6.880295,-1.4164293,12 La Romana,2021,15,val
-5.2654977,-3.8232458,-5.1752543,-2.879079,12 La Romana,2021,16,val
-4.190973,-4.0279875,-5.4581966,-2.4553401,12 La Romana,2021,17,val
-5.7538943,0.21239986,-7.0375166,-0.5639372,12 La Romana,2021,18,val
-4.330405,0.3299571,-6.574016,-0.6743567,12 La Romana,2021,19,val
-4.6850457,1.4404188,-6.645906,-0.30106506,12 La Romana,2021,20,val
-3.8642764,1.7112978,-5.8721924,-0.68665385,12 La Romana,2021,21,val
-3.423951,1.8601958,-5.3869042,-0.39990386,12 La Romana,2021,22,val
2.9034476,-1.993863,-6.8531413,-0.7693491,12 La Romana,2021,23,val
-1.6830895,2.6640372,-4.8436637,-1.1224608,12 La Romana,2021,24,val
-1.5659443,3.2197862,-4.7407227,-0.7655193,12 La Romana,2021,25,val
-1.2801985,3.678696,-4.3552055,-0.91138464,12 La Romana,2021,26,val
-5.4614477,7.733093,1.2188534,0.05645369,12 La Romana,2021,27,val
-5.529918,7.856062,1.7603984,1.1430893,12 La Romana,2021,28,val
-5.2260475,8.380655,0.94225097,0.42819917,12 La Romana,2021,29,val
-4.8616347,8.147025,0.76637936,0.4032244,12 La Romana,2021,30,val
-5.009805,8.631635,0.453643,0.3452667,12 La Romana,2021,31,val
-9.829527,10.606814,11.778325,1.8385177,12 La Romana,2021,32,val
-4.2856555,7.871091,3.6458938,1.4936551,12 La Romana,2021,33,val
-4.8502145,8.20383,1.0767244,-0.7466101,12 La Romana,2021,34,val
1.8127112,7.602802,-1.5390543,1.5784359,12 La Romana,2021,35,val
0.85780245,7.62677,-2.7437117,3.067626,12 La Romana,2021,36,val
-0.06309795,7.82575,-1.2721603,4.310034,12 La Romana,2021,37,val
0.23001008,7.9041295,-1.0972261,4.3049965,12 La Romana,2021,38,val
-0.12519619,8.284069,-0.8773285,5.5978074,12 La Romana,2021,39,val
1.502555,5.335592,-0.95388347,3.688631,12 La Romana,2021,40,val
-0.52512115,7.7137303,0.60535306,7.103821,12 La Romana,2021,41,val
1.3366908,5.4030914,-0.06875443,5.8048615,12 La Romana,2021,42,val
1.6570386,4.5874047,0.48605162,5.574523,12 La Romana,2021,43,val
1.7722677,3.8793592,0.5321816,5.712438,12 La Romana,2021,44,val
2.363183,3.028176,0.2321453,6.089733,12 La Romana,2021,45,val
3.032599,1.4957999,0.11348382,5.2772617,12 La Romana,2021,46,val
2.1027062,1.7436247,0.498766,6.9974456,12 La Romana,2021,47,val
-1.1172742,-2.8878882,2.2070878,6.813811,12 La Romana,2021,48,val
-1.3181757,-2.9504714,1.7240642,6.133678,12 La Romana,2021,49,val
-1.9341692,-2.6809084,1.881759,5.940864,12 La Romana,2021,50,val
-2.1528966,-3.0430474,2.341823,7.737533,12 La Romana,2021,51,val
-9.274671,0.06853808,5.3212833,3.8526776,12 La Romana,2021,52,val
-9.792415,-5.511937,17.665897,4.7901845,13 La Vega,2015,1,train
-11.428142,-8.251783,17.480925,4.8630996,13 La Vega,2015,2,train
-10.774051,-9.650977,15.542747,4.1209064,13 La Vega,2015,3,train
-14.036003,-12.6931,15.0053215,3.1162004,13 La Vega,2015,4,train
-1.2994059,-16.955938,4.8594255,4.6144576,13 La Vega,2015,5,train
-5.5588875,-17.869688,2.7450688,5.421806,13 La Vega,2015,6,train
-3.845162,-16.935911,0.6693771,4.50704,13 La Vega,2015,7,train
8.4291315,-15.489683,-7.0282207,4.132302,13 La Vega,2015,8,train
-6.9223566,-19.187092,-2.9136477,1.422968,13 La Vega,2015,9,train
-6.33453,-19.631985,-2.8221965,-0.04378928,13 La Vega,2015,10,train
-6.039898,-19.520367,-3.9523332,-1.0803541,13 La Vega,2015,11,train
-8.150827,-20.470894,-5.05125,-5.3533516,13 La Vega,2015,12,train
-8.775765,-18.305336,-5.3674045,-9.09784,13 La Vega,2015,13,train
-4.7740183,-17.213863,-8.734924,-3.6196523,13 La Vega,2015,14,train
-5.226386,-15.706664,-8.664,-5.2215824,13 La Vega,2015,15,train
-9.786106,-16.171932,-8.692402,-11.590963,13 La Vega,2015,16,train
-11.734572,1.5966818,-18.523438,-12.131291,13 La Vega,2015,17,train
-13.436675,4.3022075,-16.70727,-14.70596,13 La Vega,2015,18,train
-10.498092,4.504217,-18.618774,-10.484132,13 La Vega,2015,19,train
-7.4322524,4.3184557,-17.946178,-9.074328,13 La Vega,2015,20,train
-2.7378583,3.0963778,-16.248705,-6.871233,13 La Vega,2015,21,train
-1.4477372,3.6411326,-16.338697,-6.823257,13 La Vega,2015,22,train
-2.1743507,6.62698,-14.550149,-10.126021,13 La Vega,2015,23,train
-3.615918,9.69809,-13.433108,-12.08579,13 La Vega,2015,24,train
-1.5560046,9.666822,-11.741598,-10.5777025,13 La Vega,2015,25,train
-1.1825895,11.375857,-10.673817,-11.1801405,13 La Vega,2015,26,train
-7.743949,16.478992,8.208929,-10.63341,13 La Vega,2015,27,train
-7.404343,17.717295,10.090387,-10.9161,13 La Vega,2015,28,train
-7.674735,17.78383,9.68115,-12.05822,13 La Vega,2015,29,train
-8.45186,17.15627,7.1201944,-14.754215,13 La Vega,2015,30,train
-8.505545,17.138334,7.7133064,-15.451784,13 La Vega,2015,31,train
-7.239724,15.353632,8.548566,-14.052477,13 La Vega,2015,32,train
-7.6973004,14.960006,9.049733,-15.766444,13 La Vega,2015,33,train
-8.934823,15.1149435,7.7066526,-16.988008,13 La Vega,2015,34,train
13.759644,10.984421,3.072387,-2.2612646,13 La Vega,2015,35,train
15.709432,9.817337,4.1482196,-5.3754516,13 La Vega,2015,36,train
16.409336,8.866175,5.0151443,-4.2459874,13 La Vega,2015,37,train
16.774807,7.369129,6.53971,-2.9833808,13 La Vega,2015,38,train
17.3285,6.3242354,6.688284,-4.7983613,13 La Vega,2015,39,train
21.059114,1.3326068,8.244558,-5.1211896,13 La Vega,2015,40,train
20.620325,0.30763003,9.605873,-3.8981044,13 La Vega,2015,41,train
19.599531,-0.581863,10.385878,-2.8790696,13 La Vega,2015,42,train
20.66049,-2.2538257,13.567493,-1.8715888,13 La Vega,2015,43,train
18.164207,-1.6665877,12.885793,0.12634045,13 La Vega,2015,44,train
14.159807,-0.58547574,12.45373,3.3314407,13 La Vega,2015,45,train
14.566183,-0.8419129,11.632066,4.754432,13 La Vega,2015,46,train
17.022034,-2.8796275,11.705391,7.6046124,13 La Vega,2015,47,train
11.986052,-11.787418,12.157433,5.1158,13 La Vega,2015,48,train
7.733191,-8.682206,12.031765,5.067763,13 La Vega,2015,49,train
8.196032,-10.716878,10.634777,6.877403,13 La Vega,2015,50,train
7.027472,-10.8373375,10.855489,7.23944,13 La Vega,2015,51,train
-7.854414,-3.1318495,19.111008,1.57614,13 La Vega,2015,52,train
-14.215656,-10.849607,21.874538,-5.731755,13 La Vega,2016,1,train
-14.258131,-12.9692745,20.887201,-6.233249,13 La Vega,2016,2,train
-12.249079,-13.734244,19.390074,-5.7986317,13 La Vega,2016,3,train
-9.640588,-14.334759,18.140108,-3.8316731,13 La Vega,2016,4,train
-3.3552272,-21.379078,10.223831,-1.3585585,13 La Vega,2016,5,train
-4.959536,-20.648937,9.200155,-2.5957737,13 La Vega,2016,6,train
-4.800242,-22.231228,8.523915,-3.1978137,13 La Vega,2016,7,train
-6.4471264,-22.174376,6.643976,-4.6700263,13 La Vega,2016,8,train
-4.124075,-21.114332,5.1121764,-6.2019024,13 La Vega,2016,9,train
-5.6028423,-19.82697,-2.8322713,-0.5697358,13 La Vega,2016,10,train
-8.901018,-20.303698,-2.714509,-6.4737287,13 La Vega,2016,11,train
-8.506175,-17.612736,-3.8068824,-9.249486,13 La Vega,2016,12,train
-10.206985,-18.877892,-3.6950235,-12.756479,13 La Vega,2016,13,train
-5.4747367,-17.315758,-1.8888484,-13.792431,13 La Vega,2016,14,train
-6.1222425,-18.268822,-2.3401296,-14.039733,13 La Vega,2016,15,train
2.4982426,-16.504122,-2.495573,-9.525133,13 La Vega,2016,16,train
3.6803782,-15.855702,-2.7833157,-10.431084,13 La Vega,2016,17,train
-3.5762239,-0.40618038,-17.996405,-2.121627,13 La Vega,2016,18,train
-3.1691196,0.810871,-18.456594,-0.30154708,13 La Vega,2016,19,train
-5.008289,5.1898804,-16.904089,-4.128832,13 La Vega,2016,20,train
-3.570489,5.0077586,-17.14229,-1.360522,13 La Vega,2016,21,train
-3.2074907,7.31055,-16.941214,-0.7728711,13 La Vega,2016,22,train
-6.5025015,12.466354,-15.6207905,-5.164306,13 La Vega,2016,23,train
-6.6039743,14.175791,-14.47223,-6.781734,13 La Vega,2016,24,train
-1.1395456,12.002742,-14.0170965,-1.5541736,13 La Vega,2016,25,train
-1.043144,14.199825,-12.668763,-1.9247247,13 La Vega,2016,26,train
-8.118367,20.120628,2.4228597,-6.0554304,13 La Vega,2016,27,train
-9.196682,21.316381,2.1690092,-6.502793,13 La Vega,2016,28,train
-8.190752,20.780334,2.7933898,-4.785969,13 La Vega,2016,29,train
-7.8272953,20.455557,4.3281903,-2.1518128,13 La Vega,2016,30,train
-7.735145,20.632025,4.9959893,-1.6791009,13 La Vega,2016,31,train
-8.044152,21.145578,1.0277792,-2.9312468,13 La Vega,2016,32,train
-9.892462,21.929457,0.48773956,-6.269952,13 La Vega,2016,33,train
-9.405468,20.82345,4.033919,2.4301095,13 La Vega,2016,34,train
8.921438,17.11057,-4.0064754,3.6104932,13 La Vega,2016,35,train
8.70368,16.95725,-4.242471,4.3212147,13 La Vega,2016,36,train
10.587479,16.715883,-4.3957787,4.5646296,13 La Vega,2016,37,train
10.9092,15.099587,-3.6478293,5.0933976,13 La Vega,2016,38,train
10.296289,13.646285,-1.1515535,6.3736534,13 La Vega,2016,39,train
9.434093,12.412002,0.77884126,10.468948,13 La Vega,2016,40,train
9.659293,11.228311,1.8505646,10.712614,13 La Vega,2016,41,train
5.390954,12.046281,3.6669724,13.745653,13 La Vega,2016,42,train
6.915798,9.862237,4.0015845,13.9854355,13 La Vega,2016,43,train
5.3818555,8.796179,4.5024114,16.319479,13 La Vega,2016,44,train
12.614407,-2.9550657,-8.560847,11.962872,13 La Vega,2016,45,train
14.161486,-4.643029,-7.773316,11.891818,13 La Vega,2016,46,train
1.4667315,4.8193526,5.6147857,19.896847,13 La Vega,2016,47,train
-1.7235659,-4.8264914,8.26823,16.78914,13 La Vega,2016,48,train
0.060786597,-6.868858,7.806577,17.682787,13 La Vega,2016,49,train
-0.58062065,-6.3614655,8.231448,16.028942,13 La Vega,2016,50,train
-2.558571,-4.9515457,8.721931,16.31536,13 La Vega,2016,51,train
-13.946638,-3.3477638,14.766027,12.430871,13 La Vega,2016,52,train
-14.675681,-5.1098228,14.56218,10.318704,13 La Vega,2017,1,train
-12.580503,6.809168,19.458954,10.2652025,13 La Vega,2017,2,train
-19.406618,-8.933132,13.444306,15.83236,13 La Vega,2017,3,train
-20.50571,-10.717178,12.310533,13.030343,13 La Vega,2017,4,train
-7.0371017,-14.311772,1.8067166,11.716502,13 La Vega,2017,5,train
-7.9569516,-15.073323,0.78533053,10.089259,13 La Vega,2017,6,train
-7.0806637,-15.392185,-1.9412597,9.72526,13 La Vega,2017,7,train
-12.521452,-18.17788,-1.8043256,7.24457,13 La Vega,2017,8,train
-9.526097,-15.913237,-5.0499773,5.860917,13 La Vega,2017,9,train
-7.7374964,-15.66299,-10.112753,6.548114,13 La Vega,2017,10,train
-8.503682,-15.963546,-9.937209,0.67971236,13 La Vega,2017,11,train
-4.69691,-14.334027,-15.098333,4.0768566,13 La Vega,2017,12,train
-9.548288,-15.394091,-14.042874,-2.7962346,13 La Vega,2017,13,train
-5.8573823,-15.993164,-8.186442,-10.515084,13 La Vega,2017,14,train
-6.4332266,-17.37767,-10.079148,-7.32349,13 La Vega,2017,15,train
8.283082,-13.778258,-11.095407,-2.249405,13 La Vega,2017,16,train
9.224528,-12.953985,-10.910046,-3.4737828,13 La Vega,2017,17,train
-4.4390545,-0.24228227,-20.639267,2.1143744,13 La Vega,2017,18,train
-5.99775,3.514514,-21.46152,1.2599417,13 La Vega,2017,19,train
-2.9291682,2.7833385,-17.576815,1.3912174,13 La Vega,2017,20,train
-5.47317,8.154803,-18.018017,-2.6159372,13 La Vega,2017,21,train
-4.438787,8.756844,-18.355747,-0.47599342,13 La Vega,2017,22,train
-4.606438,11.242822,-14.785849,-5.4509964,13 La Vega,2017,23,train
-3.0660841,11.64818,-15.194423,-3.1786604,13 La Vega,2017,24,train
0.17664984,10.649676,-13.946494,-1.1498578,13 La Vega,2017,25,train
1.3391858,11.494649,-12.713337,-1.0616735,13 La Vega,2017,26,train
-6.3968115,19.863968,3.1667755,2.0918083,13 La Vega,2017,27,train
-7.403316,20.882591,3.757493,2.6787755,13 La Vega,2017,28,train
-7.10768,20.886528,2.956817,0.5020504,13 La Vega,2017,29,train
-6.673693,20.673714,2.2147481,-1.2995251,13 La Vega,2017,30,train
-6.651826,19.9702,2.8943956,-0.5424312,13 La Vega,2017,31,train
-8.406164,21.51411,2.673357,-0.21115403,13 La Vega,2017,32,train
-6.1594872,19.320787,3.881888,2.6687074,13 La Vega,2017,33,train
-7.0716047,20.282673,3.4115756,0.06188491,13 La Vega,2017,34,train
7.197068,16.907923,-2.4675138,3.9999683,13 La Vega,2017,35,train
7.3136945,15.754871,-0.1966547,6.665742,13 La Vega,2017,36,train
8.114604,15.796935,-0.5566448,6.8863087,13 La Vega,2017,37,train
10.262033,14.039093,0.006082315,6.61797,13 La Vega,2017,38,train
10.501893,14.298162,0.83051187,7.0740986,13 La Vega,2017,39,train
8.887622,13.593187,1.3741636,9.185326,13 La Vega,2017,40,train
9.745498,12.636699,1.7025751,12.282002,13 La Vega,2017,41,train
10.230544,9.909221,3.30154,11.297011,13 La Vega,2017,42,train
11.94162,8.566082,2.4751337,13.017638,13 La Vega,2017,43,train
10.870871,6.9061437,3.3633304,12.994587,13 La Vega,2017,44,train
3.3009648,8.364898,5.136687,17.386986,13 La Vega,2017,45,train
2.723658,6.992158,5.20176,18.318127,13 La Vega,2017,46,train
8.256572,4.4446363,3.0948436,18.104572,13 La Vega,2017,47,train
8.572314,2.7479765,4.4012485,16.241123,13 La Vega,2017,48,train
-1.1017393,-5.8982596,7.626115,16.602468,13 La Vega,2017,49,train
0.89355433,-8.91523,6.0069127,17.932508,13 La Vega,2017,50,train
-2.6535184,-5.6475596,7.581969,16.895565,13 La Vega,2017,51,train
-15.165291,-2.5594323,13.638736,14.240675,13 La Vega,2017,52,train
-12.922547,-1.327828,13.382889,14.342243,13 La Vega,2018,1,train
-11.877989,-3.7276785,12.418555,12.945155,13 La Vega,2018,2,train
-11.007665,-4.041725,11.168246,13.851377,13 La Vega,2018,3,train
-11.070846,-2.7873964,9.780908,14.759394,13 La Vega,2018,4,train
-6.2459807,-13.114038,-0.7918212,13.64577,13 La Vega,2018,5,train
-4.833755,-12.59038,-4.0947704,11.422144,13 La Vega,2018,6,train
-5.130152,-12.6766615,-7.033223,12.209524,13 La Vega,2018,7,train
-6.086558,-13.40338,-7.3194413,11.283533,13 La Vega,2018,8,train
-15.186117,-19.97538,-6.2533197,10.396795,13 La Vega,2018,9,train
-12.742568,-17.623978,-9.639742,4.582964,13 La Vega,2018,10,train
-11.803128,-15.962592,-10.684281,0.27043357,13 La Vega,2018,11,train
-10.059532,-15.23142,-13.752107,-0.6791011,13 La Vega,2018,12,train
-8.308066,-15.646223,-15.751558,1.3931767,13 La Vega,2018,13,train
-8.268359,-15.2810955,-13.528978,-5.196835,13 La Vega,2018,14,train
-6.88078,-13.476944,-13.417282,-6.9389596,13 La Vega,2018,15,train
-7.6061935,-13.045712,-13.621625,-8.290777,13 La Vega,2018,16,train
-6.7258167,-11.279826,-13.550915,-10.71054,13 La Vega,2018,17,train
-7.155819,-3.0084724,-18.691233,-5.244555,13 La Vega,2018,18,train
-4.040768,-3.0219495,-16.829872,-10.711622,13 La Vega,2018,19,train
-2.321376,-3.6129665,-16.172894,-9.528517,13 La Vega,2018,20,train
-2.8941936,-1.1141888,-15.783336,-11.707,13 La Vega,2018,21,train
-2.8043356,1.5581464,-14.689636,-12.4074,13 La Vega,2018,22,train
-6.2503486,6.25826,-14.370201,-16.333525,13 La Vega,2018,23,train
-3.379282,6.136046,-12.802208,-13.956376,13 La Vega,2018,24,train
-1.5019848,6.262061,-12.354345,-12.953269,13 La Vega,2018,25,train
-1.1446955,8.056079,-11.314833,-12.765936,13 La Vega,2018,26,train
-9.266606,19.975445,5.701817,-9.519265,13 La Vega,2018,27,train
-7.6941404,19.517492,7.399602,-7.114651,13 La Vega,2018,28,train
-5.820021,18.475948,6.6521807,-6.31997,13 La Vega,2018,29,train
-8.455102,20.030458,5.6100492,-9.304816,13 La Vega,2018,30,train
-6.6915298,19.314903,7.3563037,-6.6226945,13 La Vega,2018,31,train
-8.504974,19.581509,7.6660113,-9.008861,13 La Vega,2018,32,train
-6.036891,18.57302,10.58187,-4.269231,13 La Vega,2018,33,train
-6.8752027,18.729189,8.078916,-7.3375916,13 La Vega,2018,34,train
9.7586355,14.019808,3.8888137,2.4765809,13 La Vega,2018,35,train
12.716973,14.223086,2.959006,1.8646259,13 La Vega,2018,36,train
11.260042,13.225373,3.7976406,2.2803981,13 La Vega,2018,37,train
12.176575,12.821107,3.734781,2.6633115,13 La Vega,2018,38,train
10.422423,12.811349,5.608733,3.224073,13 La Vega,2018,39,train
10.856333,12.396526,6.601124,6.303607,13 La Vega,2018,40,train
12.230283,10.8131485,6.4501424,6.995973,13 La Vega,2018,41,train
10.436738,9.831085,7.8479958,7.7187734,13 La Vega,2018,42,train
13.835472,7.655464,6.082833,8.303713,13 La Vega,2018,43,train
14.7476425,6.1797953,6.4178567,9.994579,13 La Vega,2018,44,train
11.922108,5.5185137,8.814758,10.52563,13 La Vega,2018,45,train
9.322289,4.7746067,9.322552,9.658256,13 La Vega,2018,46,train
13.393932,2.4541664,7.742191,11.106034,13 La Vega,2018,47,train
12.12406,1.4457268,8.301668,11.251097,13 La Vega,2018,48,train
4.351052,-6.972713,9.911563,11.911829,13 La Vega,2018,49,train
5.3133125,-9.226514,9.280016,12.976891,13 La Vega,2018,50,train
5.565127,-10.586091,9.012102,13.282912,13 La Vega,2018,51,train
-11.148156,-2.354295,17.41619,7.031431,13 La Vega,2018,52,train
-14.783909,-6.368866,18.542337,5.8555965,13 La Vega,2019,1,train
-15.519342,-8.613822,18.31369,6.111612,13 La Vega,2019,2,train
-17.84135,-11.769947,17.505219,5.316027,13 La Vega,2019,3,train
-14.699614,-11.325734,14.702509,4.804094,13 La Vega,2019,4,train
-6.2513204,-17.705538,4.721019,6.2823505,13 La Vega,2019,5,train
-6.4224453,-20.136305,6.354073,2.674681,13 La Vega,2019,6,train
-5.2637997,-19.909513,4.4841027,1.6560295,13 La Vega,2019,7,train
-7.8370504,-19.706089,2.8894496,-0.336308,13 La Vega,2019,8,train
-7.9621034,-20.758236,1.9282687,-1.6441579,13 La Vega,2019,9,train
-11.898098,-21.354101,-2.092774,-1.7808572,13 La Vega,2019,10,train
-9.669898,-20.565037,-4.991113,-2.6666033,13 La Vega,2019,11,train
-14.597897,-20.488382,-4.583282,-9.212374,13 La Vega,2019,12,train
11.91594,-15.440761,-8.561067,-4.739159,13 La Vega,2019,13,train
-3.026304,-14.820572,-9.9240055,-4.862055,13 La Vega,2019,14,train
-7.9928746,-16.343187,-9.961574,-8.866017,13 La Vega,2019,15,train
-8.003993,-14.849194,-9.835872,-10.894585,13 La Vega,2019,16,train
-7.1504636,-15.083744,-9.611627,-12.107936,13 La Vega,2019,17,train
-3.8155568,-12.410148,-8.871548,-10.52002,13 La Vega,2019,18,train
-6.1363106,2.518701,-18.534693,-6.8644967,13 La Vega,2019,19,train
-8.870113,6.8206534,-17.283314,-8.927117,13 La Vega,2019,20,train
-3.9992046,4.380824,-18.09383,-3.6299639,13 La Vega,2019,21,train
-1.3894871,2.8902664,-17.520977,-2.96796,13 La Vega,2019,22,train
-3.2343776,8.732337,-16.495714,-4.5610247,13 La Vega,2019,23,train
-2.1654835,9.85925,-13.801801,-7.31493,13 La Vega,2019,24,train
-3.4883404,13.459963,-12.371179,-9.143352,13 La Vega,2019,25,train
-0.7026296,12.846519,-11.611164,-8.1832,13 La Vega,2019,26,train
-7.70804,17.821686,7.1958957,-16.727709,13 La Vega,2019,27,train
-4.465166,15.822128,8.976244,-13.806752,13 La Vega,2019,28,train
-3.0330381,14.294012,9.582975,-14.504118,13 La Vega,2019,29,train
-3.2078474,14.106648,8.187149,-16.395428,13 La Vega,2019,30,train
-1.5246228,12.670801,10.969243,-12.473074,13 La Vega,2019,31,train
-1.6573534,12.861996,7.173182,-15.198576,13 La Vega,2019,32,train
-2.8958123,13.353132,7.3072553,-16.673613,13 La Vega,2019,33,train
-1.6755795,12.705648,8.484174,-15.096831,13 La Vega,2019,34,train
14.2171335,11.905663,-0.12249694,-8.643457,13 La Vega,2019,35,train
14.4844475,10.150174,2.8571591,-6.3502584,13 La Vega,2019,36,train
14.62591,9.658042,4.650506,-4.0002356,13 La Vega,2019,37,train
12.995551,9.463305,6.8358583,-0.88092613,13 La Vega,2019,38,train
12.992313,9.392945,7.7564073,0.76337016,13 La Vega,2019,39,train
13.311785,9.096897,7.07385,2.944254,13 La Vega,2019,40,train
15.423865,7.213066,6.1888404,4.3351717,13 La Vega,2019,41,train
16.694378,6.065478,5.6756077,5.330714,13 La Vega,2019,42,train
13.517023,6.4396367,8.298337,6.041232,13 La Vega,2019,43,train
12.052212,5.150225,9.4373045,6.5010266,13 La Vega,2019,44,train
15.334074,2.9739358,7.8766313,7.2289314,13 La Vega,2019,45,train
14.471823,2.2924092,8.776278,7.7476573,13 La Vega,2019,46,train
16.219221,-0.8367437,9.202866,8.536536,13 La Vega,2019,47,train
17.082474,-1.9212018,9.039394,9.059167,13 La Vega,2019,48,train
7.393197,-8.744528,12.386352,6.1187687,13 La Vega,2019,49,train
4.4444323,-6.3318787,13.283886,6.537804,13 La Vega,2019,50,train
4.9821715,-8.245261,11.9666395,7.2617154,13 La Vega,2019,51,train
-13.343282,-4.523572,19.514565,1.0867941,13 La Vega,2019,52,train
-11.182838,-4.4445786,17.648697,3.6767607,13 La Vega,2020,1,val
-10.39946,-5.034713,17.185947,3.9809694,13 La Vega,2020,2,val
-9.66284,4.391042,22.231215,3.4194658,13 La Vega,2020,3,val
-8.174721,-7.306803,15.636612,4.2023807,13 La Vega,2020,4,val
-4.687406,-17.096413,5.227046,4.213513,13 La Vega,2020,5,val
-1.6155145,-16.109186,2.6487641,2.6189492,13 La Vega,2020,6,val
-2.2318716,-16.652287,0.82002336,1.9446195,13 La Vega,2020,7,val
-2.5808144,-17.586353,0.17094608,1.0911499,13 La Vega,2020,8,val
-4.1196446,-18.211443,-0.9300972,-1.0335498,13 La Vega,2020,9,val
8.716676,-15.231301,-6.696393,-0.15820298,13 La Vega,2020,10,val
10.357532,-16.483624,-8.776753,-0.7604654,13 La Vega,2020,11,val
-3.822443,-19.870241,-5.392497,-3.5353749,13 La Vega,2020,12,val
-4.5333614,-19.829506,-5.1463733,-7.572843,13 La Vega,2020,13,val
-4.723745,-17.903515,-7.373698,-9.423745,13 La Vega,2020,14,val
-2.230317,-14.612738,-6.388613,-12.098304,13 La Vega,2020,15,val
-2.734123,-14.623724,-7.214671,-12.117599,13 La Vega,2020,16,val
-6.7875867,-14.607972,-5.591013,-17.152758,13 La Vega,2020,17,val
-5.5690346,-13.494672,-5.0595136,-17.303043,13 La Vega,2020,18,val
-2.7359374,-11.431407,-6.5720277,-15.648148,13 La Vega,2020,19,val
-8.235754,7.246583,-16.911951,-4.3956356,13 La Vega,2020,20,val
-7.060542,8.900362,-15.961101,-2.8711643,13 La Vega,2020,21,val
-8.711086,11.968778,-19.314919,-2.5744913,13 La Vega,2020,22,val
-6.154583,13.201,-15.8574295,-4.38751,13 La Vega,2020,23,val
-5.2611804,14.265409,-14.954467,-3.7457502,13 La Vega,2020,24,val
-4.241812,15.429112,-13.088439,-4.877216,13 La Vega,2020,25,val
-3.3530176,16.64732,-12.21665,-3.8340647,13 La Vega,2020,26,val
-10.7936325,23.067608,0.85910344,-3.4349527,13 La Vega,2020,27,val
-8.828924,21.788967,1.1052498,-3.1850102,13 La Vega,2020,28,val
-9.365316,21.872494,0.5106942,-3.751888,13 La Vega,2020,29,val
-8.559867,21.722897,2.0104043,-0.2915212,13 La Vega,2020,30,val
-10.213222,16.99908,14.760624,2.3888927,13 La Vega,2020,31,val
-8.599924,22.044182,-1.4888767,-2.1066687,13 La Vega,2020,32,val
-7.9425964,21.164299,-0.119957745,0.6112687,13 La Vega,2020,33,val
-10.473108,17.197163,13.268088,3.070579,13 La Vega,2020,34,val
4.977586,18.542362,-4.5377474,6.073657,13 La Vega,2020,35,val
2.9923677,18.419985,-2.5088298,9.566531,13 La Vega,2020,36,val
6.6998224,17.874563,-4.266967,7.3673916,13 La Vega,2020,37,val
7.6691613,16.876888,-3.3729355,8.618906,13 La Vega,2020,38,val
8.3042345,15.490156,-2.554003,8.85032,13 La Vega,2020,39,val
5.195863,15.597703,-1.0867842,14.637723,13 La Vega,2020,40,val
7.8352585,13.402885,-1.2255366,14.871204,13 La Vega,2020,41,val
7.502574,11.536652,1.0379285,13.799076,13 La Vega,2020,42,val
10.662938,8.990484,-0.23909728,15.047911,13 La Vega,2020,43,val
5.266178,9.402937,2.7479484,16.04026,13 La Vega,2020,44,val
3.0866628,7.764489,4.2555666,17.283224,13 La Vega,2020,45,val
0.8889703,7.0518594,4.5497375,18.71782,13 La Vega,2020,46,val
2.2516286,5.183139,4.0602612,19.764013,13 La Vega,2020,47,val
4.3212495,2.6891801,3.5726445,20.79866,13 La Vega,2020,48,val
4.697379,1.4391786,1.7946868,21.978403,13 La Vega,2020,49,val
-2.9605906,-5.7937565,6.149871,18.646608,13 La Vega,2020,50,val
-3.9608145,-6.1652927,6.2065997,19.481792,13 La Vega,2020,51,val
-13.384682,-1.6554308,11.892269,14.983515,13 La Vega,2020,52,val
-17.42972,-3.0544722,11.579535,16.19358,13 La Vega,2021,1,val
-16.883562,-4.1224217,10.887075,13.774797,13 La Vega,2021,2,val
-14.158373,-4.2230015,9.839852,14.843634,13 La Vega,2021,3,val
-16.21433,-4.855062,8.767549,15.835786,13 La Vega,2021,4,val
-7.60354,-11.662341,-1.7030201,15.266393,13 La Vega,2021,5,val
-7.0334854,-12.255436,-3.2247043,11.825395,13 La Vega,2021,6,val
-9.810584,-13.406088,-4.8940063,12.222509,13 La Vega,2021,7,val
-8.556285,-13.007908,-8.113714,10.869455,13 La Vega,2021,8,val
-13.6122875,-15.033885,-8.577861,8.94028,13 La Vega,2021,9,val
5.5762625,-13.653944,-11.692033,3.9513395,13 La Vega,2021,10,val
-11.420037,-16.08451,-11.786516,6.0465965,13 La Vega,2021,11,val
-7.203146,-13.595812,-13.739856,2.564486,13 La Vega,2021,12,val
-8.41528,-13.606684,-15.188137,0.7165007,13 La Vega,2021,13,val
6.1689696,-14.284937,-13.017478,0.901559,13 La Vega,2021,14,val
-12.736476,-14.895697,-14.659448,-5.973924,13 La Vega,2021,15,val
-9.927235,-13.380875,-14.370896,-7.970649,13 La Vega,2021,16,val
-4.615639,-11.770636,-14.5509205,-5.2971396,13 La Vega,2021,17,val
-5.8907456,-11.340425,-13.202352,-9.477208,13 La Vega,2021,18,val
-4.350945,-10.069908,-11.018983,-13.064434,13 La Vega,2021,19,val
6.104152,-11.198852,-10.786257,-3.8816125,13 La Vega,2021,20,val
-3.0329425,2.190497,-18.68052,0.29759514,13 La Vega,2021,21,val
-0.41771454,1.4538466,-18.051167,2.270839,13 La Vega,2021,22,val
-2.3936028,5.488959,-18.131386,-0.081261486,13 La Vega,2021,23,val
-0.72951245,7.1359353,-13.372363,-4.3759923,13 La Vega,2021,24,val
-0.008661253,8.357619,-15.386782,0.2550082,13 La Vega,2021,25,val
-0.12372521,10.095864,-12.940588,-2.801007,13 La Vega,2021,26,val
-6.789966,20.117607,3.0042834,1.3009845,13 La Vega,2021,27,val
-7.575899,21.129179,3.3776476,3.875666,13 La Vega,2021,28,val
-7.951957,21.725025,2.0689533,0.88802063,13 La Vega,2021,29,val
-7.6795707,21.996967,1.8814305,0.7121108,13 La Vega,2021,30,val
-6.917762,21.33132,1.6147927,-0.28259596,13 La Vega,2021,31,val
-10.522158,17.880209,15.933796,3.5977101,13 La Vega,2021,32,val
-5.6149454,19.038656,5.490139,3.7028425,13 La Vega,2021,33,val
-6.430918,19.568098,3.5357337,-2.4661326,13 La Vega,2021,34,val
8.41685,16.719467,-4.579347,0.88197666,13 La Vega,2021,35,val
7.133266,17.636623,-5.7626467,4.6020675,13 La Vega,2021,36,val
5.573277,17.890158,-2.9218261,9.934629,13 La Vega,2021,37,val
6.391907,16.987524,-2.6798027,9.289984,13 La Vega,2021,38,val
7.389127,16.365135,-2.331709,12.241513,13 La Vega,2021,39,val
9.196015,13.68523,-1.417902,12.15036,13 La Vega,2021,40,val
4.2134256,14.569241,0.82420355,13.566733,13 La Vega,2021,41,val
7.995751,11.283892,1.3288614,14.127316,13 La Vega,2021,42,val
12.269462,8.065481,0.06294201,14.908559,13 La Vega,2021,43,val
9.928361,7.5879807,1.584897,15.729961,13 La Vega,2021,44,val
11.064279,4.9659786,1.6635892,14.925891,13 La Vega,2021,45,val
11.073622,3.3670616,2.3089986,15.69031,13 La Vega,2021,46,val
9.002894,3.2440984,1.5571088,19.197447,13 La Vega,2021,47,val
0.9281285,-6.773425,5.831389,16.715628,13 La Vega,2021,48,val
-0.6251083,-6.429395,6.3875794,17.631866,13 La Vega,2021,49,val
-1.7807559,-6.2305,6.717651,18.522305,13 La Vega,2021,50,val
-1.2125539,-7.5892363,6.135053,17.998219,13 La Vega,2021,51,val
-17.199532,-3.2546155,12.972587,10.994076,13 La Vega,2021,52,val
-5.1296525,-2.6325219,13.080044,3.3938498,14 María Trinidad Sánchez,2015,1,train
-5.7555323,-4.5903325,12.902252,3.5443335,14 María Trinidad Sánchez,2015,2,train
-5.266258,-5.7581453,11.965354,3.3274016,14 María Trinidad Sánchez,2015,3,train
-6.548193,-8.0319195,10.921659,2.9676073,14 María Trinidad Sánchez,2015,4,train
-0.9983346,-12.359583,2.0379312,2.1649315,14 María Trinidad Sánchez,2015,5,train
-2.1106555,-11.897246,0.047688253,3.135622,14 María Trinidad Sánchez,2015,6,train
-2.9329095,-12.899013,-0.025142083,2.7679822,14 María Trinidad Sánchez,2015,7,train
-2.1161942,-12.146393,-2.2281952,1.5743697,14 María Trinidad Sánchez,2015,8,train
-3.429077,-12.201475,-3.1267233,0.3115496,14 María Trinidad Sánchez,2015,9,train
-2.7366278,-12.891557,-3.1011965,-0.92888916,14 María Trinidad Sánchez,2015,10,train
-2.459761,-11.810151,-3.6711023,-1.7025595,14 María Trinidad Sánchez,2015,11,train
-3.2156312,-13.084704,-4.764387,-3.9956353,14 María Trinidad Sánchez,2015,12,train
-4.087229,-11.20466,-4.1206875,-6.992087,14 María Trinidad Sánchez,2015,13,train
-1.9391109,-11.295431,-7.198046,-3.221304,14 María Trinidad Sánchez,2015,14,train
-2.050758,-9.993482,-7.1579485,-4.5926156,14 María Trinidad Sánchez,2015,15,train
-3.3498428,-9.310125,-6.7165685,-7.2840104,14 María Trinidad Sánchez,2015,16,train
-4.3963246,-7.688668,-5.5981708,-10.443236,14 María Trinidad Sánchez,2015,17,train
-6.4578967,0.8694005,-12.115623,-7.7779617,14 María Trinidad Sánchez,2015,18,train
-4.2503924,1.6362548,-10.895922,-5.587479,14 María Trinidad Sánchez,2015,19,train
-2.0829988,0.9294496,-10.918268,-4.7563663,14 María Trinidad Sánchez,2015,20,train
0.7309874,0.019150233,-11.488958,-3.6603293,14 María Trinidad Sánchez,2015,21,train
1.6951796,0.18698072,-11.774005,-3.7182617,14 María Trinidad Sánchez,2015,22,train
0.9035702,2.6321106,-9.997257,-4.8274293,14 María Trinidad Sánchez,2015,23,train
0.5184325,4.204961,-8.79061,-5.312145,14 María Trinidad Sánchez,2015,24,train
1.9274468,4.0451784,-8.418224,-4.7620587,14 María Trinidad Sánchez,2015,25,train
2.3460388,5.0336733,-7.6373796,-4.8921885,14 María Trinidad Sánchez,2015,26,train
-2.9178228,11.213305,7.8590755,-4.131357,14 María Trinidad Sánchez,2015,27,train
-2.827008,11.814097,9.437302,-3.9444683,14 María Trinidad Sánchez,2015,28,train
-3.1842976,11.627086,7.886203,-5.0551205,14 María Trinidad Sánchez,2015,29,train
-3.4432483,11.469704,6.526109,-6.5080013,14 María Trinidad Sánchez,2015,30,train
-3.073561,10.988584,6.447181,-6.3666515,14 María Trinidad Sánchez,2015,31,train
-3.1636052,10.4120655,8.714155,-6.590152,14 María Trinidad Sánchez,2015,32,train
-2.8003576,9.489226,8.200814,-7.8749166,14 María Trinidad Sánchez,2015,33,train
-3.9735045,10.218414,8.848451,-7.274738,14 María Trinidad Sánchez,2015,34,train
6.387527,8.390401,5.3833604,-1.4757309,14 María Trinidad Sánchez,2015,35,train
8.047337,6.904427,5.378373,-4.0111504,14 María Trinidad Sánchez,2015,36,train
7.774844,6.3358216,6.30223,-3.259407,14 María Trinidad Sánchez,2015,37,train
7.853805,6.1179686,8.566663,-2.902291,14 María Trinidad Sánchez,2015,38,train
8.195188,5.3750606,8.488721,-3.1660504,14 María Trinidad Sánchez,2015,39,train
11.667642,1.3990264,7.370555,-4.3629565,14 María Trinidad Sánchez,2015,40,train
10.382958,1.3593305,8.540034,-3.7733467,14 María Trinidad Sánchez,2015,41,train
8.900033,1.992863,10.714202,-3.3161485,14 María Trinidad Sánchez,2015,42,train
10.279305,1.3729753,12.5016365,-2.4295888,14 María Trinidad Sánchez,2015,43,train
8.042318,1.7834721,12.776719,-1.631209,14 María Trinidad Sánchez,2015,44,train
5.3634133,2.8597438,12.661905,1.5450796,14 María Trinidad Sánchez,2015,45,train
5.8638735,2.4594874,11.300114,2.1799705,14 María Trinidad Sánchez,2015,46,train
7.4568,0.7914978,10.984086,3.8416324,14 María Trinidad Sánchez,2015,47,train
4.881085,-5.134087,11.822824,2.0735629,14 María Trinidad Sánchez,2015,48,train
3.3555715,-4.2584662,11.518522,2.4516242,14 María Trinidad Sánchez,2015,49,train
2.471284,-4.2687564,10.675383,2.9743505,14 María Trinidad Sánchez,2015,50,train
1.5862471,-4.078634,10.84851,3.4357262,14 María Trinidad Sánchez,2015,51,train
-3.940837,-0.37076995,15.144347,1.1685209,14 María Trinidad Sánchez,2015,52,train
-3.7268507,-5.3274717,16.667597,-3.9468336,14 María Trinidad Sánchez,2016,1,train
-4.963677,-7.456285,15.53538,-4.697237,14 María Trinidad Sánchez,2016,2,train
-3.799271,-8.212164,14.825912,-3.582444,14 María Trinidad Sánchez,2016,3,train
-3.0257938,-8.861535,13.813458,-3.6319487,14 María Trinidad Sánchez,2016,4,train
0.92447364,-14.199692,5.529319,-2.5248492,14 María Trinidad Sánchez,2016,5,train
0.5093683,-14.030042,4.191129,-2.9861212,14 María Trinidad Sánchez,2016,6,train
0.24938159,-14.335753,3.711044,-3.4873624,14 María Trinidad Sánchez,2016,7,train
-0.6162323,-14.336374,2.7927556,-4.306778,14 María Trinidad Sánchez,2016,8,train
0.41443685,-14.284854,1.8715498,-4.8161173,14 María Trinidad Sánchez,2016,9,train
-2.7034833,-12.760082,-2.9110417,-1.3364495,14 María Trinidad Sánchez,2016,10,train
-3.024869,-12.290856,-2.6431112,-4.4646325,14 María Trinidad Sánchez,2016,11,train
-2.407009,-10.66591,-2.9922671,-6.600739,14 María Trinidad Sánchez,2016,12,train
-2.2058637,-11.352451,-3.7644222,-7.4290137,14 María Trinidad Sánchez,2016,13,train
-1.0276215,-11.876804,-1.820583,-9.114125,14 María Trinidad Sánchez,2016,14,train
-1.6445643,-11.898466,-2.0295088,-9.054118,14 María Trinidad Sánchez,2016,15,train
1.175219,-11.927263,-1.5507085,-7.8412647,14 María Trinidad Sánchez,2016,16,train
9.412864,-10.938917,-5.3675895,-6.362778,14 María Trinidad Sánchez,2016,17,train
-1.4742361,-0.558633,-12.329037,-2.7824116,14 María Trinidad Sánchez,2016,18,train
-0.47800964,-0.73623574,-12.746455,-0.17364648,14 María Trinidad Sánchez,2016,19,train
-1.3834289,1.9201792,-10.674554,-2.0815513,14 María Trinidad Sánchez,2016,20,train
-1.2038302,2.722371,-12.514354,0.32231045,14 María Trinidad Sánchez,2016,21,train
0.20615618,2.3031416,-12.627192,1.5010258,14 María Trinidad Sánchez,2016,22,train
-0.40013784,5.6027937,-9.385791,-0.9147383,14 María Trinidad Sánchez,2016,23,train
-0.8431491,7.416265,-8.652703,-2.011278,14 María Trinidad Sánchez,2016,24,train
1.1311221,5.5385375,-9.476048,-0.295227,14 María Trinidad Sánchez,2016,25,train
1.1683685,7.0800524,-8.753097,0.24104108,14 María Trinidad Sánchez,2016,26,train
-2.6725378,13.033279,2.427714,-1.2190676,14 María Trinidad Sánchez,2016,27,train
-3.1035526,13.608346,3.1605577,-0.5511929,14 María Trinidad Sánchez,2016,28,train
-2.9178143,13.6199665,3.689464,-0.16928308,14 María Trinidad Sánchez,2016,29,train
-3.0023572,13.873995,5.8125534,1.9731439,14 María Trinidad Sánchez,2016,30,train
-3.1584923,13.656355,6.1866918,2.3224113,14 María Trinidad Sánchez,2016,31,train
-2.8527055,13.740324,1.9210685,0.3031941,14 María Trinidad Sánchez,2016,32,train
-3.3039682,14.011865,1.6206923,-0.22376138,14 María Trinidad Sánchez,2016,33,train
-3.835503,14.343796,5.3227277,4.3691926,14 María Trinidad Sánchez,2016,34,train
2.957447,12.614809,-1.2594181,2.3988748,14 María Trinidad Sánchez,2016,35,train
2.5130997,12.551643,-0.21179023,4.315847,14 María Trinidad Sánchez,2016,36,train
2.6174476,12.614304,-0.02984943,3.6071665,14 María Trinidad Sánchez,2016,37,train
3.308943,12.5073395,-0.16997275,4.3479643,14 María Trinidad Sánchez,2016,38,train
2.338576,11.146167,2.033414,4.312558,14 María Trinidad Sánchez,2016,39,train
2.353712,10.729514,3.8601165,6.9365144,14 María Trinidad Sánchez,2016,40,train
3.5077505,10.366279,3.367032,7.6756926,14 María Trinidad Sánchez,2016,41,train
2.3803544,9.5479765,4.3653064,8.955323,14 María Trinidad Sánchez,2016,42,train
1.7008449,9.137987,4.89205,9.743526,14 María Trinidad Sánchez,2016,43,train
-0.6812277,9.104689,6.261904,10.738555,14 María Trinidad Sánchez,2016,44,train
-2.395485,9.363389,7.2059464,12.209272,14 María Trinidad Sánchez,2016,45,train
-1.2480599,7.159309,6.7145486,11.818188,14 María Trinidad Sánchez,2016,46,train
-0.9150454,4.919144,6.415408,12.542253,14 María Trinidad Sánchez,2016,47,train
0.32256067,4.6892343,6.1421595,11.944683,14 María Trinidad Sánchez,2016,48,train
-1.8325244,-2.2240143,7.90124,10.170799,14 María Trinidad Sánchez,2016,49,train
-2.4476056,-1.9640464,8.018693,10.184907,14 María Trinidad Sánchez,2016,50,train
-3.1946158,-1.5151721,8.47758,10.820861,14 María Trinidad Sánchez,2016,51,train
-7.437255,-0.57565784,11.389987,9.156965,14 María Trinidad Sánchez,2016,52,train
-9.147275,-2.271243,10.638149,7.1578975,14 María Trinidad Sánchez,2017,1,train
-7.560206,-1.3956928,9.804638,8.942322,14 María Trinidad Sánchez,2017,2,train
-10.071059,-5.0670767,9.0539665,9.078711,14 María Trinidad Sánchez,2017,3,train
-11.910232,-6.541118,8.266504,7.585102,14 María Trinidad Sánchez,2017,4,train
-3.4813159,-9.547306,-1.0218097,6.972058,14 María Trinidad Sánchez,2017,5,train
-3.195581,-10.193459,-1.5732666,5.717866,14 María Trinidad Sánchez,2017,6,train
-4.1565037,-11.210648,-2.3157773,5.7428923,14 María Trinidad Sánchez,2017,7,train
-6.5072207,-11.640195,-2.1584063,4.031302,14 María Trinidad Sánchez,2017,8,train
-3.421845,-10.303885,-5.2243876,3.0610433,14 María Trinidad Sánchez,2017,9,train
-3.1519227,-10.281584,-8.484406,2.8830526,14 María Trinidad Sánchez,2017,10,train
-3.834122,-10.716186,-8.473287,0.09792967,14 María Trinidad Sánchez,2017,11,train
5.7785053,-10.882789,-11.42443,0.7039636,14 María Trinidad Sánchez,2017,12,train
-3.3633292,-9.581376,-10.858789,-3.4458382,14 María Trinidad Sánchez,2017,13,train
-1.890704,-9.971186,-6.4073353,-7.656552,14 María Trinidad Sánchez,2017,14,train
-1.3029419,-10.61155,-7.3834605,-6.871665,14 María Trinidad Sánchez,2017,15,train
1.9572501,-10.307606,-7.288768,-6.9064717,14 María Trinidad Sánchez,2017,16,train
9.803153,-11.29743,-9.467279,-5.3419533,14 María Trinidad Sánchez,2017,17,train
7.580755,-9.863778,-9.0563965,-3.4704406,14 María Trinidad Sánchez,2017,18,train
2.0549777,-8.595251,-5.034274,-9.759925,14 María Trinidad Sánchez,2017,19,train
2.696567,-7.3903284,-3.3161254,-10.071668,14 María Trinidad Sánchez,2017,20,train
1.3802882,-6.6284847,-2.016359,-12.22494,14 María Trinidad Sánchez,2017,21,train
6.067794,-1.9532093,-11.9687395,-0.7631518,14 María Trinidad Sánchez,2017,22,train
-0.12547669,5.206635,-9.518293,-2.2157454,14 María Trinidad Sánchez,2017,23,train
1.4924957,4.1554794,-10.080081,-0.7774675,14 María Trinidad Sánchez,2017,24,train
1.2971016,4.9994407,-9.626772,-0.9025938,14 María Trinidad Sánchez,2017,25,train
1.6485217,5.2400055,-9.13163,-0.6433252,14 María Trinidad Sánchez,2017,26,train
-3.8327725,14.162284,4.7781787,3.477581,14 María Trinidad Sánchez,2017,27,train
-4.247509,15.012644,5.5902033,5.301861,14 María Trinidad Sánchez,2017,28,train
-3.1071088,13.663856,4.363656,2.0062535,14 María Trinidad Sánchez,2017,29,train
-2.7489216,13.855163,3.6101394,1.3800116,14 María Trinidad Sánchez,2017,30,train
-2.260571,13.389424,4.671869,1.6787658,14 María Trinidad Sánchez,2017,31,train
-3.7334747,14.368438,4.576479,3.1691382,14 María Trinidad Sánchez,2017,32,train
-7.216549,13.858342,12.814751,3.3849068,14 María Trinidad Sánchez,2017,33,train
-3.21319,14.328529,5.2742653,3.3297668,14 María Trinidad Sánchez,2017,34,train
2.492608,12.218603,0.23739153,2.7279994,14 María Trinidad Sánchez,2017,35,train
8.224124,2.8809042,-8.8556,2.865353,14 María Trinidad Sánchez,2017,36,train
3.7319117,12.207194,0.32642353,3.6075363,14 María Trinidad Sánchez,2017,37,train
10.114003,2.3398173,-8.304896,3.7615817,14 María Trinidad Sánchez,2017,38,train
3.6199622,11.086726,2.5175288,4.2807074,14 María Trinidad Sánchez,2017,39,train
2.9162939,10.941876,3.0839553,5.7953577,14 María Trinidad Sánchez,2017,40,train
2.5907948,10.491373,4.2605753,7.3330054,14 María Trinidad Sánchez,2017,41,train
4.0342793,8.266489,4.0240545,6.981962,14 María Trinidad Sánchez,2017,42,train
4.5670342,7.888675,4.2203526,8.128824,14 María Trinidad Sánchez,2017,43,train
3.0701098,7.6433144,5.7259126,8.371333,14 María Trinidad Sánchez,2017,44,train
7.1875978,-1.1325947,-11.417847,10.945522,14 María Trinidad Sánchez,2017,45,train
8.630091,-2.5829575,-10.420818,10.199942,14 María Trinidad Sánchez,2017,46,train
2.5341372,5.592004,4.806324,11.680015,14 María Trinidad Sánchez,2017,47,train
2.3707654,4.5542912,5.870203,11.063231,14 María Trinidad Sánchez,2017,48,train
1.0104988,4.0073915,6.038591,11.382735,14 María Trinidad Sánchez,2017,49,train
3.18449,2.42382,4.2350087,12.067709,14 María Trinidad Sánchez,2017,50,train
-0.6688996,3.6488397,5.883645,12.218234,14 María Trinidad Sánchez,2017,51,train
-8.115216,7.646011,6.4662647,12.452571,14 María Trinidad Sánchez,2017,52,train
-9.153845,7.8187075,6.4229846,13.199998,14 María Trinidad Sánchez,2018,1,train
-8.304908,6.853634,5.951651,11.977634,14 María Trinidad Sánchez,2018,2,train
-7.6700306,-0.49896216,9.815676,10.905127,14 María Trinidad Sánchez,2018,3,train
-8.887469,5.8192043,15.110638,8.841191,14 María Trinidad Sánchez,2018,4,train
-3.1714404,-8.913189,-1.3866259,6.6766424,14 María Trinidad Sánchez,2018,5,train
-2.9216661,-8.42087,-3.5392797,5.7473364,14 María Trinidad Sánchez,2018,6,train
-2.9967353,-8.854748,-5.0352793,5.769047,14 María Trinidad Sánchez,2018,7,train
-3.5599103,-9.215349,-5.768686,5.76601,14 María Trinidad Sánchez,2018,8,train
-5.9966145,-11.433171,-6.6474333,5.235685,14 María Trinidad Sánchez,2018,9,train
-7.4023423,-11.648074,-8.342438,1.8433995,14 María Trinidad Sánchez,2018,10,train
-5.942129,-10.302538,-9.039624,-0.34366798,14 María Trinidad Sánchez,2018,11,train
-3.3483458,-9.797645,-11.08345,-1.1810626,14 María Trinidad Sánchez,2018,12,train
-3.427227,-10.172737,-11.654054,-1.2617357,14 María Trinidad Sánchez,2018,13,train
-1.2996607,-9.113725,-11.025088,-4.1438055,14 María Trinidad Sánchez,2018,14,train
-0.97167045,-8.181634,-10.992466,-4.8254023,14 María Trinidad Sánchez,2018,15,train
-0.4904145,-7.6901774,-10.897014,-5.681139,14 María Trinidad Sánchez,2018,16,train
-1.6624204,-6.4685097,-9.728454,-7.165181,14 María Trinidad Sánchez,2018,17,train
0.49004987,-6.960032,-10.042031,-5.792466,14 María Trinidad Sánchez,2018,18,train
-0.16235487,-3.3478239,-12.016207,-5.9159703,14 María Trinidad Sánchez,2018,19,train
0.567787,-3.356994,-11.7338295,-5.8211107,14 María Trinidad Sánchez,2018,20,train
0.32918626,-2.258077,-10.997559,-6.257146,14 María Trinidad Sánchez,2018,21,train
-0.863855,-0.43044227,-10.532333,-7.703892,14 María Trinidad Sánchez,2018,22,train
-0.27651086,1.0155151,-9.410978,-7.676414,14 María Trinidad Sánchez,2018,23,train
1.3883426,1.1841788,-9.111875,-6.522215,14 María Trinidad Sánchez,2018,24,train
2.7847738,1.4106262,-8.874228,-6.117756,14 María Trinidad Sánchez,2018,25,train
2.1260931,2.8404725,-8.155207,-6.2766123,14 María Trinidad Sánchez,2018,26,train
-3.1546712,13.1375885,6.5120068,-2.2291965,14 María Trinidad Sánchez,2018,27,train
-3.905346,13.367249,8.055747,-1.5409074,14 María Trinidad Sánchez,2018,28,train
-2.1050434,13.165757,7.061657,-1.3130001,14 María Trinidad Sánchez,2018,29,train
-2.9796593,13.269881,6.7237496,-2.12551,14 María Trinidad Sánchez,2018,30,train
-2.123316,13.242656,6.8342743,-1.6979631,14 María Trinidad Sánchez,2018,31,train
-2.324501,13.307318,9.228407,-0.73343813,14 María Trinidad Sánchez,2018,32,train
-2.005174,13.077569,9.217352,-0.5127164,14 María Trinidad Sánchez,2018,33,train
-2.0896187,13.246112,8.405124,-1.4659121,14 María Trinidad Sánchez,2018,34,train
11.167203,0.857468,-8.601132,0.34738925,14 María Trinidad Sánchez,2018,35,train
4.426689,10.94112,5.4850273,0.8284813,14 María Trinidad Sánchez,2018,36,train
3.97929,10.731249,6.3696084,1.4424673,14 María Trinidad Sánchez,2018,37,train
4.6464167,10.751186,6.3264747,1.6395817,14 María Trinidad Sánchez,2018,38,train
4.161464,10.395972,6.7525373,1.8214358,14 María Trinidad Sánchez,2018,39,train
2.951874,10.89719,9.1815815,4.271738,14 María Trinidad Sánchez,2018,40,train
4.541332,9.313372,7.402752,4.496642,14 María Trinidad Sánchez,2018,41,train
2.9641435,8.402427,8.274609,4.475174,14 María Trinidad Sánchez,2018,42,train
5.198065,6.8720384,6.6504292,4.7781,14 María Trinidad Sánchez,2018,43,train
4.759194,6.38705,7.519359,5.6466846,14 María Trinidad Sánchez,2018,44,train
2.9655006,6.902238,9.567576,6.0024195,14 María Trinidad Sánchez,2018,45,train
4.0049224,5.228033,8.359447,6.191326,14 María Trinidad Sánchez,2018,46,train
5.52767,3.8193338,7.4893765,6.7277265,14 María Trinidad Sánchez,2018,47,train
4.6280694,3.5519364,8.374263,7.0944047,14 María Trinidad Sánchez,2018,48,train
3.8604507,2.834719,8.621072,7.5662646,14 María Trinidad Sánchez,2018,49,train
4.9503713,1.8416358,7.9531155,8.064866,14 María Trinidad Sánchez,2018,50,train
4.901846,1.7896216,8.080326,8.294931,14 María Trinidad Sánchez,2018,51,train
-5.860843,-0.63371027,12.587966,5.594014,14 María Trinidad Sánchez,2018,52,train
-7.7839046,-2.8398275,12.494835,4.079897,14 María Trinidad Sánchez,2019,1,train
-7.963351,-4.4648123,12.947561,4.914177,14 María Trinidad Sánchez,2019,2,train
-8.2498665,-6.3383503,11.499028,4.6706266,14 María Trinidad Sánchez,2019,3,train
-7.082516,-6.6113167,9.894225,4.2819095,14 María Trinidad Sánchez,2019,4,train
-2.1565433,-11.180944,0.7958957,3.479868,14 María Trinidad Sánchez,2019,5,train
-1.4083762,-12.984271,1.6537098,0.6837017,14 María Trinidad Sánchez,2019,6,train
-1.7866423,-13.102747,1.5572232,-0.2219633,14 María Trinidad Sánchez,2019,7,train
-2.489894,-12.301225,0.4353962,-1.3727431,14 María Trinidad Sánchez,2019,8,train
-2.1199,-12.830043,-0.40071574,-1.8917462,14 María Trinidad Sánchez,2019,9,train
-2.3319132,-11.877086,-4.117805,-0.63401,14 María Trinidad Sánchez,2019,10,train
-3.0485942,-12.044853,-4.847041,-1.340757,14 María Trinidad Sánchez,2019,11,train
-4.9684134,-13.047101,-5.7364,-5.2181096,14 María Trinidad Sánchez,2019,12,train
1.7800578,-12.198976,-7.0100574,-5.9823384,14 María Trinidad Sánchez,2019,13,train
-0.44837365,-9.25171,-7.7355437,-4.6001873,14 María Trinidad Sánchez,2019,14,train
-3.6557682,-9.720168,-7.5906105,-7.0629544,14 María Trinidad Sánchez,2019,15,train
-1.803511,-8.583397,-7.8280196,-7.0582395,14 María Trinidad Sánchez,2019,16,train
-1.5704863,-8.554097,-7.6525164,-6.9712987,14 María Trinidad Sánchez,2019,17,train
-1.4042526,-2.712526,-12.958558,-3.115746,14 María Trinidad Sánchez,2019,18,train
-0.28345892,-1.2868526,-12.571572,-2.8757217,14 María Trinidad Sánchez,2019,19,train
-3.2247982,2.9723694,-11.679383,-4.375711,14 María Trinidad Sánchez,2019,20,train
0.35819098,0.4861813,-13.716624,-1.2876211,14 María Trinidad Sánchez,2019,21,train
8.226101,-3.5596764,-12.631206,-1.7901242,14 María Trinidad Sánchez,2019,22,train
-0.15064718,4.7665997,-10.563365,-3.2804582,14 María Trinidad Sánchez,2019,23,train
-0.11093644,5.8556848,-9.146292,-4.157299,14 María Trinidad Sánchez,2019,24,train
1.4959784,4.811138,-8.349003,-3.248921,14 María Trinidad Sánchez,2019,25,train
2.2487714,4.9279566,-8.291449,-3.0352702,14 María Trinidad Sánchez,2019,26,train
-1.744828,11.186304,7.4333935,-4.8898363,14 María Trinidad Sánchez,2019,27,train
-0.8770767,10.441281,7.572829,-4.880199,14 María Trinidad Sánchez,2019,28,train
-0.4225774,9.754432,9.336376,-4.7352543,14 María Trinidad Sánchez,2019,29,train
-0.09131211,9.193471,8.301453,-6.4814367,14 María Trinidad Sánchez,2019,30,train
-4.1573973,10.87351,17.038858,-2.6148233,14 María Trinidad Sánchez,2019,31,train
0.5859867,8.469006,7.752723,-8.905904,14 María Trinidad Sánchez,2019,32,train
0.426951,9.053923,9.548431,-6.9953213,14 María Trinidad Sánchez,2019,33,train
0.5997561,9.13149,10.479283,-6.2784343,14 María Trinidad Sánchez,2019,34,train
6.0703616,8.50853,3.7845085,-5.3023496,14 María Trinidad Sánchez,2019,35,train
6.690688,7.720179,5.384495,-3.8214805,14 María Trinidad Sánchez,2019,36,train
6.5393205,7.806991,7.259206,-3.225305,14 María Trinidad Sánchez,2019,37,train
14.626128,-1.7790383,-4.550557,-3.1659915,14 María Trinidad Sánchez,2019,38,train
7.738871,7.388773,7.7866874,-1.0101396,14 María Trinidad Sánchez,2019,39,train
6.5819025,7.3570423,8.000513,0.96215177,14 María Trinidad Sánchez,2019,40,train
6.2078295,6.955098,7.9341893,1.6619896,14 María Trinidad Sánchez,2019,41,train
6.6316247,6.5364447,8.022726,2.372884,14 María Trinidad Sánchez,2019,42,train
3.6365235,7.2416573,10.575758,3.1146948,14 María Trinidad Sánchez,2019,43,train
5.2132635,5.736971,9.129935,3.5451438,14 María Trinidad Sánchez,2019,44,train
5.742701,4.5875483,8.477554,3.855314,14 María Trinidad Sánchez,2019,45,train
5.6039424,4.135944,9.329576,4.7246227,14 María Trinidad Sánchez,2019,46,train
6.9707384,2.4752064,8.610501,5.080339,14 María Trinidad Sánchez,2019,47,train
6.283828,1.807583,9.377388,4.9644594,14 María Trinidad Sánchez,2019,48,train
2.459108,-3.298369,12.229453,3.3324726,14 María Trinidad Sánchez,2019,49,train
1.3558339,-2.0438726,12.731904,3.430965,14 María Trinidad Sánchez,2019,50,train
1.7809187,-4.091403,10.391214,4.4413824,14 María Trinidad Sánchez,2019,51,train
-5.3571,-1.2161337,14.72434,1.6195675,14 María Trinidad Sánchez,2019,52,train
-5.362831,-1.48263,13.683662,3.420983,14 María Trinidad Sánchez,2020,1,val
-5.1263223,-2.085814,12.344105,3.108955,14 María Trinidad Sánchez,2020,2,val
-4.966063,-2.3105712,12.9442005,3.1785572,14 María Trinidad Sánchez,2020,3,val
-6.7805457,-5.604737,12.487035,1.932857,14 María Trinidad Sánchez,2020,4,val
-1.4116895,-11.2999935,2.2880063,2.2122629,14 María Trinidad Sánchez,2020,5,val
-0.59748596,-11.104745,1.1572913,0.45976746,14 María Trinidad Sánchez,2020,6,val
-0.5421739,-10.62019,-0.8675721,-0.5753389,14 María Trinidad Sánchez,2020,7,val
-1.0668283,-11.380881,-1.011575,-0.8275594,14 María Trinidad Sánchez,2020,8,val
-1.478528,-12.4266615,-1.752956,-1.5054742,14 María Trinidad Sánchez,2020,9,val
7.036998,-11.414848,-5.497083,-1.1491396,14 María Trinidad Sánchez,2020,10,val
1.134991,-13.335987,-5.5742273,-4.3491197,14 María Trinidad Sánchez,2020,11,val
-0.8866378,-12.355978,-4.363,-4.1552014,14 María Trinidad Sánchez,2020,12,val
0.12970892,-11.830699,-4.8813977,-6.164609,14 María Trinidad Sánchez,2020,13,val
-3.1077697,-12.94409,-5.6398745,-9.464913,14 María Trinidad Sánchez,2020,14,val
0.03804173,-10.6003065,-5.0085855,-9.049744,14 María Trinidad Sánchez,2020,15,val
0.9588321,-9.353837,-5.555697,-7.8895173,14 María Trinidad Sánchez,2020,16,val
-0.31923762,-9.019609,-3.9689205,-9.964761,14 María Trinidad Sánchez,2020,17,val
-3.3549097,1.380415,-13.160905,-1.3761216,14 María Trinidad Sánchez,2020,18,val
-4.303525,2.9936733,-12.531902,-0.046878196,14 María Trinidad Sánchez,2020,19,val
-3.0427413,3.225447,-11.8221,-0.60910475,14 María Trinidad Sánchez,2020,20,val
-0.62138796,2.6470857,-11.258105,0.22022514,14 María Trinidad Sánchez,2020,21,val
-1.5773952,4.819174,-11.736253,0.43881768,14 María Trinidad Sánchez,2020,22,val
-0.14251143,5.220201,-9.39937,-1.6698112,14 María Trinidad Sánchez,2020,23,val
0.0009907641,6.785371,-9.888722,-1.0443366,14 María Trinidad Sánchez,2020,24,val
0.8916998,6.416838,-8.563367,-1.1682941,14 María Trinidad Sánchez,2020,25,val
1.0470382,6.5543637,-8.734053,0.22915897,14 María Trinidad Sánchez,2020,26,val
-3.4411037,14.233417,3.2967978,1.7523109,14 María Trinidad Sánchez,2020,27,val
-3.8190217,14.109719,2.1714008,0.8494118,14 María Trinidad Sánchez,2020,28,val
-3.5594196,14.386369,2.0992754,0.9072922,14 María Trinidad Sánchez,2020,29,val
-3.059785,14.086365,3.9062586,2.544158,14 María Trinidad Sánchez,2020,30,val
-7.304197,13.477988,12.811962,3.0476544,14 María Trinidad Sánchez,2020,31,val
-2.8841624,14.578527,1.0973222,1.9595982,14 María Trinidad Sánchez,2020,32,val
-3.4797356,14.721703,2.5747168,3.8573964,14 María Trinidad Sánchez,2020,33,val
-7.0763764,14.206206,11.2255,4.4457965,14 María Trinidad Sánchez,2020,34,val
0.9515076,12.9488,-0.34723628,3.8018613,14 María Trinidad Sánchez,2020,35,val
0.06876048,13.866715,0.76651627,6.9624777,14 María Trinidad Sánchez,2020,36,val
0.9079804,13.659144,0.29901227,5.5273113,14 María Trinidad Sánchez,2020,37,val
1.3073645,12.966911,0.79586107,5.779369,14 María Trinidad Sánchez,2020,38,val
3.1195908,12.208002,-0.6430089,5.8290477,14 María Trinidad Sánchez,2020,39,val
-0.7484578,13.311866,2.6837347,10.048309,14 María Trinidad Sánchez,2020,40,val
1.5818403,10.912945,2.3234236,9.078416,14 María Trinidad Sánchez,2020,41,val
1.0112022,10.591133,3.4228897,9.478525,14 María Trinidad Sánchez,2020,42,val
3.952825,8.358509,2.0169544,9.680444,14 María Trinidad Sánchez,2020,43,val
0.926984,8.677325,4.565948,9.860268,14 María Trinidad Sánchez,2020,44,val
-0.93743014,8.112023,5.042024,11.811071,14 María Trinidad Sánchez,2020,45,val
-2.1885982,7.7833543,5.808294,11.86484,14 María Trinidad Sánchez,2020,46,val
-1.4499099,6.3253217,5.2783184,12.841321,14 María Trinidad Sánchez,2020,47,val
0.9418194,4.39524,4.3184237,12.473899,14 María Trinidad Sánchez,2020,48,val
0.67391807,3.1456773,3.9146755,12.89408,14 María Trinidad Sánchez,2020,49,val
-4.170656,-2.3043253,6.1649785,12.957999,14 María Trinidad Sánchez,2020,50,val
-4.253386,-1.4739894,7.373089,12.287726,14 María Trinidad Sánchez,2020,51,val
-8.286901,0.1728297,9.930218,10.822535,14 María Trinidad Sánchez,2020,52,val
-10.801148,-1.1252003,9.005819,11.110328,14 María Trinidad Sánchez,2021,1,val
-10.205336,-1.7314267,8.250478,10.282152,14 María Trinidad Sánchez,2021,2,val
-8.476071,-1.4145851,8.36776,10.941298,14 María Trinidad Sánchez,2021,3,val
-9.5870495,-2.794239,6.6240296,10.129809,14 María Trinidad Sánchez,2021,4,val
-4.9702463,-7.8455234,-2.3185992,9.067262,14 María Trinidad Sánchez,2021,5,val
-4.7463,-8.225542,-3.1794224,6.736835,14 María Trinidad Sánchez,2021,6,val
-4.699569,-8.481249,-4.73134,6.262764,14 María Trinidad Sánchez,2021,7,val
-4.5689244,-8.543476,-6.796988,5.05947,14 María Trinidad Sánchez,2021,8,val
-7.469794,-9.466906,-7.1793957,4.339449,14 María Trinidad Sánchez,2021,9,val
-2.8093998,-9.3914585,-10.212457,4.811406,14 María Trinidad Sánchez,2021,10,val
-4.5209002,-9.683589,-8.780594,2.0030015,14 María Trinidad Sánchez,2021,11,val
-2.8194048,-8.723696,-10.127828,0.34460634,14 María Trinidad Sánchez,2021,12,val
-4.572332,-8.473322,-11.322773,-1.7588358,14 María Trinidad Sánchez,2021,13,val
-1.6094809,-9.440961,-11.79187,-0.52351946,14 María Trinidad Sánchez,2021,14,val
-4.666344,-8.780689,-11.646099,-4.891877,14 María Trinidad Sánchez,2021,15,val
-3.2317548,-7.588305,-9.525928,-7.4297795,14 María Trinidad Sánchez,2021,16,val
-2.267631,-3.0655553,-14.909542,0.29101962,14 María Trinidad Sánchez,2021,17,val
-2.4467764,-1.7183357,-12.987505,-1.0221738,14 María Trinidad Sánchez,2021,18,val
-0.97220916,-1.4732683,-12.538261,-0.880947,14 María Trinidad Sánchez,2021,19,val
-1.685195,-1.160935,-14.715225,1.5718117,14 María Trinidad Sánchez,2021,20,val
0.24558474,-0.06914542,-12.481065,-0.5244548,14 María Trinidad Sánchez,2021,21,val
0.45641652,0.47264412,-12.100417,-0.24738877,14 María Trinidad Sánchez,2021,22,val
5.8518286,-2.9556215,-12.551237,-0.9177682,14 María Trinidad Sánchez,2021,23,val
1.0867172,3.1603706,-9.593874,-1.3917994,14 María Trinidad Sánchez,2021,24,val
1.336288,3.4072373,-10.698695,-0.21949233,14 María Trinidad Sánchez,2021,25,val
1.2381394,5.829836,-8.669436,-1.5282536,14 María Trinidad Sánchez,2021,26,val
-3.313546,13.693495,4.169885,2.6600366,14 María Trinidad Sánchez,2021,27,val
-4.3675346,14.8454685,4.3364015,4.218873,14 María Trinidad Sánchez,2021,28,val
-3.3192165,14.18278,3.3078034,2.1940703,14 María Trinidad Sánchez,2021,29,val
-3.113395,14.355304,3.7700248,2.6311042,14 María Trinidad Sánchez,2021,30,val
-3.151646,14.577749,3.7032564,2.6885288,14 María Trinidad Sánchez,2021,31,val
-8.39388,14.667444,14.171004,3.918873,14 María Trinidad Sánchez,2021,32,val
-3.2904682,14.356026,5.625261,3.7980826,14 María Trinidad Sánchez,2021,33,val
-2.5046234,13.393811,3.8298697,0.4563673,14 María Trinidad Sánchez,2021,34,val
2.5172355,12.515507,-0.5543649,1.3662657,14 María Trinidad Sánchez,2021,35,val
1.2433723,13.29718,-0.54008514,5.0576105,14 María Trinidad Sánchez,2021,36,val
0.09566006,14.1151495,1.3236437,7.530585,14 María Trinidad Sánchez,2021,37,val
0.73672014,13.618137,1.1398149,7.028786,14 María Trinidad Sánchez,2021,38,val
0.92064077,13.54423,1.5852286,7.91019,14 María Trinidad Sánchez,2021,39,val
2.3163023,11.451369,0.7159642,7.6122775,14 María Trinidad Sánchez,2021,40,val
0.0764319,12.006431,3.195717,9.318145,14 María Trinidad Sánchez,2021,41,val
3.055373,9.317563,2.5788212,8.958662,14 María Trinidad Sánchez,2021,42,val
6.032838,6.902563,1.2852923,8.663383,14 María Trinidad Sánchez,2021,43,val
4.11742,7.3162284,2.8343737,9.760996,14 María Trinidad Sánchez,2021,44,val
3.3669264,6.5245724,4.471582,9.441313,14 María Trinidad Sánchez,2021,45,val
3.057509,5.411447,5.18754,9.404511,14 María Trinidad Sánchez,2021,46,val
3.5289497,4.575411,2.8094652,12.604264,14 María Trinidad Sánchez,2021,47,val
0.6549392,4.8332386,5.2273693,11.827293,14 María Trinidad Sánchez,2021,48,val
0.71585935,3.8889837,4.7664084,11.647878,14 María Trinidad Sánchez,2021,49,val
-0.9532714,3.4664268,4.3471484,13.00396,14 María Trinidad Sánchez,2021,50,val
0.41585582,2.8259232,3.0726528,13.689286,14 María Trinidad Sánchez,2021,51,val
-10.075181,-0.6523269,9.573071,7.8519635,14 María Trinidad Sánchez,2021,52,val
-4.4685435,-0.47580603,4.792544,-0.1811176,15 Monte Cristi,2015,1,train
-5.188024,-0.98377645,4.677674,-0.25804293,15 Monte Cristi,2015,2,train
-5.4706745,-2.261095,5.3438497,-0.3703232,15 Monte Cristi,2015,3,train
-5.444825,-3.1169915,5.367746,-0.2819291,15 Monte Cristi,2015,4,train
3.5205324,-5.8102765,-1.6188146,1.3192834,15 Monte Cristi,2015,5,train
-2.4308963,-4.4592705,0.0015483839,0.612654,15 Monte Cristi,2015,6,train
-2.9776282,-5.4871545,0.08858308,0.6771429,15 Monte Cristi,2015,7,train
1.9406042,-4.5000973,-2.4667895,0.9264135,15 Monte Cristi,2015,8,train
-3.2891378,-3.8889265,-0.8323184,-0.55873036,15 Monte Cristi,2015,9,train
-3.6280334,-3.390488,-0.49459994,-1.3297925,15 Monte Cristi,2015,10,train
-3.3865075,-3.0187027,-0.7284525,-1.3924633,15 Monte Cristi,2015,11,train
-3.2374876,-4.5138874,-1.2696486,-2.2862673,15 Monte Cristi,2015,12,train
-3.5276985,-4.4378676,-0.96356314,-3.2826166,15 Monte Cristi,2015,13,train
-2.9719114,-3.352173,-1.8324804,-1.8591062,15 Monte Cristi,2015,14,train
-3.4102416,-2.3919456,-1.5421568,-2.3256087,15 Monte Cristi,2015,15,train
-3.5392346,-2.5409775,-1.767806,-2.9726262,15 Monte Cristi,2015,16,train
-3.840596,0.2058856,-5.280512,-2.7128785,15 Monte Cristi,2015,17,train
-3.9717963,0.7008421,-5.0508294,-3.247192,15 Monte Cristi,2015,18,train
-4.4730864,0.7673805,-2.6780965,-2.6579814,15 Monte Cristi,2015,19,train
-3.3191977,0.5470664,-2.9407518,-2.3344703,15 Monte Cristi,2015,20,train
-2.93741,0.71073633,-3.3254218,-2.373976,15 Monte Cristi,2015,21,train
-2.1646588,0.6495033,-3.5285904,-2.2853959,15 Monte Cristi,2015,22,train
-2.2257335,1.6690987,-3.3658993,-2.8880322,15 Monte Cristi,2015,23,train
-2.122674,1.5728028,-2.509106,-2.873204,15 Monte Cristi,2015,24,train
-2.0317202,1.5807958,-1.6977857,-2.6656063,15 Monte Cristi,2015,25,train
-2.532572,1.7602359,-1.235431,-2.8765125,15 Monte Cristi,2015,26,train
-4.509168,3.1096454,2.1644623,-3.5577185,15 Monte Cristi,2015,27,train
-4.059538,3.5016534,2.557154,-3.4902277,15 Monte Cristi,2015,28,train
-4.399892,3.27341,2.2719913,-3.7987947,15 Monte Cristi,2015,29,train
-4.68222,4.0015783,2.3656127,-4.721345,15 Monte Cristi,2015,30,train
-4.491206,3.084497,2.0322573,-3.9609518,15 Monte Cristi,2015,31,train
-4.736145,3.1009448,2.6891565,-4.2214937,15 Monte Cristi,2015,32,train
-4.7357416,3.214639,2.984298,-4.220249,15 Monte Cristi,2015,33,train
-4.4250507,3.2720857,3.3131475,-4.7268715,15 Monte Cristi,2015,34,train
1.7345008,1.3011891,0.62817496,-2.1102388,15 Monte Cristi,2015,35,train
2.976414,1.3998692,2.1110423,-2.8422859,15 Monte Cristi,2015,36,train
1.9513004,0.89472604,0.87852806,-1.9705752,15 Monte Cristi,2015,37,train
3.1907668,1.0101444,2.029268,-2.4274,15 Monte Cristi,2015,38,train
3.532262,1.2518201,2.338473,-1.8297905,15 Monte Cristi,2015,39,train
4.88674,-0.17537807,2.6061108,-2.0927496,15 Monte Cristi,2015,40,train
4.149243,0.066629834,3.2001002,-2.1316788,15 Monte Cristi,2015,41,train
4.457947,-0.40101075,2.954417,-1.8245617,15 Monte Cristi,2015,42,train
3.85593,0.0697216,5.354608,-1.7879547,15 Monte Cristi,2015,43,train
3.4174774,-0.014862238,4.314258,-1.3014439,15 Monte Cristi,2015,44,train
2.414567,-0.15640804,2.6791914,-0.47088706,15 Monte Cristi,2015,45,train
2.3675835,-0.29325,2.1955242,-0.18328092,15 Monte Cristi,2015,46,train
2.7407048,-0.4527545,2.4688146,0.31024522,15 Monte Cristi,2015,47,train
3.7439399,-0.5570753,4.025072,1.496376,15 Monte Cristi,2015,48,train
0.70766103,-2.4704916,2.680978,-0.015660703,15 Monte Cristi,2015,49,train
1.2109741,-3.4086854,3.2971559,0.57741874,15 Monte Cristi,2015,50,train
0.21702316,-2.4820213,1.999885,0.39556366,15 Monte Cristi,2015,51,train
-4.827185,-0.29513022,4.799824,-0.9288429,15 Monte Cristi,2015,52,train
-4.875011,-2.843996,7.914141,-3.5208182,15 Monte Cristi,2016,1,train
-4.8991694,-3.2944386,6.880887,-3.439832,15 Monte Cristi,2016,2,train
-3.4895072,-3.3118148,6.827666,-2.6682258,15 Monte Cristi,2016,3,train
-4.035989,-3.460137,6.241692,-2.7502837,15 Monte Cristi,2016,4,train
-1.8478245,-6.5742326,3.463273,-2.482613,15 Monte Cristi,2016,5,train
-0.38552675,-5.86632,2.2657943,-1.8873477,15 Monte Cristi,2016,6,train
-1.4400545,-5.2904725,2.1922278,-2.2119114,15 Monte Cristi,2016,7,train
-1.0780752,-6.138414,2.0864248,-2.708301,15 Monte Cristi,2016,8,train
-1.2385101,-5.92444,1.7846241,-2.8789861,15 Monte Cristi,2016,9,train
-3.8288112,-3.4678211,-0.18000971,-1.302514,15 Monte Cristi,2016,10,train
-3.8168273,-4.427547,0.06535608,-2.7169576,15 Monte Cristi,2016,11,train
-3.4864795,-3.008701,-0.2783405,-2.8124228,15 Monte Cristi,2016,12,train
-3.6882794,-2.8796105,-0.38562223,-3.2192209,15 Monte Cristi,2016,13,train
-1.9920636,-4.767922,0.04480704,-4.078974,15 Monte Cristi,2016,14,train
-2.7871785,-4.117674,-0.29092166,-3.9728117,15 Monte Cristi,2016,15,train
-2.1226304,-4.4524455,0.1594867,-4.000744,15 Monte Cristi,2016,16,train
-0.51460576,-4.7632756,-0.027879914,-4.1971703,15 Monte Cristi,2016,17,train
-2.1646063,-5.4188023,1.0726869,-6.2633753,15 Monte Cristi,2016,18,train
-3.4564896,0.856175,-4.1053886,-0.7184008,15 Monte Cristi,2016,19,train
-3.857676,1.5472589,-3.2796326,-1.4367249,15 Monte Cristi,2016,20,train
2.3809998,-1.4691441,-4.5143304,-0.45426628,15 Monte Cristi,2016,21,train
-2.424534,2.5482347,-4.5976224,0.047447372,15 Monte Cristi,2016,22,train
-3.2875128,4.311276,-4.7553988,-0.47480568,15 Monte Cristi,2016,23,train
-3.5319846,4.5645866,-4.1639175,-0.813335,15 Monte Cristi,2016,24,train
-2.8790042,3.207055,-2.4422348,-1.0831811,15 Monte Cristi,2016,25,train
-2.7867644,3.4551785,-2.2863266,-1.168071,15 Monte Cristi,2016,26,train
-4.9823217,4.3610034,0.8318209,-1.9943876,15 Monte Cristi,2016,27,train
-4.7122316,4.417128,0.89762163,-1.7878093,15 Monte Cristi,2016,28,train
-4.9320855,4.717406,0.8312998,-1.9016503,15 Monte Cristi,2016,29,train
-4.993791,4.4618015,1.0901424,-1.7168825,15 Monte Cristi,2016,30,train
-4.918914,4.2214513,1.1807806,-1.6926163,15 Monte Cristi,2016,31,train
-4.994408,5.1575828,0.69843197,-1.1299962,15 Monte Cristi,2016,32,train
-5.3789973,4.8270535,0.70950943,-1.5314649,15 Monte Cristi,2016,33,train
-4.360229,6.2883644,1.7369055,0.7237714,15 Monte Cristi,2016,34,train
-0.01844425,4.2706046,-1.7359211,0.4146845,15 Monte Cristi,2016,35,train
-0.21577303,4.317128,-1.8270272,0.8829002,15 Monte Cristi,2016,36,train
-0.18870752,3.7185936,-1.6268728,0.54532945,15 Monte Cristi,2016,37,train
0.14898945,4.3150506,-1.434376,1.368648,15 Monte Cristi,2016,38,train
-0.052661296,2.922918,-1.1261914,0.96786845,15 Monte Cristi,2016,39,train
0.6655516,3.3320844,-0.008234976,2.2700658,15 Monte Cristi,2016,40,train
1.1344123,3.6687078,0.21429595,3.1300678,15 Monte Cristi,2016,41,train
3.4219391,0.120871,-3.582478,3.8483648,15 Monte Cristi,2016,42,train
2.682195,-0.025575867,-3.2980764,3.9248435,15 Monte Cristi,2016,43,train
-0.6817604,2.532109,2.0521736,3.4443812,15 Monte Cristi,2016,44,train
2.4602475,-1.1648715,-4.0532093,4.299571,15 Monte Cristi,2016,45,train
2.7222319,-1.1779709,-2.750354,4.488212,15 Monte Cristi,2016,46,train
-1.2610807,1.4964428,1.9233329,4.3318653,15 Monte Cristi,2016,47,train
-2.201897,-1.2584609,2.3879783,4.4613676,15 Monte Cristi,2016,48,train
-1.9148359,-1.7789567,1.814703,3.875449,15 Monte Cristi,2016,49,train
-1.9660959,-1.7132316,1.9507239,4.0051413,15 Monte Cristi,2016,50,train
-2.0456014,-1.6179293,1.7704848,3.7593343,15 Monte Cristi,2016,51,train
-5.866663,0.42565477,4.8137536,3.416342,15 Monte Cristi,2016,52,train
-7.709729,-0.22726913,4.3488755,2.368406,15 Monte Cristi,2017,1,train
-5.606097,0.21988693,3.8364396,3.5945783,15 Monte Cristi,2017,2,train
-8.759751,-1.1900074,3.841693,3.9066782,15 Monte Cristi,2017,3,train
-8.950948,-1.473326,3.519809,3.1026154,15 Monte Cristi,2017,4,train
-4.231385,-3.0547972,-0.1964901,2.7814744,15 Monte Cristi,2017,5,train
-3.3773494,-3.7286165,-0.85395545,2.6296105,15 Monte Cristi,2017,6,train
-4.259698,-4.3001037,-1.138731,2.6307244,15 Monte Cristi,2017,7,train
-6.0262065,-4.4469995,-1.3485179,1.920039,15 Monte Cristi,2017,8,train
-4.0987797,-2.5927124,-1.2667106,0.7083158,15 Monte Cristi,2017,9,train
-3.9630914,-3.1226933,-2.0636792,0.723699,15 Monte Cristi,2017,10,train
-4.0183163,-3.667813,-3.14166,0.18208268,15 Monte Cristi,2017,11,train
2.3677223,-5.6998024,-5.8815274,0.65779245,15 Monte Cristi,2017,12,train
-3.998513,-4.18927,-4.924782,-0.8416053,15 Monte Cristi,2017,13,train
-2.2595897,-3.8892777,-2.5770683,-2.5140343,15 Monte Cristi,2017,14,train
-2.4867291,-4.020167,-3.274922,-1.9568383,15 Monte Cristi,2017,15,train
-0.53775585,-3.655651,-2.3189418,-1.9859034,15 Monte Cristi,2017,16,train
0.37562492,-4.129285,-2.6215506,-3.519431,15 Monte Cristi,2017,17,train
-0.14430268,-4.109954,-2.153355,-3.9205725,15 Monte Cristi,2017,18,train
-0.8894677,-4.179829,-1.7150673,-4.6731033,15 Monte Cristi,2017,19,train
-1.190753,0.07020794,-4.694816,0.6746359,15 Monte Cristi,2017,20,train
-3.9055676,2.042895,-4.183909,-0.6328234,15 Monte Cristi,2017,21,train
-3.3330474,1.9951674,-3.4435089,-0.55637676,15 Monte Cristi,2017,22,train
-3.1149895,2.7131133,-3.5910158,-1.4354343,15 Monte Cristi,2017,23,train
-2.845261,2.564491,-2.7567992,-1.1265575,15 Monte Cristi,2017,24,train
-1.8555832,1.9464382,-1.9548148,-0.7842455,15 Monte Cristi,2017,25,train
-1.8071531,2.8042111,-2.3996806,-0.7394424,15 Monte Cristi,2017,26,train
-4.5479655,4.419728,1.2970589,-0.78184694,15 Monte Cristi,2017,27,train
-4.082315,6.309911,1.1457434,0.554429,15 Monte Cristi,2017,28,train
-4.5789566,4.695106,0.9159282,-0.9068289,15 Monte Cristi,2017,29,train
-4.5723925,5.8032227,0.5693415,-0.435042,15 Monte Cristi,2017,30,train
-4.3349776,4.585583,1.0960852,-0.6956641,15 Monte Cristi,2017,31,train
-4.805122,5.939335,0.58910525,-0.5317767,15 Monte Cristi,2017,32,train
-4.7954783,4.8923736,0.9332497,-0.871079,15 Monte Cristi,2017,33,train
-4.8493385,5.2160854,1.0249593,-0.8168079,15 Monte Cristi,2017,34,train
0.048143424,4.2152987,-1.4633024,0.70147413,15 Monte Cristi,2017,35,train
3.2738514,0.8525027,-4.4883323,1.674894,15 Monte Cristi,2017,36,train
0.3367917,6.0642796,0.32564434,2.694816,15 Monte Cristi,2017,37,train
3.330075,1.2816787,-3.6362772,1.9000214,15 Monte Cristi,2017,38,train
0.36066434,4.6770205,0.50099295,2.065403,15 Monte Cristi,2017,39,train
0.18976058,4.4195414,0.42930973,2.6458561,15 Monte Cristi,2017,40,train
0.7525291,3.5010478,-0.06110648,2.9894621,15 Monte Cristi,2017,41,train
0.87437457,2.5173438,-0.25235274,2.495466,15 Monte Cristi,2017,42,train
0.9334856,2.4392655,0.16880296,3.0704238,15 Monte Cristi,2017,43,train
0.018223884,3.0332901,1.2707387,3.7318914,15 Monte Cristi,2017,44,train
-0.812939,2.5943708,1.3691719,4.174994,15 Monte Cristi,2017,45,train
3.115597,-0.8137783,-3.0505087,5.072057,15 Monte Cristi,2017,46,train
-0.8895977,2.4593196,1.4219222,5.1672792,15 Monte Cristi,2017,47,train
-1.013239,2.0945776,1.530517,5.350311,15 Monte Cristi,2017,48,train
-0.9117001,0.8323511,0.3836462,4.3930383,15 Monte Cristi,2017,49,train
-0.26367506,0.3430084,-0.054017946,5.475717,15 Monte Cristi,2017,50,train
-1.2606674,0.5623321,0.27034307,4.3543015,15 Monte Cristi,2017,51,train
-6.8145823,3.0534136,2.4102848,4.562195,15 Monte Cristi,2017,52,train
-8.68642,4.408292,10.331322,4.2192216,15 Monte Cristi,2018,1,train
-6.085689,0.21974926,3.931379,3.4336975,15 Monte Cristi,2018,2,train
-5.3533354,0.098066434,3.8232348,3.8924534,15 Monte Cristi,2018,3,train
-5.377508,-0.13226494,3.0541646,3.1093166,15 Monte Cristi,2018,4,train
-4.4525876,-2.7588136,-0.47352216,2.886152,15 Monte Cristi,2018,5,train
-4.028066,-2.4869657,-0.6308873,2.130935,15 Monte Cristi,2018,6,train
-3.9683754,-2.5636396,-1.014916,1.5824409,15 Monte Cristi,2018,7,train
-3.933069,-2.603598,-1.2242761,1.341906,15 Monte Cristi,2018,8,train
-5.9719133,-3.5896206,-2.09187,1.8130292,15 Monte Cristi,2018,9,train
-6.335558,-4.267792,-3.4637885,0.74667925,15 Monte Cristi,2018,10,train
-5.837119,-4.0298977,-3.6302435,0.11751231,15 Monte Cristi,2018,11,train
-4.3280606,-4.0010653,-4.3571844,-0.23900749,15 Monte Cristi,2018,12,train
-4.801161,-3.287678,-3.3227751,-0.7472536,15 Monte Cristi,2018,13,train
-3.9221375,-3.8060002,-4.3507304,-1.6526203,15 Monte Cristi,2018,14,train
-3.7310522,-2.834602,-3.132547,-2.2469587,15 Monte Cristi,2018,15,train
-4.116333,-2.443708,-2.8264163,-2.6063473,15 Monte Cristi,2018,16,train
-4.1487083,-2.7601795,-3.4765053,-3.565777,15 Monte Cristi,2018,17,train
-3.3948457,-2.7879374,-3.427703,-2.8931913,15 Monte Cristi,2018,18,train
-3.5468655,-1.767586,-2.5038085,-3.5383132,15 Monte Cristi,2018,19,train
-3.0671191,-1.2234055,-1.7091432,-2.752422,15 Monte Cristi,2018,20,train
-2.7719653,0.11967967,-2.7195795,-2.8587098,15 Monte Cristi,2018,21,train
-2.3278737,0.26627102,-2.8958702,-3.0319283,15 Monte Cristi,2018,22,train
-2.3419204,1.0231042,-3.2395556,-4.0275235,15 Monte Cristi,2018,23,train
-2.5503433,1.2695122,-2.5235713,-3.8204648,15 Monte Cristi,2018,24,train
-1.8463165,1.95355,-3.2428741,-4.5684223,15 Monte Cristi,2018,25,train
-1.7666036,1.4671825,-1.9656605,-3.2417583,15 Monte Cristi,2018,26,train
-4.3849115,4.491714,1.8276603,-2.5389576,15 Monte Cristi,2018,27,train
-5.538394,4.569608,1.3511513,-3.5021155,15 Monte Cristi,2018,28,train
-4.140388,4.2253313,1.4609641,-2.5690963,15 Monte Cristi,2018,29,train
-4.6622734,3.9148068,1.3618667,-2.8234687,15 Monte Cristi,2018,30,train
-4.156649,3.7180464,1.7347428,-2.2372844,15 Monte Cristi,2018,31,train
-4.3068047,4.0825458,2.141863,-2.6012583,15 Monte Cristi,2018,32,train
-4.173791,3.7804134,2.24431,-2.3654346,15 Monte Cristi,2018,33,train
-4.9628396,3.6070993,2.0067976,-2.8628197,15 Monte Cristi,2018,34,train
0.51658016,2.6511323,0.09290333,-0.75281173,15 Monte Cristi,2018,35,train
1.5245545,3.5012329,0.5497066,-0.5689839,15 Monte Cristi,2018,36,train
1.0250325,2.7188015,0.4398924,-0.59271085,15 Monte Cristi,2018,37,train
1.6399157,2.629841,0.3191314,-0.35255647,15 Monte Cristi,2018,38,train
0.6427563,1.7595232,0.49097472,-0.39819524,15 Monte Cristi,2018,39,train
1.9821446,3.2753017,1.9319445,1.2461714,15 Monte Cristi,2018,40,train
2.2243145,2.8565357,1.7991754,1.3751171,15 Monte Cristi,2018,41,train
0.9748285,1.2676293,1.30305,0.84653854,15 Monte Cristi,2018,42,train
2.554942,1.4646178,1.1936078,1.5117794,15 Monte Cristi,2018,43,train
1.6838394,1.493483,1.989084,1.6045082,15 Monte Cristi,2018,44,train
1.454597,1.0201265,2.0195622,1.6132973,15 Monte Cristi,2018,45,train
1.6870595,0.722193,1.6772811,1.6172636,15 Monte Cristi,2018,46,train
2.5107255,0.6091087,2.0016944,2.3069203,15 Monte Cristi,2018,47,train
1.4584751,0.7580134,2.5619016,2.2864292,15 Monte Cristi,2018,48,train
1.2533185,0.13844375,1.4526964,1.9175733,15 Monte Cristi,2018,49,train
0.28372276,-3.2415547,1.9175042,2.9136608,15 Monte Cristi,2018,50,train
0.4754785,-3.531037,2.541518,3.5716953,15 Monte Cristi,2018,51,train
-5.7169347,-0.1280556,4.316436,0.26240098,15 Monte Cristi,2018,52,train
-7.0313773,-0.45272526,4.7969975,-0.22385058,15 Monte Cristi,2019,1,train
-7.2891774,-1.3094647,5.1620913,0.2656522,15 Monte Cristi,2019,2,train
-7.646346,-2.1175787,4.981359,0.112061605,15 Monte Cristi,2019,3,train
-6.860641,-1.8141456,4.162882,-0.21868052,15 Monte Cristi,2019,4,train
-4.113363,-4.475761,1.3415984,0.59126943,15 Monte Cristi,2019,5,train
-2.6560085,-5.4155383,1.6981322,-0.56911665,15 Monte Cristi,2019,6,train
-2.5922496,-5.595535,1.2851404,-1.1836616,15 Monte Cristi,2019,7,train
-3.3890069,-3.3784478,0.5131072,-1.3166534,15 Monte Cristi,2019,8,train
-3.6108925,-3.6658874,0.48307246,-1.5555066,15 Monte Cristi,2019,9,train
-4.1041307,-4.1676416,-0.85178906,-1.3000346,15 Monte Cristi,2019,10,train
-4.2119155,-3.5326018,-1.0348283,-1.5055643,15 Monte Cristi,2019,11,train
-4.7881494,-5.1461926,-1.3999914,-3.1680987,15 Monte Cristi,2019,12,train
-2.7462394,-5.207658,-2.2430995,-2.62661,15 Monte Cristi,2019,13,train
-3.2750485,-3.084648,-2.1410217,-2.1356435,15 Monte Cristi,2019,14,train
-4.056487,-3.145535,-1.9924091,-3.1349905,15 Monte Cristi,2019,15,train
-4.0292106,-2.0333512,-1.454267,-2.7757812,15 Monte Cristi,2019,16,train
-4.3129168,-3.2241395,-1.9136455,-3.6382012,15 Monte Cristi,2019,17,train
-3.9494076,0.10966955,-3.8246522,-1.5700077,15 Monte Cristi,2019,18,train
-3.3408003,0.54466265,-4.2818904,-1.7093097,15 Monte Cristi,2019,19,train
-3.3736696,1.742895,-5.218004,-1.9463557,15 Monte Cristi,2019,20,train
-2.2034488,0.9954964,-5.1725845,-1.3552616,15 Monte Cristi,2019,21,train
-2.1335552,1.26865,-5.084126,-1.0118849,15 Monte Cristi,2019,22,train
-2.0741367,2.6109726,-4.6704636,-1.402413,15 Monte Cristi,2019,23,train
-2.4080567,2.4527059,-3.1729763,-2.0409706,15 Monte Cristi,2019,24,train
-3.032171,3.3028727,-2.6127193,-2.3946006,15 Monte Cristi,2019,25,train
-1.9593806,2.5668957,-2.085686,-1.9517802,15 Monte Cristi,2019,26,train
-3.2871773,3.9898665,2.565683,-4.7124395,15 Monte Cristi,2019,27,train
-3.8721838,3.3692887,2.0404952,-4.4625154,15 Monte Cristi,2019,28,train
-2.8280518,3.1744785,2.6196883,-4.2798767,15 Monte Cristi,2019,29,train
-3.7284615,3.2953572,1.9580129,-5.2119336,15 Monte Cristi,2019,30,train
-2.2893844,3.639391,2.9112098,-5.3058743,15 Monte Cristi,2019,31,train
-2.947531,3.7573724,2.2478008,-5.943172,15 Monte Cristi,2019,32,train
-3.5440643,3.4858093,1.9206438,-6.2952576,15 Monte Cristi,2019,33,train
-3.0547776,3.67094,2.25924,-5.815728,15 Monte Cristi,2019,34,train
2.491898,3.3058033,0.27761522,-3.5583856,15 Monte Cristi,2019,35,train
2.187611,1.6941386,0.5472129,-2.5075452,15 Monte Cristi,2019,36,train
3.2896698,2.5717494,1.789424,-2.1399045,15 Monte Cristi,2019,37,train
6.1638365,-0.5793901,-1.3918713,-0.9046662,15 Monte Cristi,2019,38,train
6.9062724,-1.0341117,-2.8344402,-0.68906033,15 Monte Cristi,2019,39,train
6.4307294,-1.4222273,-3.1773958,0.081128605,15 Monte Cristi,2019,40,train
2.2488942,2.1548715,2.3941846,0.39918572,15 Monte Cristi,2019,41,train
2.9606733,1.7945219,2.2790885,0.60956055,15 Monte Cristi,2019,42,train
1.6380877,1.2042971,2.5173204,0.34522504,15 Monte Cristi,2019,43,train
1.8011543,0.68850374,2.252073,0.39872164,15 Monte Cristi,2019,44,train
2.2848744,0.60815597,2.3973856,0.6479967,15 Monte Cristi,2019,45,train
2.695678,0.9825898,4.034452,1.3901916,15 Monte Cristi,2019,46,train
3.1612413,-0.037839066,3.6032588,1.5453084,15 Monte Cristi,2019,47,train
3.298166,-0.31424588,3.0790865,1.6480461,15 Monte Cristi,2019,48,train
1.008518,-3.0586524,4.810117,1.132139,15 Monte Cristi,2019,49,train
0.06728637,-2.537862,3.2732863,0.8686681,15 Monte Cristi,2019,50,train
0.157876,-2.7519855,2.9614534,1.1091065,15 Monte Cristi,2019,51,train
-7.5871663,-0.7280615,6.142992,-1.5720388,15 Monte Cristi,2019,52,train
-5.798048,-0.997384,5.685812,-0.14756788,15 Monte Cristi,2020,1,val
-5.7830553,-0.95538586,4.7177596,-0.057896588,15 Monte Cristi,2020,2,val
-5.5314603,-1.0589796,4.125584,-0.015555143,15 Monte Cristi,2020,3,val
-6.6247115,-3.0013735,5.6910806,0.3788965,15 Monte Cristi,2020,4,val
-3.2964118,-6.0473347,1.8042755,0.7578393,15 Monte Cristi,2020,5,val
-3.3333757,-4.2299447,1.159543,-0.23552062,15 Monte Cristi,2020,6,val
-3.2176778,-3.3643606,0.42352578,-0.55839324,15 Monte Cristi,2020,7,val
-2.475958,-4.1841173,0.1082628,-0.68510807,15 Monte Cristi,2020,8,val
-2.4895778,-5.116418,-0.19452414,-0.9823249,15 Monte Cristi,2020,9,val
-1.4460801,-4.5092525,-0.6038018,-1.2111707,15 Monte Cristi,2020,10,val
-1.9547162,-4.731793,-1.6572803,-1.1518975,15 Monte Cristi,2020,11,val
-2.9906385,-3.6786292,-1.0505064,-1.6704426,15 Monte Cristi,2020,12,val
-3.3823874,-4.4977746,-1.0092046,-3.0857038,15 Monte Cristi,2020,13,val
-3.6211216,-5.0423923,-1.4310112,-4.105744,15 Monte Cristi,2020,14,val
-2.967637,-4.58488,-1.1649414,-4.9502845,15 Monte Cristi,2020,15,val
-2.6731799,-2.8219838,-1.0897087,-3.3164992,15 Monte Cristi,2020,16,val
-3.1333244,-3.2473776,-0.6286722,-4.766564,15 Monte Cristi,2020,17,val
-2.716189,-3.1326127,-0.68334466,-4.696606,15 Monte Cristi,2020,18,val
-2.344822,-3.2475522,-0.9218402,-5.4636936,15 Monte Cristi,2020,19,val
-3.133945,-2.54051,-0.72977495,-5.2336364,15 Monte Cristi,2020,20,val
-1.5986574,-2.7035828,-0.63425624,-5.4901624,15 Monte Cristi,2020,21,val
-1.9013116,-2.7992291,-0.14913604,-7.371439,15 Monte Cristi,2020,22,val
-2.2080774,-2.1206021,1.1593571,-7.180183,15 Monte Cristi,2020,23,val
-3.2421515,3.5348449,-3.541956,-1.0426768,15 Monte Cristi,2020,24,val
-2.8521008,2.9241922,-2.3351672,-1.1718286,15 Monte Cristi,2020,25,val
-2.288269,2.8674092,-2.0830753,-0.8723143,15 Monte Cristi,2020,26,val
-5.0304494,5.2754474,0.77346796,-1.3379762,15 Monte Cristi,2020,27,val
-5.136628,5.023943,0.6747293,-1.5105702,15 Monte Cristi,2020,28,val
-4.9662256,4.770409,0.8941729,-1.3398238,15 Monte Cristi,2020,29,val
-4.809652,4.459896,1.1470131,-1.1489699,15 Monte Cristi,2020,30,val
-4.5525594,5.433236,0.8517669,-0.33210763,15 Monte Cristi,2020,31,val
-4.962441,6.56519,-0.2237536,0.13556744,15 Monte Cristi,2020,32,val
-4.6281786,5.5484576,0.5613257,-0.00627813,15 Monte Cristi,2020,33,val
-4.8227444,6.013395,0.63156414,0.83051455,15 Monte Cristi,2020,34,val
-0.3913774,5.0837455,-1.9119418,1.4685216,15 Monte Cristi,2020,35,val
-0.51179135,4.0915337,-1.4959847,1.5001482,15 Monte Cristi,2020,36,val
-0.11043714,5.0139904,-2.0065303,2.0686684,15 Monte Cristi,2020,37,val
0.02739843,5.0922346,-1.7230725,2.2422507,15 Monte Cristi,2020,38,val
0.65365463,4.8311086,-1.900318,2.4487588,15 Monte Cristi,2020,39,val
0.56242937,3.0227416,-1.5294411,2.4170732,15 Monte Cristi,2020,40,val
0.44601408,2.5453565,-1.2335702,2.582562,15 Monte Cristi,2020,41,val
0.17205559,2.746875,-0.9409942,2.843324,15 Monte Cristi,2020,42,val
2.677487,3.0715573,-1.3872513,4.442538,15 Monte Cristi,2020,43,val
0.22742599,1.3680481,-0.651453,2.413976,15 Monte Cristi,2020,44,val
3.004511,0.03698209,-2.3749888,4.744199,15 Monte Cristi,2020,45,val
-0.94897324,1.6372272,0.3849006,3.9052546,15 Monte Cristi,2020,46,val
-1.23825,1.7066959,0.49079126,5.087698,15 Monte Cristi,2020,47,val
-1.188076,1.040319,0.21211281,5.429616,15 Monte Cristi,2020,48,val
-0.41367567,0.555264,-0.82521296,5.91722,15 Monte Cristi,2020,49,val
-2.2867525,1.15663,-1.7104971,7.8145347,15 Monte Cristi,2020,50,val
-2.3865116,1.0412748,-0.8012228,6.63194,15 Monte Cristi,2020,51,val
-7.810556,3.5444338,1.8816168,5.207169,15 Monte Cristi,2020,52,val
-10.341279,3.952374,0.729954,6.637561,15 Monte Cristi,2021,1,val
-8.938971,-0.3546084,3.487718,3.5496383,15 Monte Cristi,2021,2,val
-7.3731995,-0.3620738,3.0559072,3.9269977,15 Monte Cristi,2021,3,val
-8.096102,-0.4905164,2.804378,3.5336483,15 Monte Cristi,2021,4,val
-5.663407,-2.9974651,-1.1985197,4.763065,15 Monte Cristi,2021,5,val
-4.878891,-2.4017274,-1.0184772,2.6997395,15 Monte Cristi,2021,6,val
-5.9776187,-2.380323,-0.7780909,1.9806952,15 Monte Cristi,2021,7,val
-5.0864367,-2.167171,-1.1900371,1.5764391,15 Monte Cristi,2021,8,val
-6.5943284,-3.4943435,-3.069125,2.2836387,15 Monte Cristi,2021,9,val
-2.5887225,-3.3516595,-3.6000254,1.8194385,15 Monte Cristi,2021,10,val
-4.8662295,-2.839602,-2.6162567,0.42802373,15 Monte Cristi,2021,11,val
-3.9726052,-2.9024272,-3.3214173,-0.12748307,15 Monte Cristi,2021,12,val
-3.8182616,-2.7728288,-3.6085184,-0.5178468,15 Monte Cristi,2021,13,val
-3.3683581,-3.1363087,-3.9323997,0.1052775,15 Monte Cristi,2021,14,val
-5.273348,-3.835822,-5.18379,-1.3898377,15 Monte Cristi,2021,15,val
-4.349389,-2.7781317,-3.28049,-2.43689,15 Monte Cristi,2021,16,val
-3.4983048,-2.4273403,-2.9208653,-1.9503081,15 Monte Cristi,2021,17,val
-3.5216599,-2.2206929,-2.414373,-2.448534,15 Monte Cristi,2021,18,val
-3.257156,-2.1184218,-2.0357192,-3.1255894,15 Monte Cristi,2021,19,val
-1.3903838,-2.8208225,-2.6573513,-3.2124145,15 Monte Cristi,2021,20,val
-1.5295799,-2.302264,-2.0771196,-3.2731485,15 Monte Cristi,2021,21,val
-1.7298559,-1.6279044,-1.4387249,-2.923625,15 Monte Cristi,2021,22,val
-1.5800872,-1.9405096,-1.4279081,-5.6108603,15 Monte Cristi,2021,23,val
-3.0831275,2.6238678,-2.604759,-1.5276046,15 Monte Cristi,2021,24,val
-1.5895107,1.962922,-2.6297617,-0.62668246,15 Monte Cristi,2021,25,val
-3.1820965,3.3881278,-2.291258,-1.4647506,15 Monte Cristi,2021,26,val
-4.915053,4.7057924,0.59370196,-1.039734,15 Monte Cristi,2021,27,val
-4.571086,4.811378,0.90225387,-0.38667536,15 Monte Cristi,2021,28,val
-5.0073795,5.3428407,0.51553595,-0.6464094,15 Monte Cristi,2021,29,val
-4.7444344,5.4063263,0.60224146,-0.32449237,15 Monte Cristi,2021,30,val
-4.7754855,5.1053543,0.6686134,-0.53830796,15 Monte Cristi,2021,31,val
-4.8065434,5.2783613,1.168712,-0.53749555,15 Monte Cristi,2021,32,val
-4.5934744,5.001957,1.181148,-0.50621027,15 Monte Cristi,2021,33,val
-4.9036474,5.25977,0.69438905,-1.2035165,15 Monte Cristi,2021,34,val
1.0040895,5.1893,-1.8254253,0.5686025,15 Monte Cristi,2021,35,val
-0.3164684,4.3915677,-2.171708,0.6911466,15 Monte Cristi,2021,36,val
0.11505083,4.823162,-2.072939,1.9313619,15 Monte Cristi,2021,37,val
0.06234188,5.2647,-1.405131,2.5051007,15 Monte Cristi,2021,38,val
0.61827797,5.1734614,-1.6437528,3.5136132,15 Monte Cristi,2021,39,val
0.50089824,3.4749734,-1.397741,2.618539,15 Monte Cristi,2021,40,val
0.18587196,4.9447384,-1.0798674,4.817137,15 Monte Cristi,2021,41,val
0.5938062,3.4083803,-0.78355616,3.8213375,15 Monte Cristi,2021,42,val
1.7320734,3.5283842,-0.90034276,4.7360706,15 Monte Cristi,2021,43,val
0.958669,2.70403,-0.38932854,4.2491217,15 Monte Cristi,2021,44,val
0.51881427,1.839644,-0.21573454,4.0134487,15 Monte Cristi,2021,45,val
0.53424835,0.9456488,-0.2339938,3.47347,15 Monte Cristi,2021,46,val
-0.33556107,1.5399727,-0.7260628,6.459236,15 Monte Cristi,2021,47,val
-2.446148,-1.409055,2.0873055,5.3373156,15 Monte Cristi,2021,48,val
-2.1389925,-1.9437733,0.95795053,4.204475,15 Monte Cristi,2021,49,val
-1.9137113,-1.9205935,0.74286324,3.6357577,15 Monte Cristi,2021,50,val
-2.2578049,-2.533447,1.1556094,5.837991,15 Monte Cristi,2021,51,val
-7.7189493,0.03078545,3.7272148,2.7267957,15 Monte Cristi,2021,52,val
-6.6265206,-0.6696251,5.3660936,-1.0771822,16 Pedernales,2015,1,train
-7.586395,-1.7563583,5.709156,-1.5260388,16 Pedernales,2015,2,train
-6.85599,-3.0122066,5.734233,-1.3619865,16 Pedernales,2015,3,train
-6.562942,-4.0818253,5.7907367,-0.95935947,16 Pedernales,2015,4,train
-3.491049,-6.787678,2.67742,-0.047064632,16 Pedernales,2015,5,train
-4.4767404,-5.412342,1.2604707,0.3965936,16 Pedernales,2015,6,train
-2.9853196,-6.266832,0.006148563,0.5216139,16 Pedernales,2015,7,train
-5.2769527,-5.93763,0.23708384,-0.84181714,16 Pedernales,2015,8,train
-4.939825,-4.465196,-0.040724706,-1.2390388,16 Pedernales,2015,9,train
-5.711579,-4.2666855,0.3260474,-2.2594388,16 Pedernales,2015,10,train
-6.2659435,-3.8439832,0.15208146,-2.7360065,16 Pedernales,2015,11,train
-4.6535597,-6.4894786,-0.59060067,-4.0796256,16 Pedernales,2015,12,train
-4.9808493,-5.1017475,-0.707692,-4.1577106,16 Pedernales,2015,13,train
-6.1726713,-4.0644665,-1.293515,-4.1347265,16 Pedernales,2015,14,train
-5.840787,-3.0004776,-1.0528144,-3.961229,16 Pedernales,2015,15,train
-6.194119,-2.9770308,-1.189309,-4.661238,16 Pedernales,2015,16,train
-5.7055383,0.8264394,-5.516223,-3.3744798,16 Pedernales,2015,17,train
-6.871934,0.92637956,-4.5454206,-4.2695155,16 Pedernales,2015,18,train
-5.6014404,0.8961324,-3.9904923,-2.9328392,16 Pedernales,2015,19,train
-5.4679465,1.1792709,-3.4308426,-3.1624012,16 Pedernales,2015,20,train
-5.1011696,1.6058762,-3.8783555,-3.640795,16 Pedernales,2015,21,train
-4.9119625,1.9772252,-4.38297,-4.0023675,16 Pedernales,2015,22,train
-3.6467083,1.5249206,-3.2019057,-3.6932917,16 Pedernales,2015,23,train
-4.234803,1.7461946,-2.5422866,-4.107828,16 Pedernales,2015,24,train
-3.800776,1.9437464,-2.0596576,-4.0009923,16 Pedernales,2015,25,train
-3.490967,1.6964873,-1.5263356,-3.6138403,16 Pedernales,2015,26,train
-7.1805916,3.3310022,2.5346296,-5.2954884,16 Pedernales,2015,27,train
-7.0795817,3.5373945,2.7075217,-5.313441,16 Pedernales,2015,28,train
-6.474822,3.607966,3.0649085,-4.69682,16 Pedernales,2015,29,train
-7.0790005,3.6070209,2.8217442,-5.24275,16 Pedernales,2015,30,train
-7.164574,3.3977125,2.7092314,-5.181803,16 Pedernales,2015,31,train
-7.0047684,3.2728798,2.8854825,-5.3427362,16 Pedernales,2015,32,train
-8.056251,3.679058,3.2905362,-6.011343,16 Pedernales,2015,33,train
-7.3916,3.6710114,3.3139856,-5.694829,16 Pedernales,2015,34,train
5.0910125,0.3077276,-1.2607614,-0.4404134,16 Pedernales,2015,35,train
3.3588924,2.3364196,1.4172866,-1.5876168,16 Pedernales,2015,36,train
3.2717369,1.6263475,0.6157676,-1.452852,16 Pedernales,2015,37,train
4.7220435,1.8059876,1.2046025,-1.1385874,16 Pedernales,2015,38,train
4.298015,1.387041,1.8955679,-1.4961847,16 Pedernales,2015,39,train
5.213247,0.71231306,3.5370653,-2.243238,16 Pedernales,2015,40,train
4.862457,0.062047277,2.2157893,-1.2231301,16 Pedernales,2015,41,train
4.746377,-0.09019303,2.910142,-1.3457639,16 Pedernales,2015,42,train
5.116715,0.04615908,4.583338,-1.813392,16 Pedernales,2015,43,train
5.2758427,-0.5297773,5.3253317,-2.127551,16 Pedernales,2015,44,train
4.357823,-0.47028658,3.697334,0.044304114,16 Pedernales,2015,45,train
3.7354546,-0.45215133,3.296426,0.23335895,16 Pedernales,2015,46,train
4.4382887,-0.5791808,3.3588185,0.68441993,16 Pedernales,2015,47,train
3.4086182,-4.3808813,4.846696,0.105229996,16 Pedernales,2015,48,train
1.2226839,-3.0306642,3.795083,0.03265538,16 Pedernales,2015,49,train
1.3734068,-3.2954879,3.366509,0.38204244,16 Pedernales,2015,50,train
0.93171996,-3.280882,3.9245408,0.43268225,16 Pedernales,2015,51,train
-5.8096566,-0.99193454,5.343321,-1.7178872,16 Pedernales,2015,52,train
-5.982578,-3.3718803,8.334981,-4.5631247,16 Pedernales,2016,1,train
-5.872256,-4.547452,7.802817,-4.9656734,16 Pedernales,2016,2,train
-5.467235,-5.295035,7.355415,-4.4250364,16 Pedernales,2016,3,train
-6.593777,-4.267207,6.1806555,-3.8712192,16 Pedernales,2016,4,train
-2.8306813,-8.085992,4.324668,-3.3033328,16 Pedernales,2016,5,train
-3.646385,-6.964987,3.4864182,-3.3917048,16 Pedernales,2016,6,train
-4.106623,-7.2502036,3.4484968,-3.697654,16 Pedernales,2016,7,train
-4.529245,-7.3608356,3.3319027,-4.1868315,16 Pedernales,2016,8,train
-3.7837377,-7.9940534,3.0511577,-4.81143,16 Pedernales,2016,9,train
-6.1942387,-6.2512603,0.48736486,-2.89652,16 Pedernales,2016,10,train
-4.6898627,-5.143008,0.32808656,-3.7253435,16 Pedernales,2016,11,train
-5.463979,-4.063701,0.20008437,-4.145524,16 Pedernales,2016,12,train
-5.25819,-4.0031557,-0.026585918,-4.480626,16 Pedernales,2016,13,train
-4.0256095,-5.46185,0.59583694,-5.5887327,16 Pedernales,2016,14,train
-2.667798,-6.513176,0.5751124,-5.733283,16 Pedernales,2016,15,train
-2.9162343,-5.57768,0.6885664,-5.6548424,16 Pedernales,2016,16,train
3.8798294,-5.5956407,-1.7705196,-2.6725688,16 Pedernales,2016,17,train
-0.7586611,-4.4976883,-0.23001234,-4.3337455,16 Pedernales,2016,18,train
-2.2147417,-3.377217,-0.9275942,-4.848272,16 Pedernales,2016,19,train
-3.2389476,-2.5882285,-0.43492535,-5.4973106,16 Pedernales,2016,20,train
-4.103389,2.2789228,-4.274922,-0.8183206,16 Pedernales,2016,21,train
-3.3512003,2.6637273,-4.461975,0.047131956,16 Pedernales,2016,22,train
-4.5696034,3.7826478,-4.000702,-0.90078616,16 Pedernales,2016,23,train
-4.8496566,4.138135,-3.5454957,-1.3943903,16 Pedernales,2016,24,train
-3.731166,4.043786,-3.523684,-0.32491004,16 Pedernales,2016,25,train
-3.7742743,4.045723,-2.9896667,-0.7031789,16 Pedernales,2016,26,train
-6.71543,5.12687,0.3332717,-2.838263,16 Pedernales,2016,27,train
-6.926945,5.3515816,0.44691482,-2.5598867,16 Pedernales,2016,28,train
-6.7510586,5.4906673,0.86855805,-1.8681952,16 Pedernales,2016,29,train
-7.06356,5.1994905,0.70685714,-2.4427707,16 Pedernales,2016,30,train
-4.7973747,5.413481,0.999252,-0.65233904,16 Pedernales,2016,31,train
-6.5703697,6.3060308,-0.27913207,-1.3047798,16 Pedernales,2016,32,train
-7.1896687,6.2216015,-0.42009762,-1.9734361,16 Pedernales,2016,33,train
-6.676355,7.0866976,1.1487705,1.4716569,16 Pedernales,2016,34,train
1.080869,4.7351646,-2.143791,1.3001376,16 Pedernales,2016,35,train
0.9743,4.828838,-2.3165543,1.7032783,16 Pedernales,2016,36,train
1.4424667,4.942716,-2.3244314,1.7788011,16 Pedernales,2016,37,train
1.2392689,5.0886445,-1.8490633,2.50888,16 Pedernales,2016,38,train
1.5081961,3.4409277,-1.4839213,2.1738217,16 Pedernales,2016,39,train
4.1078954,-0.29546055,-5.0819006,2.840977,16 Pedernales,2016,40,train
0.49469918,4.727837,-0.17203154,4.5555453,16 Pedernales,2016,41,train
3.2101667,0.3051237,-3.6137311,3.9117174,16 Pedernales,2016,42,train
-0.13827558,4.695407,0.5694145,5.334145,16 Pedernales,2016,43,train
0.10909547,3.8602715,0.46382475,5.314687,16 Pedernales,2016,44,train
0.08571156,3.654077,0.7010345,5.676413,16 Pedernales,2016,45,train
2.4235432,-0.29489,-4.2726483,5.7568607,16 Pedernales,2016,46,train
-0.35490847,1.9583117,0.34338644,5.732181,16 Pedernales,2016,47,train
-0.67559034,2.0714757,0.09706964,6.558329,16 Pedernales,2016,48,train
0.11071397,1.2040439,0.00422038,5.769614,16 Pedernales,2016,49,train
0.2482541,0.7637536,0.43707052,4.852002,16 Pedernales,2016,50,train
0.43549734,0.37340218,-0.09755128,5.067907,16 Pedernales,2016,51,train
-8.681523,3.4301,1.9122505,3.4487638,16 Pedernales,2016,52,train
-11.288105,3.240603,1.450012,3.0454829,16 Pedernales,2017,1,train
-9.855169,3.0891614,0.8679756,5.599578,16 Pedernales,2017,2,train
-10.873386,3.1337738,0.19445679,6.268672,16 Pedernales,2017,3,train
-11.754885,2.960789,0.015289661,5.2859554,16 Pedernales,2017,4,train
-6.55268,0.761517,-2.8527749,5.2773447,16 Pedernales,2017,5,train
-7.8384194,0.6292394,-3.059377,4.2289424,16 Pedernales,2017,6,train
-5.852083,-0.034629915,-5.2376733,5.5945053,16 Pedernales,2017,7,train
-5.7695575,-0.14258043,-5.133349,4.4479485,16 Pedernales,2017,8,train
-10.570189,0.4491713,-5.111601,3.8837996,16 Pedernales,2017,9,train
-7.424572,-0.14181727,-5.1710973,3.1311016,16 Pedernales,2017,10,train
-6.5726576,-0.4740731,-6.433831,2.8216805,16 Pedernales,2017,11,train
-6.2915363,-4.3913255,-4.6415215,-0.49569282,16 Pedernales,2017,12,train
-8.256897,-3.9444442,-4.0811963,-1.7883054,16 Pedernales,2017,13,train
-6.6495576,-4.157268,-1.074385,-4.848543,16 Pedernales,2017,14,train
-3.7238817,-5.140802,-2.3385727,-4.31505,16 Pedernales,2017,15,train
2.8942206,-4.708855,-3.6578958,-1.2273695,16 Pedernales,2017,16,train
-3.2410345,-3.554535,-1.2056496,-4.289332,16 Pedernales,2017,17,train
-4.0887856,-3.9675443,-0.5976451,-5.8249826,16 Pedernales,2017,18,train
-2.9635122,-4.665602,-0.39663813,-7.0502663,16 Pedernales,2017,19,train
-5.6209664,-3.0969875,0.8117325,-7.301645,16 Pedernales,2017,20,train
-10.178268,4.3392534,-5.2402086,-1.4444174,16 Pedernales,2017,21,train
-8.213972,4.121258,-4.3903174,-1.5995901,16 Pedernales,2017,22,train
-9.291876,4.5685825,-4.380634,-3.2782114,16 Pedernales,2017,23,train
-7.1530466,3.8906827,-3.647585,-2.0793898,16 Pedernales,2017,24,train
-6.1128626,4.134417,-3.3603249,-1.8718616,16 Pedernales,2017,25,train
-6.032766,4.7108502,-3.4229898,-2.4300082,16 Pedernales,2017,26,train
-8.477322,6.0937343,0.19217934,-1.7797854,16 Pedernales,2017,27,train
-7.216127,7.181574,-0.45179057,-0.12636001,16 Pedernales,2017,28,train
-8.225322,6.6199946,-0.09221365,-1.4454107,16 Pedernales,2017,29,train
-8.391808,7.0665145,-0.51362306,-1.882299,16 Pedernales,2017,30,train
-8.259238,6.270619,0.0034180877,-1.8237717,16 Pedernales,2017,31,train
-7.138033,6.9868145,-0.187296,-0.7185121,16 Pedernales,2017,32,train
-6.9470406,6.5382648,0.064153485,-0.98448986,16 Pedernales,2017,33,train
-6.536275,6.7709837,0.26465157,-0.38129038,16 Pedernales,2017,34,train
0.67187995,4.9733796,-1.7625347,1.9230858,16 Pedernales,2017,35,train
3.1459851,1.4382267,-3.516026,1.6184977,16 Pedernales,2017,36,train
0.6989292,5.0702167,-0.70301986,2.7436337,16 Pedernales,2017,37,train
3.1308317,1.0729587,-3.5957336,1.6308925,16 Pedernales,2017,38,train
1.620173,3.3225417,-0.9153374,2.2547278,16 Pedernales,2017,39,train
0.8477632,4.5875893,-0.74319506,3.832591,16 Pedernales,2017,40,train
4.258166,0.48734805,-3.964829,3.2250695,16 Pedernales,2017,41,train
1.7501389,1.7634556,-0.6457892,2.4902537,16 Pedernales,2017,42,train
2.0388925,2.4909568,-0.34234843,3.7697499,16 Pedernales,2017,43,train
1.5710934,2.7189791,0.21522951,4.285015,16 Pedernales,2017,44,train
-0.89515704,3.196168,-0.29673973,5.6186943,16 Pedernales,2017,45,train
3.7435722,-0.84846914,-2.9670126,4.7624464,16 Pedernales,2017,46,train
-0.7618614,2.314381,-0.21434039,6.2122226,16 Pedernales,2017,47,train
0.03579205,1.7740506,-0.04586695,6.321297,16 Pedernales,2017,48,train
0.2525073,0.35255373,-0.37669995,5.3043256,16 Pedernales,2017,49,train
0.46084273,0.36277154,-0.9372544,7.455389,16 Pedernales,2017,50,train
-0.3233957,0.31349996,-0.9914794,6.9785876,16 Pedernales,2017,51,train
-9.127602,3.360755,1.6504661,4.2016106,16 Pedernales,2017,52,train
-8.239679,3.452417,1.7825763,5.1113386,16 Pedernales,2018,1,train
-10.574943,2.982738,1.3071854,3.0130155,16 Pedernales,2018,2,train
-10.998785,3.0105374,0.7705797,3.8435924,16 Pedernales,2018,3,train
-10.259213,2.6975029,0.52234393,4.071907,16 Pedernales,2018,4,train
-8.946493,1.0478045,-3.2449145,5.2580376,16 Pedernales,2018,5,train
-9.9672785,0.5678633,-2.8118174,3.4797232,16 Pedernales,2018,6,train
-10.768333,0.49355435,-3.2955856,3.537749,16 Pedernales,2018,7,train
-11.252589,0.49965462,-3.7012212,3.0187538,16 Pedernales,2018,8,train
-7.525121,-0.30030385,-5.953183,4.400939,16 Pedernales,2018,9,train
-12.208398,-4.065089,-2.028565,-0.73942155,16 Pedernales,2018,10,train
-10.735951,-3.6568627,-2.5132585,-1.3012441,16 Pedernales,2018,11,train
-6.9654956,-4.093632,-4.664302,-0.4610409,16 Pedernales,2018,12,train
-6.5969925,-4.2662125,-5.1851163,-1.121801,16 Pedernales,2018,13,train
-5.492103,-4.0129275,-4.4876914,-2.5011768,16 Pedernales,2018,14,train
-7.368025,-3.2578695,-3.3333836,-3.0388212,16 Pedernales,2018,15,train
-7.7963367,-2.8986475,-3.197537,-4.2081046,16 Pedernales,2018,16,train
-5.622978,-2.8729606,-3.415849,-3.9159389,16 Pedernales,2018,17,train
-5.563265,-2.4534478,-2.865153,-4.083793,16 Pedernales,2018,18,train
-5.735956,0.3938287,-4.2581754,-3.744928,16 Pedernales,2018,19,train
-7.284297,0.97473854,-2.7102115,-4.9935255,16 Pedernales,2018,20,train
-7.853826,1.2211087,-2.919098,-5.5984483,16 Pedernales,2018,21,train
-7.512857,1.5515712,-2.8693082,-5.7050524,16 Pedernales,2018,22,train
-7.44051,2.007079,-2.8997347,-6.5447726,16 Pedernales,2018,23,train
-7.802931,2.3709123,-2.4510052,-6.786264,16 Pedernales,2018,24,train
-2.9900377,1.6945448,-2.9703944,-4.706622,16 Pedernales,2018,25,train
-4.621386,2.8540227,-2.8097985,-6.02897,16 Pedernales,2018,26,train
-11.11598,5.8396215,1.7678783,-6.5272093,16 Pedernales,2018,27,train
-10.629317,5.935722,1.4982561,-6.540914,16 Pedernales,2018,28,train
-8.06374,5.180995,1.0442767,-5.291133,16 Pedernales,2018,29,train
-8.96429,5.2194304,1.5942415,-5.330056,16 Pedernales,2018,30,train
-8.421033,5.8692603,1.7371341,-5.0305433,16 Pedernales,2018,31,train
-10.577392,5.935086,1.980797,-6.5893955,16 Pedernales,2018,32,train
-6.7852464,5.369558,2.7688112,-3.9744642,16 Pedernales,2018,33,train
-8.00094,5.17926,2.4813473,-4.6303654,16 Pedernales,2018,34,train
2.7070193,3.3755267,-0.5442535,-0.19618765,16 Pedernales,2018,35,train
3.6074386,3.6584146,0.1011946,-0.18145606,16 Pedernales,2018,36,train
2.7327323,3.5560277,1.0478312,0.21750218,16 Pedernales,2018,37,train
4.7602015,2.8987122,-0.3347963,0.35882625,16 Pedernales,2018,38,train
3.8462954,3.0428357,0.38251653,0.4824895,16 Pedernales,2018,39,train
2.2561452,3.659202,2.222863,1.6019405,16 Pedernales,2018,40,train
2.4270558,3.3914857,2.194979,1.7376732,16 Pedernales,2018,41,train
2.8382435,2.8473823,2.2324173,1.8088293,16 Pedernales,2018,42,train
3.2416918,2.569657,2.3225536,2.1776016,16 Pedernales,2018,43,train
3.0811808,1.9486566,2.1480515,2.1787977,16 Pedernales,2018,44,train
3.281227,1.6249008,2.800032,2.4614675,16 Pedernales,2018,45,train
2.640262,0.6928539,2.2346666,1.9707385,16 Pedernales,2018,46,train
3.3407872,0.44594708,2.739251,2.3411608,16 Pedernales,2018,47,train
4.1584806,-0.2895788,2.9285572,2.721116,16 Pedernales,2018,48,train
0.9375656,-3.6397254,2.3788297,3.558045,16 Pedernales,2018,49,train
1.5269061,-3.943861,2.066605,3.796554,16 Pedernales,2018,50,train
1.5072174,-4.165948,2.2806783,4.1832027,16 Pedernales,2018,51,train
-11.361957,-0.19004275,5.340378,-1.9470639,16 Pedernales,2018,52,train
-12.569927,-1.1204978,5.6432114,-2.546226,16 Pedernales,2019,1,train
-8.984153,-2.2611723,5.7346954,-0.52110016,16 Pedernales,2019,2,train
-9.478599,-2.866425,5.5182943,-0.96634173,16 Pedernales,2019,3,train
-11.903949,-2.2482553,4.950786,-2.3365393,16 Pedernales,2019,4,train
-4.851669,-5.6910634,2.142056,0.27797005,16 Pedernales,2019,5,train
-3.486284,-7.4805045,2.5070784,-0.8815,16 Pedernales,2019,6,train
-6.0568323,-5.8716187,2.1960557,-2.3876896,16 Pedernales,2019,7,train
-9.502399,-5.96511,1.9939202,-3.5879846,16 Pedernales,2019,8,train
-8.476343,-6.288222,2.0532014,-3.5510767,16 Pedernales,2019,9,train
-5.815766,-6.1270432,-0.0076570488,-2.1358945,16 Pedernales,2019,10,train
-6.978932,-5.4195294,-0.45600143,-2.7312598,16 Pedernales,2019,11,train
-6.559109,-5.5538526,-0.9518436,-3.5780106,16 Pedernales,2019,12,train
-4.316601,-6.1114235,-1.7876017,-3.842876,16 Pedernales,2019,13,train
-4.9497476,-4.727382,-2.281123,-3.0677638,16 Pedernales,2019,14,train
-7.575486,-3.7442687,-1.127207,-5.1336727,16 Pedernales,2019,15,train
-6.8645563,-3.433554,-1.1530954,-5.289644,16 Pedernales,2019,16,train
-4.9335413,-4.418162,-1.7606559,-5.2094936,16 Pedernales,2019,17,train
-9.386561,1.5544444,-4.3722477,-3.2667024,16 Pedernales,2019,18,train
-6.524691,1.6307063,-5.6071076,-1.5933657,16 Pedernales,2019,19,train
-8.107642,2.500568,-4.444554,-3.9639165,16 Pedernales,2019,20,train
-3.884834,2.1978128,-5.8830256,-0.9259583,16 Pedernales,2019,21,train
-0.9039838,0.67240435,-5.665897,-0.4625685,16 Pedernales,2019,22,train
-3.2261841,2.7481039,-4.2048006,-2.2648394,16 Pedernales,2019,23,train
-5.1480765,3.4070032,-3.0118415,-4.0104837,16 Pedernales,2019,24,train
-6.111521,3.4690511,-1.945957,-7.3514905,16 Pedernales,2019,25,train
-3.3263528,2.9102883,-1.1814754,-7.115805,16 Pedernales,2019,26,train
-5.545208,4.413964,1.4746081,-9.4933,16 Pedernales,2019,27,train
-6.3804617,4.688054,1.1924735,-11.138106,16 Pedernales,2019,28,train
-5.073252,4.5347123,1.1677917,-10.376348,16 Pedernales,2019,29,train
-4.013561,4.5690007,1.3532596,-9.95043,16 Pedernales,2019,30,train
-4.2158556,4.5830445,1.3758594,-10.25668,16 Pedernales,2019,31,train
-3.7973733,4.459318,1.1546409,-9.696056,16 Pedernales,2019,32,train
-5.70967,4.725967,0.8224323,-10.880499,16 Pedernales,2019,33,train
-3.8905911,4.3224754,1.1952858,-9.279335,16 Pedernales,2019,34,train
3.3682961,2.582593,0.36663753,-3.703984,16 Pedernales,2019,35,train
3.9084008,1.8051708,1.8192103,-2.779686,16 Pedernales,2019,36,train
4.4754443,1.7944818,1.2554533,-2.8700821,16 Pedernales,2019,37,train
6.830999,-1.7133943,-1.3333565,-1.661581,16 Pedernales,2019,38,train
3.7210515,2.4416513,3.3972616,-0.8420564,16 Pedernales,2019,39,train
3.8437452,2.4660575,2.8444028,0.31006694,16 Pedernales,2019,40,train
4.1479473,1.5738617,1.8260596,0.6524304,16 Pedernales,2019,41,train
4.089926,1.7732795,2.449656,0.91553456,16 Pedernales,2019,42,train
3.2785475,1.6206157,2.7082906,0.9597299,16 Pedernales,2019,43,train
4.00531,1.454648,2.962053,1.4088733,16 Pedernales,2019,44,train
3.5490136,0.6623878,2.6150427,1.4492949,16 Pedernales,2019,45,train
3.5922658,0.6571841,3.269113,1.7270107,16 Pedernales,2019,46,train
4.6298385,0.19919708,3.766917,2.3486526,16 Pedernales,2019,47,train
4.576197,-0.2816032,3.264652,2.4678714,16 Pedernales,2019,48,train
4.0967054,-0.46514082,2.94591,2.4206274,16 Pedernales,2019,49,train
4.571939,-0.92047244,2.502876,2.753707,16 Pedernales,2019,50,train
4.127905,-0.9709511,1.9860772,2.3159935,16 Pedernales,2019,51,train
-9.793901,3.422599,3.2840943,1.3195726,16 Pedernales,2019,52,train
-6.626498,-1.635352,6.2095337,-0.12694272,16 Pedernales,2020,1,val
-9.758791,-1.4051155,5.1056647,-2.0218027,16 Pedernales,2020,2,val
-10.236513,-1.4304193,4.5648055,-2.11337,16 Pedernales,2020,3,val
-7.9508915,-2.9584289,5.15554,-0.49467188,16 Pedernales,2020,4,val
-5.70272,-5.6954293,1.9929595,0.25523943,16 Pedernales,2020,5,val
-7.152074,-5.3196936,1.9080999,-1.8609992,16 Pedernales,2020,6,val
-9.325384,-5.3138638,1.6910943,-2.7643068,16 Pedernales,2020,7,val
-7.474233,-6.5312777,1.8669738,-2.6531107,16 Pedernales,2020,8,val
-2.6206408,-6.3196135,-0.23757134,-1.3461199,16 Pedernales,2020,9,val
-5.3238654,-6.315936,0.7083827,-3.3694832,16 Pedernales,2020,10,val
-2.5818555,-6.6726193,-0.8770083,-3.333102,16 Pedernales,2020,11,val
-3.624717,-6.477065,-1.0456684,-3.656173,16 Pedernales,2020,12,val
-3.328296,-6.380467,-0.58874017,-4.428842,16 Pedernales,2020,13,val
-4.9163723,-5.7112226,-1.2230445,-4.5674486,16 Pedernales,2020,14,val
-2.068548,-4.9451456,-1.4893347,-4.4951167,16 Pedernales,2020,15,val
-3.9776406,-4.351103,-0.8347631,-4.8724957,16 Pedernales,2020,16,val
-4.938373,-4.411994,-0.065522216,-6.5277543,16 Pedernales,2020,17,val
-5.5641685,-4.41817,0.042933878,-7.4823313,16 Pedernales,2020,18,val
-8.951458,3.3988667,-5.776158,-0.2883772,16 Pedernales,2020,19,val
-8.5464325,3.3626122,-5.2829742,-0.7579307,16 Pedernales,2020,20,val
-8.212678,3.8424475,-5.025081,-0.9739106,16 Pedernales,2020,21,val
0.8791949,0.1382571,-3.1344197,-0.3939049,16 Pedernales,2020,22,val
-6.8497615,4.5850277,-4.981807,-0.1311156,16 Pedernales,2020,23,val
-2.758737,3.9456947,-5.1980457,0.7385314,16 Pedernales,2020,24,val
-5.2449083,5.4154534,-4.641772,-0.20502387,16 Pedernales,2020,25,val
-5.095037,5.360366,-3.9476058,-0.78682065,16 Pedernales,2020,26,val
-6.580406,6.6916747,-0.32095867,0.05855594,16 Pedernales,2020,27,val
-8.443781,6.942507,-0.39905456,-0.5972992,16 Pedernales,2020,28,val
-7.601608,7.3262367,-0.3572055,0.0361513,16 Pedernales,2020,29,val
-8.169451,6.9623256,-0.038177278,-0.53447336,16 Pedernales,2020,30,val
-5.708651,6.6701403,0.42553702,0.85026354,16 Pedernales,2020,31,val
-8.072643,7.3652782,-0.8685247,-0.2542149,16 Pedernales,2020,32,val
-5.627972,7.116187,-0.36314213,1.1615331,16 Pedernales,2020,33,val
-9.130955,8.219444,7.2371345,0.88902247,16 Pedernales,2020,34,val
-0.6512116,6.3328547,-3.1352668,3.6084929,16 Pedernales,2020,35,val
-1.0764318,5.930862,-3.0439484,4.4737415,16 Pedernales,2020,36,val
-0.91801286,6.281348,-2.7710404,4.5354557,16 Pedernales,2020,37,val
-0.6275451,5.932417,-2.4152174,4.2799807,16 Pedernales,2020,38,val
0.2686797,5.179065,-1.9828337,3.5797298,16 Pedernales,2020,39,val
0.84547675,3.212415,-1.8333583,3.396095,16 Pedernales,2020,40,val
-0.37212002,4.472982,-1.7667465,4.846241,16 Pedernales,2020,41,val
-0.69488525,4.4472737,-1.0642459,5.0184765,16 Pedernales,2020,42,val
1.3658549,3.1289568,-1.8499271,5.128477,16 Pedernales,2020,43,val
1.006871,2.5629127,-1.6252795,5.1091385,16 Pedernales,2020,44,val
3.2147715,0.1364802,-2.1154468,5.1086025,16 Pedernales,2020,45,val
-1.6668032,2.5210223,-1.4289732,6.916613,16 Pedernales,2020,46,val
-1.8020586,1.926293,-1.033539,6.824825,16 Pedernales,2020,47,val
-1.4447105,1.8712468,-1.0850474,7.721566,16 Pedernales,2020,48,val
-2.2400126,1.9452987,-2.2181408,8.496636,16 Pedernales,2020,49,val
-2.6054833,1.9493108,-2.2717526,8.745101,16 Pedernales,2020,50,val
-2.6038153,1.2998245,-2.2233636,8.282067,16 Pedernales,2020,51,val
-10.667987,4.5247707,0.2462192,6.3933606,16 Pedernales,2020,52,val
-10.941219,4.753254,-0.23444676,7.7444377,16 Pedernales,2021,1,val
-12.732976,3.9538355,-0.16156316,5.293181,16 Pedernales,2021,2,val
-9.358519,3.6997805,-0.38796568,6.840665,16 Pedernales,2021,3,val
-13.735933,3.8338435,-0.9427052,6.103224,16 Pedernales,2021,4,val
-10.657877,1.8484052,-4.023297,6.089882,16 Pedernales,2021,5,val
-10.152795,1.1677448,-3.0245864,3.7276788,16 Pedernales,2021,6,val
-12.080973,1.4017289,-3.8586297,4.20663,16 Pedernales,2021,7,val
-12.432982,1.2898471,-4.4271326,4.368291,16 Pedernales,2021,8,val
-9.306235,1.1536417,-5.495757,5.254334,16 Pedernales,2021,9,val
-6.346896,-0.42797834,-6.8617344,4.459082,16 Pedernales,2021,10,val
-9.154162,-0.12446639,-7.0047903,3.8857892,16 Pedernales,2021,11,val
-8.964537,-0.03906553,-6.414632,2.5215273,16 Pedernales,2021,12,val
-9.547192,0.22576478,-6.388934,1.3408622,16 Pedernales,2021,13,val
-4.711251,-0.31675318,-7.599806,2.4146087,16 Pedernales,2021,14,val
-9.764763,1.348356,-7.888296,1.6079891,16 Pedernales,2021,15,val
-10.2545395,1.2881111,-6.7556553,0.5565262,16 Pedernales,2021,16,val
-4.808274,0.20594226,-7.327143,1.0886345,16 Pedernales,2021,17,val
-5.925825,0.9560487,-6.5173397,1.0137514,16 Pedernales,2021,18,val
-7.586723,2.160214,-5.535473,-0.13734357,16 Pedernales,2021,19,val
-8.204462,2.578853,-5.3179193,-0.70004666,16 Pedernales,2021,20,val
-4.8011794,2.4701495,-5.650664,0.71434027,16 Pedernales,2021,21,val
-5.863487,2.8813763,-4.8477697,0.5133665,16 Pedernales,2021,22,val
-3.8945084,2.5705607,-4.4553123,-0.13224822,16 Pedernales,2021,23,val
-7.2389026,3.6109476,-3.1630144,-2.7073739,16 Pedernales,2021,24,val
-3.576945,3.7500694,-4.2673607,0.68498874,16 Pedernales,2021,25,val
0.52409315,0.6704849,-1.9519063,-0.5120132,16 Pedernales,2021,26,val
-8.818846,6.028515,0.051900163,-1.9073756,16 Pedernales,2021,27,val
-7.311978,6.6552935,0.19032344,0.35779652,16 Pedernales,2021,28,val
-8.328528,6.7764306,-0.3129265,-0.9616013,16 Pedernales,2021,29,val
-8.277285,6.930494,-0.45365408,-1.5933982,16 Pedernales,2021,30,val
-6.965813,6.8363843,-0.327701,-0.54657745,16 Pedernales,2021,31,val
-6.635561,6.859701,1.0427176,0.27103394,16 Pedernales,2021,32,val
-8.721216,9.314544,10.317792,1.8324754,16 Pedernales,2021,33,val
-6.2810793,6.3578715,1.563597,-0.19131584,16 Pedernales,2021,34,val
0.2159093,5.757488,-1.3028843,2.6843953,16 Pedernales,2021,35,val
-0.7710704,5.6348095,-2.5937543,3.3734536,16 Pedernales,2021,36,val
-0.39591134,5.665303,-2.5201023,3.5612392,16 Pedernales,2021,37,val
-0.8128482,6.307239,-2.046636,4.55564,16 Pedernales,2021,38,val
0.6420615,5.410861,-2.508414,4.762273,16 Pedernales,2021,39,val
1.26649,3.7938964,-2.0574305,3.8846116,16 Pedernales,2021,40,val
0.04078006,5.0831385,-1.9930614,5.6681485,16 Pedernales,2021,41,val
0.6593567,3.7926912,-1.6882623,4.898492,16 Pedernales,2021,42,val
1.4814531,2.502545,-1.0832858,4.1207776,16 Pedernales,2021,43,val
1.1194816,2.8565671,-1.2874312,5.122465,16 Pedernales,2021,44,val
0.5002262,2.6363611,-0.8556718,5.3304853,16 Pedernales,2021,45,val
0.8811235,1.4236423,-0.6064052,5.1281633,16 Pedernales,2021,46,val
0.18866228,2.0039864,-0.4320381,6.397793,16 Pedernales,2021,47,val
0.81121194,1.0702846,-1.059621,6.5973167,16 Pedernales,2021,48,val
-1.0444355,-2.8431637,0.459018,6.1233187,16 Pedernales,2021,49,val
-0.7308517,-2.730712,0.528693,5.725316,16 Pedernales,2021,50,val
-1.7929221,-3.1055686,0.6365124,6.375509,16 Pedernales,2021,51,val
-12.255064,-0.13233073,4.0118957,1.9905173,16 Pedernales,2021,52,val
-7.7041855,-2.5175312,9.714072,1.0975927,17 Peravia,2015,1,train
-8.877468,-3.9729383,9.94044,1.2386836,17 Peravia,2015,2,train
-7.132398,-6.249782,10.386434,2.1371515,17 Peravia,2015,3,train
-9.589674,-8.161249,9.629021,1.129362,17 Peravia,2015,4,train
-2.8775117,-12.005538,3.0111473,2.552058,17 Peravia,2015,5,train
-4.2650084,-11.322196,1.1131226,2.8475823,17 Peravia,2015,6,train
-4.2524953,-11.560286,0.4126508,2.2497828,17 Peravia,2015,7,train
-5.4453673,-11.513707,-0.6193262,1.0851235,17 Peravia,2015,8,train
-5.723401,-10.452005,-1.7011709,-0.188188,17 Peravia,2015,9,train
-5.8834414,-10.30044,-1.3812822,-1.5501646,17 Peravia,2015,10,train
-6.954142,-10.627491,-1.6366562,-2.5089254,17 Peravia,2015,11,train
-7.015288,-12.1605215,-2.6816056,-4.7414556,17 Peravia,2015,12,train
-5.0134144,-10.836846,-3.4020667,-5.783059,17 Peravia,2015,13,train
-6.062856,-9.752538,-4.812301,-4.428556,17 Peravia,2015,14,train
-4.7128873,-8.224474,-5.016928,-4.6947184,17 Peravia,2015,15,train
-6.2164116,-9.038449,-5.6564426,-7.583957,17 Peravia,2015,16,train
-4.2056804,-8.16221,-5.8143773,-7.373014,17 Peravia,2015,17,train
-5.078195,-0.80242574,-12.892124,-6.944894,17 Peravia,2015,18,train
-4.044632,0.40009162,-10.28037,-5.4239845,17 Peravia,2015,19,train
-4.975024,1.4252446,-9.507314,-5.8921094,17 Peravia,2015,20,train
-3.6620543,1.9754771,-9.564573,-5.847182,17 Peravia,2015,21,train
-2.9068236,2.2942438,-9.6338415,-5.96244,17 Peravia,2015,22,train
-1.9352573,2.6748059,-8.703844,-5.824697,17 Peravia,2015,23,train
-2.1351905,3.601693,-8.1185,-6.280041,17 Peravia,2015,24,train
-2.0664313,4.5849047,-7.196636,-6.3743196,17 Peravia,2015,25,train
0.20648034,5.57225,-6.7884917,-5.9376044,17 Peravia,2015,26,train
-4.815869,10.432869,4.719938,-7.017281,17 Peravia,2015,27,train
-6.078572,11.567208,7.4468913,-7.076076,17 Peravia,2015,28,train
-5.270411,11.061852,5.715541,-7.3808103,17 Peravia,2015,29,train
-5.500884,11.132629,6.080204,-7.5809083,17 Peravia,2015,30,train
-5.083373,10.197983,4.444323,-7.7746544,17 Peravia,2015,31,train
-5.016401,9.613751,5.474346,-7.745955,17 Peravia,2015,32,train
-5.5879836,9.720105,5.5228367,-8.234553,17 Peravia,2015,33,train
-5.3636627,9.478346,6.708647,-7.609214,17 Peravia,2015,34,train
12.405425,1.7993875,-3.5762477,-0.98105264,17 Peravia,2015,35,train
7.385478,7.136621,4.902566,-2.358065,17 Peravia,2015,36,train
8.343864,6.358601,4.358214,-2.3461752,17 Peravia,2015,37,train
9.450359,5.719599,6.6226487,-2.6896436,17 Peravia,2015,38,train
8.15527,5.510772,7.6099806,-2.0087273,17 Peravia,2015,39,train
9.707211,3.147574,9.120725,-3.329724,17 Peravia,2015,40,train
10.6377735,1.205715,7.9723396,-3.1076598,17 Peravia,2015,41,train
9.75855,1.058767,8.883538,-2.548217,17 Peravia,2015,42,train
12.032142,-0.185258,9.826585,-1.9932522,17 Peravia,2015,43,train
9.901895,-0.013916056,9.815676,-1.0574617,17 Peravia,2015,44,train
8.144302,-0.04574939,7.937415,1.4807456,17 Peravia,2015,45,train
7.31874,0.3925896,8.3829975,2.1254516,17 Peravia,2015,46,train
9.708408,-1.1280214,7.26632,3.4715445,17 Peravia,2015,47,train
6.1723647,-6.3052907,8.611394,2.1199005,17 Peravia,2015,48,train
2.1416295,-3.7412815,9.408805,2.353826,17 Peravia,2015,49,train
2.5821545,-4.507834,9.652923,2.8228447,17 Peravia,2015,50,train
2.2699983,-5.003149,8.840001,3.3933246,17 Peravia,2015,51,train
-6.7383823,-1.252836,11.670408,-0.9077575,17 Peravia,2015,52,train
-8.282177,-6.123319,16.030905,-6.0516863,17 Peravia,2016,1,train
-8.284274,-7.7191353,14.327836,-5.330383,17 Peravia,2016,2,train
-9.808936,-9.529681,14.035053,-6.5901084,17 Peravia,2016,3,train
-5.3710136,-8.458075,11.617633,-4.017777,17 Peravia,2016,4,train
-2.4672968,-14.146092,6.763634,-2.3055825,17 Peravia,2016,5,train
-2.0027945,-12.862227,4.6388474,-2.767816,17 Peravia,2016,6,train
-3.7638667,-14.060473,4.5905867,-3.695591,17 Peravia,2016,7,train
-3.6732864,-13.6501465,3.4811985,-4.6251874,17 Peravia,2016,8,train
-2.541758,-13.193244,2.994246,-5.2440124,17 Peravia,2016,9,train
-8.363169,-13.671242,-1.0758868,-2.3334498,17 Peravia,2016,10,train
-5.412897,-12.020339,-1.966364,-4.3681993,17 Peravia,2016,11,train
-4.7852454,-10.238403,-2.6522248,-5.2337866,17 Peravia,2016,12,train
-4.8182535,-11.395656,-3.0621333,-6.557633,17 Peravia,2016,13,train
-1.8201756,-11.8858,-1.4747672,-8.157256,17 Peravia,2016,14,train
-4.3843865,-11.335214,-0.7991898,-9.994865,17 Peravia,2016,15,train
-1.9720494,-10.51074,-0.6306966,-8.39585,17 Peravia,2016,16,train
3.4618711,-11.190865,-1.2332916,-10.03302,17 Peravia,2016,17,train
-0.10890724,-2.2730544,-13.610226,-0.63725954,17 Peravia,2016,18,train
-2.0544062,-0.25951582,-11.276501,-1.300055,17 Peravia,2016,19,train
-1.9159327,1.3907952,-10.316933,-1.9739288,17 Peravia,2016,20,train
-1.0465612,1.9380766,-10.967448,-0.9077464,17 Peravia,2016,21,train
5.207293,-2.5299518,-10.5884075,-1.3817945,17 Peravia,2016,22,train
-0.48492396,4.630575,-10.332722,-0.9587884,17 Peravia,2016,23,train
-2.0689,7.7133946,-9.147211,-2.3058777,17 Peravia,2016,24,train
0.25235495,6.4333153,-8.549804,-0.44082588,17 Peravia,2016,25,train
0.40592796,7.088267,-7.4888024,-1.3028018,17 Peravia,2016,26,train
-3.667584,11.896974,1.1797196,-3.0936937,17 Peravia,2016,27,train
-4.3589683,12.269427,0.65305793,-4.0464735,17 Peravia,2016,28,train
-3.7811759,11.878146,0.98884803,-3.026697,17 Peravia,2016,29,train
-4.3479,11.90795,1.1405026,-3.0888503,17 Peravia,2016,30,train
-4.381118,12.427562,3.6287513,-0.92663866,17 Peravia,2016,31,train
-4.1659966,12.73939,0.20475115,-1.7201754,17 Peravia,2016,32,train
-4.501624,12.829604,-1.0835559,-3.246326,17 Peravia,2016,33,train
-6.166231,14.055953,3.7775931,3.7324011,17 Peravia,2016,34,train
3.0893483,11.382084,-2.0176203,0.7928462,17 Peravia,2016,35,train
3.91274,11.793769,-1.9098145,2.8857539,17 Peravia,2016,36,train
3.5292532,11.30239,-2.3931768,1.0973179,17 Peravia,2016,37,train
3.9393182,11.179421,-1.1868758,2.5792408,17 Peravia,2016,38,train
4.6115475,9.768541,-0.28395438,3.7750282,17 Peravia,2016,39,train
10.648918,0.57339346,-8.265434,5.1235566,17 Peravia,2016,40,train
3.8426638,8.767386,3.4578419,7.2053423,17 Peravia,2016,41,train
1.861306,9.4751215,3.7672746,9.601171,17 Peravia,2016,42,train
4.921572,6.491048,3.320529,7.8452415,17 Peravia,2016,43,train
4.2496753,6.093326,3.9224138,9.192704,17 Peravia,2016,44,train
3.2903128,5.3706346,4.9937005,8.931486,17 Peravia,2016,45,train
2.0618117,5.0596356,5.412121,10.258402,17 Peravia,2016,46,train
1.9695407,2.452481,5.086926,10.06301,17 Peravia,2016,47,train
-0.658519,-3.8274577,5.6651754,10.21179,17 Peravia,2016,48,train
-0.2875473,-4.2060766,5.273562,9.283395,17 Peravia,2016,49,train
-0.79848653,-4.083539,5.2209187,8.617183,17 Peravia,2016,50,train
-1.1533703,-4.070181,5.238961,8.525491,17 Peravia,2016,51,train
-9.843184,-1.3941567,8.956655,5.1345043,17 Peravia,2016,52,train
-9.875335,-2.1064909,8.523395,4.3907614,17 Peravia,2017,1,train
-11.324829,-2.3403745,7.5686126,3.7149532,17 Peravia,2017,2,train
-16.917166,-5.4155064,8.21321,3.1723003,17 Peravia,2017,3,train
-13.532268,-6.068957,7.9982095,4.921973,17 Peravia,2017,4,train
-6.6862164,-8.537575,1.8101579,5.050707,17 Peravia,2017,5,train
-5.4284077,-8.726465,0.4110279,4.3497357,17 Peravia,2017,6,train
-5.641454,-10.535647,-0.8575755,4.558155,17 Peravia,2017,7,train
-8.481323,-11.847091,-1.4666457,3.8379629,17 Peravia,2017,8,train
-8.85156,-8.480726,-1.3442966,1.0119458,17 Peravia,2017,9,train
-7.8746195,-9.101936,-3.6283731,0.7695802,17 Peravia,2017,10,train
-8.091153,-9.26189,-4.9099827,-0.54275835,17 Peravia,2017,11,train
-6.748253,-9.645021,-8.871635,-2.3980038,17 Peravia,2017,12,train
-9.199389,-8.9152775,-8.820679,-5.483206,17 Peravia,2017,13,train
-3.9326499,-8.569144,-4.6318073,-7.36726,17 Peravia,2017,14,train
-11.057855,-8.748791,-3.374367,-12.34405,17 Peravia,2017,15,train
5.18276,-9.112894,-7.2357855,-1.7935848,17 Peravia,2017,16,train
1.3670448,-8.592185,-5.744295,-6.2672176,17 Peravia,2017,17,train
0.20663472,-8.32007,-4.2255063,-8.524186,17 Peravia,2017,18,train
-1.7787751,-7.3165903,-3.1072073,-11.024331,17 Peravia,2017,19,train
-2.2417886,2.0122008,-10.195671,-0.275258,17 Peravia,2017,20,train
-3.0580904,4.4363737,-9.222263,-2.091182,17 Peravia,2017,21,train
-3.1942253,5.7958927,-8.730814,-2.1555307,17 Peravia,2017,22,train
-2.4830372,6.468675,-8.338518,-3.3568575,17 Peravia,2017,23,train
-3.1312082,8.04709,-8.592541,-3.3951082,17 Peravia,2017,24,train
-1.3495139,7.673081,-7.0701575,-3.1619735,17 Peravia,2017,25,train
-1.0153093,8.500151,-6.541628,-3.2956867,17 Peravia,2017,26,train
-4.847564,12.478964,-0.7916706,-3.8883533,17 Peravia,2017,27,train
-4.142685,12.94725,-0.25654665,-2.5095437,17 Peravia,2017,28,train
-4.463721,12.103638,-1.3760349,-3.827693,17 Peravia,2017,29,train
-3.9745476,12.329433,-1.3796476,-3.6796768,17 Peravia,2017,30,train
-4.659795,12.186237,-1.5066969,-3.7063766,17 Peravia,2017,31,train
-4.3742657,12.59985,-1.0263561,-3.1095972,17 Peravia,2017,32,train
-5.5403614,12.725947,-1.1841922,-3.4343343,17 Peravia,2017,33,train
-5.1961184,12.651774,-1.7633537,-3.9516268,17 Peravia,2017,34,train
4.253561,11.477606,-3.7474265,0.20309712,17 Peravia,2017,35,train
9.78187,4.827783,-5.8061,3.1499555,17 Peravia,2017,36,train
3.0110304,11.669998,1.5739609,4.374036,17 Peravia,2017,37,train
10.376217,3.5460405,-6.2463813,3.405989,17 Peravia,2017,38,train
4.557089,10.06836,1.8872836,3.9807873,17 Peravia,2017,39,train
4.6206822,9.612546,2.0104032,5.9564185,17 Peravia,2017,40,train
5.271083,8.242591,1.945699,6.532988,17 Peravia,2017,41,train
3.4899762,7.143993,3.7440531,6.192883,17 Peravia,2017,42,train
5.510519,6.13073,2.8906791,7.0621343,17 Peravia,2017,43,train
5.5613446,4.9754653,2.9375203,7.162694,17 Peravia,2017,44,train
8.552208,-1.4752018,-7.6430416,9.792167,17 Peravia,2017,45,train
10.045293,-3.0937226,-7.4562483,8.902434,17 Peravia,2017,46,train
4.309928,3.4277298,3.8507519,9.837787,17 Peravia,2017,47,train
4.8668294,2.719952,3.9632823,10.31531,17 Peravia,2017,48,train
-0.8065468,-4.290003,4.482197,9.20696,17 Peravia,2017,49,train
0.11095279,-5.351662,4.197783,10.23442,17 Peravia,2017,50,train
-0.6381577,-4.887741,3.8098493,8.440443,17 Peravia,2017,51,train
-10.355589,-1.0240011,7.8243904,4.0118275,17 Peravia,2017,52,train
-9.622395,-0.81405413,9.962287,6.694244,17 Peravia,2018,1,train
-8.208828,-1.2015097,9.02436,7.651995,17 Peravia,2018,2,train
-8.945658,-2.8943594,7.3344107,5.4333224,17 Peravia,2018,3,train
-8.695312,-3.132565,6.0945315,4.8918176,17 Peravia,2018,4,train
-6.501235,-8.110585,1.18933,5.464031,17 Peravia,2018,5,train
-5.6218133,-7.690047,-0.027053984,3.9171515,17 Peravia,2018,6,train
-6.392771,-7.880563,-0.58147496,3.3559465,17 Peravia,2018,7,train
-7.4177394,-7.927667,-0.9807216,2.4873664,17 Peravia,2018,8,train
-10.581417,-11.496804,-2.781079,2.815186,17 Peravia,2018,9,train
-9.990885,-11.095029,-6.3008404,0.7756415,17 Peravia,2018,10,train
-5.842503,-9.672256,-7.376741,-0.10787129,17 Peravia,2018,11,train
-8.110442,-9.2437525,-8.273952,-2.0951371,17 Peravia,2018,12,train
-12.089366,-8.673507,-7.343268,-4.9291563,17 Peravia,2018,13,train
-6.784758,-8.590019,-9.067623,-5.5219626,17 Peravia,2018,14,train
-6.3998113,-5.990898,-7.2811604,-6.4209666,17 Peravia,2018,15,train
-5.5121737,-6.842078,-8.805912,-6.948706,17 Peravia,2018,16,train
-5.182359,-6.096789,-8.735898,-7.9976497,17 Peravia,2018,17,train
-1.743805,-6.7766666,-9.398897,-5.52917,17 Peravia,2018,18,train
-1.4253719,-5.295367,-8.7496,-6.8623548,17 Peravia,2018,19,train
-1.2092768,-4.334915,-7.771408,-6.936628,17 Peravia,2018,20,train
-2.093113,-3.243154,-7.2977037,-9.143174,17 Peravia,2018,21,train
-0.82178086,-2.8787653,-6.6251907,-9.18191,17 Peravia,2018,22,train
-0.780647,-2.2719681,-5.8627114,-10.795694,17 Peravia,2018,23,train
0.2401362,-2.1773126,-5.4999495,-11.030516,17 Peravia,2018,24,train
1.5187542,-2.0307713,-4.6704707,-11.743909,17 Peravia,2018,25,train
-0.87177145,-0.3916106,-3.3099356,-13.338348,17 Peravia,2018,26,train
-3.7719152,0.88827336,8.895232,-15.997585,17 Peravia,2018,27,train
-2.8160188,1.3431408,11.186203,-14.468617,17 Peravia,2018,28,train
-1.0318282,0.7543971,8.387307,-14.354092,17 Peravia,2018,29,train
-1.5678284,0.9409894,9.0809145,-15.318286,17 Peravia,2018,30,train
-1.5421981,0.71611226,7.9384837,-15.961599,17 Peravia,2018,31,train
-1.4697311,0.54030484,9.427057,-15.782287,17 Peravia,2018,32,train
-1.1406366,0.6095029,9.194831,-15.706146,17 Peravia,2018,33,train
-1.7049598,0.7416433,9.780522,-16.11376,17 Peravia,2018,34,train
5.573371,-1.3004011,5.4670877,-11.9362545,17 Peravia,2018,35,train
6.3947945,-2.4610128,5.9224076,-13.436474,17 Peravia,2018,36,train
7.49353,-3.0629566,6.6897793,-12.556921,17 Peravia,2018,37,train
6.111093,-2.4321687,6.505613,-11.507158,17 Peravia,2018,38,train
6.4901776,7.9485607,1.0513928,-0.03581472,17 Peravia,2018,39,train
8.751904,8.185369,3.3580723,3.9621468,17 Peravia,2018,40,train
13.329615,-0.6980248,-4.2274084,4.570109,17 Peravia,2018,41,train
8.6726055,4.817348,2.5669487,4.188959,17 Peravia,2018,42,train
8.007303,4.6316953,3.265997,4.3866267,17 Peravia,2018,43,train
8.584463,3.5911028,3.3408751,5.230982,17 Peravia,2018,44,train
7.348459,2.416702,3.116142,4.564095,17 Peravia,2018,45,train
5.972705,3.3832603,5.5747304,5.550895,17 Peravia,2018,46,train
8.0375395,1.607842,4.454814,6.1921644,17 Peravia,2018,47,train
2.7326639,-5.0031395,5.857805,6.0986085,17 Peravia,2018,48,train
1.9653587,-4.6920843,5.0648317,6.579364,17 Peravia,2018,49,train
1.8193576,-5.1367993,5.569481,7.187355,17 Peravia,2018,50,train
2.1188416,-5.9099684,5.6967726,7.679439,17 Peravia,2018,51,train
-8.933789,-0.84282213,9.073538,2.029742,17 Peravia,2018,52,train
-9.375598,-2.2717483,10.382319,2.0162141,17 Peravia,2019,1,train
-10.798627,-4.2747874,10.21754,2.1116147,17 Peravia,2019,2,train
-10.629621,-5.400401,8.882105,1.8569592,17 Peravia,2019,3,train
-8.915664,-5.9625273,8.617333,2.4364233,17 Peravia,2019,4,train
-3.488206,-10.781521,1.9675101,3.4077194,17 Peravia,2019,5,train
-4.4742317,-11.329685,2.9380689,0.19928582,17 Peravia,2019,6,train
-3.315426,-11.262292,1.7817736,-0.62596095,17 Peravia,2019,7,train
-6.231146,-10.240253,1.2684705,-1.8178617,17 Peravia,2019,8,train
-5.551581,-11.412133,0.96120673,-2.420965,17 Peravia,2019,9,train
-7.220114,-11.083205,-1.6638601,-1.4978429,17 Peravia,2019,10,train
-9.487031,-11.488291,-2.188066,-3.255452,17 Peravia,2019,11,train
-6.2853756,-11.538221,-3.8240807,-4.423746,17 Peravia,2019,12,train
-2.5768912,-11.177148,-4.831093,-5.7050896,17 Peravia,2019,13,train
-4.9413953,-8.987234,-5.6718235,-6.1737247,17 Peravia,2019,14,train
-4.0651493,-8.752095,-6.0055056,-5.7453256,17 Peravia,2019,15,train
-5.3355174,-8.020815,-5.6977897,-7.875359,17 Peravia,2019,16,train
-4.188884,-7.3199744,-5.5580683,-8.266116,17 Peravia,2019,17,train
-5.5362067,-0.50989914,-10.104988,-4.3891034,17 Peravia,2019,18,train
-5.5472355,1.7490335,-11.555769,-3.869404,17 Peravia,2019,19,train
-3.6298788,2.5538945,-10.123733,-4.124457,17 Peravia,2019,20,train
-2.7468622,3.001998,-11.317634,-3.0273962,17 Peravia,2019,21,train
5.734263,-2.6889074,-8.836732,-2.4413002,17 Peravia,2019,22,train
-1.1686101,4.6201115,-9.184142,-3.4804063,17 Peravia,2019,23,train
-1.918654,6.273633,-7.8454933,-4.4150467,17 Peravia,2019,24,train
-1.0572271,6.4580283,-6.995293,-4.355238,17 Peravia,2019,25,train
-1.2452372,8.464867,-6.3325586,-5.7224336,17 Peravia,2019,26,train
-3.3549738,9.763254,4.5625763,-11.178314,17 Peravia,2019,27,train
-1.0159606,7.6941347,4.464335,-9.97934,17 Peravia,2019,28,train
-1.539691,7.8152347,2.6887128,-10.997408,17 Peravia,2019,29,train
-1.6894597,8.084851,2.3333316,-13.454694,17 Peravia,2019,30,train
-0.8461081,7.61434,4.124576,-12.97899,17 Peravia,2019,31,train
0.56923825,7.155857,4.463126,-10.979131,17 Peravia,2019,32,train
-0.3307406,7.14676,3.3204033,-11.719098,17 Peravia,2019,33,train
0.32755473,7.400642,5.5139737,-11.573729,17 Peravia,2019,34,train
6.6673927,7.6318665,1.5818306,-8.080612,17 Peravia,2019,35,train
7.656462,6.044055,2.2423403,-7.0859714,17 Peravia,2019,36,train
7.6227164,5.7738037,2.9967215,-6.931613,17 Peravia,2019,37,train
15.807859,-1.4114101,-2.4193776,-1.9659197,17 Peravia,2019,38,train
6.3244147,6.248295,9.267873,-1.5515795,17 Peravia,2019,39,train
6.7325215,6.510585,8.095507,0.959676,17 Peravia,2019,40,train
8.11533,4.2190075,4.5019145,1.0471876,17 Peravia,2019,41,train
8.382822,4.172309,5.0022388,2.0861883,17 Peravia,2019,42,train
7.974699,3.2864923,4.982001,2.3090265,17 Peravia,2019,43,train
9.630945,1.8985527,3.3338623,3.247772,17 Peravia,2019,44,train
8.213753,2.067903,4.6068115,3.4352043,17 Peravia,2019,45,train
7.710637,2.1818173,5.960907,4.365301,17 Peravia,2019,46,train
9.6313095,0.9611318,5.68878,5.2109394,17 Peravia,2019,47,train
11.852804,-0.5518437,4.372349,5.2408605,17 Peravia,2019,48,train
3.969773,-5.602716,7.7070613,3.5929646,17 Peravia,2019,49,train
2.5549068,-4.6248455,7.6420107,3.8639555,17 Peravia,2019,50,train
1.6342766,-4.440525,8.042416,4.364386,17 Peravia,2019,51,train
-7.6383834,-1.769194,11.911686,0.5607432,17 Peravia,2019,52,train
-9.784999,-2.0985448,9.288843,0.3491504,17 Peravia,2020,1,val
-9.612661,-2.1990004,8.425061,0.40975025,17 Peravia,2020,2,val
-8.666556,-3.1980455,8.852056,1.3537939,17 Peravia,2020,3,val
-6.735704,-5.058344,10.627832,2.423695,17 Peravia,2020,4,val
-3.2741225,-10.500612,2.775433,2.6833286,17 Peravia,2020,5,val
-3.6718082,-9.9386635,2.1687875,0.94769907,17 Peravia,2020,6,val
-4.714453,-9.041502,1.0926467,0.1693588,17 Peravia,2020,7,val
-3.031502,-10.799586,-0.15321079,-0.36684155,17 Peravia,2020,8,val
-5.07934,-11.6943865,0.007252373,-1.8999132,17 Peravia,2020,9,val
-3.8381019,-11.003854,-0.63073856,-3.148048,17 Peravia,2020,10,val
-5.768975,-11.462708,-1.0274503,-4.969403,17 Peravia,2020,11,val
-8.33002,-10.45374,-1.2629483,-6.4480476,17 Peravia,2020,12,val
-3.139402,-11.593048,-3.1149528,-7.520613,17 Peravia,2020,13,val
-6.1228037,-11.366224,-4.5349097,-9.616875,17 Peravia,2020,14,val
-1.41414,-9.792948,-4.1920652,-8.960779,17 Peravia,2020,15,val
-3.2547445,-8.0390215,-3.471526,-8.90581,17 Peravia,2020,16,val
-1.8098717,-8.992532,-3.3648815,-10.080886,17 Peravia,2020,17,val
-1.7400825,-7.9604445,-2.789566,-9.769417,17 Peravia,2020,18,val
-0.10584542,-6.714637,-3.735591,-9.304499,17 Peravia,2020,19,val
0.37934718,-6.7872276,-3.6117327,-9.71613,17 Peravia,2020,20,val
0.2960591,-5.9401755,-2.1764774,-11.31512,17 Peravia,2020,21,val
1.1140227,-5.880444,-1.7281212,-11.963916,17 Peravia,2020,22,val
-0.13748848,-5.3302226,0.8738623,-13.949059,17 Peravia,2020,23,val
1.6547256,-5.6023865,1.3976271,-14.638324,17 Peravia,2020,24,val
1.3939142,-4.6497865,1.9146211,-14.790746,17 Peravia,2020,25,val
1.1500232,-3.7706647,2.5060172,-15.183166,17 Peravia,2020,26,val
-1.6007072,-0.61324877,7.651226,-14.987217,17 Peravia,2020,27,val
-5.5730925,13.305076,-0.8624851,-3.8562253,17 Peravia,2020,28,val
-7.2557564,14.573739,-0.016608398,-2.7921028,17 Peravia,2020,29,val
-4.899407,12.336002,-1.0160184,-3.670165,17 Peravia,2020,30,val
-9.975969,12.34379,11.171059,0.43793225,17 Peravia,2020,31,val
-4.837835,13.641555,-1.6110532,-0.6723086,17 Peravia,2020,32,val
-4.4397845,12.468733,-2.1886628,-2.3750412,17 Peravia,2020,33,val
-7.768862,13.401647,10.886471,3.337449,17 Peravia,2020,34,val
2.0592325,12.093377,-3.4598322,1.0220499,17 Peravia,2020,35,val
1.7488637,11.878965,-1.6381258,4.3967643,17 Peravia,2020,36,val
2.8370104,12.067495,-2.6755962,3.1454678,17 Peravia,2020,37,val
3.6120415,11.9715185,-3.0473921,4.118155,17 Peravia,2020,38,val
4.9712715,10.636839,-2.805708,3.7245622,17 Peravia,2020,39,val
2.8403962,10.065025,-0.6606661,7.5013523,17 Peravia,2020,40,val
4.7435865,8.593107,-0.15796395,8.039204,17 Peravia,2020,41,val
4.403961,7.3024616,0.52219737,7.289394,17 Peravia,2020,42,val
5.5882,6.812869,1.2197721,8.836393,17 Peravia,2020,43,val
4.0259857,5.1669745,1.7334994,7.4892726,17 Peravia,2020,44,val
8.931429,-1.3609138,-5.386418,9.202317,17 Peravia,2020,45,val
8.021928,-1.2642428,-3.6475058,9.290453,17 Peravia,2020,46,val
2.2446797,3.8436217,4.197627,10.955596,17 Peravia,2020,47,val
5.8549066,1.061318,1.7103488,11.777956,17 Peravia,2020,48,val
-1.0783205,-4.648875,3.461957,10.332597,17 Peravia,2020,49,val
-2.088612,-3.781813,4.870459,10.677753,17 Peravia,2020,50,val
-1.4742153,-4.621418,3.8083427,9.8455305,17 Peravia,2020,51,val
-10.843417,-0.6850325,7.7966475,5.633703,17 Peravia,2020,52,val
-12.791556,-1.5468352,7.6030836,5.864048,17 Peravia,2021,1,val
-10.709863,-2.0551805,6.988705,6.142374,17 Peravia,2021,2,val
-11.7367525,-2.6438239,6.2780237,5.261464,17 Peravia,2021,3,val
-14.808694,-3.7795796,5.7532754,4.774678,17 Peravia,2021,4,val
-6.1984615,-7.6430683,-0.82576555,7.147163,17 Peravia,2021,5,val
-6.801774,-7.579122,-1.1147964,5.3430963,17 Peravia,2021,6,val
-7.565746,-7.9195933,-2.0383742,4.6962647,17 Peravia,2021,7,val
-8.102308,-7.491682,-2.5548456,3.2228029,17 Peravia,2021,8,val
-8.642354,-9.094833,-5.815609,3.4506674,17 Peravia,2021,9,val
-9.36904,-9.27588,-4.99189,1.9738024,17 Peravia,2021,10,val
-10.076929,-9.389941,-5.4999804,0.14635906,17 Peravia,2021,11,val
-5.3911943,-7.9714417,-7.3901906,-0.039899748,17 Peravia,2021,12,val
-4.624916,-7.4684916,-9.261964,-1.8191011,17 Peravia,2021,13,val
-5.818894,-8.274671,-8.560645,-2.6860716,17 Peravia,2021,14,val
-8.7388935,-7.9715285,-9.225495,-7.1112223,17 Peravia,2021,15,val
-4.194769,-6.242187,-7.849142,-6.210874,17 Peravia,2021,16,val
-5.755867,-1.3133771,-11.427874,-1.8655655,17 Peravia,2021,17,val
-5.861192,-0.1429554,-10.549373,-2.8141487,17 Peravia,2021,18,val
-3.793632,-0.43301272,-11.2219095,-2.0483649,17 Peravia,2021,19,val
-4.05851,1.132267,-9.940924,-2.887519,17 Peravia,2021,20,val
-3.9283733,2.7303855,-8.720689,-3.5660944,17 Peravia,2021,21,val
-3.063301,3.0321815,-8.050741,-3.5121942,17 Peravia,2021,22,val
-2.0632179,3.9021318,-8.408533,-3.8922474,17 Peravia,2021,23,val
-2.0543642,5.962554,-7.9859867,-3.5677667,17 Peravia,2021,24,val
-0.6288472,5.836893,-7.262432,-3.3725126,17 Peravia,2021,25,val
4.2339296,0.32656953,-7.1264944,-1.4417217,17 Peravia,2021,26,val
-4.417702,12.108121,-0.046912372,-2.4946651,17 Peravia,2021,27,val
-5.2544155,12.350211,-0.7420034,-3.3779695,17 Peravia,2021,28,val
-4.7992167,12.70471,-0.85342383,-2.557255,17 Peravia,2021,29,val
-3.9409897,12.276943,-1.3784194,-2.5763133,17 Peravia,2021,30,val
-4.6808763,12.835281,-2.164007,-3.6580296,17 Peravia,2021,31,val
-10.819391,12.788049,12.130266,0.9601681,17 Peravia,2021,32,val
-9.593013,13.0165415,12.732781,2.0793405,17 Peravia,2021,33,val
-4.2446427,12.023117,-1.1367003,-4.0743074,17 Peravia,2021,34,val
3.908605,12.038238,-2.6863785,0.25272322,17 Peravia,2021,35,val
2.422639,11.664506,-3.6752765,0.2352369,17 Peravia,2021,36,val
3.4044476,11.890034,-2.823911,3.3663442,17 Peravia,2021,37,val
3.6602092,11.255281,-2.914223,2.4295878,17 Peravia,2021,38,val
3.9492533,11.083209,-1.3527907,6.0534596,17 Peravia,2021,39,val
4.4249535,8.709764,-1.2058307,4.8450966,17 Peravia,2021,40,val
2.490951,9.817415,1.6789088,8.442306,17 Peravia,2021,41,val
4.121304,7.750293,1.3333205,7.8600574,17 Peravia,2021,42,val
5.2429347,6.3860254,1.7736557,8.082965,17 Peravia,2021,43,val
4.949824,5.3142195,2.066788,7.7779565,17 Peravia,2021,44,val
6.534238,3.6457055,1.548426,8.168882,17 Peravia,2021,45,val
6.998266,2.2673616,1.078092,7.522778,17 Peravia,2021,46,val
6.0042825,2.141713,2.4554632,9.795055,17 Peravia,2021,47,val
0.060519587,-4.085734,3.4503174,8.960957,17 Peravia,2021,48,val
-0.119927675,-4.178964,3.118391,8.448535,17 Peravia,2021,49,val
-0.33435556,-4.2500935,2.9631312,8.13006,17 Peravia,2021,50,val
-1.0027252,-4.7602944,4.593096,10.834227,17 Peravia,2021,51,val
-12.359149,-0.8982413,7.6087127,4.006237,17 Peravia,2021,52,val
-3.8495338,-0.8552294,8.960283,1.8901913,18 Puerto Plata,2015,1,train
-4.2328057,-2.3293514,8.448238,1.9339234,18 Puerto Plata,2015,2,train
-4.326484,-3.947712,8.750107,1.9784056,18 Puerto Plata,2015,3,train
-5.0725923,-5.582142,7.9412518,1.6331698,18 Puerto Plata,2015,4,train
6.15763,-9.272479,-2.334514,2.2919793,18 Puerto Plata,2015,5,train
-1.8725616,-8.112929,-0.5171432,1.6894301,18 Puerto Plata,2015,6,train
-1.8595196,-8.79548,-1.0247155,1.6346073,18 Puerto Plata,2015,7,train
4.6462326,-8.257943,-4.6749387,2.28368,18 Puerto Plata,2015,8,train
-2.7172294,-7.170196,-2.0235672,-0.18106008,18 Puerto Plata,2015,9,train
-2.168447,-7.5705934,-2.131152,-0.97061026,18 Puerto Plata,2015,10,train
-1.6755825,-7.172572,-2.719552,-1.189007,18 Puerto Plata,2015,11,train
-2.0686498,-8.949806,-3.6129024,-2.564333,18 Puerto Plata,2015,12,train
-2.9541314,-7.3268375,-2.7059703,-4.020511,18 Puerto Plata,2015,13,train
-1.0362208,-7.72024,-5.6040754,-1.9169108,18 Puerto Plata,2015,14,train
-1.6885645,-6.394517,-4.6460514,-2.5039594,18 Puerto Plata,2015,15,train
-3.003788,-5.5386443,-4.1673145,-4.100338,18 Puerto Plata,2015,16,train
-3.123499,-5.6901293,-4.0957823,-6.153181,18 Puerto Plata,2015,17,train
-4.1514883,0.39062366,-8.564988,-4.9448357,18 Puerto Plata,2015,18,train
-3.223148,0.4178347,-6.179088,-3.361318,18 Puerto Plata,2015,19,train
-1.424001,-0.30069387,-7.098848,-2.960698,18 Puerto Plata,2015,20,train
-0.58800447,-0.10920619,-7.5592337,-2.9000182,18 Puerto Plata,2015,21,train
0.27210394,0.21161757,-8.014574,-2.899378,18 Puerto Plata,2015,22,train
-1.2029475,2.574167,-6.0779247,-4.1350765,18 Puerto Plata,2015,23,train
-0.518547,2.6701684,-5.6461363,-3.8437722,18 Puerto Plata,2015,24,train
0.50742096,2.5710182,-5.689971,-3.485148,18 Puerto Plata,2015,25,train
-0.10700246,3.3725429,-4.5345626,-3.9263237,18 Puerto Plata,2015,26,train
-2.7490678,6.7782173,4.472144,-3.3578835,18 Puerto Plata,2015,27,train
-3.7371979,7.6457915,5.533224,-4.062429,18 Puerto Plata,2015,28,train
-2.8065133,6.9221926,4.7959223,-3.7482393,18 Puerto Plata,2015,29,train
-3.5308862,7.021275,3.4782786,-5.206162,18 Puerto Plata,2015,30,train
-2.980361,6.7177672,4.2294173,-4.2091804,18 Puerto Plata,2015,31,train
-3.613498,6.57265,4.8774533,-5.081152,18 Puerto Plata,2015,32,train
-3.455409,6.4038215,4.7401185,-5.0445967,18 Puerto Plata,2015,33,train
-3.8895926,6.489699,4.950664,-5.557113,18 Puerto Plata,2015,34,train
3.2989285,5.491847,3.4745166,-1.5324757,18 Puerto Plata,2015,35,train
4.707259,4.4359865,3.2442007,-3.120985,18 Puerto Plata,2015,36,train
3.8990827,4.0636587,3.7070215,-2.580969,18 Puerto Plata,2015,37,train
4.6298785,3.5300498,5.1873593,-2.81746,18 Puerto Plata,2015,38,train
5.7064705,3.2450423,5.708855,-2.8308933,18 Puerto Plata,2015,39,train
7.960824,1.1224871,6.7375646,-3.8233547,18 Puerto Plata,2015,40,train
6.0211253,0.8882828,6.3567834,-2.9968562,18 Puerto Plata,2015,41,train
5.9994273,0.46001977,6.4262385,-2.6148694,18 Puerto Plata,2015,42,train
6.0888777,1.651761,11.590598,-2.6145308,18 Puerto Plata,2015,43,train
5.361439,0.9110273,9.098028,-1.6768287,18 Puerto Plata,2015,44,train
3.4088182,1.8381047,8.799055,0.66319466,18 Puerto Plata,2015,45,train
3.257967,1.2747899,7.593281,0.6679392,18 Puerto Plata,2015,46,train
3.8789155,0.45036334,6.980251,1.4984848,18 Puerto Plata,2015,47,train
3.0984228,-3.7913682,9.1396265,1.0456351,18 Puerto Plata,2015,48,train
0.71941954,-2.409291,7.673752,1.0951011,18 Puerto Plata,2015,49,train
1.1640165,-3.3609893,6.4384294,1.5731978,18 Puerto Plata,2015,50,train
0.16052735,-2.720879,6.7495875,1.9638081,18 Puerto Plata,2015,51,train
-3.287879,0.37977868,10.447842,0.49801153,18 Puerto Plata,2015,52,train
-4.404976,-4.3317556,11.724204,-4.363138,18 Puerto Plata,2016,1,train
-4.1269813,-5.2062154,10.602018,-4.3810906,18 Puerto Plata,2016,2,train
-2.635527,-6.030158,11.0985155,-3.402681,18 Puerto Plata,2016,3,train
-3.144057,-6.675334,10.128381,-3.390113,18 Puerto Plata,2016,4,train
-0.10293409,-10.298461,4.349567,-2.6776383,18 Puerto Plata,2016,5,train
0.5288641,-10.697661,2.9576488,-2.8655927,18 Puerto Plata,2016,6,train
0.19272314,-9.974716,2.5491574,-3.0198226,18 Puerto Plata,2016,7,train
-0.68802506,-9.62643,1.9870583,-3.2999012,18 Puerto Plata,2016,8,train
0.08778818,-10.022296,0.9756697,-3.526152,18 Puerto Plata,2016,9,train
-2.7613783,-8.639148,-1.9070743,-1.0990796,18 Puerto Plata,2016,10,train
-3.0450249,-7.9198647,-1.5088091,-3.1183035,18 Puerto Plata,2016,11,train
-2.9206371,-7.3452315,-1.6971787,-4.4520755,18 Puerto Plata,2016,12,train
-2.8604803,-6.7108397,-1.7303028,-4.7524734,18 Puerto Plata,2016,13,train
-1.0833265,-8.075969,-1.0120349,-5.5964346,18 Puerto Plata,2016,14,train
-1.1809074,-8.694471,-1.4182862,-5.8081794,18 Puerto Plata,2016,15,train
0.98644704,-9.212308,-0.8126742,-5.8327503,18 Puerto Plata,2016,16,train
1.6125255,-8.693517,-1.4702162,-6.2789984,18 Puerto Plata,2016,17,train
-2.134852,-0.28909376,-9.380956,-1.5277642,18 Puerto Plata,2016,18,train
-1.04883,-0.5929231,-7.9803305,-0.62922716,18 Puerto Plata,2016,19,train
-2.0607069,1.3120918,-6.729868,-1.4293199,18 Puerto Plata,2016,20,train
-1.0151228,1.5572449,-8.62735,0.53446835,18 Puerto Plata,2016,21,train
-0.37458214,1.8548489,-7.162358,-0.27508444,18 Puerto Plata,2016,22,train
-1.8465238,4.542125,-5.912946,-1.4531009,18 Puerto Plata,2016,23,train
-1.6954998,5.204311,-5.623975,-1.7102997,18 Puerto Plata,2016,24,train
-0.0037649334,3.8836331,-5.531303,-0.6757947,18 Puerto Plata,2016,25,train
-0.20646684,5.113111,-5.142931,-0.7880469,18 Puerto Plata,2016,26,train
-2.9860716,8.378735,1.5840639,-1.6065272,18 Puerto Plata,2016,27,train
-2.9987757,8.727986,1.6880419,-1.3730341,18 Puerto Plata,2016,28,train
-3.1490836,8.857528,1.6849141,-1.3131588,18 Puerto Plata,2016,29,train
-2.617329,8.604771,2.5312302,-0.43796703,18 Puerto Plata,2016,30,train
-2.7777612,8.577457,2.2383225,-0.73447794,18 Puerto Plata,2016,31,train
-3.1295538,9.399898,0.65032226,-0.8075197,18 Puerto Plata,2016,32,train
-3.317997,9.75591,0.28003624,-1.4293581,18 Puerto Plata,2016,33,train
-3.43375,10.054682,4.685215,2.5976632,18 Puerto Plata,2016,34,train
0.83725005,8.288911,-0.40829727,1.0042233,18 Puerto Plata,2016,35,train
0.6881599,8.340133,-0.3404254,1.4916773,18 Puerto Plata,2016,36,train
0.79981315,8.44542,-0.4150721,1.148613,18 Puerto Plata,2016,37,train
1.3019584,8.443717,-0.6420566,1.6110048,18 Puerto Plata,2016,38,train
0.9528444,7.3098764,0.5749254,2.1914966,18 Puerto Plata,2016,39,train
2.452812,6.597917,1.452092,3.8206956,18 Puerto Plata,2016,40,train
1.7758108,7.022025,2.9589994,4.835582,18 Puerto Plata,2016,41,train
-0.1977731,8.880086,5.090712,7.445746,18 Puerto Plata,2016,42,train
-0.52982014,7.5116267,5.09384,7.341251,18 Puerto Plata,2016,43,train
-0.84532875,5.9575605,5.7320786,6.9108963,18 Puerto Plata,2016,44,train
5.372516,-2.3714266,-7.626676,7.418801,18 Puerto Plata,2016,45,train
-1.4562185,4.990909,6.2007203,8.222495,18 Puerto Plata,2016,46,train
-1.1878678,3.1118176,5.26403,7.5559855,18 Puerto Plata,2016,47,train
-2.5593805,-1.1463964,5.943138,7.675503,18 Puerto Plata,2016,48,train
-2.2402809,-1.4295294,5.833241,6.883329,18 Puerto Plata,2016,49,train
-2.5100892,-1.0240656,6.1953144,6.841324,18 Puerto Plata,2016,50,train
-2.8122706,-0.5903469,6.3398304,7.430687,18 Puerto Plata,2016,51,train
-5.8527727,0.16537511,8.289978,6.395383,18 Puerto Plata,2016,52,train
-7.3662086,-1.2431636,7.3306766,5.5795326,18 Puerto Plata,2017,1,train
-8.69967,6.4966497,15.476835,8.056504,18 Puerto Plata,2017,2,train
-8.015365,-3.05049,6.145566,8.016847,18 Puerto Plata,2017,3,train
-8.164511,-4.081532,5.2953286,6.474007,18 Puerto Plata,2017,4,train
-2.8007903,-6.2999825,-1.4213958,4.3592105,18 Puerto Plata,2017,5,train
-3.223737,-6.959658,-1.9722053,4.7707424,18 Puerto Plata,2017,6,train
-3.2252276,-7.751225,-2.9899824,4.4589543,18 Puerto Plata,2017,7,train
-5.457445,-7.755958,-2.688265,3.7500525,18 Puerto Plata,2017,8,train
-3.302868,-6.702844,-4.559986,2.6172986,18 Puerto Plata,2017,9,train
-2.685603,-7.269013,-6.6059027,2.2092245,18 Puerto Plata,2017,10,train
-3.2853844,-7.2750087,-6.5766287,0.43967658,18 Puerto Plata,2017,11,train
5.43335,-10.710487,-11.731206,1.83526,18 Puerto Plata,2017,12,train
-2.88811,-7.373025,-8.492983,-1.1974957,18 Puerto Plata,2017,13,train
-0.99626833,-7.3052225,-5.59686,-3.5753045,18 Puerto Plata,2017,14,train
-0.67589605,-7.8125224,-6.57854,-2.8942225,18 Puerto Plata,2017,15,train
0.54390854,-6.901676,-5.4740067,-3.3020225,18 Puerto Plata,2017,16,train
1.9712876,-7.028938,-5.122743,-5.9860044,18 Puerto Plata,2017,17,train
1.3216134,-6.547794,-5.041508,-5.4776587,18 Puerto Plata,2017,18,train
1.3032745,-6.688444,-5.167199,-6.0166264,18 Puerto Plata,2017,19,train
-0.67196304,-0.35136095,-8.660802,0.64323807,18 Puerto Plata,2017,20,train
-2.8557284,2.769035,-7.669183,-0.90399045,18 Puerto Plata,2017,21,train
-1.2867856,2.3632693,-7.9640265,0.19233407,18 Puerto Plata,2017,22,train
-1.7527404,4.1736493,-6.6946034,-1.9972248,18 Puerto Plata,2017,23,train
-0.36313447,3.6071165,-6.362242,-1.3036705,18 Puerto Plata,2017,24,train
0.39905268,3.302877,-5.775954,-1.1167433,18 Puerto Plata,2017,25,train
0.7702362,3.5079427,-6.029827,-0.8326801,18 Puerto Plata,2017,26,train
-2.9236705,8.742053,2.7838368,0.6306988,18 Puerto Plata,2017,27,train
-3.3824317,10.453091,4.271169,2.6747522,18 Puerto Plata,2017,28,train
-3.133041,8.994588,1.689702,-0.05736179,18 Puerto Plata,2017,29,train
-2.9106035,9.495073,1.5230453,-0.17424934,18 Puerto Plata,2017,30,train
-2.7659223,8.764085,2.2744765,0.33409333,18 Puerto Plata,2017,31,train
-3.2817113,9.733452,2.489167,0.7169245,18 Puerto Plata,2017,32,train
-3.3876822,9.370248,3.2338216,0.98499674,18 Puerto Plata,2017,33,train
-2.7741063,9.478217,3.1007934,0.6248131,18 Puerto Plata,2017,34,train
1.0287079,8.625292,-0.023541745,1.649866,18 Puerto Plata,2017,35,train
7.2702956,2.0821755,-7.2503448,2.7945194,18 Puerto Plata,2017,36,train
1.6783781,9.193619,1.7460163,3.2606425,18 Puerto Plata,2017,37,train
7.7374544,1.3270246,-7.857759,3.2199426,18 Puerto Plata,2017,38,train
1.8346092,7.8393345,1.6439536,2.6811557,18 Puerto Plata,2017,39,train
1.0280674,7.8288507,3.328849,4.0241623,18 Puerto Plata,2017,40,train
1.2638527,7.871932,3.4781122,5.595051,18 Puerto Plata,2017,41,train
2.2018638,5.5695977,2.30225,4.529458,18 Puerto Plata,2017,42,train
2.1224794,5.563665,3.3049378,5.5159082,18 Puerto Plata,2017,43,train
0.56017494,5.923763,5.1372833,6.276971,18 Puerto Plata,2017,44,train
6.4414897,-1.9061534,-5.242912,6.9098473,18 Puerto Plata,2017,45,train
4.7708225,-1.5127808,-6.2827454,8.431675,18 Puerto Plata,2017,46,train
0.71823806,3.9879968,4.497467,8.185252,18 Puerto Plata,2017,47,train
0.66037595,3.2009897,4.1850686,9.097683,18 Puerto Plata,2017,48,train
-0.75641125,2.3204145,3.9174955,8.844171,18 Puerto Plata,2017,49,train
-0.3037021,2.2394965,4.032323,9.179913,18 Puerto Plata,2017,50,train
-2.5398982,2.9870045,4.3164034,10.174288,18 Puerto Plata,2017,51,train
-7.1415305,5.326724,5.2573833,9.7008915,18 Puerto Plata,2017,52,train
-8.538359,10.522871,15.546473,8.659067,18 Puerto Plata,2018,1,train
-6.955124,4.7952075,4.790872,8.980713,18 Puerto Plata,2018,2,train
-7.119916,5.3159056,5.0625906,10.5472,18 Puerto Plata,2018,3,train
-8.553383,9.565234,14.002569,8.121107,18 Puerto Plata,2018,4,train
-3.1455126,-6.0439034,-1.5636177,4.9661617,18 Puerto Plata,2018,5,train
-2.5758123,-5.5172086,-3.3850498,4.3203487,18 Puerto Plata,2018,6,train
3.1089435,-7.5295024,-6.2839317,4.0945053,18 Puerto Plata,2018,7,train
-3.0037773,-5.913329,-4.8188667,4.227143,18 Puerto Plata,2018,8,train
-5.2817492,-7.3121185,-5.54741,4.069386,18 Puerto Plata,2018,9,train
-7.033562,-7.9772954,-6.6285863,1.5813291,18 Puerto Plata,2018,10,train
-5.3846803,-7.5093303,-7.3851075,0.2594366,18 Puerto Plata,2018,11,train
-2.6678643,-7.5235434,-8.671612,-0.091695435,18 Puerto Plata,2018,12,train
-2.656039,-7.803644,-9.4231615,0.09193489,18 Puerto Plata,2018,13,train
-0.8356361,-7.333002,-8.67606,-2.1471512,18 Puerto Plata,2018,14,train
-1.796708,-5.8405714,-6.981614,-2.8369033,18 Puerto Plata,2018,15,train
-2.1383677,-5.384992,-6.8434024,-3.3858864,18 Puerto Plata,2018,16,train
-2.8620188,-4.874511,-6.783916,-4.593896,18 Puerto Plata,2018,17,train
-0.9073714,-5.1932173,-7.073708,-3.629617,18 Puerto Plata,2018,18,train
-1.7809341,-3.807502,-6.06079,-4.9911504,18 Puerto Plata,2018,19,train
-1.2916466,-3.4211497,-5.4411936,-4.438368,18 Puerto Plata,2018,20,train
-1.416636,-3.0312004,-5.6822505,-5.800567,18 Puerto Plata,2018,21,train
-0.8207781,-2.6768537,-5.526965,-6.145477,18 Puerto Plata,2018,22,train
-1.1397809,-1.9115186,-4.8868103,-7.158724,18 Puerto Plata,2018,23,train
-0.5691641,-1.5883358,-4.478232,-7.417229,18 Puerto Plata,2018,24,train
1.1588472,1.0085906,-6.281913,-5.0883274,18 Puerto Plata,2018,25,train
0.7757001,1.7694724,-5.7106843,-4.960054,18 Puerto Plata,2018,26,train
-3.8030634,9.361939,4.792175,-2.2041655,18 Puerto Plata,2018,27,train
-3.8881242,9.22954,5.465925,-1.7187911,18 Puerto Plata,2018,28,train
-2.5652356,8.619931,4.0609713,-1.8319594,18 Puerto Plata,2018,29,train
-3.2857087,8.6907015,3.217341,-2.7849746,18 Puerto Plata,2018,30,train
-2.7698102,8.6247835,3.518559,-2.3497057,18 Puerto Plata,2018,31,train
-2.7224386,8.698511,4.247039,-2.540967,18 Puerto Plata,2018,32,train
-2.1929314,8.732614,6.034254,-1.0969907,18 Puerto Plata,2018,33,train
-3.0570288,8.517912,4.261671,-2.6902907,18 Puerto Plata,2018,34,train
2.105371,7.156962,3.0190837,0.30412012,18 Puerto Plata,2018,35,train
3.3757837,7.823175,3.7271786,0.51090366,18 Puerto Plata,2018,36,train
3.4853866,7.1765685,2.9048445,0.1924186,18 Puerto Plata,2018,37,train
4.3987217,7.057479,2.4911475,0.39031798,18 Puerto Plata,2018,38,train
2.5878518,6.5481534,3.8387802,0.6045557,18 Puerto Plata,2018,39,train
2.0722308,7.464951,6.3265815,2.880381,18 Puerto Plata,2018,40,train
2.4561613,6.5045333,5.6996937,2.9483562,18 Puerto Plata,2018,41,train
1.3266174,6.1504707,6.7596803,3.2647545,18 Puerto Plata,2018,42,train
3.306552,5.285566,5.3660264,3.5487306,18 Puerto Plata,2018,43,train
2.2713563,4.702841,6.280437,3.98195,18 Puerto Plata,2018,44,train
1.4768547,4.6618633,7.4298334,4.3084726,18 Puerto Plata,2018,45,train
1.0183398,3.845099,6.976207,4.0884004,18 Puerto Plata,2018,46,train
3.5060117,2.1233137,5.4892387,4.78068,18 Puerto Plata,2018,47,train
2.052111,2.902395,7.233364,5.1899104,18 Puerto Plata,2018,48,train
2.1879544,1.6993726,5.8668203,5.032684,18 Puerto Plata,2018,49,train
0.23751472,-3.3077679,5.209947,5.1871114,18 Puerto Plata,2018,50,train
0.3007412,-3.6257536,5.8171415,5.7266808,18 Puerto Plata,2018,51,train
-5.1877093,-0.20652401,8.454472,3.238419,18 Puerto Plata,2018,52,train
-6.4890304,-1.5412974,8.158783,2.173925,18 Puerto Plata,2019,1,train
-6.658063,-3.2615244,9.332168,3.3045623,18 Puerto Plata,2019,2,train
-8.341662,-4.9265556,7.953816,2.355606,18 Puerto Plata,2019,3,train
-7.3125877,-4.369724,6.464495,1.8138483,18 Puerto Plata,2019,4,train
-3.354742,-8.062228,1.2147083,2.1636002,18 Puerto Plata,2019,5,train
-1.3325131,-9.823739,1.219599,0.48763737,18 Puerto Plata,2019,6,train
-1.6652783,-9.872178,1.0030806,-0.17741935,18 Puerto Plata,2019,7,train
-3.1336544,-7.831455,0.19471434,-1.2257583,18 Puerto Plata,2019,8,train
-2.750605,-8.372004,-0.21416907,-1.5381573,18 Puerto Plata,2019,9,train
-3.7713952,-8.057147,-2.1715107,-0.884258,18 Puerto Plata,2019,10,train
-3.8761911,-8.532661,-3.2374384,-1.3047148,18 Puerto Plata,2019,11,train
-4.134299,-9.281106,-3.926455,-2.777946,18 Puerto Plata,2019,12,train
-0.6671323,-9.028416,-5.218027,-2.4127266,18 Puerto Plata,2019,13,train
-1.7264675,-6.9424148,-5.5699935,-2.3774412,18 Puerto Plata,2019,14,train
-3.4079082,-6.2178917,-4.661278,-3.9016728,18 Puerto Plata,2019,15,train
-3.8013613,-5.5726914,-4.475454,-4.3595524,18 Puerto Plata,2019,16,train
-2.8072083,-6.087496,-5.21044,-4.54461,18 Puerto Plata,2019,17,train
-2.532396,-1.8355153,-8.167734,-1.8879648,18 Puerto Plata,2019,18,train
-2.09125,-0.5765917,-8.272407,-2.4627125,18 Puerto Plata,2019,19,train
-2.0161326,1.0461514,-8.294674,-2.8941054,18 Puerto Plata,2019,20,train
-0.12905054,-0.2088055,-8.812905,-1.8463024,18 Puerto Plata,2019,21,train
0.20623188,0.11370544,-8.089907,-2.281978,18 Puerto Plata,2019,22,train
0.007069029,2.2573724,-7.756732,-2.175662,18 Puerto Plata,2019,23,train
-1.00677,3.7351165,-5.8496637,-3.0522678,18 Puerto Plata,2019,24,train
-1.0492349,4.9070616,-5.4515324,-3.5070665,18 Puerto Plata,2019,25,train
0.75154734,3.7880158,-5.520177,-2.651735,18 Puerto Plata,2019,26,train
-1.9660847,7.095162,4.300197,-4.499416,18 Puerto Plata,2019,27,train
-1.679948,6.5226393,4.1703634,-5.5931764,18 Puerto Plata,2019,28,train
-0.685674,5.9810915,5.1751146,-5.5614176,18 Puerto Plata,2019,29,train
-0.52233785,5.8906283,4.2711635,-6.861595,18 Puerto Plata,2019,30,train
-0.46959424,5.96124,6.000121,-6.0065565,18 Puerto Plata,2019,31,train
-0.41443172,5.961916,4.042713,-7.7979374,18 Puerto Plata,2019,32,train
-0.5893648,5.970864,4.26295,-7.8062167,18 Puerto Plata,2019,33,train
-0.4703572,5.861015,4.602857,-7.6395106,18 Puerto Plata,2019,34,train
4.2347016,5.9885936,2.0523925,-4.9072313,18 Puerto Plata,2019,35,train
4.5864687,4.7708416,2.9770508,-3.7501154,18 Puerto Plata,2019,36,train
4.4216413,5.3076344,5.3690553,-2.4996424,18 Puerto Plata,2019,37,train
4.296559,5.586563,6.385987,-1.5073123,18 Puerto Plata,2019,38,train
3.8258207,7.322966,8.6561365,-0.030559534,18 Puerto Plata,2019,39,train
3.6247416,6.750503,7.4968038,1.2017754,18 Puerto Plata,2019,40,train
3.8457549,4.0991235,4.6182313,0.84578454,18 Puerto Plata,2019,41,train
4.499208,4.0902953,5.157347,1.360779,18 Puerto Plata,2019,42,train
3.064763,4.1550164,6.880893,1.7973901,18 Puerto Plata,2019,43,train
2.562466,3.688177,7.3394446,2.0799387,18 Puerto Plata,2019,44,train
4.0215707,2.4468653,6.000008,2.159278,18 Puerto Plata,2019,45,train
3.2905197,3.0981143,8.234936,3.0583253,18 Puerto Plata,2019,46,train
4.725444,1.2517037,8.145583,3.6123254,18 Puerto Plata,2019,47,train
4.170157,1.509493,8.386711,3.7996762,18 Puerto Plata,2019,48,train
1.1865181,-2.1829255,10.278299,2.637025,18 Puerto Plata,2019,49,train
0.49763307,-2.3327842,8.570042,2.5544999,18 Puerto Plata,2019,50,train
0.6409076,-3.1622145,6.8356643,2.567661,18 Puerto Plata,2019,51,train
-4.8826013,-0.49854422,11.59793,1.112858,18 Puerto Plata,2019,52,train
-4.7789583,-0.98876643,10.576824,2.216902,18 Puerto Plata,2020,1,val
-4.223645,-0.6974553,9.891769,2.3138528,18 Puerto Plata,2020,2,val
-4.3215117,-1.3614689,9.442111,2.5813947,18 Puerto Plata,2020,3,val
-4.836245,-3.549623,9.776945,2.621955,18 Puerto Plata,2020,4,val
-2.0832036,-9.019845,1.7261509,1.737833,18 Puerto Plata,2020,5,val
-1.0973935,-7.9234653,0.17902674,0.10776122,18 Puerto Plata,2020,6,val
-1.3962785,-7.217592,-0.8389886,-0.07207941,18 Puerto Plata,2020,7,val
-1.2646465,-8.2506895,-1.3325243,-0.33350095,18 Puerto Plata,2020,8,val
5.0241585,-8.859159,-4.488124,1.0617864,18 Puerto Plata,2020,9,val
6.3573956,-9.880023,-5.8891687,0.1839654,18 Puerto Plata,2020,10,val
-0.31445324,-9.347533,-3.8541684,-2.1959639,18 Puerto Plata,2020,11,val
-1.0690168,-9.040232,-4.0032296,-2.216196,18 Puerto Plata,2020,12,val
-0.70870316,-9.145774,-4.184571,-3.137503,18 Puerto Plata,2020,13,val
-0.61267346,-8.992177,-5.3943095,-4.0217505,18 Puerto Plata,2020,14,val
0.1409135,-8.255294,-5.113672,-4.708031,18 Puerto Plata,2020,15,val
-0.54249305,-6.6852546,-4.1820316,-4.646882,18 Puerto Plata,2020,16,val
-1.447956,-6.1868224,-2.9085972,-6.1448703,18 Puerto Plata,2020,17,val
-1.2019383,-6.0077343,-2.7365754,-6.4602447,18 Puerto Plata,2020,18,val
-1.4522388,-5.0900383,-2.5443826,-7.758931,18 Puerto Plata,2020,19,val
-3.2675488,1.5984961,-7.4076157,-1.1937472,18 Puerto Plata,2020,20,val
-1.0592233,1.5501864,-7.518767,-0.47519675,18 Puerto Plata,2020,21,val
-2.9220695,3.9439125,-8.10677,-0.0631601,18 Puerto Plata,2020,22,val
-1.9637898,4.119247,-6.4283004,-1.5611662,18 Puerto Plata,2020,23,val
-0.79858994,4.75469,-7.4487753,-0.50788194,18 Puerto Plata,2020,24,val
-0.5727097,4.7123156,-5.6480865,-1.339803,18 Puerto Plata,2020,25,val
-0.10368827,5.386011,-5.5843883,-0.7896034,18 Puerto Plata,2020,26,val
-3.4551742,9.632649,1.5238931,-0.30337667,18 Puerto Plata,2020,27,val
-4.2081428,9.763702,0.33640066,-1.4605216,18 Puerto Plata,2020,28,val
-3.2096183,9.389207,1.1066993,-0.449681,18 Puerto Plata,2020,29,val
-3.1817095,9.0637045,1.9058474,0.22853003,18 Puerto Plata,2020,30,val
-7.252502,10.734308,11.050976,2.3626614,18 Puerto Plata,2020,31,val
-3.3525555,10.008966,0.5075603,0.55600214,18 Puerto Plata,2020,32,val
-3.0198565,9.803355,1.9047014,1.4140698,18 Puerto Plata,2020,33,val
-3.9383109,10.101037,3.404029,3.263153,18 Puerto Plata,2020,34,val
0.37314048,9.35619,-0.4470585,2.5686374,18 Puerto Plata,2020,35,val
-0.08849077,9.551714,-0.28693962,4.415646,18 Puerto Plata,2020,36,val
0.67341995,9.0747385,-0.3713209,3.0169156,18 Puerto Plata,2020,37,val
0.9458296,9.11567,-0.049071297,3.300484,18 Puerto Plata,2020,38,val
1.7038182,8.676285,-0.074873984,3.6968699,18 Puerto Plata,2020,39,val
0.9800248,7.0155907,0.4528531,4.3035297,18 Puerto Plata,2020,40,val
1.5626712,6.686037,0.9211728,5.3950233,18 Puerto Plata,2020,41,val
0.9336239,6.5751987,1.9907624,5.3986754,18 Puerto Plata,2020,42,val
3.8380358,5.229741,0.27090582,6.675018,18 Puerto Plata,2020,43,val
0.57461494,4.523764,2.2120726,5.9584765,18 Puerto Plata,2020,44,val
-0.365206,4.884114,3.1778371,7.6116414,18 Puerto Plata,2020,45,val
-0.8303565,4.0174003,3.4268105,7.8851285,18 Puerto Plata,2020,46,val
-1.9556869,4.6344624,4.8575525,9.450768,18 Puerto Plata,2020,47,val
-1.5287228,2.7917545,3.6986866,9.731866,18 Puerto Plata,2020,48,val
-0.66770107,1.3474472,1.9043083,10.021164,18 Puerto Plata,2020,49,val
3.3554668,-6.1022916,-4.210776,7.643211,18 Puerto Plata,2020,50,val
-3.8329642,-1.2520199,5.2468762,9.999037,18 Puerto Plata,2020,51,val
-7.2780504,0.9651419,7.6707172,8.630494,18 Puerto Plata,2020,52,val
-9.256374,-0.8742927,6.3747206,8.366802,18 Puerto Plata,2021,1,val
-9.110916,-1.2468535,5.6782584,6.9086547,18 Puerto Plata,2021,2,val
-7.4976897,-0.4604314,6.176756,8.255468,18 Puerto Plata,2021,3,val
-8.87044,-0.88832605,4.8667564,8.979464,18 Puerto Plata,2021,4,val
2.6232452,-7.4725003,-6.8109636,5.3047667,18 Puerto Plata,2021,5,val
-4.2950206,-5.14109,-2.3231373,4.45922,18 Puerto Plata,2021,6,val
-4.189968,-5.365905,-3.4038792,4.1928806,18 Puerto Plata,2021,7,val
-4.653217,-5.684971,-4.983257,3.7843914,18 Puerto Plata,2021,8,val
-5.8114295,-6.789517,-6.508214,3.5705924,18 Puerto Plata,2021,9,val
3.9801273,-9.472348,-10.237,3.1465883,18 Puerto Plata,2021,10,val
-4.1635523,-6.3294926,-6.2339854,1.3601124,18 Puerto Plata,2021,11,val
-2.1217887,-6.308542,-7.5292687,0.77497894,18 Puerto Plata,2021,12,val
-3.2110436,-6.3149257,-8.325733,-0.13086043,18 Puerto Plata,2021,13,val
4.0326657,-8.815978,-9.715368,0.65629846,18 Puerto Plata,2021,14,val
-3.7788942,-6.771394,-9.537645,-1.6784331,18 Puerto Plata,2021,15,val
-5.7775345,-5.127852,-6.953849,-3.7661562,18 Puerto Plata,2021,16,val
-0.90421945,-5.7678657,-7.820212,-2.6994352,18 Puerto Plata,2021,17,val
-1.7967598,-4.7056923,-6.359504,-3.810059,18 Puerto Plata,2021,18,val
-0.9958236,-4.514604,-5.634993,-4.711178,18 Puerto Plata,2021,19,val
-1.546149,-1.4644345,-10.20298,0.7834865,18 Puerto Plata,2021,20,val
-0.52153325,-0.90352273,-8.520751,-0.7864066,18 Puerto Plata,2021,21,val
-0.20025969,-0.6147748,-7.0860944,-1.0168662,18 Puerto Plata,2021,22,val
-0.26047215,0.7121989,-7.461529,-1.0006337,18 Puerto Plata,2021,23,val
-0.35918278,2.559069,-5.942214,-1.7311141,18 Puerto Plata,2021,24,val
0.5721067,2.0789554,-6.4767933,-1.0885264,18 Puerto Plata,2021,25,val
-0.3059975,4.58375,-5.353464,-1.8272086,18 Puerto Plata,2021,26,val
-3.4121969,8.728669,2.4623828,0.573791,18 Puerto Plata,2021,27,val
-3.3770566,8.899976,2.6585507,1.0999029,18 Puerto Plata,2021,28,val
-3.1640837,9.3745165,2.5349123,1.1658438,18 Puerto Plata,2021,29,val
-3.3932934,9.4102745,1.5148188,0.638338,18 Puerto Plata,2021,30,val
-3.1005175,9.444362,1.452996,0.32369873,18 Puerto Plata,2021,31,val
-8.726801,11.561952,12.124149,2.5145144,18 Puerto Plata,2021,32,val
-3.3198156,9.343029,3.9109926,1.2168697,18 Puerto Plata,2021,33,val
-3.4027069,9.61431,2.7123523,0.0054397695,18 Puerto Plata,2021,34,val
1.7844098,9.361302,-1.1218271,0.9152279,18 Puerto Plata,2021,35,val
0.7766282,9.370915,-1.4433407,2.0949073,18 Puerto Plata,2021,36,val
0.33896732,9.698716,-0.55450386,4.912691,18 Puerto Plata,2021,37,val
0.16773817,10.132803,0.8588403,5.3749757,18 Puerto Plata,2021,38,val
2.2839594,9.306619,-0.8036213,6.1419272,18 Puerto Plata,2021,39,val
1.4815857,7.1468253,0.6563675,4.3872895,18 Puerto Plata,2021,40,val
-0.19547343,8.752012,2.7113245,7.191793,18 Puerto Plata,2021,41,val
2.463076,5.9386654,0.9564642,5.639287,18 Puerto Plata,2021,42,val
4.080935,5.012905,0.67789984,6.514813,18 Puerto Plata,2021,43,val
3.1759868,4.540625,1.3013422,6.3109202,18 Puerto Plata,2021,44,val
3.5091956,3.7673366,1.7953285,6.9836273,18 Puerto Plata,2021,45,val
1.6254146,2.8092947,2.9551103,6.221302,18 Puerto Plata,2021,46,val
0.9826597,3.0249808,2.0317888,10.241822,18 Puerto Plata,2021,47,val
-0.40289265,2.7955918,4.0914397,8.400076,18 Puerto Plata,2021,48,val
-2.6295998,-1.4769047,4.9081993,7.5717516,18 Puerto Plata,2021,49,val
-2.619557,-1.6459749,4.620018,7.6130624,18 Puerto Plata,2021,50,val
-2.8013947,-2.373854,4.7839704,9.202119,18 Puerto Plata,2021,51,val
-8.349923,-0.051864017,6.5710387,5.6252346,18 Puerto Plata,2021,52,val
-7.9082456,-4.416257,16.143414,3.8879223,19 Hermanas Mirabal,2015,1,train
-9.323906,-6.688044,15.585075,3.8125439,19 Hermanas Mirabal,2015,2,train
-8.455609,-7.69748,14.075081,3.393435,19 Hermanas Mirabal,2015,3,train
-10.217113,-10.12863,13.820921,2.6872869,19 Hermanas Mirabal,2015,4,train
8.406527,-13.251009,-2.8886836,3.1691217,19 Hermanas Mirabal,2015,5,train
-3.4412162,-14.644766,1.4707812,4.3842134,19 Hermanas Mirabal,2015,6,train
-3.1888006,-14.753825,0.18733864,3.6128654,19 Hermanas Mirabal,2015,7,train
7.3545613,-13.013234,-6.180821,3.31173,19 Hermanas Mirabal,2015,8,train
-4.990421,-15.59201,-3.0680017,0.7534803,19 Hermanas Mirabal,2015,9,train
-4.459544,-16.787415,-2.867663,-0.5650987,19 Hermanas Mirabal,2015,10,train
-3.6448646,-16.178062,-4.060742,-1.5146227,19 Hermanas Mirabal,2015,11,train
-5.2687097,-16.34654,-4.5603204,-4.8779798,19 Hermanas Mirabal,2015,12,train
-6.872642,-15.160004,-4.356696,-8.4619,19 Hermanas Mirabal,2015,13,train
-2.8518202,-13.88264,-7.818326,-3.4298503,19 Hermanas Mirabal,2015,14,train
-3.5604339,-12.993052,-7.766847,-4.953802,19 Hermanas Mirabal,2015,15,train
-7.140962,-13.014049,-7.4734344,-10.2121105,19 Hermanas Mirabal,2015,16,train
-9.241918,0.71228194,-15.731896,-9.060644,19 Hermanas Mirabal,2015,17,train
-11.340996,3.0543575,-14.976036,-11.676164,19 Hermanas Mirabal,2015,18,train
-8.579333,3.5927565,-14.805895,-8.293773,19 Hermanas Mirabal,2015,19,train
-5.194468,2.6583934,-14.91132,-6.317812,19 Hermanas Mirabal,2015,20,train
-1.7404127,2.227347,-13.827366,-4.830134,19 Hermanas Mirabal,2015,21,train
-0.5881352,2.6663072,-13.867647,-4.5574956,19 Hermanas Mirabal,2015,22,train
-1.7922581,5.5396953,-12.013,-7.954582,19 Hermanas Mirabal,2015,23,train
-2.146442,7.6018186,-10.718862,-9.063985,19 Hermanas Mirabal,2015,24,train
0.21916656,6.939836,-9.659689,-7.5091267,19 Hermanas Mirabal,2015,25,train
-0.13375814,8.619774,-9.053088,-8.482115,19 Hermanas Mirabal,2015,26,train
-6.183929,13.644464,8.894126,-7.938797,19 Hermanas Mirabal,2015,27,train
-6.4651976,14.504455,10.573864,-8.45232,19 Hermanas Mirabal,2015,28,train
-6.2503576,14.170802,10.1732025,-8.987229,19 Hermanas Mirabal,2015,29,train
-7.547881,14.049703,7.538816,-11.713356,19 Hermanas Mirabal,2015,30,train
-6.5335646,13.280954,8.51645,-11.852576,19 Hermanas Mirabal,2015,31,train
-5.876204,11.922882,9.331489,-11.28895,19 Hermanas Mirabal,2015,32,train
-5.919249,11.279541,9.767149,-12.407321,19 Hermanas Mirabal,2015,33,train
-6.936821,11.434912,8.67371,-13.089888,19 Hermanas Mirabal,2015,34,train
10.445223,9.204488,3.9636788,-2.3275383,19 Hermanas Mirabal,2015,35,train
12.340248,7.4038672,4.6848097,-5.298059,19 Hermanas Mirabal,2015,36,train
12.535812,6.8609066,5.6379194,-4.632724,19 Hermanas Mirabal,2015,37,train
13.41537,5.6589546,6.9672847,-4.2259316,19 Hermanas Mirabal,2015,38,train
13.610735,4.536372,7.518259,-5.188581,19 Hermanas Mirabal,2015,39,train
18.231058,0.06796163,8.812513,-6.042602,19 Hermanas Mirabal,2015,40,train
16.009596,0.08402252,8.688788,-4.081349,19 Hermanas Mirabal,2015,41,train
14.834874,0.0010416799,9.003734,-3.2864506,19 Hermanas Mirabal,2015,42,train
16.90584,-1.8873513,13.552414,-4.4141583,19 Hermanas Mirabal,2015,43,train
13.70253,-0.98162526,11.808433,-0.8599463,19 Hermanas Mirabal,2015,44,train
9.465772,0.9795674,11.785812,2.366346,19 Hermanas Mirabal,2015,45,train
9.492454,0.86188304,10.727644,3.2374773,19 Hermanas Mirabal,2015,46,train
12.3956175,-1.5013616,10.896704,5.430108,19 Hermanas Mirabal,2015,47,train
9.462733,-9.095796,11.518767,2.7891765,19 Hermanas Mirabal,2015,48,train
5.7349467,-6.578956,11.175563,3.3966093,19 Hermanas Mirabal,2015,49,train
5.834803,-8.010122,9.849972,4.6323442,19 Hermanas Mirabal,2015,50,train
4.2753873,-7.414341,10.347207,4.93412,19 Hermanas Mirabal,2015,51,train
-5.2883663,-1.6369536,18.351257,0.38659242,19 Hermanas Mirabal,2015,52,train
-9.271153,-7.89919,20.135576,-5.8834066,19 Hermanas Mirabal,2016,1,train
-9.909497,-10.232277,18.848906,-6.0845885,19 Hermanas Mirabal,2016,2,train
-7.639384,-10.859796,17.80905,-5.355023,19 Hermanas Mirabal,2016,3,train
-6.781794,-11.832823,16.7504,-4.090561,19 Hermanas Mirabal,2016,4,train
-0.46511325,-18.449188,8.672327,-2.2468512,19 Hermanas Mirabal,2016,5,train
-0.64133984,-17.162472,6.9070773,-2.7348835,19 Hermanas Mirabal,2016,6,train
-1.7591765,-19.129032,7.1372714,-3.5999334,19 Hermanas Mirabal,2016,7,train
-3.572545,-18.166052,5.175047,-5.1895013,19 Hermanas Mirabal,2016,8,train
-2.1152167,-18.174995,4.5265794,-6.1647363,19 Hermanas Mirabal,2016,9,train
-3.5971265,-16.91598,-2.8328867,-1.0700312,19 Hermanas Mirabal,2016,10,train
-6.4494867,-16.146603,-2.414718,-6.533482,19 Hermanas Mirabal,2016,11,train
-5.9672112,-14.144125,-2.8410194,-9.249573,19 Hermanas Mirabal,2016,12,train
-6.8349066,-14.868774,-2.869837,-11.306254,19 Hermanas Mirabal,2016,13,train
-4.1208735,-14.536233,-0.75863725,-12.629711,19 Hermanas Mirabal,2016,14,train
-4.5963035,-15.420371,-1.1662992,-12.565716,19 Hermanas Mirabal,2016,15,train
2.1192534,-14.404959,-1.069493,-9.441487,19 Hermanas Mirabal,2016,16,train
3.9349341,-13.241563,-2.2783246,-10.311734,19 Hermanas Mirabal,2016,17,train
-3.3149617,0.0015030677,-15.966801,-1.407345,19 Hermanas Mirabal,2016,18,train
-2.7057486,0.7117988,-15.587408,0.635183,19 Hermanas Mirabal,2016,19,train
-4.5843844,4.3341274,-14.2746725,-2.2914145,19 Hermanas Mirabal,2016,20,train
-3.4318879,4.774629,-14.539751,0.487,19 Hermanas Mirabal,2016,21,train
-1.9827275,5.5031347,-14.261262,1.2039729,19 Hermanas Mirabal,2016,22,train
-5.1735406,10.291631,-12.27787,-2.8082604,19 Hermanas Mirabal,2016,23,train
-4.991131,11.5303545,-11.276958,-3.9231958,19 Hermanas Mirabal,2016,24,train
-0.26638347,9.06848,-11.590335,0.47888097,19 Hermanas Mirabal,2016,25,train
-0.4191878,11.252666,-10.483117,0.19392896,19 Hermanas Mirabal,2016,26,train
-6.659712,16.955206,2.799855,-2.556013,19 Hermanas Mirabal,2016,27,train
-7.3505206,17.576042,2.8032172,-2.379902,19 Hermanas Mirabal,2016,28,train
-6.501781,17.190388,3.6019568,-1.4239942,19 Hermanas Mirabal,2016,29,train
-6.222964,16.757807,4.449779,0.39209098,19 Hermanas Mirabal,2016,30,train
-6.9406276,17.373116,4.5164866,0.5741541,19 Hermanas Mirabal,2016,31,train
-7.318757,17.94033,0.996178,-0.028343271,19 Hermanas Mirabal,2016,32,train
-7.832068,17.965761,1.0721726,-1.8228102,19 Hermanas Mirabal,2016,33,train
-7.7053814,17.271795,3.9585004,4.8650947,19 Hermanas Mirabal,2016,34,train
4.972512,14.640697,-3.4394584,3.7400706,19 Hermanas Mirabal,2016,35,train
4.456716,14.567507,-3.2131574,4.7412515,19 Hermanas Mirabal,2016,36,train
5.711495,14.563669,-3.3375363,4.766993,19 Hermanas Mirabal,2016,37,train
5.7228184,13.599627,-2.6150382,5.122983,19 Hermanas Mirabal,2016,38,train
5.3770537,12.536368,-0.5217141,6.629922,19 Hermanas Mirabal,2016,39,train
4.650546,11.685041,1.1711234,9.439926,19 Hermanas Mirabal,2016,40,train
6.1162944,10.338253,1.315753,9.532003,19 Hermanas Mirabal,2016,41,train
12.172279,1.516575,-5.002206,9.510367,19 Hermanas Mirabal,2016,42,train
12.479253,1.1804968,-3.837347,10.186922,19 Hermanas Mirabal,2016,43,train
12.7092085,-1.338862,-5.6174693,10.451648,19 Hermanas Mirabal,2016,44,train
10.939131,-3.2641156,-8.57875,9.673375,19 Hermanas Mirabal,2016,45,train
10.272828,-2.2365685,-4.946573,11.808275,19 Hermanas Mirabal,2016,46,train
-0.20982134,4.7294517,4.3233643,17.566263,19 Hermanas Mirabal,2016,47,train
0.7106906,4.31768,4.5703473,16.292168,19 Hermanas Mirabal,2016,48,train
-1.1029996,-4.717598,6.765994,14.133294,19 Hermanas Mirabal,2016,49,train
-1.6866373,-4.1703496,7.28099,13.222737,19 Hermanas Mirabal,2016,50,train
-3.767856,-3.1761084,7.8694067,14.339183,19 Hermanas Mirabal,2016,51,train
-11.67373,-1.7708232,12.30298,11.0950165,19 Hermanas Mirabal,2016,52,train
-11.066909,-3.653862,11.836426,9.566928,19 Hermanas Mirabal,2017,1,train
-12.902895,-3.4880288,10.670357,14.830375,19 Hermanas Mirabal,2017,2,train
-16.494913,-6.690908,10.76792,14.736519,19 Hermanas Mirabal,2017,3,train
-17.262426,-8.212891,9.861304,11.808185,19 Hermanas Mirabal,2017,4,train
-6.442116,-11.622169,0.4153309,10.820475,19 Hermanas Mirabal,2017,5,train
-6.3410125,-12.404728,-0.45042846,9.145838,19 Hermanas Mirabal,2017,6,train
-6.457297,-12.797798,-2.494974,8.460256,19 Hermanas Mirabal,2017,7,train
-11.823129,-14.976487,-2.2901978,7.559066,19 Hermanas Mirabal,2017,8,train
-9.557381,-13.947029,-4.8494244,6.1248326,19 Hermanas Mirabal,2017,9,train
-7.3137965,-13.382881,-9.494688,6.140123,19 Hermanas Mirabal,2017,10,train
-7.9258666,-13.117742,-9.801316,0.7744383,19 Hermanas Mirabal,2017,11,train
-4.3765063,-12.007347,-13.720634,4.1111875,19 Hermanas Mirabal,2017,12,train
-8.908086,-12.4172535,-12.711389,-2.8401744,19 Hermanas Mirabal,2017,13,train
-4.776629,-13.753642,-7.2686653,-9.284541,19 Hermanas Mirabal,2017,14,train
-7.0209165,-15.4991045,-8.983086,-6.9112735,19 Hermanas Mirabal,2017,15,train
0.5792139,-12.070523,-10.013444,-3.269615,19 Hermanas Mirabal,2017,16,train
10.61033,-12.458746,-8.922117,-7.067739,19 Hermanas Mirabal,2017,17,train
-3.9996214,-0.4870144,-18.6418,3.5115757,19 Hermanas Mirabal,2017,18,train
-6.142886,2.8719816,-19.39356,3.043176,19 Hermanas Mirabal,2017,19,train
-2.9568198,2.6103768,-16.637281,3.7288342,19 Hermanas Mirabal,2017,20,train
-4.848231,6.7187223,-15.131506,-0.5422173,19 Hermanas Mirabal,2017,21,train
-3.1210427,6.6339526,-15.811084,2.0510747,19 Hermanas Mirabal,2017,22,train
-3.102459,8.746585,-12.664685,-2.5796475,19 Hermanas Mirabal,2017,23,train
-2.285876,9.47345,-13.212977,-0.6889051,19 Hermanas Mirabal,2017,24,train
-0.03644362,8.898545,-12.578019,0.08718357,19 Hermanas Mirabal,2017,25,train
0.7341866,9.460337,-11.515191,0.08705949,19 Hermanas Mirabal,2017,26,train
-6.471205,17.518394,3.0923955,3.5037074,19 Hermanas Mirabal,2017,27,train
-7.6979904,18.657091,2.9799404,3.9372885,19 Hermanas Mirabal,2017,28,train
-6.9966044,18.106503,2.9885337,2.028271,19 Hermanas Mirabal,2017,29,train
-6.240809,17.7697,2.6091695,1.3266973,19 Hermanas Mirabal,2017,30,train
-6.813258,17.482664,2.8608484,1.5726315,19 Hermanas Mirabal,2017,31,train
-7.8243866,18.322433,2.5672686,1.4006897,19 Hermanas Mirabal,2017,32,train
-7.126966,17.800713,3.6075556,3.907225,19 Hermanas Mirabal,2017,33,train
-7.011116,17.340315,3.0693507,1.5377728,19 Hermanas Mirabal,2017,34,train
5.2528396,14.549355,-2.742224,3.5230348,19 Hermanas Mirabal,2017,35,train
11.659809,3.8784726,-8.519198,3.820686,19 Hermanas Mirabal,2017,36,train
5.4870663,14.165963,-0.8889932,6.536799,19 Hermanas Mirabal,2017,37,train
13.228027,4.153904,-7.556886,5.081926,19 Hermanas Mirabal,2017,38,train
5.722439,12.78668,1.2490761,6.633067,19 Hermanas Mirabal,2017,39,train
5.0932283,12.49868,1.2618855,9.110191,19 Hermanas Mirabal,2017,40,train
6.1977706,11.477537,1.2023519,10.882852,19 Hermanas Mirabal,2017,41,train
6.2518606,9.601912,2.6898918,10.435335,19 Hermanas Mirabal,2017,42,train
7.3632135,8.254304,2.5973418,11.14249,19 Hermanas Mirabal,2017,43,train
6.364673,7.312582,3.2244613,11.536059,19 Hermanas Mirabal,2017,44,train
-0.10481772,8.060238,4.196952,15.630829,19 Hermanas Mirabal,2017,45,train
9.48391,-2.3292081,-6.6278048,12.850169,19 Hermanas Mirabal,2017,46,train
3.8172395,4.915567,3.3685882,15.304829,19 Hermanas Mirabal,2017,47,train
3.959468,3.707366,3.9954329,14.85103,19 Hermanas Mirabal,2017,48,train
2.2328494,2.6702034,3.974297,16.430462,19 Hermanas Mirabal,2017,49,train
3.9809463,1.2529236,1.7877189,17.856743,19 Hermanas Mirabal,2017,50,train
0.24142285,1.8115983,2.8735287,18.201885,19 Hermanas Mirabal,2017,51,train
-13.03657,8.27135,5.4229264,16.360973,19 Hermanas Mirabal,2017,52,train
-11.06828,-0.56227756,11.2426605,12.716937,19 Hermanas Mirabal,2018,1,train
-9.641816,-1.5373994,9.911389,13.281373,19 Hermanas Mirabal,2018,2,train
-10.099579,-3.2015965,9.194041,12.910076,19 Hermanas Mirabal,2018,3,train
-10.566041,-3.4570963,8.122465,13.215082,19 Hermanas Mirabal,2018,4,train
-6.7623463,-10.744897,-1.4455029,13.064888,19 Hermanas Mirabal,2018,5,train
-5.0195403,-10.940843,-4.6792517,11.276637,19 Hermanas Mirabal,2018,6,train
-5.340447,-11.518958,-6.7090616,11.340165,19 Hermanas Mirabal,2018,7,train
-6.8348126,-12.183153,-7.0448937,11.096522,19 Hermanas Mirabal,2018,8,train
-12.508657,-15.48366,-6.750298,9.755751,19 Hermanas Mirabal,2018,9,train
-10.358763,-14.093035,-10.187975,4.701054,19 Hermanas Mirabal,2018,10,train
-8.82671,-12.517499,-10.6988735,0.5830614,19 Hermanas Mirabal,2018,11,train
-7.368842,-12.118777,-12.874257,-0.020344118,19 Hermanas Mirabal,2018,12,train
-9.879804,-13.7290325,-14.994982,1.7503185,19 Hermanas Mirabal,2018,13,train
-6.7911763,-12.064923,-12.346482,-4.29367,19 Hermanas Mirabal,2018,14,train
-4.9665976,-10.794548,-12.45343,-5.5848403,19 Hermanas Mirabal,2018,15,train
-5.5871058,-10.594138,-12.80085,-6.3404584,19 Hermanas Mirabal,2018,16,train
-6.1647606,-9.583077,-12.279018,-8.951689,19 Hermanas Mirabal,2018,17,train
-6.426518,-3.211551,-17.291393,-2.001865,19 Hermanas Mirabal,2018,18,train
-2.8942235,-3.7931044,-15.471454,-7.6319833,19 Hermanas Mirabal,2018,19,train
-1.3866456,-3.980763,-15.119258,-5.931338,19 Hermanas Mirabal,2018,20,train
-1.4366616,-2.365704,-13.786552,-8.673444,19 Hermanas Mirabal,2018,21,train
-2.100009,0.13223447,-12.760398,-10.252334,19 Hermanas Mirabal,2018,22,train
-2.401253,2.485673,-12.160955,-11.490026,19 Hermanas Mirabal,2018,23,train
-1.7214292,3.676897,-11.249728,-11.192796,19 Hermanas Mirabal,2018,24,train
0.26543438,3.4288173,-10.713392,-9.661064,19 Hermanas Mirabal,2018,25,train
0.76098657,4.762669,-9.981882,-9.515948,19 Hermanas Mirabal,2018,26,train
-7.334636,16.909323,7.2207956,-5.7675734,19 Hermanas Mirabal,2018,27,train
-6.7631583,16.94639,8.840756,-4.0382495,19 Hermanas Mirabal,2018,28,train
-4.4857445,15.943913,8.045366,-3.1888294,19 Hermanas Mirabal,2018,29,train
-6.835173,16.853243,7.526097,-5.426889,19 Hermanas Mirabal,2018,30,train
-5.2008624,16.25391,8.060307,-3.8627622,19 Hermanas Mirabal,2018,31,train
-6.6354547,16.371145,8.9869375,-5.1739545,19 Hermanas Mirabal,2018,32,train
-4.6246037,15.702131,10.393124,-2.4074287,19 Hermanas Mirabal,2018,33,train
-5.474255,15.576361,8.559252,-4.485348,19 Hermanas Mirabal,2018,34,train
6.958934,12.496478,4.650932,2.3818424,19 Hermanas Mirabal,2018,35,train
8.289121,11.969141,3.6002903,0.96341085,19 Hermanas Mirabal,2018,36,train
8.956956,11.75391,4.0856705,2.0232372,19 Hermanas Mirabal,2018,37,train
8.795378,11.269381,4.2757235,2.15215,19 Hermanas Mirabal,2018,38,train
8.184652,11.19435,5.1604276,2.484203,19 Hermanas Mirabal,2018,39,train
7.400166,10.889392,6.471937,4.905486,19 Hermanas Mirabal,2018,40,train
8.024463,9.622056,6.426624,5.3508425,19 Hermanas Mirabal,2018,41,train
8.129579,8.738788,6.8604307,6.195303,19 Hermanas Mirabal,2018,42,train
11.524661,6.571352,5.364078,7.1300993,19 Hermanas Mirabal,2018,43,train
11.160063,5.5532117,6.0361266,8.209057,19 Hermanas Mirabal,2018,44,train
8.04827,5.1869197,8.264681,8.208746,19 Hermanas Mirabal,2018,45,train
6.0635457,4.7251987,9.006471,7.9123106,19 Hermanas Mirabal,2018,46,train
8.924264,2.8064327,7.6262264,8.854492,19 Hermanas Mirabal,2018,47,train
8.354868,1.9102653,7.975476,9.128682,19 Hermanas Mirabal,2018,48,train
6.952262,1.5116659,9.018411,9.905366,19 Hermanas Mirabal,2018,49,train
2.6577435,-5.508548,9.235137,10.08388,19 Hermanas Mirabal,2018,50,train
3.514567,-7.458328,8.448939,10.672743,19 Hermanas Mirabal,2018,51,train
-9.189664,-1.7434847,15.4130535,6.5490894,19 Hermanas Mirabal,2018,52,train
-11.794437,-4.614549,15.98436,5.159578,19 Hermanas Mirabal,2019,1,train
-12.933569,-6.6647277,15.970492,5.206204,19 Hermanas Mirabal,2019,2,train
-13.248853,-8.839087,14.38278,4.8359194,19 Hermanas Mirabal,2019,3,train
-12.51204,-9.653456,13.329489,4.4757214,19 Hermanas Mirabal,2019,4,train
-4.2494135,-14.659549,3.254267,5.0807915,19 Hermanas Mirabal,2019,5,train
-3.868447,-17.245733,4.973183,2.036391,19 Hermanas Mirabal,2019,6,train
-3.2033591,-16.860783,3.24766,0.96813554,19 Hermanas Mirabal,2019,7,train
-4.405112,-16.334883,1.6704385,-0.6101121,19 Hermanas Mirabal,2019,8,train
-5.981057,-18.099236,1.6561921,-1.7282758,19 Hermanas Mirabal,2019,9,train
-8.190297,-17.105757,-2.8436093,-1.2455847,19 Hermanas Mirabal,2019,10,train
-9.400494,-18.247435,-4.267745,-2.5794272,19 Hermanas Mirabal,2019,11,train
-10.4181795,-16.957846,-4.864443,-8.243709,19 Hermanas Mirabal,2019,12,train
8.832179,-13.553748,-8.067359,-2.3517845,19 Hermanas Mirabal,2019,13,train
-2.5128357,-12.6404505,-9.257837,-4.480376,19 Hermanas Mirabal,2019,14,train
-5.815545,-13.515373,-9.129853,-7.5055766,19 Hermanas Mirabal,2019,15,train
-5.7702217,-12.830854,-9.109675,-9.008391,19 Hermanas Mirabal,2019,16,train
-5.51936,-12.843519,-8.624719,-10.144329,19 Hermanas Mirabal,2019,17,train
-2.6801908,-10.760012,-7.8898077,-9.355962,19 Hermanas Mirabal,2019,18,train
-1.7258459,-10.3800955,-4.732902,-12.055372,19 Hermanas Mirabal,2019,19,train
-6.696641,4.549855,-14.790147,-5.9113,19 Hermanas Mirabal,2019,20,train
-2.8889906,2.6502922,-16.068365,-1.2140706,19 Hermanas Mirabal,2019,21,train
-0.94752073,2.6940613,-14.914771,-2.1282563,19 Hermanas Mirabal,2019,22,train
-1.1903362,5.8939924,-13.33199,-2.7886605,19 Hermanas Mirabal,2019,23,train
-1.3670127,7.7007546,-11.598654,-5.537839,19 Hermanas Mirabal,2019,24,train
-1.5585995,10.00834,-10.65975,-5.942906,19 Hermanas Mirabal,2019,25,train
0.9432785,9.205485,-9.731295,-4.788773,19 Hermanas Mirabal,2019,26,train
-5.978606,14.929501,8.872299,-11.002456,19 Hermanas Mirabal,2019,27,train
-3.429255,12.825751,10.181626,-10.509264,19 Hermanas Mirabal,2019,28,train
-2.058634,11.627864,10.218041,-11.429822,19 Hermanas Mirabal,2019,29,train
-2.0918126,11.563201,9.463426,-11.498017,19 Hermanas Mirabal,2019,30,train
-1.1335725,10.553249,11.733607,-11.13462,19 Hermanas Mirabal,2019,31,train
-0.79437643,10.114346,9.122977,-12.392147,19 Hermanas Mirabal,2019,32,train
-1.1409112,10.175864,9.398535,-12.534224,19 Hermanas Mirabal,2019,33,train
-1.1068254,10.254254,10.373648,-11.783087,19 Hermanas Mirabal,2019,34,train
10.205525,9.959759,1.8265412,-6.8541355,19 Hermanas Mirabal,2019,35,train
10.854089,8.857006,3.5214038,-4.6098003,19 Hermanas Mirabal,2019,36,train
11.456657,8.236498,5.073718,-3.9961953,19 Hermanas Mirabal,2019,37,train
10.109213,7.91643,8.228498,-2.2553258,19 Hermanas Mirabal,2019,38,train
17.564486,-2.3367116,-3.6913707,-3.1122525,19 Hermanas Mirabal,2019,39,train
10.881873,8.102679,6.8727255,2.5088534,19 Hermanas Mirabal,2019,40,train
11.602013,6.557149,5.745586,3.2121446,19 Hermanas Mirabal,2019,41,train
12.932092,5.4087777,5.2645245,4.0394964,19 Hermanas Mirabal,2019,42,train
9.496256,5.911309,8.20473,4.3600154,19 Hermanas Mirabal,2019,43,train
11.094701,3.8351195,8.094267,5.2402854,19 Hermanas Mirabal,2019,44,train
11.24159,3.06477,7.79315,5.7166333,19 Hermanas Mirabal,2019,45,train
9.995101,2.8081594,8.433104,6.054403,19 Hermanas Mirabal,2019,46,train
13.514243,-0.67894363,9.20384,6.923877,19 Hermanas Mirabal,2019,47,train
12.924993,-1.0506676,8.800787,7.194649,19 Hermanas Mirabal,2019,48,train
5.402591,-6.430617,11.715032,4.3213043,19 Hermanas Mirabal,2019,49,train
3.5067832,-4.939762,12.839187,4.6585455,19 Hermanas Mirabal,2019,50,train
3.0461087,-6.0057974,11.351815,5.52709,19 Hermanas Mirabal,2019,51,train
-9.848867,-2.949898,18.040396,0.16168582,19 Hermanas Mirabal,2019,52,train
-10.173216,-3.8406553,16.550714,2.1318643,19 Hermanas Mirabal,2020,1,val
-9.687245,-4.932497,15.756366,2.433292,19 Hermanas Mirabal,2020,2,val
-8.505159,-5.998552,15.383743,4.210303,19 Hermanas Mirabal,2020,3,val
-8.009488,-6.931536,14.218912,3.0633366,19 Hermanas Mirabal,2020,4,val
-4.179894,-14.771705,5.031534,3.110816,19 Hermanas Mirabal,2020,5,val
-1.3094032,-14.042386,2.1311414,1.7265656,19 Hermanas Mirabal,2020,6,val
-1.9957408,-14.759088,0.8814295,0.9288544,19 Hermanas Mirabal,2020,7,val
-2.7864218,-15.196456,0.43940392,0.2807569,19 Hermanas Mirabal,2020,8,val
-5.330133,-16.95245,0.4102033,-1.478775,19 Hermanas Mirabal,2020,9,val
6.6417127,-13.125998,-4.783751,-0.8403413,19 Hermanas Mirabal,2020,10,val
-0.82479566,-16.653433,-3.6905606,-2.836713,19 Hermanas Mirabal,2020,11,val
-3.9217052,-18.423708,-4.3288717,-4.083455,19 Hermanas Mirabal,2020,12,val
-4.6965394,-17.883635,-3.986114,-7.9255767,19 Hermanas Mirabal,2020,13,val
-4.866444,-15.84486,-6.0853004,-9.450371,19 Hermanas Mirabal,2020,14,val
-2.5815036,-13.07327,-4.7233324,-11.992125,19 Hermanas Mirabal,2020,15,val
-1.542838,-12.296381,-5.753899,-11.458093,19 Hermanas Mirabal,2020,16,val
-5.296869,-12.71129,-3.8402462,-16.235727,19 Hermanas Mirabal,2020,17,val
-3.3942945,-11.277649,-3.7898784,-15.134339,19 Hermanas Mirabal,2020,18,val
-1.067157,-9.511269,-4.916142,-13.92966,19 Hermanas Mirabal,2020,19,val
-1.6285669,-8.720708,-4.1670885,-15.10422,19 Hermanas Mirabal,2020,20,val
0.09423271,-7.679789,-2.5029838,-15.291041,19 Hermanas Mirabal,2020,21,val
0.3423047,-7.6821156,-2.6138902,-16.475317,19 Hermanas Mirabal,2020,22,val
-3.7886689,9.867708,-12.970684,-1.4942698,19 Hermanas Mirabal,2020,23,val
-4.350735,12.05015,-12.818885,-1.4352143,19 Hermanas Mirabal,2020,24,val
-3.2933948,12.803795,-11.60897,-1.7494682,19 Hermanas Mirabal,2020,25,val
-2.2096684,13.658171,-10.691226,-0.7314453,19 Hermanas Mirabal,2020,26,val
-9.355083,19.357492,1.1260982,-0.536317,19 Hermanas Mirabal,2020,27,val
-7.058354,18.235662,1.8689674,0.8035655,19 Hermanas Mirabal,2020,28,val
-8.088163,18.650026,1.0431087,-0.5011363,19 Hermanas Mirabal,2020,29,val
-7.781559,18.938917,2.3909752,2.34886,19 Hermanas Mirabal,2020,30,val
-9.737299,15.467588,14.594653,2.553349,19 Hermanas Mirabal,2020,31,val
-6.8794813,18.314753,-0.84414804,1.3875872,19 Hermanas Mirabal,2020,32,val
-6.308409,17.644627,0.22057715,3.1614504,19 Hermanas Mirabal,2020,33,val
-10.1967125,15.669666,13.073306,3.479733,19 Hermanas Mirabal,2020,34,val
2.2594655,16.258411,-4.54197,6.9006076,19 Hermanas Mirabal,2020,35,val
0.35152066,16.563051,-2.1829274,9.800433,19 Hermanas Mirabal,2020,36,val
3.2000809,15.131236,-3.4651217,6.539819,19 Hermanas Mirabal,2020,37,val
4.0399714,14.892342,-3.5024204,8.265151,19 Hermanas Mirabal,2020,38,val
5.6535063,14.212922,-3.5145538,9.5697565,19 Hermanas Mirabal,2020,39,val
0.4196602,14.843155,-1.0949444,13.802525,19 Hermanas Mirabal,2020,40,val
4.640082,11.426123,-1.0066736,12.158586,19 Hermanas Mirabal,2020,41,val
4.051215,10.538576,0.43367434,12.004971,19 Hermanas Mirabal,2020,42,val
6.497474,8.732447,-0.44486868,13.8682575,19 Hermanas Mirabal,2020,43,val
0.7605151,9.329902,2.6323729,14.368453,19 Hermanas Mirabal,2020,44,val
-1.4580073,8.336831,3.1178217,16.194355,19 Hermanas Mirabal,2020,45,val
-2.538559,7.3453784,3.5245416,16.868362,19 Hermanas Mirabal,2020,46,val
-1.1834786,5.2566085,2.9284503,18.300303,19 Hermanas Mirabal,2020,47,val
0.9365072,3.2125187,2.9001582,18.012646,19 Hermanas Mirabal,2020,48,val
1.4366845,2.1265748,1.3048579,18.079802,19 Hermanas Mirabal,2020,49,val
-1.8470787,3.0522554,1.6980228,18.466412,19 Hermanas Mirabal,2020,50,val
-3.4502323,2.8659656,1.2302285,20.022041,19 Hermanas Mirabal,2020,51,val
-12.840192,8.793117,4.3424573,17.802317,19 Hermanas Mirabal,2020,52,val
-16.09632,8.171717,3.2279382,17.545746,19 Hermanas Mirabal,2021,1,val
-15.545829,7.485527,2.7053473,15.498738,19 Hermanas Mirabal,2021,2,val
-13.503252,6.9876184,2.4293432,16.542507,19 Hermanas Mirabal,2021,3,val
-16.152273,6.20452,1.5853568,17.726084,19 Hermanas Mirabal,2021,4,val
-8.208327,-0.7038802,-7.113916,15.447475,19 Hermanas Mirabal,2021,5,val
-8.241636,-1.7182498,-8.884392,13.709839,19 Hermanas Mirabal,2021,6,val
-9.045857,-2.2251265,-9.8953905,12.900761,19 Hermanas Mirabal,2021,7,val
-9.283294,-3.1132421,-11.892175,12.254162,19 Hermanas Mirabal,2021,8,val
-13.0859785,-2.440514,-12.639341,11.268816,19 Hermanas Mirabal,2021,9,val
-7.7176523,-11.79894,-10.59373,8.975513,19 Hermanas Mirabal,2021,10,val
-10.87226,-12.929035,-11.670181,6.104772,19 Hermanas Mirabal,2021,11,val
-6.44327,-11.027687,-12.816559,2.2705998,19 Hermanas Mirabal,2021,12,val
-6.7335415,-10.9740095,-13.971221,0.60421413,19 Hermanas Mirabal,2021,13,val
-5.279124,-11.671192,-14.275803,3.0795238,19 Hermanas Mirabal,2021,14,val
-11.295634,-12.33819,-13.82578,-4.735288,19 Hermanas Mirabal,2021,15,val
-6.21591,-9.939879,-12.319231,-7.1412344,19 Hermanas Mirabal,2021,16,val
-4.250844,-9.991381,-13.089687,-4.670922,19 Hermanas Mirabal,2021,17,val
-6.9330606,-0.508942,-17.635374,0.16042233,19 Hermanas Mirabal,2021,18,val
-6.099773,0.8720567,-16.45358,-0.94874144,19 Hermanas Mirabal,2021,19,val
-7.4057326,2.351614,-18.035706,1.5192188,19 Hermanas Mirabal,2021,20,val
-2.582146,1.3402061,-15.599173,0.59270537,19 Hermanas Mirabal,2021,21,val
-1.2007658,1.6189407,-16.024096,2.6236799,19 Hermanas Mirabal,2021,22,val
-1.6919637,4.2543983,-15.149706,0.8990421,19 Hermanas Mirabal,2021,23,val
-0.26716477,5.5248876,-11.825873,-1.8952138,19 Hermanas Mirabal,2021,24,val
0.029149517,6.63393,-13.0521,0.64009154,19 Hermanas Mirabal,2021,25,val
0.32689953,7.7161107,-11.758273,-0.16115394,19 Hermanas Mirabal,2021,26,val
-6.8409653,17.952702,2.9997702,3.3981047,19 Hermanas Mirabal,2021,27,val
-7.7298546,18.805586,3.1008546,4.507971,19 Hermanas Mirabal,2021,28,val
-7.1893606,18.563263,2.1189525,2.4698038,19 Hermanas Mirabal,2021,29,val
-7.2323318,18.710882,1.9030844,1.8532269,19 Hermanas Mirabal,2021,30,val
-6.050657,17.797518,1.6230642,1.3687212,19 Hermanas Mirabal,2021,31,val
-10.88057,16.449228,15.599572,3.2881937,19 Hermanas Mirabal,2021,32,val
-5.680785,17.192223,4.928782,4.9886885,19 Hermanas Mirabal,2021,33,val
-6.8401423,17.142431,3.359805,-0.8328531,19 Hermanas Mirabal,2021,34,val
5.597182,14.534814,-3.5503054,2.1502573,19 Hermanas Mirabal,2021,35,val
4.1338987,15.411386,-5.519798,4.86898,19 Hermanas Mirabal,2021,36,val
2.5561726,15.485129,-2.9572453,8.989737,19 Hermanas Mirabal,2021,37,val
3.2007773,15.152621,-3.0965667,9.245609,19 Hermanas Mirabal,2021,38,val
4.0537033,14.695563,-3.010463,11.21252,19 Hermanas Mirabal,2021,39,val
4.4782686,12.52261,-1.1226984,10.391462,19 Hermanas Mirabal,2021,40,val
10.090871,3.859356,-8.001551,10.691774,19 Hermanas Mirabal,2021,41,val
4.3289104,10.670078,0.7995491,12.750833,19 Hermanas Mirabal,2021,42,val
7.965617,7.421948,0.14467342,12.167029,19 Hermanas Mirabal,2021,43,val
5.459254,7.4745746,1.6332277,13.063933,19 Hermanas Mirabal,2021,44,val
7.0604897,5.4564557,1.0735817,13.918025,19 Hermanas Mirabal,2021,45,val
6.480405,4.252516,2.0629234,13.851388,19 Hermanas Mirabal,2021,46,val
5.320395,3.5359154,0.87750334,16.830761,19 Hermanas Mirabal,2021,47,val
3.2818415,3.2532554,2.5162816,15.886152,19 Hermanas Mirabal,2021,48,val
1.94393,2.502553,2.5107665,16.895163,19 Hermanas Mirabal,2021,49,val
-2.9826791,-4.922806,5.2646713,16.539726,19 Hermanas Mirabal,2021,50,val
-2.7236147,-5.3428035,5.3242736,15.410161,19 Hermanas Mirabal,2021,51,val
-15.805821,-1.3159336,10.835154,11.81131,19 Hermanas Mirabal,2021,52,val
-4.5319953,-2.1235905,10.82147,2.4507554,20 Samaná,2015,1,train
-4.9068713,-3.4416735,10.341107,2.517004,20 Samaná,2015,2,train
-4.8729687,-4.8670893,10.214051,2.4245286,20 Samaná,2015,3,train
-5.5649414,-6.2916045,8.96565,1.7835149,20 Samaná,2015,4,train
-1.106377,-10.457065,1.4765124,1.5140843,20 Samaná,2015,5,train
-2.1285698,-9.822477,-0.15847117,2.3287113,20 Samaná,2015,6,train
-2.0866165,-10.233118,-0.84945124,1.883548,20 Samaná,2015,7,train
-2.0330677,-9.953331,-1.7812488,1.1262975,20 Samaná,2015,8,train
-3.0509286,-9.503303,-2.3508503,-0.13381703,20 Samaná,2015,9,train
-3.1556063,-9.714477,-2.0356984,-1.4497875,20 Samaná,2015,10,train
-2.5083754,-9.561138,-2.7782876,-1.8574905,20 Samaná,2015,11,train
-3.286946,-10.391358,-3.3004787,-3.554125,20 Samaná,2015,12,train
-3.973271,-9.467234,-3.1004155,-6.180097,20 Samaná,2015,13,train
-3.073853,-8.880434,-5.379463,-4.0696464,20 Samaná,2015,14,train
-2.2077062,-7.9244614,-5.5481777,-4.1878953,20 Samaná,2015,15,train
-3.173154,-7.3615627,-5.199388,-6.002995,20 Samaná,2015,16,train
-5.5236664,0.08403661,-10.7457075,-5.823537,20 Samaná,2015,17,train
-5.963655,0.92034644,-9.394296,-6.4362345,20 Samaná,2015,18,train
-3.3700442,0.94467974,-9.039535,-4.4344225,20 Samaná,2015,19,train
-1.9650539,0.6050438,-8.750031,-3.956871,20 Samaná,2015,20,train
0.10103375,0.23755398,-9.562001,-3.2084804,20 Samaná,2015,21,train
0.5382816,0.7114513,-9.685476,-3.576823,20 Samaná,2015,22,train
0.52697945,2.0675967,-8.476697,-3.838452,20 Samaná,2015,23,train
0.24503984,3.159517,-7.67808,-4.380751,20 Samaná,2015,24,train
0.7994028,3.5388234,-7.097569,-4.213247,20 Samaná,2015,25,train
1.5318495,4.304809,-6.5410295,-4.3798184,20 Samaná,2015,26,train
-2.5892665,9.1424055,6.040049,-3.7417238,20 Samaná,2015,27,train
-2.893896,9.5041485,6.9949307,-3.9378808,20 Samaná,2015,28,train
-2.9703357,9.1709175,6.1834345,-4.7243156,20 Samaná,2015,29,train
-3.2397208,9.101652,5.854133,-5.566116,20 Samaná,2015,30,train
-2.8249516,8.439167,5.105955,-5.5096507,20 Samaná,2015,31,train
-3.3997386,8.35982,6.3734946,-5.804563,20 Samaná,2015,32,train
-3.5866032,7.964239,5.9444146,-6.262671,20 Samaná,2015,33,train
-3.7407374,8.000744,7.0680156,-6.033879,20 Samaná,2015,34,train
4.2687483,6.442775,4.257566,-1.7423159,20 Samaná,2015,35,train
5.5832314,5.618902,4.739231,-3.1793203,20 Samaná,2015,36,train
5.7729263,4.946202,5.257717,-3.0249693,20 Samaná,2015,37,train
5.789465,4.812632,7.596114,-2.8844197,20 Samaná,2015,38,train
7.103316,3.872545,6.899441,-3.42412,20 Samaná,2015,39,train
8.415611,1.0995836,6.6587768,-4.026481,20 Samaná,2015,40,train
8.92315,0.74818766,7.0472817,-3.5031288,20 Samaná,2015,41,train
7.4611564,1.5885849,9.545686,-3.1423802,20 Samaná,2015,42,train
7.4453797,1.521726,10.741161,-2.5373228,20 Samaná,2015,43,train
6.13861,1.7905471,11.236824,-1.6008773,20 Samaná,2015,44,train
3.793693,2.9315906,10.996534,1.1870764,20 Samaná,2015,45,train
4.594836,1.8663132,9.070639,1.5154395,20 Samaná,2015,46,train
5.2754345,0.8657476,8.682747,2.624387,20 Samaná,2015,47,train
2.9962432,-3.8001628,10.231151,1.6112217,20 Samaná,2015,48,train
1.7396536,-3.0953984,9.860442,1.7648703,20 Samaná,2015,49,train
1.8693055,-3.850336,8.723979,2.2321327,20 Samaná,2015,50,train
0.84778816,-3.2257566,9.288679,2.7447205,20 Samaná,2015,51,train
-3.4581454,-0.31874943,12.88896,0.7221267,20 Samaná,2015,52,train
-3.1752808,-4.302199,13.642521,-3.104657,20 Samaná,2016,1,train
-5.2071,-5.981276,12.427384,-4.564004,20 Samaná,2016,2,train
-4.402769,-7.291262,12.069238,-4.6248794,20 Samaná,2016,3,train
-2.8624287,-7.4847198,11.410679,-3.6752245,20 Samaná,2016,4,train
0.6127056,-12.102278,5.0739956,-3.0326736,20 Samaná,2016,5,train
0.2120246,-11.680258,3.2817237,-2.9781826,20 Samaná,2016,6,train
-0.09297879,-12.044707,3.090559,-3.406497,20 Samaná,2016,7,train
-1.1014833,-11.962274,2.4561107,-4.000295,20 Samaná,2016,8,train
0.32437074,-12.25867,1.4366939,-4.368555,20 Samaná,2016,9,train
-2.701133,-10.5479555,-2.417438,-1.2319908,20 Samaná,2016,10,train
-2.7880106,-10.203394,-2.0161319,-3.526258,20 Samaná,2016,11,train
-2.242067,-9.436078,-2.5487711,-5.121378,20 Samaná,2016,12,train
-2.3491576,-9.2832365,-2.7050688,-6.139516,20 Samaná,2016,13,train
-1.4342293,-9.949885,-1.1703913,-7.6861353,20 Samaná,2016,14,train
-1.4884073,-9.610412,-1.6570082,-7.1537127,20 Samaná,2016,15,train
-0.23328678,-10.218624,-0.445608,-7.8243976,20 Samaná,2016,16,train
7.142614,-9.31419,-4.835299,-4.253616,20 Samaná,2016,17,train
-1.3367472,-0.4295559,-10.422141,-2.171716,20 Samaná,2016,18,train
-0.6716749,-0.4314239,-10.761629,-0.2974405,20 Samaná,2016,19,train
-1.1317829,1.3506169,-9.11833,-1.6301984,20 Samaná,2016,20,train
-0.81813896,1.9740914,-9.707566,-0.14260827,20 Samaná,2016,21,train
4.5160103,-1.9878417,-9.931199,-1.1293337,20 Samaná,2016,22,train
-0.22352517,4.075352,-8.211468,-0.40255728,20 Samaná,2016,23,train
-0.8086367,5.8154097,-7.31759,-1.3442321,20 Samaná,2016,24,train
0.7367519,4.510258,-7.534266,-0.69891286,20 Samaná,2016,25,train
0.75048566,5.7477474,-6.9335103,-0.13530974,20 Samaná,2016,26,train
-2.3149228,10.60333,2.3148923,-1.0920188,20 Samaná,2016,27,train
-2.4793863,10.83443,2.0198383,-1.2782453,20 Samaná,2016,28,train
-2.502068,10.957101,1.9947108,-1.2052883,20 Samaná,2016,29,train
-2.3478124,11.069798,3.7561612,0.33271125,20 Samaná,2016,30,train
-2.3965607,11.133008,4.1781273,0.7077252,20 Samaná,2016,31,train
-2.4269779,11.485962,2.0132167,0.32233888,20 Samaná,2016,32,train
-2.8725533,11.374257,0.72728926,-0.9235509,20 Samaná,2016,33,train
-3.5498016,12.50569,4.687529,3.999002,20 Samaná,2016,34,train
1.4705486,10.004484,-0.47425184,1.5905654,20 Samaná,2016,35,train
1.464888,10.206761,0.1230998,3.4673593,20 Samaná,2016,36,train
1.3072745,9.887641,0.041934725,2.07988,20 Samaná,2016,37,train
2.1627424,10.092779,-0.2680019,2.8165603,20 Samaná,2016,38,train
1.3087978,8.940031,1.1307232,2.9839082,20 Samaná,2016,39,train
2.0886343,8.469701,2.8204434,5.49922,20 Samaná,2016,40,train
3.3051598,7.0192337,1.9443419,5.215578,20 Samaná,2016,41,train
2.0282474,7.380686,3.3007123,6.6902785,20 Samaná,2016,42,train
0.8503012,7.968849,4.785264,7.6570163,20 Samaná,2016,43,train
-0.66686356,7.865994,5.8472567,8.742143,20 Samaná,2016,44,train
6.449043,-1.5833439,-7.7160006,8.5602045,20 Samaná,2016,45,train
-1.4942557,7.0878854,6.049436,10.1905,20 Samaná,2016,46,train
-1.0718917,4.6833944,5.678907,10.274293,20 Samaná,2016,47,train
-0.0045954655,4.4732447,5.363413,10.11508,20 Samaná,2016,48,train
-2.1306303,-1.7504796,6.8850226,8.187304,20 Samaná,2016,49,train
-2.3737364,-1.571431,7.173099,8.223007,20 Samaná,2016,50,train
-2.8583124,-1.1395047,7.277995,8.852708,20 Samaná,2016,51,train
-6.6634564,-0.3449897,10.020479,7.7614665,20 Samaná,2016,52,train
-7.2943935,-1.7703409,9.4645405,7.91563,20 Samaná,2017,1,train
-8.188831,-2.2746253,7.9763317,7.3109975,20 Samaná,2017,2,train
-10.157867,-4.354993,7.4634933,8.676177,20 Samaná,2017,3,train
-11.965818,-5.4995775,6.869846,7.0865755,20 Samaná,2017,4,train
-3.5691583,-8.300293,-1.1000766,6.401783,20 Samaná,2017,5,train
-3.1784348,-8.419259,-1.9849892,5.4494677,20 Samaná,2017,6,train
-5.0007772,-9.618056,-2.6732283,6.459036,20 Samaná,2017,7,train
-5.530333,-9.686796,-2.6412349,3.9293525,20 Samaná,2017,8,train
-3.104722,-8.492982,-4.700315,2.5825539,20 Samaná,2017,9,train
-3.5099707,-8.805591,-7.1503363,2.4171886,20 Samaná,2017,10,train
-4.1098757,-9.052987,-7.420774,0.38460818,20 Samaná,2017,11,train
-2.1951406,-8.811334,-10.312711,0.78398937,20 Samaná,2017,12,train
-5.700751,-8.663074,-9.85351,-2.7157323,20 Samaná,2017,13,train
-2.8766537,-9.150762,-5.6411204,-6.6663857,20 Samaná,2017,14,train
-2.228903,-8.964898,-5.959757,-5.6216316,20 Samaná,2017,15,train
0.6463482,-8.844282,-6.5366635,-4.562283,20 Samaná,2017,16,train
5.5905538,-8.658143,-7.5875425,-2.227536,20 Samaná,2017,17,train
4.5579176,-7.7390523,-7.0321407,-3.0041015,20 Samaná,2017,18,train
-2.7429004,0.85845906,-12.838491,1.1932145,20 Samaná,2017,19,train
-1.3990891,1.2096759,-11.194468,1.3844812,20 Samaná,2017,20,train
-1.7428504,2.8807912,-10.600364,0.79435253,20 Samaná,2017,21,train
-1.4834008,3.5064564,-11.001687,1.8320026,20 Samaná,2017,22,train
-0.46748763,4.032668,-8.9281845,-1.5829755,20 Samaná,2017,23,train
0.13856597,4.260912,-8.477032,-1.1496102,20 Samaná,2017,24,train
0.75772166,4.431418,-8.496706,-0.512018,20 Samaná,2017,25,train
1.1472905,4.4709144,-7.7523365,-0.8042431,20 Samaná,2017,26,train
-4.2370825,12.436525,3.611675,2.6992338,20 Samaná,2017,27,train
-5.2808204,13.674484,3.0357423,3.9279096,20 Samaná,2017,28,train
-3.0801055,11.677187,3.1805136,1.3882565,20 Samaná,2017,29,train
-3.4846218,12.755855,3.6306076,2.4783819,20 Samaná,2017,30,train
-2.7213893,11.425118,2.8164573,0.7520435,20 Samaná,2017,31,train
-4.374741,12.793997,3.0206234,2.661125,20 Samaná,2017,32,train
-3.903263,12.622591,4.3834653,4.034419,20 Samaná,2017,33,train
-3.0393596,12.070745,3.7905715,1.9230825,20 Samaná,2017,34,train
2.00187,10.386998,-0.028976882,2.8063364,20 Samaná,2017,35,train
7.1185465,1.9376341,-8.331865,2.662439,20 Samaná,2017,36,train
6.4382524,3.144015,-8.608469,3.173722,20 Samaná,2017,37,train
9.3158655,1.3099526,-8.843708,3.7278218,20 Samaná,2017,38,train
1.9672776,10.014485,2.9993317,4.5323386,20 Samaná,2017,39,train
1.6888444,10.382702,1.9135787,6.6844606,20 Samaná,2017,40,train
8.685159,1.4641212,-5.647877,6.219312,20 Samaná,2017,41,train
2.0904698,7.288004,3.9170494,5.9429774,20 Samaná,2017,42,train
2.1801593,7.4596777,4.306945,7.425216,20 Samaná,2017,43,train
3.363314,6.0383167,3.4448578,7.4677587,20 Samaná,2017,44,train
5.4005384,-1.1921923,-10.976108,10.529028,20 Samaná,2017,45,train
6.85802,-2.398493,-9.828438,9.685255,20 Samaná,2017,46,train
0.13013335,5.5436335,4.1260157,11.391812,20 Samaná,2017,47,train
0.42899743,4.117915,4.775989,10.480642,20 Samaná,2017,48,train
-0.41837004,3.6918464,5.5263357,10.19877,20 Samaná,2017,49,train
1.548954,2.0342762,3.010281,11.364218,20 Samaná,2017,50,train
-2.9225175,-2.4192474,5.9323072,9.818792,20 Samaná,2017,51,train
-7.221326,-0.26537415,9.497335,9.190049,20 Samaná,2017,52,train
-7.857914,0.14886315,9.603022,9.473223,20 Samaná,2018,1,train
-7.1906877,0.01511754,9.176883,9.698861,20 Samaná,2018,2,train
-7.397717,-0.7536541,8.351866,10.04649,20 Samaná,2018,3,train
-7.5373693,-1.2619431,6.8961143,9.52724,20 Samaná,2018,4,train
-3.578361,-7.6672206,-1.631662,6.572749,20 Samaná,2018,5,train
-3.1284766,-7.255421,-3.1750503,5.6299233,20 Samaná,2018,6,train
-3.091342,-7.6559086,-4.2903624,4.9119735,20 Samaná,2018,7,train
-3.9954245,-7.8494787,-4.811623,4.9308877,20 Samaná,2018,8,train
-6.388608,-9.684416,-6.9973683,6.064163,20 Samaná,2018,9,train
-6.4300227,-9.58584,-7.9231195,2.1225467,20 Samaná,2018,10,train
-5.5568824,-8.9806595,-8.553714,0.37916028,20 Samaná,2018,11,train
-4.8796144,-8.782498,-10.27968,-0.5354761,20 Samaná,2018,12,train
-4.438714,-8.775221,-9.884582,-0.706282,20 Samaná,2018,13,train
-3.4364326,-8.407955,-10.174583,-3.8563936,20 Samaná,2018,14,train
-2.3119287,-7.229689,-9.107201,-4.2620373,20 Samaná,2018,15,train
-1.2544262,-6.663414,-9.013385,-4.6029587,20 Samaná,2018,16,train
-2.6067834,-6.1594405,-8.94448,-6.0047607,20 Samaná,2018,17,train
-1.1750793,-6.4424453,-9.294716,-5.1588087,20 Samaná,2018,18,train
-0.5390745,-5.2357426,-9.025531,-6.374998,20 Samaná,2018,19,train
0.64345,-4.88424,-8.766697,-6.1209455,20 Samaná,2018,20,train
-0.04387642,-1.8975207,-9.539791,-5.7449913,20 Samaná,2018,21,train
0.29807103,-1.3299617,-9.227905,-5.797809,20 Samaná,2018,22,train
0.22240411,-0.13622193,-8.897043,-6.529864,20 Samaná,2018,23,train
0.5939391,0.9291102,-8.441659,-6.5370336,20 Samaná,2018,24,train
1.3530684,1.5660027,-7.8049393,-6.432992,20 Samaná,2018,25,train
1.4411868,2.263926,-7.010891,-5.7723722,20 Samaná,2018,26,train
-3.7523677,11.449061,6.0187616,-2.301329,20 Samaná,2018,27,train
-3.4293287,11.503723,7.9941406,-0.67079955,20 Samaná,2018,28,train
-2.3508465,11.2283325,6.274335,-1.3197471,20 Samaná,2018,29,train
-2.87394,11.404972,6.1039023,-1.8568159,20 Samaná,2018,30,train
-2.5679162,11.421303,6.2859,-1.6382391,20 Samaná,2018,31,train
-2.7752914,11.406402,7.4150534,-1.7147348,20 Samaná,2018,32,train
-2.8975863,11.653332,8.455509,-1.1112207,20 Samaná,2018,33,train
-2.7270858,11.212427,6.8396564,-2.2236474,20 Samaná,2018,34,train
8.7134695,0.8211284,-6.9383144,0.017545074,20 Samaná,2018,35,train
4.42447,9.336251,4.545272,0.7206186,20 Samaná,2018,36,train
4.196515,9.024158,4.9150877,1.1868006,20 Samaná,2018,37,train
3.8981695,9.141084,5.540708,1.4257241,20 Samaná,2018,38,train
3.7340553,8.882143,5.839174,1.5757314,20 Samaná,2018,39,train
12.028698,-2.1644602,-8.965748,1.7912426,20 Samaná,2018,40,train
3.689058,8.341987,6.6032295,3.8532317,20 Samaná,2018,41,train
2.94661,7.330494,7.0113215,3.9248877,20 Samaná,2018,42,train
4.3889894,5.754277,5.616509,4.0615554,20 Samaná,2018,43,train
4.376697,5.3849435,6.3541265,4.9599237,20 Samaná,2018,44,train
3.051596,5.5306373,8.160102,5.456802,20 Samaná,2018,45,train
2.3726714,4.9354024,8.410242,5.5533824,20 Samaná,2018,46,train
4.920705,3.0955553,6.8367662,6.2186074,20 Samaná,2018,47,train
4.9619474,2.456865,6.8382525,6.472913,20 Samaná,2018,48,train
2.350413,2.8562348,8.330426,6.641787,20 Samaná,2018,49,train
3.5935233,1.8558029,7.475143,7.1169662,20 Samaná,2018,50,train
4.1920204,1.486922,7.3542275,7.627824,20 Samaná,2018,51,train
-5.78218,-0.23918687,11.651037,4.9467683,20 Samaná,2018,52,train
-6.011903,-2.28368,11.143543,4.1556263,20 Samaná,2019,1,train
-8.287309,-4.1015964,12.001575,4.237247,20 Samaná,2019,2,train
-7.303299,-5.688927,10.150025,4.3496637,20 Samaná,2019,3,train
-7.027194,-6.1266885,9.429854,3.8493621,20 Samaná,2019,4,train
-1.9697678,-9.979061,0.3306534,3.0453885,20 Samaná,2019,5,train
-2.085057,-12.164047,2.2679195,0.6438865,20 Samaná,2019,6,train
-1.2804424,-11.659462,0.87228644,-0.14998241,20 Samaná,2019,7,train
-1.7903376,-10.234153,-0.26857814,-1.2105293,20 Samaná,2019,8,train
-2.3594785,-11.335303,-0.40141132,-1.8195617,20 Samaná,2019,9,train
-3.4928994,-11.063102,-3.3412185,-0.69960487,20 Samaná,2019,10,train
-4.513831,-11.54994,-4.074874,-1.4723073,20 Samaná,2019,11,train
-4.9801207,-11.733557,-4.9899864,-4.0360565,20 Samaná,2019,12,train
-0.072620496,-10.702921,-5.808666,-3.6081643,20 Samaná,2019,13,train
-1.7144008,-8.358022,-6.729502,-3.508956,20 Samaná,2019,14,train
-2.4183733,-8.349294,-6.964873,-4.8102098,20 Samaná,2019,15,train
-2.63472,-7.596817,-6.595134,-5.4897814,20 Samaná,2019,16,train
-3.2821527,-8.128558,-6.827879,-6.7156706,20 Samaná,2019,17,train
-1.4799078,-2.7570221,-12.088284,-2.1222105,20 Samaná,2019,18,train
-1.3385171,-0.8772919,-11.328746,-2.6213794,20 Samaná,2019,19,train
-2.1666439,1.4724163,-10.467121,-3.2432048,20 Samaná,2019,20,train
-0.277986,0.38590398,-10.835677,-2.1399086,20 Samaná,2019,21,train
-0.12472884,1.040633,-11.212454,-1.7061268,20 Samaná,2019,22,train
0.6075093,2.6453018,-9.387566,-2.4407053,20 Samaná,2019,23,train
0.4299939,3.398455,-8.124783,-3.0436637,20 Samaná,2019,24,train
1.0633229,4.0335298,-7.517525,-2.7851114,20 Samaná,2019,25,train
1.6073406,4.2363772,-7.349685,-2.8222837,20 Samaná,2019,26,train
-3.7352118,10.550925,6.854573,-5.849306,20 Samaná,2019,27,train
-1.6586103,9.218938,7.042986,-4.849746,20 Samaná,2019,28,train
-0.84409267,8.554432,7.3654838,-4.665945,20 Samaná,2019,29,train
-0.31229284,7.7831573,7.0474205,-6.346112,20 Samaná,2019,30,train
-0.28959328,8.452821,10.571796,-4.7073746,20 Samaná,2019,31,train
-0.103014566,8.125215,8.208693,-6.10467,20 Samaná,2019,32,train
-0.055618048,7.906296,8.353336,-6.2347336,20 Samaná,2019,33,train
0.095648706,7.817776,8.92056,-6.3241863,20 Samaná,2019,34,train
5.2311826,7.2906017,3.748388,-4.2843227,20 Samaná,2019,35,train
5.447314,6.078268,5.065249,-3.4477582,20 Samaná,2019,36,train
6.006072,6.6094537,5.947632,-2.5658467,20 Samaná,2019,37,train
5.710473,6.601222,7.991717,-1.3765132,20 Samaná,2019,38,train
6.092901,6.154089,7.3101773,-0.7044937,20 Samaná,2019,39,train
5.3789682,6.3906484,7.512002,0.7155685,20 Samaná,2019,40,train
5.4113297,5.347316,6.739238,0.94640064,20 Samaná,2019,41,train
6.42786,5.0430517,6.7462583,1.9049189,20 Samaná,2019,42,train
3.2145195,5.943449,9.216676,2.7882674,20 Samaná,2019,43,train
4.5626035,4.5576158,7.7660475,3.2143934,20 Samaná,2019,44,train
4.647356,4.185945,8.068312,3.7090273,20 Samaná,2019,45,train
4.9428988,3.4865692,8.352606,4.284858,20 Samaná,2019,46,train
6.098946,1.7686843,7.818027,4.608569,20 Samaná,2019,47,train
5.7427273,1.071238,8.005217,4.4572477,20 Samaná,2019,48,train
3.9043093,2.3144748,9.867127,4.816044,20 Samaná,2019,49,train
1.8170874,3.5261025,11.2556505,4.9197545,20 Samaná,2019,50,train
0.63298744,-2.9080064,9.706357,4.072189,20 Samaná,2019,51,train
-5.2162147,-1.0798948,13.523508,1.5623064,20 Samaná,2019,52,train
-5.555396,-1.3730348,12.058368,3.021124,20 Samaná,2020,1,val
-4.816864,-1.2094221,11.530179,3.007493,20 Samaná,2020,2,val
-5.0627174,-2.5028453,11.427072,3.1175795,20 Samaná,2020,3,val
-5.7200217,-4.898316,10.445995,2.4416075,20 Samaná,2020,4,val
-2.3106625,-10.777358,2.3073065,2.4241905,20 Samaná,2020,5,val
-0.95871454,-9.593621,-0.32463625,0.5906298,20 Samaná,2020,6,val
-0.66248316,-9.404061,-1.1383281,-0.51243734,20 Samaná,2020,7,val
-1.0375553,-10.3066845,-1.2765522,-0.7383969,20 Samaná,2020,8,val
-2.0504174,-11.073177,-1.4582535,-1.2203596,20 Samaná,2020,9,val
-0.44303557,-11.58054,-1.9453335,-2.911852,20 Samaná,2020,10,val
-0.43944857,-11.615758,-3.409684,-3.0925736,20 Samaná,2020,11,val
-1.5065737,-11.073149,-4.216273,-3.2568529,20 Samaná,2020,12,val
-1.1313266,-10.291582,-3.8583288,-4.854847,20 Samaná,2020,13,val
-4.802615,-12.696518,-4.681971,-8.512398,20 Samaná,2020,14,val
-0.54104483,-9.865669,-4.3240194,-7.899049,20 Samaná,2020,15,val
-0.4142579,-8.18999,-4.4279056,-6.808937,20 Samaná,2020,16,val
-1.7547336,-8.655446,-3.3516777,-9.4190235,20 Samaná,2020,17,val
-0.50585973,-7.647756,-3.3350534,-8.188651,20 Samaná,2020,18,val
0.34176525,-6.5973253,-3.4759245,-9.02196,20 Samaná,2020,19,val
0.6710684,-5.940336,-3.6787934,-8.522078,20 Samaná,2020,20,val
1.7341123,-6.142214,-2.5089023,-10.317108,20 Samaná,2020,21,val
2.1623566,-6.0445776,-2.2893946,-11.349631,20 Samaná,2020,22,val
2.2985096,-5.5402303,-0.44680825,-10.82358,20 Samaná,2020,23,val
2.4752417,-5.5252686,0.4727735,-12.304737,20 Samaná,2020,24,val
2.9781456,-4.756152,0.95889425,-12.440154,20 Samaná,2020,25,val
4.01584,-4.7417173,1.7730991,-12.8594265,20 Samaná,2020,26,val
-0.3499902,-0.8659583,9.060742,-13.844843,20 Samaná,2020,27,val
0.14599115,-0.63235563,8.827314,-13.333478,20 Samaná,2020,28,val
0.38222036,-0.6245767,8.772119,-13.822888,20 Samaná,2020,29,val
1.001497,-0.2119579,9.3819275,-12.894839,20 Samaná,2020,30,val
-3.814509,5.30484,16.498768,-5.2596226,20 Samaná,2020,31,val
0.8178036,0.09871202,7.3808756,-12.720389,20 Samaná,2020,32,val
0.8232855,0.21921802,7.7287087,-12.270704,20 Samaná,2020,33,val
-4.671769,4.7331314,14.58962,-5.251903,20 Samaná,2020,34,val
2.900966,0.0012490387,4.470331,-9.4256735,20 Samaná,2020,35,val
2.428766,0.91107434,5.0787807,-6.9908295,20 Samaná,2020,36,val
2.212632,0.7038958,4.307372,-7.165696,20 Samaná,2020,37,val
1.0175381,11.297485,-0.6004596,5.795106,20 Samaná,2020,38,val
2.7299237,10.351749,-1.8764597,5.593646,20 Samaná,2020,39,val
-0.77510047,11.044113,1.4287385,8.752759,20 Samaná,2020,40,val
1.1513522,9.246703,1.1867727,8.359997,20 Samaná,2020,41,val
0.653575,9.455742,1.6486434,9.384305,20 Samaná,2020,42,val
1.5034311,7.8635697,1.9066081,8.993001,20 Samaná,2020,43,val
-0.79901373,8.206177,3.5496304,9.654833,20 Samaná,2020,44,val
6.15165,-1.3143483,-6.6899533,8.7200165,20 Samaná,2020,45,val
6.510968,-2.4967897,-8.04701,9.205884,20 Samaná,2020,46,val
-2.1546664,5.6656995,4.204952,12.2704735,20 Samaná,2020,47,val
-0.46552917,3.7865276,2.9538102,12.304699,20 Samaná,2020,48,val
-0.14673555,2.141773,1.4983902,12.491448,20 Samaná,2020,49,val
-2.6596272,3.3349333,0.9402922,14.452163,20 Samaná,2020,50,val
-3.3959665,3.3860533,2.7410977,13.201762,20 Samaná,2020,51,val
-8.909398,7.784261,4.6502748,13.146203,20 Samaná,2020,52,val
-10.98355,7.1835093,2.8179727,13.54495,20 Samaná,2021,1,val
-9.668636,6.592668,2.6747515,12.345971,20 Samaná,2021,2,val
-9.382338,5.817501,2.6745503,12.179147,20 Samaná,2021,3,val
-10.07341,4.7628994,1.6911589,11.846792,20 Samaná,2021,4,val
-6.4278264,-0.04258099,-6.294424,11.439194,20 Samaná,2021,5,val
-5.026224,-1.5825205,-7.6354556,8.874351,20 Samaná,2021,6,val
-5.48266,-1.558609,-7.491817,7.802345,20 Samaná,2021,7,val
-5.9325795,-2.235703,-9.6249895,7.743664,20 Samaná,2021,8,val
-9.302178,-8.247986,-6.752656,5.155039,20 Samaná,2021,9,val
-3.9273424,-8.079442,-8.778476,4.775833,20 Samaná,2021,10,val
-5.6740184,-8.246817,-7.7389174,2.2979434,20 Samaná,2021,11,val
-3.2313094,-7.8566723,-9.622604,1.0607574,20 Samaná,2021,12,val
-5.807828,-7.801803,-10.626452,-0.6151391,20 Samaná,2021,13,val
-2.36976,-8.2394,-10.827898,0.5392195,20 Samaná,2021,14,val
-5.6938977,-7.9967813,-11.180788,-2.9211605,20 Samaná,2021,15,val
-2.5278225,-6.5501637,-9.103312,-4.1393423,20 Samaná,2021,16,val
-1.8215873,-6.800771,-9.530623,-4.2185616,20 Samaná,2021,17,val
-1.5760822,-5.8360114,-7.890564,-5.4579945,20 Samaná,2021,18,val
0.5440669,-6.1445193,-7.4615974,-6.0554085,20 Samaná,2021,19,val
0.8146399,-6.1647625,-7.2142434,-5.813375,20 Samaná,2021,20,val
1.3748094,-5.1863565,-5.8293724,-7.527625,20 Samaná,2021,21,val
1.8165301,-5.1244063,-6.0996823,-7.1821747,20 Samaná,2021,22,val
2.4663234,-4.9350863,-5.8600917,-7.8745313,20 Samaná,2021,23,val
2.7260823,-4.19313,-4.123208,-9.551997,20 Samaná,2021,24,val
2.8671365,-3.8066204,-3.538098,-10.015305,20 Samaná,2021,25,val
3.103343,-3.4127624,-2.552491,-10.686732,20 Samaná,2021,26,val
-0.6784612,1.3046036,8.169128,-9.875407,20 Samaná,2021,27,val
-0.21615991,1.4760805,8.765837,-9.84085,20 Samaná,2021,28,val
0.11586966,1.0888786,7.9273148,-10.760466,20 Samaná,2021,29,val
0.3285584,1.0874238,8.243827,-11.144069,20 Samaná,2021,30,val
0.37943918,1.0050347,8.132309,-11.516483,20 Samaná,2021,31,val
-5.3313546,6.035608,16.864864,-4.7583084,20 Samaná,2021,32,val
0.63331395,1.5972745,10.800197,-10.844093,20 Samaná,2021,33,val
-2.939054,11.450142,2.913392,0.21978362,20 Samaná,2021,34,val
1.926534,10.935772,-0.6044605,2.204644,20 Samaná,2021,35,val
0.8172969,11.511954,-1.6727041,4.959051,20 Samaná,2021,36,val
-0.49586803,12.453494,0.22662738,7.6295643,20 Samaná,2021,37,val
0.4061055,11.897635,-0.32411036,6.9745536,20 Samaná,2021,38,val
0.44141555,11.631512,0.55907345,7.332562,20 Samaná,2021,39,val
0.92740035,9.344637,1.4786505,6.1675243,20 Samaná,2021,40,val
7.2607284,1.4860667,-7.464548,6.869444,20 Samaná,2021,41,val
0.9883583,8.588243,2.4620433,8.2810545,20 Samaná,2021,42,val
4.0853195,6.5752096,0.57549316,8.786399,20 Samaná,2021,43,val
1.1798161,7.263138,3.0563807,9.164524,20 Samaná,2021,44,val
3.5497227,4.7860093,2.0301297,8.486443,20 Samaná,2021,45,val
2.4226215,3.8880553,3.6287045,7.7528496,20 Samaná,2021,46,val
1.574394,4.027076,1.6805009,12.045598,20 Samaná,2021,47,val
-2.5764647,-1.954524,5.5743084,9.948286,20 Samaná,2021,48,val
-2.6068792,-2.004648,5.5067015,9.413252,20 Samaná,2021,49,val
-3.0874417,-2.1798782,5.3867493,10.522942,20 Samaná,2021,50,val
-3.5749874,-2.5926764,5.3173738,11.448242,20 Samaná,2021,51,val
-9.727928,-0.46926525,8.102189,6.810772,20 Samaná,2021,52,val
-8.1007595,-4.2809424,12.078251,2.2796853,21 San Cristóbal,2015,1,train
-8.944299,-6.076001,11.855988,2.5857444,21 San Cristóbal,2015,2,train
-6.0971937,-7.5206943,12.28195,4.0511737,21 San Cristóbal,2015,3,train
-8.5110235,-9.9187565,11.058409,2.983666,21 San Cristóbal,2015,4,train
-1.4785943,-13.946647,2.396896,2.9799702,21 San Cristóbal,2015,5,train
-3.4128542,-13.725539,0.97720236,3.810679,21 San Cristóbal,2015,6,train
-4.3771596,-13.34441,0.52521145,2.8884244,21 San Cristóbal,2015,7,train
-5.817012,-14.858944,-0.71960324,1.6494073,21 San Cristóbal,2015,8,train
-4.96502,-14.042325,-2.965018,0.4257561,21 San Cristóbal,2015,9,train
-5.338158,-13.743853,-2.4231863,-1.5521393,21 San Cristóbal,2015,10,train
-6.601447,-14.465994,-2.76279,-3.0923266,21 San Cristóbal,2015,11,train
-6.6959867,-14.930892,-4.037831,-6.199856,21 San Cristóbal,2015,12,train
-4.4288836,-14.03284,-5.3880396,-7.3879395,21 San Cristóbal,2015,13,train
-5.1953435,-12.698168,-7.0957365,-5.8201785,21 San Cristóbal,2015,14,train
-3.34261,-10.980567,-7.4373403,-6.129566,21 San Cristóbal,2015,15,train
-4.994936,-11.192067,-8.388481,-10.10431,21 San Cristóbal,2015,16,train
-3.2267141,-2.2332428,-15.555887,-6.680956,21 San Cristóbal,2015,17,train
-3.9069958,-0.9678675,-15.090623,-7.9496527,21 San Cristóbal,2015,18,train
-3.3442683,0.70923656,-14.258697,-6.2109756,21 San Cristóbal,2015,19,train
-4.7274747,2.654442,-12.430958,-6.9719386,21 San Cristóbal,2015,20,train
-2.1383052,3.1535745,-12.522107,-6.2929816,21 San Cristóbal,2015,21,train
-1.2163972,3.8397985,-12.747459,-6.492472,21 San Cristóbal,2015,22,train
0.019364338,4.1164393,-11.067873,-6.3171806,21 San Cristóbal,2015,23,train
-0.0075454647,5.9589796,-10.657458,-7.3130274,21 San Cristóbal,2015,24,train
0.24845514,7.5523586,-9.077254,-7.3786077,21 San Cristóbal,2015,25,train
1.809102,7.189254,-8.74124,-6.7260323,21 San Cristóbal,2015,26,train
-3.925758,13.282359,4.9991226,-8.008353,21 San Cristóbal,2015,27,train
-4.9835215,14.678288,7.1489472,-8.498211,21 San Cristóbal,2015,28,train
-4.0478935,14.053646,5.972578,-8.209413,21 San Cristóbal,2015,29,train
-4.1367497,14.415196,6.760287,-8.061652,21 San Cristóbal,2015,30,train
-4.3112335,13.680224,5.0263453,-9.417994,21 San Cristóbal,2015,31,train
-3.9138658,13.272342,6.9620433,-9.924664,21 San Cristóbal,2015,32,train
-3.9789133,12.801728,6.2236824,-9.553537,21 San Cristóbal,2015,33,train
-3.4896867,12.441994,7.330422,-8.405262,21 San Cristóbal,2015,34,train
15.162661,2.4403594,-4.905488,-1.6129228,21 San Cristóbal,2015,35,train
9.239269,9.569827,5.7704515,-2.9774752,21 San Cristóbal,2015,36,train
10.125405,8.859705,5.7806892,-2.8413517,21 San Cristóbal,2015,37,train
10.145948,8.398273,8.615542,-2.6746423,21 San Cristóbal,2015,38,train
9.345481,7.6365547,9.7338,-2.5959828,21 San Cristóbal,2015,39,train
10.489677,4.4268894,10.414894,-3.4724765,21 San Cristóbal,2015,40,train
12.696187,2.5105758,9.450714,-3.2316165,21 San Cristóbal,2015,41,train
11.736147,2.4963112,12.176331,-2.8718116,21 San Cristóbal,2015,42,train
11.886582,1.3815172,12.128622,-2.2426553,21 San Cristóbal,2015,43,train
12.046636,0.7839811,12.767984,-0.23638013,21 San Cristóbal,2015,44,train
8.235651,2.2155118,11.761122,2.7393014,21 San Cristóbal,2015,45,train
7.7576513,2.4986787,12.321497,3.3841586,21 San Cristóbal,2015,46,train
10.313389,0.12503168,10.965325,4.9839945,21 San Cristóbal,2015,47,train
6.1795564,-6.682186,11.929916,3.197934,21 San Cristóbal,2015,48,train
2.547211,-3.9642045,13.149463,3.6946979,21 San Cristóbal,2015,49,train
2.4431112,-4.448777,12.951052,4.5766068,21 San Cristóbal,2015,50,train
2.2445025,-5.132528,12.734719,4.8930244,21 San Cristóbal,2015,51,train
-5.402008,-2.145232,15.144128,0.67729276,21 San Cristóbal,2015,52,train
-6.680114,-7.7387705,18.306267,-4.0258956,21 San Cristóbal,2016,1,train
-6.490186,-9.110527,15.945705,-3.8085754,21 San Cristóbal,2016,2,train
-7.2876973,-10.545996,14.58026,-4.8113694,21 San Cristóbal,2016,3,train
-4.2132993,-10.840244,14.043075,-2.8252585,21 San Cristóbal,2016,4,train
-0.7803683,-16.944431,7.5894756,-1.7804571,21 San Cristóbal,2016,5,train
-0.44466376,-15.886864,5.180444,-2.3895452,21 San Cristóbal,2016,6,train
-0.96361756,-16.658503,4.370034,-3.144703,21 San Cristóbal,2016,7,train
-2.6272438,-16.901567,3.8679857,-4.7068243,21 San Cristóbal,2016,8,train
-1.3660079,-15.618615,2.8691268,-5.539756,21 San Cristóbal,2016,9,train
-7.3898535,-16.650164,-2.0576277,-2.6977859,21 San Cristóbal,2016,10,train
-4.1076875,-14.71615,-3.3148127,-5.1989775,21 San Cristóbal,2016,11,train
-3.9036257,-13.714257,-4.379685,-7.388868,21 San Cristóbal,2016,12,train
-3.039793,-14.527096,-5.0818615,-8.408995,21 San Cristóbal,2016,13,train
-0.6112715,-14.158856,-2.893042,-9.118001,21 San Cristóbal,2016,14,train
-3.6824336,-13.167125,-2.026371,-12.112162,21 San Cristóbal,2016,15,train
-1.0905133,-12.41337,-1.6070682,-10.441116,21 San Cristóbal,2016,16,train
13.194304,-13.297898,-5.5438323,-9.758686,21 San Cristóbal,2016,17,train
0.8831764,-2.7429185,-15.727509,-1.4101884,21 San Cristóbal,2016,18,train
-0.28398547,-1.3815571,-13.950735,-1.7215942,21 San Cristóbal,2016,19,train
-0.40973863,1.0217876,-13.30974,-2.1792119,21 San Cristóbal,2016,20,train
0.5169536,1.5535132,-13.555582,-1.2040863,21 San Cristóbal,2016,21,train
7.890983,-3.1905046,-14.472395,-0.58751476,21 San Cristóbal,2016,22,train
1.2613837,4.8494315,-12.251456,-1.4448748,21 San Cristóbal,2016,23,train
-0.11772662,8.486271,-11.632167,-2.852157,21 San Cristóbal,2016,24,train
2.0413675,6.6584854,-11.7950325,0.26687825,21 San Cristóbal,2016,25,train
2.3099542,7.759405,-10.194047,-0.9489148,21 San Cristóbal,2016,26,train
-2.2238789,14.676851,2.0090199,-2.3158858,21 San Cristóbal,2016,27,train
-2.9763339,15.203715,0.849997,-3.7246115,21 San Cristóbal,2016,28,train
-2.4846268,15.1700735,1.5468419,-2.810545,21 San Cristóbal,2016,29,train
-3.1092043,15.156222,1.9979569,-2.4527445,21 San Cristóbal,2016,30,train
-8.589694,15.238333,14.706988,2.5965598,21 San Cristóbal,2016,31,train
-2.857614,16.28242,1.784867,-0.6949349,21 San Cristóbal,2016,32,train
-3.0129285,15.9968405,-0.79049486,-3.1967626,21 San Cristóbal,2016,33,train
-5.197364,17.483606,5.0374746,4.5210886,21 San Cristóbal,2016,34,train
4.3102436,14.791532,-1.8306755,0.99976367,21 San Cristóbal,2016,35,train
4.7098975,15.217617,-1.246645,3.6344151,21 San Cristóbal,2016,36,train
4.565973,14.54557,-2.1509886,1.4000541,21 San Cristóbal,2016,37,train
4.9944806,14.5075865,-0.6759387,3.0381892,21 San Cristóbal,2016,38,train
5.3224306,13.188175,1.1195476,4.80189,21 San Cristóbal,2016,39,train
12.5480795,1.423714,-9.675747,6.0618725,21 San Cristóbal,2016,40,train
4.1970234,11.696967,5.506148,7.6864676,21 San Cristóbal,2016,41,train
2.9189625,10.750026,6.8085375,9.542735,21 San Cristóbal,2016,42,train
4.797174,8.807778,6.075403,9.22607,21 San Cristóbal,2016,43,train
4.5673704,8.092016,6.5469875,10.832385,21 San Cristóbal,2016,44,train
3.2993436,7.3377547,7.5844703,10.488029,21 San Cristóbal,2016,45,train
2.166758,6.688405,8.007298,11.879775,21 San Cristóbal,2016,46,train
1.9441351,4.4174213,7.7154894,13.055182,21 San Cristóbal,2016,47,train
-1.4143647,-3.7571106,8.343145,12.15908,21 San Cristóbal,2016,48,train
-1.0784302,-4.134811,7.9948854,11.326961,21 San Cristóbal,2016,49,train
-1.4277505,-4.1529875,8.090976,10.948306,21 San Cristóbal,2016,50,train
-2.0878673,-4.1363873,8.108405,11.045114,21 San Cristóbal,2016,51,train
-8.33879,-2.4577067,11.5834055,8.461506,21 San Cristóbal,2016,52,train
-8.552401,-3.5391731,11.685482,9.15084,21 San Cristóbal,2017,1,train
-9.741451,-4.856236,9.840321,7.8960333,21 San Cristóbal,2017,2,train
-15.036505,-8.145257,9.985366,7.5794373,21 San Cristóbal,2017,3,train
-12.610554,-8.404315,8.763652,7.725181,21 San Cristóbal,2017,4,train
-5.2582774,-11.6168995,1.5267806,7.299063,21 San Cristóbal,2017,5,train
-3.8997142,-11.980149,-0.7451216,6.2844577,21 San Cristóbal,2017,6,train
-4.8143086,-12.972997,-1.7946339,6.5372515,21 San Cristóbal,2017,7,train
-8.098453,-14.271619,-2.0239854,4.657467,21 San Cristóbal,2017,8,train
-7.635906,-12.160515,-2.957541,2.3939605,21 San Cristóbal,2017,9,train
-5.263452,-12.6463785,-7.3168206,1.9096912,21 San Cristóbal,2017,10,train
-4.789595,-12.729101,-9.445973,0.306167,21 San Cristóbal,2017,11,train
-5.666195,-11.68242,-11.10954,-2.6684904,21 San Cristóbal,2017,12,train
-7.8554296,-11.274724,-11.483027,-5.878702,21 San Cristóbal,2017,13,train
-1.9718457,-12.028097,-7.2656302,-8.859147,21 San Cristóbal,2017,14,train
-5.8674974,-13.057464,-6.5097804,-12.920669,21 San Cristóbal,2017,15,train
6.8309126,-11.568369,-9.84401,-2.1180701,21 San Cristóbal,2017,16,train
2.582385,-10.895308,-8.576421,-7.3772483,21 San Cristóbal,2017,17,train
-1.6500615,-1.8799736,-16.821676,0.36829644,21 San Cristóbal,2017,18,train
-2.2305255,0.86202985,-14.905201,-1.369751,21 San Cristóbal,2017,19,train
-0.34780592,0.52301395,-14.447562,0.7066115,21 San Cristóbal,2017,20,train
-0.6249821,3.3724105,-12.766188,-2.0752587,21 San Cristóbal,2017,21,train
0.11290868,4.25971,-12.868929,-1.022634,21 San Cristóbal,2017,22,train
1.055669,5.007765,-11.607404,-2.6634665,21 San Cristóbal,2017,23,train
0.8834033,6.714971,-10.800947,-2.618508,21 San Cristóbal,2017,24,train
1.936654,7.2303066,-10.42491,-2.165402,21 San Cristóbal,2017,25,train
2.1491864,8.36771,-9.286113,-2.627713,21 San Cristóbal,2017,26,train
-3.2922106,15.758676,1.8236855,-0.6450462,21 San Cristóbal,2017,27,train
-3.5642707,17.001492,3.299521,1.031105,21 San Cristóbal,2017,28,train
-3.3152761,15.445606,0.5703499,-1.9070128,21 San Cristóbal,2017,29,train
-2.2650151,15.699998,1.8710779,-0.80947804,21 San Cristóbal,2017,30,train
-3.3356616,16.028181,2.4222665,-0.09072421,21 San Cristóbal,2017,31,train
-3.038367,16.444479,2.7635887,0.18847483,21 San Cristóbal,2017,32,train
-4.5134883,16.606281,2.7766612,0.09128905,21 San Cristóbal,2017,33,train
-2.7977216,16.12043,2.9924233,-0.16974536,21 San Cristóbal,2017,34,train
4.496907,14.978102,-0.7329078,2.4414177,21 San Cristóbal,2017,35,train
3.5201356,14.630245,2.409391,4.4132543,21 San Cristóbal,2017,36,train
3.7405205,14.7901,2.9205127,4.526462,21 San Cristóbal,2017,37,train
5.486274,13.40786,2.2747078,4.285903,21 San Cristóbal,2017,38,train
4.3553605,13.95595,4.3345275,5.286784,21 San Cristóbal,2017,39,train
3.7890239,13.664306,4.6160707,7.2926083,21 San Cristóbal,2017,40,train
4.537737,12.001407,4.9252944,7.9934573,21 San Cristóbal,2017,41,train
12.226997,-0.10854219,-8.126293,8.098213,21 San Cristóbal,2017,42,train
5.4198055,9.172383,6.2121553,9.237816,21 San Cristóbal,2017,43,train
5.4791555,7.62149,6.146427,9.425312,21 San Cristóbal,2017,44,train
8.861807,-1.9420166,-12.153657,12.247578,21 San Cristóbal,2017,45,train
-1.7610376,8.792299,8.180863,14.05579,21 San Cristóbal,2017,46,train
4.174802,5.473977,6.8694005,12.815859,21 San Cristóbal,2017,47,train
5.0039515,3.985664,6.9606905,12.014506,21 San Cristóbal,2017,48,train
3.888004,3.1934593,6.8144045,12.184673,21 San Cristóbal,2017,49,train
5.3618164,1.8549249,5.263443,13.193137,21 San Cristóbal,2017,50,train
4.175128,1.4132727,5.4670043,11.94769,21 San Cristóbal,2017,51,train
-9.55128,6.09233,6.0594254,9.653172,21 San Cristóbal,2017,52,train
-8.190882,-1.212302,12.181254,10.533357,21 San Cristóbal,2018,1,train
-8.305824,-0.8816499,11.40588,11.515091,21 San Cristóbal,2018,2,train
-7.5995646,-3.70386,10.034715,9.458062,21 San Cristóbal,2018,3,train
-7.989676,-4.290388,8.65444,8.722906,21 San Cristóbal,2018,4,train
-4.751454,-11.300631,0.5543338,7.6795597,21 San Cristóbal,2018,5,train
-3.5376189,-10.631029,-2.1596081,6.32347,21 San Cristóbal,2018,6,train
-5.6303954,-11.343746,-2.5231435,6.331677,21 San Cristóbal,2018,7,train
-7.636269,-12.055326,-2.5144954,4.8570595,21 San Cristóbal,2018,8,train
-8.763498,-14.394255,-5.1788716,5.2076983,21 San Cristóbal,2018,9,train
-7.661958,-14.102826,-9.260666,1.9287794,21 San Cristóbal,2018,10,train
-3.099589,-12.221822,-11.417793,0.62817574,21 San Cristóbal,2018,11,train
-6.456154,-11.847709,-11.142404,-1.8818257,21 San Cristóbal,2018,12,train
-9.780641,-11.90732,-10.872436,-4.515305,21 San Cristóbal,2018,13,train
-3.97156,-11.040622,-12.435685,-5.5205626,21 San Cristóbal,2018,14,train
-3.3542259,-9.584587,-11.801837,-6.0528703,21 San Cristóbal,2018,15,train
-1.6369114,-9.582562,-12.598607,-6.003748,21 San Cristóbal,2018,16,train
-1.0570921,-8.637727,-12.355815,-7.3705196,21 San Cristóbal,2018,17,train
1.1295041,-8.7328825,-12.113197,-5.914612,21 San Cristóbal,2018,18,train
1.1568363,-5.3205047,-14.85486,-5.646313,21 San Cristóbal,2018,19,train
1.7801741,-4.922553,-14.204022,-5.8786426,21 San Cristóbal,2018,20,train
1.1023412,-3.0903153,-13.181465,-7.25938,21 San Cristóbal,2018,21,train
2.0038898,-2.421185,-12.625318,-6.9845552,21 San Cristóbal,2018,22,train
1.4626526,-0.29408628,-11.737153,-7.9614053,21 San Cristóbal,2018,23,train
2.3743215,0.63055134,-11.181653,-7.3864393,21 San Cristóbal,2018,24,train
3.9613636,0.8476817,-10.439821,-6.418763,21 San Cristóbal,2018,25,train
1.1985456,4.8930526,-9.194803,-8.760377,21 San Cristóbal,2018,26,train
-3.9791906,15.599973,5.2338724,-4.756132,21 San Cristóbal,2018,27,train
-2.6499808,14.889593,8.3715925,-1.3826995,21 San Cristóbal,2018,28,train
-1.8158476,14.78275,6.475204,-2.3588557,21 San Cristóbal,2018,29,train
-2.4029179,15.533719,7.704778,-2.0647717,21 San Cristóbal,2018,30,train
-2.621735,15.314328,5.0931864,-4.069349,21 San Cristóbal,2018,31,train
-1.8675046,14.985251,7.4142365,-2.6477108,21 San Cristóbal,2018,32,train
-2.453097,15.201974,8.434724,-2.2924879,21 San Cristóbal,2018,33,train
-2.8088267,15.522983,8.472871,-2.708562,21 San Cristóbal,2018,34,train
5.578835,13.111973,5.800728,1.875255,21 San Cristóbal,2018,35,train
7.3690042,12.824691,4.032286,0.45011583,21 San Cristóbal,2018,36,train
6.4945874,12.333659,5.487693,1.3605314,21 San Cristóbal,2018,37,train
6.703037,12.274103,5.5547495,1.366678,21 San Cristóbal,2018,38,train
6.470511,12.035624,6.3758492,1.9414636,21 San Cristóbal,2018,39,train
7.77036,11.62848,7.2353826,5.1303105,21 San Cristóbal,2018,40,train
16.429464,-1.9682068,-7.7732916,4.747402,21 San Cristóbal,2018,41,train
7.86639,8.76306,6.8569956,5.462321,21 San Cristóbal,2018,42,train
7.9338126,7.8669996,7.222405,5.9905972,21 San Cristóbal,2018,43,train
8.004876,6.8451815,7.700712,6.9837685,21 San Cristóbal,2018,44,train
5.719831,6.150041,8.643481,6.6904726,21 San Cristóbal,2018,45,train
3.3096528,7.299876,11.402735,7.3972244,21 San Cristóbal,2018,46,train
7.001843,4.3055477,9.270571,8.396961,21 San Cristóbal,2018,47,train
6.652744,3.348672,9.387509,8.63615,21 San Cristóbal,2018,48,train
1.0092851,-3.7955928,9.650435,8.805447,21 San Cristóbal,2018,49,train
0.66630745,-3.8536677,10.436416,9.359123,21 San Cristóbal,2018,50,train
1.2875836,-5.712615,10.054742,9.961065,21 San Cristóbal,2018,51,train
-7.6870346,-1.9259111,13.136405,5.5048795,21 San Cristóbal,2018,52,train
-8.087953,-4.0744405,14.066156,5.3337884,21 San Cristóbal,2019,1,train
-8.235589,-6.1161556,12.85896,5.6270814,21 San Cristóbal,2019,2,train
-8.420222,-7.975362,12.60141,5.8662114,21 San Cristóbal,2019,3,train
-7.3215127,-7.9877515,11.425004,5.4979444,21 San Cristóbal,2019,4,train
-2.1732447,-13.800266,1.8403134,4.8040495,21 San Cristóbal,2019,5,train
-1.9240738,-14.45915,2.5116253,1.405171,21 San Cristóbal,2019,6,train
-1.0653774,-14.586984,1.09521,0.18150003,21 San Cristóbal,2019,7,train
-4.7480087,-14.942506,1.106137,-0.9993114,21 San Cristóbal,2019,8,train
-3.1239653,-15.720809,0.25134844,-1.832778,21 San Cristóbal,2019,9,train
-3.6103454,-15.097349,-3.8679388,-0.79578644,21 San Cristóbal,2019,10,train
-5.9318414,-14.793547,-4.5893745,-2.34166,21 San Cristóbal,2019,11,train
-4.7021155,-15.170392,-6.2791734,-4.2246113,21 San Cristóbal,2019,12,train
-0.76622385,-13.842004,-6.96466,-5.1821394,21 San Cristóbal,2019,13,train
-1.6520234,-11.660082,-8.598374,-6.6607957,21 San Cristóbal,2019,14,train
-1.5110749,-11.8380165,-9.172289,-5.604763,21 San Cristóbal,2019,15,train
-1.5117372,-11.118996,-9.14709,-7.8560796,21 San Cristóbal,2019,16,train
-1.6119132,-10.23612,-8.512809,-9.01545,21 San Cristóbal,2019,17,train
-1.5555974,-3.5347364,-15.398925,-3.3875976,21 San Cristóbal,2019,18,train
-1.395413,-0.8687347,-15.171789,-3.6037233,21 San Cristóbal,2019,19,train
-0.46590862,0.66979104,-13.073065,-4.492345,21 San Cristóbal,2019,20,train
1.061636,0.57705456,-14.578803,-2.48488,21 San Cristóbal,2019,21,train
9.23538,-4.0616217,-13.325142,-1.7137893,21 San Cristóbal,2019,22,train
1.8041779,3.6582332,-12.132161,-3.3648825,21 San Cristóbal,2019,23,train
1.7179279,5.156808,-11.048952,-4.039789,21 San Cristóbal,2019,24,train
2.4311326,5.8861313,-9.703739,-4.030581,21 San Cristóbal,2019,25,train
2.867917,7.1912093,-9.462886,-4.5871634,21 San Cristóbal,2019,26,train
-1.1695603,12.783653,8.081223,-8.476961,21 San Cristóbal,2019,27,train
0.21673478,11.05069,9.375175,-6.9923663,21 San Cristóbal,2019,28,train
0.6589823,10.514486,8.599589,-9.896534,21 San Cristóbal,2019,29,train
0.7754297,10.283855,8.465771,-10.877938,21 San Cristóbal,2019,30,train
0.3696745,10.428188,9.989879,-10.186843,21 San Cristóbal,2019,31,train
1.5968081,10.111633,10.45897,-9.281971,21 San Cristóbal,2019,32,train
1.3248442,10.190335,10.497007,-9.421848,21 San Cristóbal,2019,33,train
1.2197236,10.496727,11.705725,-8.789593,21 San Cristóbal,2019,34,train
7.896452,10.282244,4.152687,-6.954194,21 San Cristóbal,2019,35,train
8.86322,8.761091,6.5740595,-5.7514133,21 San Cristóbal,2019,36,train
8.31415,8.918723,6.731302,-4.897807,21 San Cristóbal,2019,37,train
17.653357,-2.1289186,-5.6665053,-2.6591082,21 San Cristóbal,2019,38,train
7.645083,8.687656,10.16154,-0.8106887,21 San Cristóbal,2019,39,train
7.7854543,8.832508,9.559399,1.819824,21 San Cristóbal,2019,40,train
9.180445,7.3059936,7.997495,2.2481575,21 San Cristóbal,2019,41,train
8.9516945,7.090092,8.760189,3.1724486,21 San Cristóbal,2019,42,train
6.9578934,7.0217137,10.30239,3.8542655,21 San Cristóbal,2019,43,train
8.995958,4.636159,7.7210197,4.359211,21 San Cristóbal,2019,44,train
7.7125587,4.8994527,9.218086,5.306209,21 San Cristóbal,2019,45,train
7.128641,4.8661356,10.478061,6.2816944,21 San Cristóbal,2019,46,train
11.175327,1.4833144,8.01317,6.820107,21 San Cristóbal,2019,47,train
11.914824,0.09066871,6.313088,6.350902,21 San Cristóbal,2019,48,train
2.4232836,-4.1459556,12.248844,5.2849035,21 San Cristóbal,2019,49,train
1.6232942,-3.6286902,12.577435,5.3652396,21 San Cristóbal,2019,50,train
1.2154678,-4.275882,11.840338,6.1548963,21 San Cristóbal,2019,51,train
-6.299774,-2.5357583,14.813577,2.9482203,21 San Cristóbal,2019,52,train
-7.6000476,-3.337138,12.675581,3.6318078,21 San Cristóbal,2020,1,val
-8.080244,-4.0980835,12.127068,3.29339,21 San Cristóbal,2020,2,val
-7.6644945,-5.457433,11.714324,3.9274364,21 San Cristóbal,2020,3,val
-6.201903,-6.523408,12.025814,4.4761686,21 San Cristóbal,2020,4,val
-2.3434584,-13.464628,2.8689609,3.841062,21 San Cristóbal,2020,5,val
-1.0281211,-13.175128,1.404205,1.7107307,21 San Cristóbal,2020,6,val
-2.2286487,-13.055317,0.18818505,0.9464417,21 San Cristóbal,2020,7,val
-1.3654331,-14.105974,-1.2055944,0.14300175,21 San Cristóbal,2020,8,val
-2.4419603,-14.553456,-1.8268701,-1.1192194,21 San Cristóbal,2020,9,val
-0.53035027,-14.913672,-2.6253817,-3.2356465,21 San Cristóbal,2020,10,val
-2.679365,-16.047127,-3.3317716,-4.72569,21 San Cristóbal,2020,11,val
-4.9621725,-14.775998,-3.8662558,-6.999283,21 San Cristóbal,2020,12,val
-0.4729568,-14.289171,-5.540694,-7.5682125,21 San Cristóbal,2020,13,val
-4.308939,-14.381435,-7.0700674,-10.139767,21 San Cristóbal,2020,14,val
0.49240297,-12.039686,-6.8547482,-8.888645,21 San Cristóbal,2020,15,val
-0.5122752,-10.978649,-6.16771,-10.23166,21 San Cristóbal,2020,16,val
0.5561128,-11.268024,-5.891301,-11.13303,21 San Cristóbal,2020,17,val
1.4566547,-10.5543,-5.6631804,-10.492144,21 San Cristóbal,2020,18,val
-0.85644025,-0.32705897,-14.481215,-0.48225495,21 San Cristóbal,2020,19,val
-0.33598825,0.6421891,-14.825315,0.030166864,21 San Cristóbal,2020,20,val
-0.31472692,2.7361739,-13.093062,-1.0597442,21 San Cristóbal,2020,21,val
0.15538932,3.9644842,-12.9015255,-0.7627966,21 San Cristóbal,2020,22,val
-0.17360018,7.053064,-12.051259,-2.4340918,21 San Cristóbal,2020,23,val
0.39840972,8.283593,-11.416072,-2.2647212,21 San Cristóbal,2020,24,val
1.4508857,8.511617,-10.516585,-1.8973758,21 San Cristóbal,2020,25,val
0.6651708,11.515417,-9.12718,-2.4979107,21 San Cristóbal,2020,26,val
-2.7612293,15.635271,1.6746402,-0.71624863,21 San Cristóbal,2020,27,val
-3.1354053,16.18895,1.807218,-0.5803451,21 San Cristóbal,2020,28,val
-3.542829,16.885458,1.9712077,-0.07735649,21 San Cristóbal,2020,29,val
-3.164364,16.405293,2.113941,-0.009821904,21 San Cristóbal,2020,30,val
-9.037802,14.672441,12.626289,1.778273,21 San Cristóbal,2020,31,val
-2.952199,16.890411,0.35604152,0.3404542,21 San Cristóbal,2020,32,val
-3.115707,15.720051,-1.1930109,-1.4083982,21 San Cristóbal,2020,33,val
-6.7806406,16.39611,12.867878,5.422893,21 San Cristóbal,2020,34,val
2.7820485,15.41104,-2.4716644,1.9024413,21 San Cristóbal,2020,35,val
1.618828,16.665916,-0.078048855,7.437208,21 San Cristóbal,2020,36,val
3.012237,16.096514,-0.38094398,5.262394,21 San Cristóbal,2020,37,val
4.581355,15.325022,-1.2217733,4.618823,21 San Cristóbal,2020,38,val
5.8862615,13.950801,-2.0749168,4.185934,21 San Cristóbal,2020,39,val
8.721516,3.6237116,-14.437582,10.20214,21 San Cristóbal,2020,40,val
4.1363564,12.599322,2.4060817,10.596809,21 San Cristóbal,2020,41,val
3.3656538,11.856538,4.0644684,10.871398,21 San Cristóbal,2020,42,val
4.5728617,9.967365,4.8318524,11.035945,21 San Cristóbal,2020,43,val
1.8942691,9.630086,5.6421485,12.147112,21 San Cristóbal,2020,44,val
10.339405,-2.3884034,-8.045347,10.978208,21 San Cristóbal,2020,45,val
10.504612,-3.4152448,-9.926288,11.022166,21 San Cristóbal,2020,46,val
0.7701299,5.872022,7.148091,14.033413,21 San Cristóbal,2020,47,val
3.9802866,3.5361834,6.0277495,13.569249,21 San Cristóbal,2020,48,val
3.1388273,2.2850683,4.856308,14.1048765,21 San Cristóbal,2020,49,val
-3.4401133,-3.3831666,7.899419,13.852868,21 San Cristóbal,2020,50,val
-3.1243806,-4.0708346,7.367528,12.748559,21 San Cristóbal,2020,51,val
-9.70836,-1.1796522,11.012222,10.4172945,21 San Cristóbal,2020,52,val
-11.887987,-2.6503944,10.035765,9.985752,21 San Cristóbal,2021,1,val
-9.780384,-2.9006286,9.937022,11.241853,21 San Cristóbal,2021,2,val
-10.224684,-3.846371,8.868265,9.72615,21 San Cristóbal,2021,3,val
-11.681935,-4.9467983,7.547693,8.555537,21 San Cristóbal,2021,4,val
-4.444766,-10.118696,-1.969195,8.875109,21 San Cristóbal,2021,5,val
-4.823059,-10.590566,-3.386832,7.7829022,21 San Cristóbal,2021,6,val
-5.495259,-11.205699,-5.0060124,6.810649,21 San Cristóbal,2021,7,val
-7.0156655,-11.014671,-5.4133244,5.30464,21 San Cristóbal,2021,8,val
-7.3463254,-12.105438,-8.118435,4.730312,21 San Cristóbal,2021,9,val
-6.207413,-12.103174,-8.642727,3.772685,21 San Cristóbal,2021,10,val
-8.061175,-12.566704,-8.589607,1.1495491,21 San Cristóbal,2021,11,val
-2.8900986,-10.7616,-11.866193,0.69831336,21 San Cristóbal,2021,12,val
-2.4161465,-10.200314,-12.725996,-1.5201273,21 San Cristóbal,2021,13,val
-2.1387563,-10.860027,-12.888053,-1.1928748,21 San Cristóbal,2021,14,val
-6.5882373,-11.265524,-12.870889,-6.6466613,21 San Cristóbal,2021,15,val
-0.8920149,-9.231291,-12.1268635,-6.329268,21 San Cristóbal,2021,16,val
-1.0864376,-8.769325,-11.526722,-6.8442793,21 San Cristóbal,2021,17,val
-3.213822,-2.2508154,-16.061308,-1.6948155,21 San Cristóbal,2021,18,val
-0.87371844,-2.5233634,-15.11718,-1.6448348,21 San Cristóbal,2021,19,val
-1.4280045,-0.43418252,-15.0111685,-1.2300805,21 San Cristóbal,2021,20,val
-0.35510713,0.71955764,-13.682096,-2.0428064,21 San Cristóbal,2021,21,val
0.78912365,0.8943123,-13.992809,-0.65710425,21 San Cristóbal,2021,22,val
1.1211361,2.6516018,-12.973901,-2.425542,21 San Cristóbal,2021,23,val
1.3293219,4.6166983,-10.905949,-3.737668,21 San Cristóbal,2021,24,val
2.217991,4.6667547,-10.947202,-2.7158222,21 San Cristóbal,2021,25,val
7.4442387,-0.57221067,-11.892778,-0.8511113,21 San Cristóbal,2021,26,val
-3.416332,16.271624,2.7640758,0.49273068,21 San Cristóbal,2021,27,val
-3.6528637,16.187336,2.6266327,1.2623715,21 San Cristóbal,2021,28,val
-2.804087,16.012238,1.780419,-0.07598264,21 San Cristóbal,2021,29,val
-3.0961125,16.877722,2.6942377,1.1081073,21 San Cristóbal,2021,30,val
-2.8739514,17.020334,1.8280121,0.013014096,21 San Cristóbal,2021,31,val
-9.021641,15.762186,14.130264,3.3230054,21 San Cristóbal,2021,32,val
-8.811165,15.908063,14.544028,3.6683242,21 San Cristóbal,2021,33,val
-2.830913,15.315762,0.7283335,-2.9361806,21 San Cristóbal,2021,34,val
4.105703,15.478157,-0.6287315,1.4005402,21 San Cristóbal,2021,35,val
3.2711368,15.580399,-2.615905,2.4733562,21 San Cristóbal,2021,36,val
2.7517817,15.853232,0.14721349,5.810276,21 San Cristóbal,2021,37,val
3.9627464,14.695888,-1.3806365,3.479081,21 San Cristóbal,2021,38,val
5.0477514,14.740435,0.3565115,7.2436857,21 San Cristóbal,2021,39,val
5.150259,13.050259,1.2003804,7.6996875,21 San Cristóbal,2021,40,val
2.8518,12.990271,3.938944,10.291176,21 San Cristóbal,2021,41,val
2.2670987,12.573868,4.0846343,10.896729,21 San Cristóbal,2021,42,val
5.6983476,9.300286,4.496664,10.485286,21 San Cristóbal,2021,43,val
4.286505,8.311249,5.6542535,10.351091,21 San Cristóbal,2021,44,val
6.4379272,6.2559566,4.6353784,10.545281,21 San Cristóbal,2021,45,val
8.22233,3.4720342,2.3902497,9.373129,21 San Cristóbal,2021,46,val
6.0064163,3.9980834,5.6253486,11.855025,21 San Cristóbal,2021,47,val
-1.1637928,-3.6800735,6.6617827,11.102031,21 San Cristóbal,2021,48,val
-1.1882948,-4.1809464,6.169093,10.844727,21 San Cristóbal,2021,49,val
-1.3080491,-4.685198,6.445626,11.221005,21 San Cristóbal,2021,50,val
-2.4674406,-4.32335,7.874545,13.547316,21 San Cristóbal,2021,51,val
-11.431787,-2.2251184,9.844865,7.0095973,21 San Cristóbal,2021,52,val
-15.22728,-6.2153916,16.056244,1.7147006,22 San Juan,2015,1,train
-17.522102,-9.18135,16.67857,1.8140776,22 San Juan,2015,2,train
-12.780561,-8.91172,13.7814045,2.1006377,22 San Juan,2015,3,train
-14.8774395,-11.479419,13.537677,1.6850171,22 San Juan,2015,4,train
-6.273284,-17.42348,6.216512,4.1306233,22 San Juan,2015,5,train
-9.012929,-16.749458,3.7937953,4.2354836,22 San Juan,2015,6,train
-7.7836533,-15.4458275,1.9545801,3.027391,22 San Juan,2015,7,train
-7.48052,-15.1387005,-0.5508447,1.459645,22 San Juan,2015,8,train
-10.467309,-18.283785,-1.1445736,0.12733918,22 San Juan,2015,9,train
-13.253153,-20.738762,-0.2592989,-2.4848845,22 San Juan,2015,10,train
-14.021504,-19.923513,-0.90421164,-4.15335,22 San Juan,2015,11,train
5.9369316,-12.852943,-5.7390647,-1.1247001,22 San Juan,2015,12,train
-4.864894,-15.837807,-5.275527,-4.6187134,22 San Juan,2015,13,train
-6.239281,-15.029305,-7.202728,-4.160995,22 San Juan,2015,14,train
-7.984799,-14.738481,-7.1718407,-6.219107,22 San Juan,2015,15,train
-9.4753685,-14.426187,-7.40462,-9.381005,22 San Juan,2015,16,train
-5.8505654,-11.967821,-7.3814297,-9.404319,22 San Juan,2015,17,train
-11.022196,0.8124105,-16.28635,-11.651526,22 San Juan,2015,18,train
-9.4745245,1.9989922,-17.540218,-8.199056,22 San Juan,2015,19,train
-7.7670794,3.043804,-16.492224,-7.871271,22 San Juan,2015,20,train
-3.9545927,2.9745953,-15.198619,-6.5225196,22 San Juan,2015,21,train
-3.4185703,4.043436,-15.293231,-7.0813484,22 San Juan,2015,22,train
-1.3922738,4.307313,-13.195428,-8.547516,22 San Juan,2015,23,train
-2.986042,7.54488,-12.585709,-10.673877,22 San Juan,2015,24,train
-1.7046263,7.7869477,-11.364171,-9.713801,22 San Juan,2015,25,train
0.0044734967,8.184531,-10.584571,-9.139474,22 San Juan,2015,26,train
-11.000213,17.539747,8.585868,-12.541245,22 San Juan,2015,27,train
-10.57335,17.617628,9.242504,-12.042356,22 San Juan,2015,28,train
-10.18999,17.937222,10.599589,-11.435222,22 San Juan,2015,29,train
-9.576846,17.006655,9.779263,-11.522892,22 San Juan,2015,30,train
-11.959636,17.92307,8.46537,-14.528983,22 San Juan,2015,31,train
-9.358003,15.315823,8.790108,-12.0309,22 San Juan,2015,32,train
-9.861628,15.56281,10.786469,-11.693488,22 San Juan,2015,33,train
-8.732097,14.913383,11.703388,-12.203103,22 San Juan,2015,34,train
17.483103,4.225325,-2.3265288,0.3026182,22 San Juan,2015,35,train
14.050629,9.845468,5.1129847,-1.1435779,22 San Juan,2015,36,train
14.847107,9.347744,5.020782,-0.71022195,22 San Juan,2015,37,train
16.508879,7.7773643,6.315033,-1.0234555,22 San Juan,2015,38,train
13.257493,6.826484,8.584064,-1.7749333,22 San Juan,2015,39,train
16.863949,3.699247,9.531149,-0.21813242,22 San Juan,2015,40,train
17.2429,2.6936054,8.51395,-0.5639667,22 San Juan,2015,41,train
16.88399,0.90654576,10.626575,-1.4355234,22 San Juan,2015,42,train
17.595575,-1.2659076,12.826579,-0.44262788,22 San Juan,2015,43,train
17.416355,-1.7982748,11.810566,0.70278776,22 San Juan,2015,44,train
14.858228,-0.90609664,10.17361,4.0707192,22 San Juan,2015,45,train
15.172009,-1.7135285,10.278836,5.64058,22 San Juan,2015,46,train
15.666487,-2.3713732,9.321167,6.8087573,22 San Juan,2015,47,train
10.39723,-10.1133,10.365886,5.020233,22 San Juan,2015,48,train
7.320084,-8.482312,10.86108,5.6458387,22 San Juan,2015,49,train
7.5419874,-9.73987,10.574133,6.7846837,22 San Juan,2015,50,train
6.591165,-9.91539,10.489137,6.9923024,22 San Juan,2015,51,train
-14.31899,-4.2795515,17.623611,-1.0733767,22 San Juan,2015,52,train
-14.630752,-9.759912,19.695776,-6.5840282,22 San Juan,2016,1,train
-15.146485,-12.687233,20.067793,-6.0817494,22 San Juan,2016,2,train
-14.599124,-13.581381,17.646069,-6.5988746,22 San Juan,2016,3,train
-11.191132,-13.197621,15.750999,-4.729681,22 San Juan,2016,4,train
-7.759631,-20.93707,10.133915,-2.8344955,22 San Juan,2016,5,train
-6.3783574,-17.525923,7.4270325,-2.919006,22 San Juan,2016,6,train
-7.946188,-20.719315,7.6955643,-3.707946,22 San Juan,2016,7,train
-8.089004,-21.01961,6.9472895,-5.441556,22 San Juan,2016,8,train
8.452588,-14.047174,-1.6049073,-1.6241993,22 San Juan,2016,9,train
-13.103444,-22.036541,-0.47628284,-2.1528432,22 San Juan,2016,10,train
-4.7867613,-16.458279,-3.6100621,-3.4828126,22 San Juan,2016,11,train
-8.721031,-17.818542,-3.8497598,-5.5643196,22 San Juan,2016,12,train
-5.9796987,-16.524977,-4.4466276,-6.6271696,22 San Juan,2016,13,train
0.88946164,-14.466989,-2.3214467,-8.2846775,22 San Juan,2016,14,train
-4.762877,-16.44999,-1.3860208,-10.75537,22 San Juan,2016,15,train
-0.8067515,-14.493218,-1.7600269,-8.556592,22 San Juan,2016,16,train
9.444701,-12.738736,-5.465734,-5.024965,22 San Juan,2016,17,train
-1.2174675,-2.6725302,-16.625452,0.50375175,22 San Juan,2016,18,train
-3.1299164,-0.13343456,-17.528605,1.5658194,22 San Juan,2016,19,train
-3.455286,1.9721538,-15.712987,-2.1275501,22 San Juan,2016,20,train
-1.8927664,2.2266839,-16.347994,1.064364,22 San Juan,2016,21,train
-1.5604514,4.133845,-15.63111,1.6474209,22 San Juan,2016,22,train
-3.3678093,8.023106,-15.079011,-1.1864128,22 San Juan,2016,23,train
-4.1227145,10.528659,-14.154098,-3.0504198,22 San Juan,2016,24,train
-2.5859432,11.427939,-14.716523,0.8102452,22 San Juan,2016,25,train
-0.80978364,11.677443,-12.878195,0.7621925,22 San Juan,2016,26,train
-9.757643,19.903433,4.1764174,-2.9801214,22 San Juan,2016,27,train
-10.382116,19.830002,3.3202698,-4.4423485,22 San Juan,2016,28,train
-9.723199,19.548365,3.5780644,-3.3102722,22 San Juan,2016,29,train
-9.942986,19.585707,4.0437407,-2.9752429,22 San Juan,2016,30,train
-9.685337,19.725994,5.1219664,-1.1189923,22 San Juan,2016,31,train
-8.970063,19.55851,2.368014,0.27261713,22 San Juan,2016,32,train
-12.827445,21.979538,1.4288361,-5.361126,22 San Juan,2016,33,train
-11.751839,20.29328,4.5746884,4.664267,22 San Juan,2016,34,train
9.371505,15.765947,-3.9139106,5.6898875,22 San Juan,2016,35,train
8.99473,15.808834,-4.276269,7.66511,22 San Juan,2016,36,train
9.478106,15.336685,-3.5384016,7.5116997,22 San Juan,2016,37,train
8.618478,14.158548,-2.6777096,7.206545,22 San Juan,2016,38,train
10.541356,12.319541,-1.6873815,7.713981,22 San Juan,2016,39,train
14.246221,1.7080338,-7.2906895,8.511799,22 San Juan,2016,40,train
5.3936963,11.345059,1.9702564,11.642892,22 San Juan,2016,41,train
3.4704351,10.357948,2.8393457,13.554426,22 San Juan,2016,42,train
4.931115,8.865323,2.9793887,14.04575,22 San Juan,2016,43,train
7.278816,6.6514974,2.4291048,15.196813,22 San Juan,2016,44,train
2.7475107,6.59721,5.032562,13.326267,22 San Juan,2016,45,train
1.6838473,5.172825,5.473461,14.824359,22 San Juan,2016,46,train
4.5288982,2.1573913,3.406456,18.196802,22 San Juan,2016,47,train
5.538728,1.8763815,2.7084358,18.821115,22 San Juan,2016,48,train
8.662407,0.28029105,2.1095276,19.231184,22 San Juan,2016,49,train
5.681441,0.43034592,3.4657166,16.83129,22 San Juan,2016,50,train
6.9884715,-0.60993063,2.7115846,16.864077,22 San Juan,2016,51,train
-17.904556,7.5302825,6.0658627,10.017628,22 San Juan,2016,52,train
-20.139149,6.973264,5.147222,8.7597475,22 San Juan,2017,1,train
-26.017715,6.0717497,4.358553,12.096447,22 San Juan,2017,2,train
-26.561487,-9.986047,11.739665,7.6956487,22 San Juan,2017,3,train
-24.804823,-10.353636,10.435824,7.66066,22 San Juan,2017,4,train
-13.702032,-14.410266,3.3566535,8.172958,22 San Juan,2017,5,train
-13.463409,-14.540107,2.40684,7.5118084,22 San Juan,2017,6,train
-14.537078,-15.943183,0.7269283,8.647972,22 San Juan,2017,7,train
-17.07577,-16.86953,-0.35682315,5.9020185,22 San Juan,2017,8,train
-17.795866,-16.370108,-0.91586363,1.6508281,22 San Juan,2017,9,train
-17.664932,-16.318892,-4.9274044,1.3538438,22 San Juan,2017,10,train
-14.94943,-15.558837,-7.916472,-0.10991329,22 San Juan,2017,11,train
4.9127836,-13.353946,-10.465575,0.8581271,22 San Juan,2017,12,train
-11.9957285,-14.5316515,-12.695684,-3.2716677,22 San Juan,2017,13,train
-8.238213,-15.14555,-7.0647593,-8.396627,22 San Juan,2017,14,train
-11.963261,-16.74955,-7.899342,-8.314767,22 San Juan,2017,15,train
6.2993345,-12.086632,-8.9388685,-2.2613993,22 San Juan,2017,16,train
0.74123436,-11.550559,-8.974922,-4.4205804,22 San Juan,2017,17,train
-0.51908517,-12.434276,-8.307892,-6.7489095,22 San Juan,2017,18,train
-1.6537993,-12.395682,-8.00571,-9.909976,22 San Juan,2017,19,train
-5.961706,3.173966,-17.370502,2.6486294,22 San Juan,2017,20,train
-8.945356,8.677181,-18.060253,-1.7870759,22 San Juan,2017,21,train
-8.413082,10.598068,-17.366764,-1.8781632,22 San Juan,2017,22,train
-7.0481133,11.535596,-15.612517,-4.0915084,22 San Juan,2017,23,train
-5.8839817,12.147275,-14.408817,-3.6810052,22 San Juan,2017,24,train
-5.4290733,13.451712,-13.195348,-4.3256965,22 San Juan,2017,25,train
-4.4772506,14.855587,-12.403079,-4.332571,22 San Juan,2017,26,train
-13.358249,21.227936,0.9048184,-4.896669,22 San Juan,2017,27,train
-11.997508,21.24494,1.2981614,-2.4340591,22 San Juan,2017,28,train
-13.595419,21.368483,-0.025412776,-6.6292205,22 San Juan,2017,29,train
-10.509493,20.642103,1.315974,-3.3402178,22 San Juan,2017,30,train
-11.995684,19.499378,-0.03247358,-6.5890703,22 San Juan,2017,31,train
-11.20981,20.5331,1.1248808,-3.8010495,22 San Juan,2017,32,train
-13.167013,20.105541,-0.3777007,-7.979006,22 San Juan,2017,33,train
-12.373773,20.363483,1.4811114,-3.814014,22 San Juan,2017,34,train
10.5728245,15.54061,-5.172986,2.9399536,22 San Juan,2017,35,train
9.436286,14.235725,-2.5901453,7.5809584,22 San Juan,2017,36,train
14.663029,6.7737536,-5.380142,4.958319,22 San Juan,2017,37,train
10.201562,12.463869,-0.91910845,5.7171216,22 San Juan,2017,38,train
11.688176,12.586256,-0.49804127,8.482033,22 San Juan,2017,39,train
9.566316,11.8703,-0.028106993,10.310416,22 San Juan,2017,40,train
10.304816,10.337834,0.63683534,11.217901,22 San Juan,2017,41,train
11.309005,7.8346496,1.4832174,10.655292,22 San Juan,2017,42,train
13.146184,6.767293,0.7496538,12.446977,22 San Juan,2017,43,train
12.295566,5.028866,1.3129371,12.268064,22 San Juan,2017,44,train
13.964336,-1.5573384,-3.149181,13.082199,22 San Juan,2017,45,train
12.798492,-3.1751003,-3.8586805,13.911723,22 San Juan,2017,46,train
7.002801,3.1481588,1.8805314,18.524605,22 San Juan,2017,47,train
1.7486036,-7.116024,5.429616,16.314585,22 San Juan,2017,48,train
1.5735127,-7.531507,5.1406484,16.253925,22 San Juan,2017,49,train
2.923758,-8.926837,4.6260133,15.795487,22 San Juan,2017,50,train
3.230379,-10.087579,4.4857993,15.738772,22 San Juan,2017,51,train
-21.950403,-3.5304263,12.603378,4.467058,22 San Juan,2017,52,train
-16.48568,-1.5489807,12.394413,10.456737,22 San Juan,2018,1,train
-15.898658,-3.047059,11.167547,10.4704,22 San Juan,2018,2,train
-16.23783,-5.2721734,9.935476,8.073091,22 San Juan,2018,3,train
-17.18533,-6.0523605,8.557803,6.054278,22 San Juan,2018,4,train
-14.575628,-13.6987095,1.9324391,10.132172,22 San Juan,2018,5,train
-17.129078,-14.910192,2.6411536,5.3072357,22 San Juan,2018,6,train
-17.384857,-15.622725,1.2494464,5.4657893,22 San Juan,2018,7,train
-18.985146,-14.619641,0.41587356,3.3676674,22 San Juan,2018,8,train
-20.930037,-18.494509,-1.9897059,5.1226177,22 San Juan,2018,9,train
-21.311049,-16.166357,-5.577977,1.3595698,22 San Juan,2018,10,train
-17.80857,-14.4196615,-7.977572,-1.3848774,22 San Juan,2018,11,train
-13.9641075,-13.445997,-10.575612,-2.205721,22 San Juan,2018,12,train
-22.246517,-14.328802,-10.012251,-4.774596,22 San Juan,2018,13,train
-13.555884,-13.475488,-9.844269,-6.9154367,22 San Juan,2018,14,train
-12.720647,-13.410492,-10.812969,-7.535552,22 San Juan,2018,15,train
-10.659922,-12.922091,-11.964851,-8.110025,22 San Juan,2018,16,train
-9.711584,-12.128966,-12.450767,-8.780025,22 San Juan,2018,17,train
-9.190441,-3.3254373,-17.803291,-2.8204694,22 San Juan,2018,18,train
-4.9764094,-4.0213075,-16.018566,-7.860889,22 San Juan,2018,19,train
-6.535562,-1.9437588,-14.174043,-10.586654,22 San Juan,2018,20,train
-7.9323716,0.931301,-13.483721,-13.418214,22 San Juan,2018,21,train
-6.271081,2.2395048,-13.279807,-13.3265705,22 San Juan,2018,22,train
-7.9975166,5.6674666,-12.673186,-15.907224,22 San Juan,2018,23,train
-5.051155,5.5262823,-12.310871,-14.187796,22 San Juan,2018,24,train
-1.9874891,5.1716285,-11.910537,-12.398412,22 San Juan,2018,25,train
-4.217988,9.705219,-10.99179,-14.71914,22 San Juan,2018,26,train
-13.964158,20.092394,5.2033057,-12.567351,22 San Juan,2018,27,train
-12.438008,20.177992,6.919105,-10.474372,22 San Juan,2018,28,train
-11.296543,19.279242,6.2532687,-10.082572,22 San Juan,2018,29,train
-12.174412,19.981888,7.429953,-9.965873,22 San Juan,2018,30,train
-11.544297,20.373192,6.405603,-10.699258,22 San Juan,2018,31,train
-13.127111,20.527739,8.084633,-11.747776,22 San Juan,2018,32,train
-11.0683565,18.933584,7.683786,-10.244579,22 San Juan,2018,33,train
-10.130298,18.318718,8.372927,-8.919955,22 San Juan,2018,34,train
12.352017,12.893447,-0.28966463,0.94632083,22 San Juan,2018,35,train
14.415913,12.604823,0.46096575,1.3369873,22 San Juan,2018,36,train
15.7348585,11.916751,-0.14095618,2.1566482,22 San Juan,2018,37,train
14.953273,11.173342,1.6752557,3.0494637,22 San Juan,2018,38,train
14.686458,10.19323,1.0713212,2.8895884,22 San Juan,2018,39,train
13.95778,9.634628,3.1544487,6.1203127,22 San Juan,2018,40,train
13.176503,9.060727,4.8479714,7.0438423,22 San Juan,2018,41,train
16.708487,6.1692863,2.8477232,7.7642665,22 San Juan,2018,42,train
16.432907,5.1222816,2.8612244,8.051108,22 San Juan,2018,43,train
16.9489,4.0326743,3.483834,9.320982,22 San Juan,2018,44,train
16.275639,2.4613073,3.972683,9.512098,22 San Juan,2018,45,train
13.828537,1.9400395,5.0244336,9.206571,22 San Juan,2018,46,train
15.314342,0.48679453,5.0544243,10.392586,22 San Juan,2018,47,train
14.519745,-0.5650447,5.315276,10.475432,22 San Juan,2018,48,train
7.275975,-9.270574,6.7582645,11.8989725,22 San Juan,2018,49,train
7.2882233,-10.095205,7.3653793,12.685941,22 San Juan,2018,50,train
6.5560493,-11.033528,7.5127416,12.912129,22 San Juan,2018,51,train
-18.060442,-2.8550541,15.528943,2.3396716,22 San Juan,2018,52,train
-20.031563,-6.4925866,16.190067,1.3619053,22 San Juan,2019,1,train
-21.154524,-9.261845,15.896161,1.63883,22 San Juan,2019,2,train
-18.536942,-10.156661,14.25325,2.178928,22 San Juan,2019,3,train
-21.357439,-11.9935055,13.1551695,0.445572,22 San Juan,2019,4,train
-9.308766,-16.853802,5.738394,4.7403274,22 San Juan,2019,5,train
-12.933788,-19.585457,7.4155455,0.13420852,22 San Juan,2019,6,train
-11.32761,-19.94,5.944132,-0.44525516,22 San Juan,2019,7,train
-15.0555525,-21.087803,5.2634244,-2.819681,22 San Juan,2019,8,train
-14.677077,-21.430157,4.797229,-3.9622283,22 San Juan,2019,9,train
-13.921594,-19.296259,-0.3250289,-2.646671,22 San Juan,2019,10,train
-17.637686,-20.589405,-0.8358871,-5.843909,22 San Juan,2019,11,train
-14.900948,-18.74184,-3.0301967,-8.48603,22 San Juan,2019,12,train
7.820659,-13.483606,-7.861033,-1.331278,22 San Juan,2019,13,train
-9.0017,-16.786747,-8.097467,-6.041265,22 San Juan,2019,14,train
-10.349887,-15.592066,-7.4866796,-9.366618,22 San Juan,2019,15,train
-11.038398,-15.070672,-7.099527,-11.376256,22 San Juan,2019,16,train
-5.1452556,-14.241838,-8.71299,-7.699457,22 San Juan,2019,17,train
-7.813412,-2.0961673,-18.43787,-3.1653504,22 San Juan,2019,18,train
-8.984147,2.477293,-17.284489,-5.67784,22 San Juan,2019,19,train
-10.446918,5.9017835,-17.55155,-7.973559,22 San Juan,2019,20,train
-4.007287,2.8562837,-16.900784,-2.5078406,22 San Juan,2019,21,train
8.956173,-4.6675515,-12.7797365,-2.0289242,22 San Juan,2019,22,train
-3.0354931,6.902902,-15.89631,-3.2382,22 San Juan,2019,23,train
-3.2983406,9.128789,-14.224866,-6.282885,22 San Juan,2019,24,train
-4.5319076,11.926513,-11.195209,-10.398296,22 San Juan,2019,25,train
-2.8757567,12.746792,-9.919451,-11.6122465,22 San Juan,2019,26,train
-8.942045,15.449401,8.293833,-19.431278,22 San Juan,2019,27,train
-6.564311,13.952238,9.427333,-19.84798,22 San Juan,2019,28,train
-5.6456113,13.182482,8.146995,-20.441988,22 San Juan,2019,29,train
-5.8811693,12.886873,7.2388873,-21.0709,22 San Juan,2019,30,train
-4.0525646,12.665403,10.842011,-18.029821,22 San Juan,2019,31,train
-4.5040145,12.868782,7.6909027,-19.68785,22 San Juan,2019,32,train
-5.752992,12.692578,6.3850636,-18.865175,22 San Juan,2019,33,train
-4.0830393,12.008693,8.407772,-16.343618,22 San Juan,2019,34,train
13.928508,10.517648,0.23884068,-6.316316,22 San Juan,2019,35,train
15.577409,8.412658,3.2599173,-4.8902507,22 San Juan,2019,36,train
15.050804,8.633191,4.4004245,-3.2629294,22 San Juan,2019,37,train
20.47375,-1.3475217,-3.6595438,-0.8375801,22 San Juan,2019,38,train
19.886978,-2.6080928,-5.615573,1.0911714,22 San Juan,2019,39,train
20.191813,-0.70925987,-3.1101897,3.7227876,22 San Juan,2019,40,train
16.26398,7.078306,5.8998256,5.4084783,22 San Juan,2019,41,train
16.453512,5.738,5.9966564,5.97083,22 San Juan,2019,42,train
15.278988,4.495561,6.9084835,6.774884,22 San Juan,2019,43,train
16.02325,2.696289,5.9423213,6.8356533,22 San Juan,2019,44,train
15.186048,2.0346014,6.2280045,7.1744804,22 San Juan,2019,45,train
13.785052,0.9165979,7.880696,7.5977454,22 San Juan,2019,46,train
15.777253,-1.3757033,7.5867596,8.755149,22 San Juan,2019,47,train
16.793518,-2.1803102,6.6261992,8.837565,22 San Juan,2019,48,train
6.7590804,-8.489065,9.722603,6.4921784,22 San Juan,2019,49,train
6.717001,-9.49783,8.4962015,7.6349907,22 San Juan,2019,50,train
5.428645,-9.61863,8.924739,7.967771,22 San Juan,2019,51,train
-14.055355,-3.722477,17.829441,0.6924571,22 San Juan,2019,52,train
-16.484936,-5.039713,15.613785,1.1485535,22 San Juan,2020,1,val
-18.199583,-6.495352,14.628059,0.13546719,22 San Juan,2020,2,val
-19.445501,-8.701539,13.24795,0.13125421,22 San Juan,2020,3,val
-14.689386,-9.453789,14.341494,2.1247501,22 San Juan,2020,4,val
-9.335822,-16.297665,5.8042383,3.519099,22 San Juan,2020,5,val
-9.82349,-17.328028,5.542087,1.9503123,22 San Juan,2020,6,val
-13.726518,-18.41522,4.971672,-0.040655114,22 San Juan,2020,7,val
-9.961708,-17.894442,2.8167374,-0.26186535,22 San Juan,2020,8,val
-8.59692,-17.538645,0.758402,-1.6279372,22 San Juan,2020,9,val
-8.149146,-18.659847,-0.06731473,-3.29262,22 San Juan,2020,10,val
-10.579564,-20.493109,-1.6264627,-5.5996346,22 San Juan,2020,11,val
-16.924917,-21.116766,-0.7294662,-9.826206,22 San Juan,2020,12,val
-11.317256,-19.305931,-3.0943856,-11.517543,22 San Juan,2020,13,val
-13.0256605,-17.154919,-4.1610627,-14.534283,22 San Juan,2020,14,val
-8.689143,-14.506707,-4.027781,-15.397892,22 San Juan,2020,15,val
-9.505272,-14.934724,-4.5380797,-15.855349,22 San Juan,2020,16,val
-8.9920025,-13.686795,-3.969076,-16.93339,22 San Juan,2020,17,val
-8.427367,-12.625126,-3.4671524,-17.319967,22 San Juan,2020,18,val
-9.2659645,4.159592,-17.827671,-0.727279,22 San Juan,2020,19,val
-11.459887,7.2041698,-17.85066,-2.3635497,22 San Juan,2020,20,val
-9.817842,9.193435,-16.864006,-1.8030678,22 San Juan,2020,21,val
-8.46189,9.893457,-17.707796,-0.966507,22 San Juan,2020,22,val
-6.6453676,11.816113,-16.498161,-2.001055,22 San Juan,2020,23,val
-4.5288205,11.919742,-16.783644,1.2336228,22 San Juan,2020,24,val
-5.1854644,14.688705,-14.629167,-1.6272329,22 San Juan,2020,25,val
-5.955497,16.113064,-12.199044,-4.083126,22 San Juan,2020,26,val
-13.215956,22.916058,1.8773855,-1.421412,22 San Juan,2020,27,val
-13.099555,22.156988,1.1484836,-4.2478848,22 San Juan,2020,28,val
-11.770152,21.508577,1.38788,-2.186,22 San Juan,2020,29,val
-12.60314,21.96014,1.3082576,-3.6427886,22 San Juan,2020,30,val
-14.997659,21.909662,0.62557906,-6.2669277,22 San Juan,2020,31,val
-11.615503,21.78169,-1.1421596,-1.4750766,22 San Juan,2020,32,val
-10.884561,19.836664,-1.6243984,-2.6831949,22 San Juan,2020,33,val
-12.713429,16.33565,12.182491,0.78305084,22 San Juan,2020,34,val
4.7628417,17.448591,-5.226335,8.900491,22 San Juan,2020,35,val
4.6538663,16.553936,-4.438102,10.220365,22 San Juan,2020,36,val
5.4127,16.392685,-4.1005154,10.45301,22 San Juan,2020,37,val
7.6027555,15.048616,-4.1976576,9.39236,22 San Juan,2020,38,val
9.459741,13.964068,-3.8441238,10.842403,22 San Juan,2020,39,val
8.920977,11.962318,-3.092009,12.655613,22 San Juan,2020,40,val
9.85198,10.894878,-2.697889,14.476737,22 San Juan,2020,41,val
8.237322,9.861174,-1.535611,14.340795,22 San Juan,2020,42,val
9.903304,7.721235,-0.9015841,14.714212,22 San Juan,2020,43,val
9.987255,5.917055,-0.33982402,14.524303,22 San Juan,2020,44,val
13.488537,-0.91351175,-2.7424438,14.381623,22 San Juan,2020,45,val
2.8583694,4.2247944,1.8845,19.06155,22 San Juan,2020,46,val
3.259401,2.7509162,2.240225,19.40867,22 San Juan,2020,47,val
6.066581,0.5095321,0.97001404,21.137514,22 San Juan,2020,48,val
-0.56743896,-7.5732083,3.6473742,19.231033,22 San Juan,2020,49,val
-1.5616531,-7.0818577,3.6609597,17.919764,22 San Juan,2020,50,val
-0.9175497,-8.282618,3.3441486,18.47303,22 San Juan,2020,51,val
-16.51823,-1.6703167,10.460321,11.522654,22 San Juan,2020,52,val
-20.801079,-2.5673392,10.141505,13.774744,22 San Juan,2021,1,val
-20.389456,-3.8166115,9.528282,12.057318,22 San Juan,2021,2,val
-18.729605,-4.27264,8.251297,11.486514,22 San Juan,2021,3,val
-21.979305,-6.1837487,7.398316,11.125973,22 San Juan,2021,4,val
-11.898368,-10.835127,-0.96584475,14.109786,22 San Juan,2021,5,val
-12.544257,-11.428094,-1.6100193,11.360644,22 San Juan,2021,6,val
-16.803736,-12.889246,-2.968426,10.018106,22 San Juan,2021,7,val
-17.046112,-12.978786,-4.8487983,8.7766285,22 San Juan,2021,8,val
-17.148474,-13.750604,-7.8031363,8.317533,22 San Juan,2021,9,val
-11.813466,-13.351378,-9.57281,8.597967,22 San Juan,2021,10,val
-18.787819,-16.018776,-10.73748,5.150596,22 San Juan,2021,11,val
-12.950127,-13.232548,-12.214335,1.4674319,22 San Juan,2021,12,val
-12.807043,-12.390911,-12.665464,-1.6049352,22 San Juan,2021,13,val
5.418314,-12.4302635,-12.016081,0.44089314,22 San Juan,2021,14,val
-15.109912,-14.410352,-14.558049,-3.3590941,22 San Juan,2021,15,val
-11.599852,-12.656101,-13.997904,-4.2867584,22 San Juan,2021,16,val
-8.1670685,-11.409911,-13.876553,-2.9766495,22 San Juan,2021,17,val
-8.171419,-10.819003,-12.746855,-6.8721905,22 San Juan,2021,18,val
-7.1731668,-9.884013,-10.6557865,-10.298686,22 San Juan,2021,19,val
-7.1804695,-9.486963,-10.035988,-10.728598,22 San Juan,2021,20,val
-4.1047235,-8.181896,-9.25855,-11.322365,22 San Juan,2021,21,val
-0.484351,-6.5238557,-8.157539,-9.886478,22 San Juan,2021,22,val
-1.054861,-6.38593,-7.276426,-13.287685,22 San Juan,2021,23,val
-4.70916,9.010467,-14.22828,-4.0791426,22 San Juan,2021,24,val
-3.6578164,9.737691,-14.640038,-2.1237686,22 San Juan,2021,25,val
-3.668112,11.373556,-12.289013,-3.9921148,22 San Juan,2021,26,val
-12.148025,21.622868,1.4500475,-2.5262995,22 San Juan,2021,27,val
-11.490161,21.208267,2.0249088,-0.010346751,22 San Juan,2021,28,val
-12.244238,21.941347,1.776812,-0.76056784,22 San Juan,2021,29,val
-10.263549,20.929113,1.3990996,-1.5870599,22 San Juan,2021,30,val
-10.642278,21.088003,0.9997255,-2.8295448,22 San Juan,2021,31,val
-13.596975,17.596743,15.9135895,0.97485,22 San Juan,2021,32,val
-11.380847,16.817024,16.417334,3.190504,22 San Juan,2021,33,val
-10.81719,20.292871,3.879954,-2.8881755,22 San Juan,2021,34,val
8.1288,15.335178,-3.6120465,3.9000993,22 San Juan,2021,35,val
7.354681,16.4812,-5.9925337,7.634241,22 San Juan,2021,36,val
7.5622935,15.822669,-4.9371614,9.48828,22 San Juan,2021,37,val
7.797888,14.592576,-4.5054317,9.105249,22 San Juan,2021,38,val
6.981964,14.394929,-2.7304277,12.18987,22 San Juan,2021,39,val
9.63281,11.953401,-2.7795024,12.547171,22 San Juan,2021,40,val
14.409313,3.2092798,-5.9534473,10.637855,22 San Juan,2021,41,val
5.1816525,10.522998,-0.031469356,15.5958605,22 San Juan,2021,42,val
9.514189,7.4073133,0.21402586,15.710208,22 San Juan,2021,43,val
7.9672775,6.1458693,0.6888451,16.423035,22 San Juan,2021,44,val
9.964719,4.4065514,0.29457423,17.091558,22 San Juan,2021,45,val
12.307865,2.091515,0.429936,17.429,22 San Juan,2021,46,val
9.293623,1.6294954,0.5556255,19.140272,22 San Juan,2021,47,val
7.935906,1.10466,1.5303636,16.981743,22 San Juan,2021,48,val
2.3563063,-7.8241897,3.9506896,16.975351,22 San Juan,2021,49,val
2.3141963,-7.8063445,3.8616786,15.211357,22 San Juan,2021,50,val
0.07822866,-7.8160844,4.2957826,16.802397,22 San Juan,2021,51,val
-22.589346,-3.0697525,11.881387,10.978801,22 San Juan,2021,52,val
-5.7942204,-1.5202639,7.475764,0.114696786,23 San Pedro de Macorís,2015,1,train
-6.5667257,-2.5401065,7.1622477,0.096164696,23 San Pedro de Macorís,2015,2,train
-5.846041,-3.781463,7.3593655,0.38292313,23 San Pedro de Macorís,2015,3,train
-6.322814,-4.769481,6.8094773,0.49632838,23 San Pedro de Macorís,2015,4,train
-1.4730546,-7.7536573,0.9957186,0.96928334,23 San Pedro de Macorís,2015,5,train
-3.232174,-7.6142554,0.3204964,1.4803272,23 San Pedro de Macorís,2015,6,train
-2.1210947,-7.3338437,-0.7590245,1.0904214,23 San Pedro de Macorís,2015,7,train
-3.267394,-7.4400873,-0.88584894,0.44110593,23 San Pedro de Macorís,2015,8,train
-4.527811,-6.511324,-0.9852738,-0.7458396,23 San Pedro de Macorís,2015,9,train
-4.8496413,-6.4060316,-0.6908711,-1.8280891,23 San Pedro de Macorís,2015,10,train
-4.916293,-5.866947,-0.8373501,-2.3298523,23 San Pedro de Macorís,2015,11,train
-4.4028673,-7.722527,-1.9061619,-3.7643168,23 San Pedro de Macorís,2015,12,train
-4.0868497,-6.662975,-2.1018045,-4.71887,23 San Pedro de Macorís,2015,13,train
-5.0671864,-5.823644,-3.0476193,-4.052126,23 San Pedro de Macorís,2015,14,train
-4.0827227,-4.893077,-3.111328,-3.9492285,23 San Pedro de Macorís,2015,15,train
-4.533731,-5.1732345,-3.475181,-5.205535,23 San Pedro de Macorís,2015,16,train
-3.666253,-0.40944153,-7.9934993,-4.1420617,23 San Pedro de Macorís,2015,17,train
-3.2205906,-0.14404517,-6.790712,-3.8699837,23 San Pedro de Macorís,2015,18,train
-3.845603,0.7573106,-6.559951,-3.7593966,23 San Pedro de Macorís,2015,19,train
-3.7667062,1.0124781,-6.2994447,-3.8614244,23 San Pedro de Macorís,2015,20,train
-2.8949928,1.3018614,-6.8626795,-4.065282,23 San Pedro de Macorís,2015,21,train
-1.9102923,1.9873797,-6.8490376,-3.7877018,23 San Pedro de Macorís,2015,22,train
-0.39818665,1.8821958,-6.6112266,-3.4851487,23 San Pedro de Macorís,2015,23,train
-1.0245504,2.90574,-5.578941,-3.9793086,23 San Pedro de Macorís,2015,24,train
-0.59050083,3.7341564,-4.9757147,-4.1925125,23 San Pedro de Macorís,2015,25,train
0.12916228,3.7628613,-4.604532,-4.039624,23 San Pedro de Macorís,2015,26,train
-3.7613318,6.5745034,3.716681,-4.6236143,23 San Pedro de Macorís,2015,27,train
-4.0310683,7.046277,4.365241,-4.758358,23 San Pedro de Macorís,2015,28,train
-3.751893,7.0340815,4.056573,-4.7993827,23 San Pedro de Macorís,2015,29,train
-3.4086971,7.2059965,4.2578263,-4.7163124,23 San Pedro de Macorís,2015,30,train
-3.7732167,6.457526,3.0759118,-5.2754455,23 San Pedro de Macorís,2015,31,train
-3.8580592,6.2794676,4.257913,-5.4002557,23 San Pedro de Macorís,2015,32,train
-4.3574686,6.3302593,4.3252487,-5.88397,23 San Pedro de Macorís,2015,33,train
-4.250619,6.530251,5.5403037,-5.4033055,23 San Pedro de Macorís,2015,34,train
3.35431,4.93192,2.7291791,-1.3303955,23 San Pedro de Macorís,2015,35,train
4.425082,4.0789733,4.253165,-2.8330748,23 San Pedro de Macorís,2015,36,train
4.9060483,3.7243817,3.3444533,-2.3520021,23 San Pedro de Macorís,2015,37,train
4.462443,4.028445,4.894704,-1.6525816,23 San Pedro de Macorís,2015,38,train
4.477639,3.6338522,5.6055527,-2.1812158,23 San Pedro de Macorís,2015,39,train
4.5743275,1.6042005,5.9073806,-2.7055788,23 San Pedro de Macorís,2015,40,train
5.744911,0.84428406,5.8982964,-2.7012055,23 San Pedro de Macorís,2015,41,train
6.1494,0.6096906,6.4312224,-2.4286346,23 San Pedro de Macorís,2015,42,train
6.5655065,0.5485421,6.9916954,-1.9289498,23 San Pedro de Macorís,2015,43,train
5.22625,0.86933917,7.600482,-1.4159755,23 San Pedro de Macorís,2015,44,train
3.3588953,1.7450608,7.1310244,0.82038575,23 San Pedro de Macorís,2015,45,train
4.342248,0.73232925,5.7300115,0.93085665,23 San Pedro de Macorís,2015,46,train
5.0107794,-0.15335353,5.0943055,1.8427663,23 San Pedro de Macorís,2015,47,train
2.3707616,-3.8697069,7.3616576,1.2073314,23 San Pedro de Macorís,2015,48,train
1.0296509,-3.0123036,6.7810273,1.1979592,23 San Pedro de Macorís,2015,49,train
1.3881565,-3.6316645,6.0161815,1.4852319,23 San Pedro de Macorís,2015,50,train
0.8427677,-3.404107,6.0804405,1.8207549,23 San Pedro de Macorís,2015,51,train
-5.665291,-1.0280274,7.936303,-1.1001006,23 San Pedro de Macorís,2015,52,train
-4.2412724,-3.9758637,10.36267,-3.538489,23 San Pedro de Macorís,2016,1,train
-5.362576,-4.4836216,8.868549,-3.5799124,23 San Pedro de Macorís,2016,2,train
-5.044806,-5.7998176,8.821075,-3.9879422,23 San Pedro de Macorís,2016,3,train
-4.3749,-5.4649277,8.060174,-3.331373,23 San Pedro de Macorís,2016,4,train
-1.4337838,-9.395726,4.634546,-2.5274868,23 San Pedro de Macorís,2016,5,train
-2.2231543,-8.765638,3.557143,-2.899336,23 San Pedro de Macorís,2016,6,train
-2.129347,-8.63869,2.9401858,-3.0035162,23 San Pedro de Macorís,2016,7,train
-2.57252,-9.249773,2.78615,-3.6795266,23 San Pedro de Macorís,2016,8,train
-2.2228112,-9.217108,2.3274589,-3.9582677,23 San Pedro de Macorís,2016,9,train
-4.967066,-6.036112,-0.2054013,-1.8655269,23 San Pedro de Macorís,2016,10,train
-3.479082,-7.518385,-1.1836289,-3.1269042,23 San Pedro de Macorís,2016,11,train
-3.5051315,-5.9169245,-1.2103891,-3.9779265,23 San Pedro de Macorís,2016,12,train
-3.4975889,-6.7600994,-1.5637094,-5.000342,23 San Pedro de Macorís,2016,13,train
-2.4162216,-7.6592727,-0.75401187,-5.9167595,23 San Pedro de Macorís,2016,14,train
-3.2664988,-7.096679,-0.5434156,-6.483741,23 San Pedro de Macorís,2016,15,train
-1.981754,-6.9570985,0.046842743,-6.0503364,23 San Pedro de Macorís,2016,16,train
6.9511795,-8.046749,-3.5265188,-4.681532,23 San Pedro de Macorís,2016,17,train
-0.51362145,-1.1594405,-8.615648,-1.4179099,23 San Pedro de Macorís,2016,18,train
-1.6701066,0.024444902,-7.775031,-0.45237532,23 San Pedro de Macorís,2016,19,train
-1.442484,1.1345863,-7.1065507,-1.129232,23 San Pedro de Macorís,2016,20,train
-0.7641792,1.4256256,-7.426727,-0.4837727,23 San Pedro de Macorís,2016,21,train
3.680217,-1.9784847,-8.597166,-0.38280556,23 San Pedro de Macorís,2016,22,train
-0.22271179,2.721482,-6.89283,-0.29629344,23 San Pedro de Macorís,2016,23,train
-0.81519693,4.056437,-6.147055,-0.60623425,23 San Pedro de Macorís,2016,24,train
-0.00038751305,3.8706496,-5.8496237,0.18533732,23 San Pedro de Macorís,2016,25,train
-0.25543022,5.010676,-5.445353,-0.22382607,23 San Pedro de Macorís,2016,26,train
-3.3403902,8.292194,1.3218637,-1.4094596,23 San Pedro de Macorís,2016,27,train
-3.6885066,8.38025,1.0536656,-1.7010033,23 San Pedro de Macorís,2016,28,train
-3.8552911,8.77931,0.54968065,-2.0367582,23 San Pedro de Macorís,2016,29,train
-3.7561402,8.458435,1.7641629,-0.9389186,23 San Pedro de Macorís,2016,30,train
-3.7287,8.6557255,2.7190788,-0.26248032,23 San Pedro de Macorís,2016,31,train
-3.5659354,9.053266,1.2644972,0.041565917,23 San Pedro de Macorís,2016,32,train
-4.1238866,9.350713,-0.07173916,-1.1941404,23 San Pedro de Macorís,2016,33,train
-7.350837,10.347384,9.950665,2.5200734,23 San Pedro de Macorís,2016,34,train
1.1433283,7.8323364,-1.3492785,0.9126263,23 San Pedro de Macorís,2016,35,train
0.9383317,7.993775,-0.762464,2.3599274,23 San Pedro de Macorís,2016,36,train
0.9825154,7.7769704,-0.62511027,1.7696364,23 San Pedro de Macorís,2016,37,train
1.4380149,7.9484544,-0.4019392,2.412839,23 San Pedro de Macorís,2016,38,train
1.6974877,6.481046,-0.8108773,2.214979,23 San Pedro de Macorís,2016,39,train
5.077532,0.879681,-4.808798,3.669624,23 San Pedro de Macorís,2016,40,train
1.4998189,6.4289336,2.5241036,4.4137607,23 San Pedro de Macorís,2016,41,train
5.8557773,-0.042218875,-5.0460067,4.9763823,23 San Pedro de Macorís,2016,42,train
1.3108286,5.6510215,3.2854056,5.406213,23 San Pedro de Macorís,2016,43,train
0.3501043,5.074523,4.041291,5.693956,23 San Pedro de Macorís,2016,44,train
0.08721113,5.0380826,4.5803785,6.4392014,23 San Pedro de Macorís,2016,45,train
-0.9197194,5.262451,5.785605,7.3793774,23 San Pedro de Macorís,2016,46,train
-1.1290045,3.5848727,5.0903826,7.0633545,23 San Pedro de Macorís,2016,47,train
-2.0577142,-1.9937679,4.866302,7.3100715,23 San Pedro de Macorís,2016,48,train
-2.097288,-1.7565186,4.880131,6.4733205,23 San Pedro de Macorís,2016,49,train
-1.8043476,-2.276298,4.2973523,6.2698617,23 San Pedro de Macorís,2016,50,train
-2.0334053,-2.2400923,4.069495,6.1533923,23 San Pedro de Macorís,2016,51,train
-7.3426704,-0.6859179,6.9878745,4.559862,23 San Pedro de Macorís,2016,52,train
-8.231857,-1.2020221,6.8970575,4.42558,23 San Pedro de Macorís,2017,1,train
-9.706967,-0.97290456,5.374425,3.269493,23 San Pedro de Macorís,2017,2,train
-13.016922,-3.3464425,5.85247,3.8331652,23 San Pedro de Macorís,2017,3,train
-10.106002,-3.3565795,5.095596,4.0376077,23 San Pedro de Macorís,2017,4,train
-4.8556957,-6.2957582,0.36242366,4.508882,23 San Pedro de Macorís,2017,5,train
-5.4119244,-6.69321,0.06312031,3.6408646,23 San Pedro de Macorís,2017,6,train
-4.930056,-7.574212,-1.510038,3.8628056,23 San Pedro de Macorís,2017,7,train
-7.4035177,-7.4227204,-1.203476,2.4725313,23 San Pedro de Macorís,2017,8,train
-7.2593465,-5.622494,-1.4187874,0.9204387,23 San Pedro de Macorís,2017,9,train
-6.2775207,-5.9134073,-3.3027542,1.0630735,23 San Pedro de Macorís,2017,10,train
-6.947296,-6.612058,-4.6203046,-0.26418746,23 San Pedro de Macorís,2017,11,train
-7.4263344,-6.2881017,-6.2579803,-1.8451569,23 San Pedro de Macorís,2017,12,train
-8.151681,-5.8313212,-6.6373496,-3.4583993,23 San Pedro de Macorís,2017,13,train
-4.209512,-6.0656424,-3.0232193,-5.705678,23 San Pedro de Macorís,2017,14,train
-6.716604,-5.8896184,-2.3585484,-7.2828016,23 San Pedro de Macorís,2017,15,train
-0.78378433,-6.79692,-3.0593247,-4.536741,23 San Pedro de Macorís,2017,16,train
1.9237145,-6.6067305,-3.5614088,-6.248181,23 San Pedro de Macorís,2017,17,train
-2.695851,-0.07413136,-9.197064,0.040681843,23 San Pedro de Macorís,2017,18,train
-4.621538,2.1330361,-9.003469,0.18580897,23 San Pedro de Macorís,2017,19,train
-3.3465326,2.4631257,-6.8108625,-0.23383096,23 San Pedro de Macorís,2017,20,train
-3.9720109,3.815262,-7.080034,-0.6150709,23 San Pedro de Macorís,2017,21,train
-2.5652897,3.6124318,-6.9271445,0.136093,23 San Pedro de Macorís,2017,22,train
-2.6237226,4.540582,-6.1188765,-2.0465157,23 San Pedro de Macorís,2017,23,train
-3.156181,5.565983,-6.016755,-2.0038884,23 San Pedro de Macorís,2017,24,train
-2.562468,6.0224404,-5.67808,-2.0329268,23 San Pedro de Macorís,2017,25,train
-2.0655594,6.786153,-5.3155007,-2.0920355,23 San Pedro de Macorís,2017,26,train
-5.3489137,9.38568,0.27013725,-0.9427284,23 San Pedro de Macorís,2017,27,train
-3.9780388,9.614967,1.7689214,1.0544747,23 San Pedro de Macorís,2017,28,train
-5.862669,9.580715,-0.83390844,-1.9200757,23 San Pedro de Macorís,2017,29,train
-4.7392554,9.613252,-0.14604762,-0.68146336,23 San Pedro de Macorís,2017,30,train
-5.825653,9.453013,-1.2782379,-2.434172,23 San Pedro de Macorís,2017,31,train
-5.7187347,9.838165,-0.15068585,-0.7672349,23 San Pedro de Macorís,2017,32,train
-5.893366,9.39939,0.29716033,-0.96882594,23 San Pedro de Macorís,2017,33,train
-5.1424966,9.547764,0.7555188,-0.5314406,23 San Pedro de Macorís,2017,34,train
2.1979275,8.219989,-1.8550782,1.6087823,23 San Pedro de Macorís,2017,35,train
1.7678581,7.4434705,-0.4227254,2.2975593,23 San Pedro de Macorís,2017,36,train
1.6163899,8.096701,0.6392522,2.667903,23 San Pedro de Macorís,2017,37,train
5.6228104,1.222134,-5.2079506,2.5808506,23 San Pedro de Macorís,2017,38,train
1.825478,7.153424,1.4681559,2.9385097,23 San Pedro de Macorís,2017,39,train
1.1739516,7.6988187,1.9643569,4.537739,23 San Pedro de Macorís,2017,40,train
1.4400475,7.0547357,2.2794414,4.9137754,23 San Pedro de Macorís,2017,41,train
1.5555731,5.275712,2.2102218,4.2997813,23 San Pedro de Macorís,2017,42,train
2.334268,5.091069,2.121167,5.325916,23 San Pedro de Macorís,2017,43,train
2.1884284,4.788209,2.4890983,5.8674455,23 San Pedro de Macorís,2017,44,train
3.8954754,-0.47755763,-11.156683,10.0720215,23 San Pedro de Macorís,2017,45,train
6.576319,-2.6427507,-6.8777814,6.8615503,23 San Pedro de Macorís,2017,46,train
0.46827212,3.9379737,2.769642,8.246975,23 San Pedro de Macorís,2017,47,train
1.3528172,2.6576722,2.6303916,7.974595,23 San Pedro de Macorís,2017,48,train
0.84717005,1.4491272,2.4702432,7.5559883,23 San Pedro de Macorís,2017,49,train
-1.3403912,-3.7097833,3.0267968,8.38086,23 San Pedro de Macorís,2017,50,train
-1.8050377,-3.194315,3.1438923,7.0784903,23 San Pedro de Macorís,2017,51,train
-8.794651,-0.45084572,6.589969,4.5750017,23 San Pedro de Macorís,2017,52,train
-7.5217404,0.0067178193,7.7130065,6.2199926,23 San Pedro de Macorís,2018,1,train
-6.796039,-0.25662762,6.749172,6.1772227,23 San Pedro de Macorís,2018,2,train
-7.3468537,-1.270104,5.8529406,5.843982,23 San Pedro de Macorís,2018,3,train
-7.5024724,-1.4614792,4.480347,4.7721086,23 San Pedro de Macorís,2018,4,train
-6.1487703,-5.760426,0.1831148,4.6206026,23 San Pedro de Macorís,2018,5,train
-5.1629443,-5.2180104,-0.831161,3.4443853,23 San Pedro de Macorís,2018,6,train
-5.2936373,-5.196781,-1.3953471,2.7475333,23 San Pedro de Macorís,2018,7,train
-7.0279408,-5.413112,-1.7577416,2.2666483,23 San Pedro de Macorís,2018,8,train
-9.033341,-7.289047,-4.123022,3.7051432,23 San Pedro de Macorís,2018,9,train
-8.53989,-6.6983566,-4.549368,0.48251176,23 San Pedro de Macorís,2018,10,train
-5.3766036,-6.2739673,-5.5268264,-0.21123396,23 San Pedro de Macorís,2018,11,train
-5.17133,-6.1221976,-6.4192348,-0.9131183,23 San Pedro de Macorís,2018,12,train
-7.922305,-6.0774755,-6.198453,-1.7583905,23 San Pedro de Macorís,2018,13,train
-5.58202,-5.6733637,-6.860557,-3.7772298,23 San Pedro de Macorís,2018,14,train
-6.1503263,-4.6780977,-6.038747,-4.458621,23 San Pedro de Macorís,2018,15,train
-5.024235,-4.4618926,-6.172204,-4.693926,23 San Pedro de Macorís,2018,16,train
-4.8865247,-4.044141,-5.861138,-5.361508,23 San Pedro de Macorís,2018,17,train
-2.5450318,-4.249448,-6.1328497,-4.7713037,23 San Pedro de Macorís,2018,18,train
-2.3044202,-3.5961115,-5.9267144,-5.494325,23 San Pedro de Macorís,2018,19,train
-2.0773265,-0.9763456,-6.722347,-4.9136834,23 San Pedro de Macorís,2018,20,train
-2.6987195,-0.21881421,-6.5320306,-5.7653275,23 San Pedro de Macorís,2018,21,train
-1.7405653,0.069043756,-6.2381954,-5.520995,23 San Pedro de Macorís,2018,22,train
-2.0301988,1.3207049,-5.663695,-6.1733313,23 San Pedro de Macorís,2018,23,train
-1.8990481,2.087405,-5.2533827,-6.270046,23 San Pedro de Macorís,2018,24,train
0.46697852,1.5471417,-5.7115,-5.3604765,23 San Pedro de Macorís,2018,25,train
-2.2049975,3.861962,-4.8056173,-7.1278768,23 San Pedro de Macorís,2018,26,train
-7.054946,8.881271,1.408175,-6.2003083,23 San Pedro de Macorís,2018,27,train
-4.6604104,8.729277,4.670789,-2.4682965,23 San Pedro de Macorís,2018,28,train
-3.7822073,8.577735,3.6190395,-2.7382734,23 San Pedro de Macorís,2018,29,train
-4.442771,8.897274,2.4408288,-4.1623816,23 San Pedro de Macorís,2018,30,train
-5.7004924,9.219403,1.9507542,-5.0984116,23 San Pedro de Macorís,2018,31,train
-4.13928,8.701054,4.0621758,-3.5231438,23 San Pedro de Macorís,2018,32,train
-3.654327,8.5132,4.312388,-3.0702684,23 San Pedro de Macorís,2018,33,train
-3.811546,8.654807,4.5544343,-3.1025622,23 San Pedro de Macorís,2018,34,train
3.4679756,7.039597,1.9904158,0.43186647,23 San Pedro de Macorís,2018,35,train
3.484844,7.1091394,2.9205496,0.024324168,23 San Pedro de Macorís,2018,36,train
4.3661275,6.486738,1.9315919,0.12557249,23 San Pedro de Macorís,2018,37,train
3.6523342,6.291782,2.673928,0.3273328,23 San Pedro de Macorís,2018,38,train
3.4158096,5.7834873,2.7878695,0.5241013,23 San Pedro de Macorís,2018,39,train
3.2565305,6.656214,4.598591,2.57806,23 San Pedro de Macorís,2018,40,train
1.920308,6.4666734,5.7998834,2.9016914,23 San Pedro de Macorís,2018,41,train
3.0662472,4.251582,3.575743,2.4169745,23 San Pedro de Macorís,2018,42,train
3.952945,4.260887,3.8008785,3.038552,23 San Pedro de Macorís,2018,43,train
5.3765745,3.2486966,3.1432734,3.7534552,23 San Pedro de Macorís,2018,44,train
2.9421132,3.6139884,5.123327,3.671411,23 San Pedro de Macorís,2018,45,train
2.3152235,3.1353478,5.5610614,3.8787699,23 San Pedro de Macorís,2018,46,train
3.9535716,1.9340863,4.6210475,4.4778605,23 San Pedro de Macorís,2018,47,train
4.5263157,1.2530869,4.387629,4.8321104,23 San Pedro de Macorís,2018,48,train
4.3386307,0.30339628,3.6288831,4.8982687,23 San Pedro de Macorís,2018,49,train
4.4514575,0.002091701,3.8311524,5.403821,23 San Pedro de Macorís,2018,50,train
1.1691347,-4.435007,4.7527585,5.8947673,23 San Pedro de Macorís,2018,51,train
-8.514886,-0.33114734,7.0946383,0.8353667,23 San Pedro de Macorís,2018,52,train
-8.523554,-1.3157934,7.701615,0.8631121,23 San Pedro de Macorís,2019,1,train
-9.5731,-2.9625852,7.789419,0.89210886,23 San Pedro de Macorís,2019,2,train
-8.9240885,-4.308793,7.622009,1.5736866,23 San Pedro de Macorís,2019,3,train
-8.574685,-4.4981947,6.5534825,1.1550715,23 San Pedro de Macorís,2019,4,train
-4.797563,-8.231185,2.2687626,2.329001,23 San Pedro de Macorís,2019,5,train
-4.0292153,-9.041607,2.797429,-0.57799804,23 San Pedro de Macorís,2019,6,train
-3.79837,-8.126422,1.9655232,-1.5287837,23 San Pedro de Macorís,2019,7,train
-4.67138,-7.728869,1.3392609,-1.9465365,23 San Pedro de Macorís,2019,8,train
-6.402256,-8.111075,1.4136987,-2.9622777,23 San Pedro de Macorís,2019,9,train
-5.759342,-8.004026,-1.062734,-1.5629196,23 San Pedro de Macorís,2019,10,train
-6.889652,-8.836647,-1.8898478,-2.2789106,23 San Pedro de Macorís,2019,11,train
-5.277052,-8.389697,-2.9272225,-3.525017,23 San Pedro de Macorís,2019,12,train
-2.6887953,-7.719251,-3.2398574,-4.433464,23 San Pedro de Macorís,2019,13,train
-6.011312,-5.883457,-3.659673,-4.7676177,23 San Pedro de Macorís,2019,14,train
-5.322122,-5.1410446,-3.6099617,-5.0392733,23 San Pedro de Macorís,2019,15,train
-5.101657,-5.122868,-3.7278268,-5.6922703,23 San Pedro de Macorís,2019,16,train
-4.6689463,-5.8150177,-4.095185,-6.1931033,23 San Pedro de Macorís,2019,17,train
-5.022999,-0.20999506,-7.7548413,-2.5243533,23 San Pedro de Macorís,2019,18,train
-3.9394956,0.9824549,-8.426308,-2.2629507,23 San Pedro de Macorís,2019,19,train
-2.37885,1.4038347,-7.066328,-2.8256235,23 San Pedro de Macorís,2019,20,train
-1.0792738,1.0813446,-7.7957377,-1.8664744,23 San Pedro de Macorís,2019,21,train
4.275962,-2.459421,-7.466593,-1.6381757,23 San Pedro de Macorís,2019,22,train
0.0023374904,2.061065,-6.992101,-1.8404716,23 San Pedro de Macorís,2019,23,train
-2.097724,4.311611,-5.822082,-3.252974,23 San Pedro de Macorís,2019,24,train
-1.309993,4.6717544,-5.19879,-3.0307052,23 San Pedro de Macorís,2019,25,train
-1.4535866,5.9162617,-5.0631914,-3.600048,23 San Pedro de Macorís,2019,26,train
-4.311848,7.8054976,3.9023924,-6.37971,23 San Pedro de Macorís,2019,27,train
-3.6511793,7.0164795,3.072221,-7.636161,23 San Pedro de Macorís,2019,28,train
-2.175292,6.0532827,3.0462544,-7.91145,23 San Pedro de Macorís,2019,29,train
-2.6849456,6.1283135,1.7766414,-9.947727,23 San Pedro de Macorís,2019,30,train
-1.4042501,5.81867,4.971452,-7.5968733,23 San Pedro de Macorís,2019,31,train
-0.26817882,5.7052197,4.528053,-7.808737,23 San Pedro de Macorís,2019,32,train
-1.5305548,5.8668456,2.7668908,-9.033327,23 San Pedro de Macorís,2019,33,train
-0.28585467,5.8432336,5.564584,-6.999308,23 San Pedro de Macorís,2019,34,train
4.414485,5.511451,1.4222842,-5.1934323,23 San Pedro de Macorís,2019,35,train
5.5353,3.910672,2.6009254,-4.12521,23 San Pedro de Macorís,2019,36,train
5.58716,4.3989434,2.0078263,-3.952376,23 San Pedro de Macorís,2019,37,train
10.786953,-1.86435,-2.6958876,-1.6950092,23 San Pedro de Macorís,2019,38,train
4.1467633,4.700057,6.540687,-1.3125197,23 San Pedro de Macorís,2019,39,train
3.5027196,5.2324986,6.7873654,0.34793591,23 San Pedro de Macorís,2019,40,train
5.912447,3.4623117,3.8556075,0.9525368,23 San Pedro de Macorís,2019,41,train
6.2114334,3.129929,3.9603276,1.3336154,23 San Pedro de Macorís,2019,42,train
4.041877,3.1756196,5.3652344,1.4015887,23 San Pedro de Macorís,2019,43,train
6.0898576,1.8869231,3.7856116,1.9823523,23 San Pedro de Macorís,2019,44,train
5.51617,1.5890207,4.096522,2.3071852,23 San Pedro de Macorís,2019,45,train
5.718539,1.6409376,5.1624284,3.0864718,23 San Pedro de Macorís,2019,46,train
7.287928,0.13499747,4.1483006,3.4798465,23 San Pedro de Macorís,2019,47,train
7.6985965,-0.5975814,3.7300856,3.5607162,23 San Pedro de Macorís,2019,48,train
1.7497233,-3.4791543,7.077753,2.245727,23 San Pedro de Macorís,2019,49,train
0.9228845,-3.3200378,6.0217175,2.3504963,23 San Pedro de Macorís,2019,50,train
1.0781595,-3.9204328,5.224011,2.598395,23 San Pedro de Macorís,2019,51,train
-6.3628654,-1.0201206,9.666377,-0.25214717,23 San Pedro de Macorís,2019,52,train
-7.6774592,-1.4753261,8.051743,0.2554459,23 San Pedro de Macorís,2020,1,val
-7.909948,-1.7779077,6.9465113,-0.09795421,23 San Pedro de Macorís,2020,2,val
-7.613836,-2.489388,6.4982057,0.32640722,23 San Pedro de Macorís,2020,3,val
-6.5413322,-3.7915337,7.4327273,1.0881916,23 San Pedro de Macorís,2020,4,val
-2.850115,-8.105874,1.6882102,1.7665657,23 San Pedro de Macorís,2020,5,val
-4.159418,-7.164186,1.8835182,0.0154455025,23 San Pedro de Macorís,2020,6,val
-4.7918687,-6.699982,1.2170614,-0.7873489,23 San Pedro de Macorís,2020,7,val
-4.031746,-7.489515,0.7988908,-1.0585332,23 San Pedro de Macorís,2020,8,val
-3.3718054,-8.452997,-0.5482522,-1.3800035,23 San Pedro de Macorís,2020,9,val
-2.420631,-8.155763,-0.71581787,-2.3211496,23 San Pedro de Macorís,2020,10,val
-2.6991062,-8.77197,-1.4707726,-2.85812,23 San Pedro de Macorís,2020,11,val
-5.2238426,-7.8650246,-1.0607513,-4.355164,23 San Pedro de Macorís,2020,12,val
-3.5502465,-8.207024,-1.6843408,-5.3811064,23 San Pedro de Macorís,2020,13,val
-4.7718563,-7.968694,-3.0464768,-6.694137,23 San Pedro de Macorís,2020,14,val
-1.190229,-7.058218,-2.8483562,-6.1106424,23 San Pedro de Macorís,2020,15,val
-2.6327631,-6.2922053,-2.067661,-6.754261,23 San Pedro de Macorís,2020,16,val
-2.408244,-5.8035407,-1.6144552,-7.2187405,23 San Pedro de Macorís,2020,17,val
-2.6523962,-5.912378,-1.2864472,-8.068815,23 San Pedro de Macorís,2020,18,val
-1.6554583,-4.5624757,-2.1039617,-6.9933987,23 San Pedro de Macorís,2020,19,val
-1.5930649,-4.2503786,-1.9940273,-7.14083,23 San Pedro de Macorís,2020,20,val
-0.24721995,-4.4202933,-1.5017636,-8.406106,23 San Pedro de Macorís,2020,21,val
0.39534023,-4.3965025,-1.0796548,-9.168818,23 San Pedro de Macorís,2020,22,val
-3.131813,5.143548,-6.4193687,-1.2644145,23 San Pedro de Macorís,2020,23,val
-2.3403387,5.545683,-6.4618635,-1.0423086,23 San Pedro de Macorís,2020,24,val
-2.6069694,6.3413997,-5.6756163,-1.6991264,23 San Pedro de Macorís,2020,25,val
-2.2040284,7.177119,-5.0298247,-1.3888594,23 San Pedro de Macorís,2020,26,val
-4.6863565,9.569238,0.80773926,-0.09609921,23 San Pedro de Macorís,2020,27,val
-4.7031803,9.295208,-0.16386952,-1.2594932,23 San Pedro de Macorís,2020,28,val
-5.0291443,9.657314,-0.083790265,-0.96312416,23 San Pedro de Macorís,2020,29,val
-5.3986893,9.6053705,-0.64266914,-1.6574965,23 San Pedro de Macorís,2020,30,val
-7.790006,9.095014,9.009163,0.8547936,23 San Pedro de Macorís,2020,31,val
-5.0103717,10.052226,-1.3559438,-0.34552738,23 San Pedro de Macorís,2020,32,val
-5.8871737,10.01566,-1.3722967,-0.30639088,23 San Pedro de Macorís,2020,33,val
-7.6545844,10.300156,8.589409,2.1805272,23 San Pedro de Macorís,2020,34,val
0.74757534,8.788315,-2.5321946,1.9403887,23 San Pedro de Macorís,2020,35,val
0.13489802,8.875405,-1.8810059,4.499975,23 San Pedro de Macorís,2020,36,val
0.34329563,9.017822,-1.4910204,4.391624,23 San Pedro de Macorís,2020,37,val
1.7233806,8.596601,-2.4365108,3.885663,23 San Pedro de Macorís,2020,38,val
2.3401067,7.652617,-1.735824,3.4430528,23 San Pedro de Macorís,2020,39,val
0.57206875,7.68252,-1.5302222,6.485608,23 San Pedro de Macorís,2020,40,val
1.963468,6.6975474,-0.9973448,6.278744,23 San Pedro de Macorís,2020,41,val
0.99007434,6.6503124,0.2438172,6.403271,23 San Pedro de Macorís,2020,42,val
3.026656,5.117625,-0.3273991,6.739078,23 San Pedro de Macorís,2020,43,val
2.5512073,4.015393,0.13110895,6.07204,23 San Pedro de Macorís,2020,44,val
4.897585,-0.38203642,-3.5052145,6.8887644,23 San Pedro de Macorís,2020,45,val
5.0443754,-1.3577938,-4.831084,7.165998,23 San Pedro de Macorís,2020,46,val
-0.8920123,3.663683,2.1949852,8.875764,23 San Pedro de Macorís,2020,47,val
-0.43449137,2.3931134,1.619766,9.085263,23 San Pedro de Macorís,2020,48,val
-0.05122011,1.3437862,-0.17229265,9.887735,23 San Pedro de Macorís,2020,49,val
-1.7831689,2.4591885,0.42245737,10.310095,23 San Pedro de Macorís,2020,50,val
-1.0567845,1.1427575,-0.3763667,9.90367,23 San Pedro de Macorís,2020,51,val
-9.56355,5.5429254,3.062786,7.913763,23 San Pedro de Macorís,2020,52,val
-10.298193,-0.5497284,5.986218,6.663555,23 San Pedro de Macorís,2021,1,val
-9.5293045,-0.84425974,5.660689,6.209388,23 San Pedro de Macorís,2021,2,val
-9.575431,-1.3902099,4.8758454,6.3198323,23 San Pedro de Macorís,2021,3,val
-10.090896,-1.7809923,4.1526637,5.465151,23 San Pedro de Macorís,2021,4,val
-5.626153,-5.2078395,-1.3519024,5.4368114,23 San Pedro de Macorís,2021,5,val
-6.743348,-4.989432,-0.905292,3.910418,23 San Pedro de Macorís,2021,6,val
-7.767462,-5.152741,-1.4474297,3.395437,23 San Pedro de Macorís,2021,7,val
-7.345072,-4.720834,-2.142015,2.6012163,23 San Pedro de Macorís,2021,8,val
-8.233748,-5.478605,-3.536011,2.5001276,23 San Pedro de Macorís,2021,9,val
-6.6254807,-5.863619,-5.1600356,2.3101625,23 San Pedro de Macorís,2021,10,val
-9.107922,-6.046385,-4.827915,0.8682007,23 San Pedro de Macorís,2021,11,val
-6.0130806,-5.303441,-5.5335474,-0.09220245,23 San Pedro de Macorís,2021,12,val
-6.2709613,-4.966765,-6.517096,-1.7199942,23 San Pedro de Macorís,2021,13,val
3.4326062,-7.349221,-7.3226075,-0.23020473,23 San Pedro de Macorís,2021,14,val
-6.379844,-5.553087,-7.536864,-2.677685,23 San Pedro de Macorís,2021,15,val
-3.7363648,-4.4534793,-5.994712,-3.6702063,23 San Pedro de Macorís,2021,16,val
-4.9678483,-1.0881172,-9.542374,0.022443753,23 San Pedro de Macorís,2021,17,val
-5.192737,-0.09930165,-8.434338,-0.68431723,23 San Pedro de Macorís,2021,18,val
-3.322496,-0.08043554,-7.5555534,-1.1837744,23 San Pedro de Macorís,2021,19,val
-4.294177,1.4068496,-7.411487,-0.82783026,23 San Pedro de Macorís,2021,20,val
-3.703247,1.8887008,-6.7061152,-1.4071717,23 San Pedro de Macorís,2021,21,val
-2.986105,2.1626384,-6.330613,-1.0997674,23 San Pedro de Macorís,2021,22,val
-0.92715734,1.7051662,-7.696121,-0.0573963,23 San Pedro de Macorís,2021,23,val
-1.6766806,3.6784635,-5.4625115,-1.8205564,23 San Pedro de Macorís,2021,24,val
-1.4423034,4.3497796,-5.4560704,-1.6828766,23 San Pedro de Macorís,2021,25,val
-0.95118606,4.7323837,-5.0109835,-1.6538718,23 San Pedro de Macorís,2021,26,val
-5.881336,9.346979,-0.5301322,-2.1354926,23 San Pedro de Macorís,2021,27,val
-5.5503683,9.315995,1.012112,0.6431197,23 San Pedro de Macorís,2021,28,val
-4.55004,9.3186035,0.33148798,-0.05829173,23 San Pedro de Macorís,2021,29,val
-4.9159646,9.5424,-0.19821617,-0.5888446,23 San Pedro de Macorís,2021,30,val
-4.6228704,9.654763,-0.3217175,-0.5995499,23 San Pedro de Macorís,2021,31,val
-9.178972,10.512115,11.049595,1.7716447,23 San Pedro de Macorís,2021,32,val
-4.2695527,9.183955,3.133696,1.1169,23 San Pedro de Macorís,2021,33,val
-4.4565306,9.385846,0.65391475,-1.3351784,23 San Pedro de Macorís,2021,34,val
1.6090462,8.684783,-1.1538409,1.2986214,23 San Pedro de Macorís,2021,35,val
0.88978785,8.657875,-2.421118,2.7784958,23 San Pedro de Macorís,2021,36,val
0.98805165,8.599189,-1.7584276,3.6442704,23 San Pedro de Macorís,2021,37,val
1.3389573,8.397461,-1.7103243,3.4834182,23 San Pedro de Macorís,2021,38,val
1.3736528,8.233641,-1.1912409,4.889856,23 San Pedro de Macorís,2021,39,val
2.4709249,6.239592,-1.1966912,4.0447745,23 San Pedro de Macorís,2021,40,val
0.3882512,7.665761,0.6036308,6.635865,23 San Pedro de Macorís,2021,41,val
2.268482,5.6615853,0.099802226,5.959787,23 San Pedro de Macorís,2021,42,val
3.0660179,4.3309784,0.22442864,5.043707,23 San Pedro de Macorís,2021,43,val
2.594923,4.0819125,0.67534125,5.807807,23 San Pedro de Macorís,2021,44,val
4.274445,2.9342217,0.30588567,6.18527,23 San Pedro de Macorís,2021,45,val
4.855144,1.7485102,-0.048831757,5.916961,23 San Pedro de Macorís,2021,46,val
3.6912704,1.5453334,0.8701296,7.252866,23 San Pedro de Macorís,2021,47,val
3.243401,1.2917498,1.0067482,7.229228,23 San Pedro de Macorís,2021,48,val
2.988954,0.40944785,0.64597493,6.9212537,23 San Pedro de Macorís,2021,49,val
1.5418675,0.17719331,0.8559164,6.734259,23 San Pedro de Macorís,2021,50,val
-0.6679872,1.7191051,1.00709,8.937948,23 San Pedro de Macorís,2021,51,val
-9.8597355,4.40613,3.063729,5.9575768,23 San Pedro de Macorís,2021,52,val
-9.870761,-5.6215053,18.611885,4.363391,24 Sánchez Ramírez,2015,1,train
-11.708775,-8.414605,18.682453,4.612459,24 Sánchez Ramírez,2015,2,train
-9.308562,-9.143307,15.774911,4.3195667,24 Sánchez Ramírez,2015,3,train
-11.0268955,-11.452546,15.02804,3.9017615,24 Sánchez Ramírez,2015,4,train
-0.8914247,-16.07481,3.9006975,3.9052277,24 Sánchez Ramírez,2015,5,train
-4.420673,-16.630827,2.1598284,4.9959464,24 Sánchez Ramírez,2015,6,train
-4.3186674,-16.71442,1.0996146,3.916888,24 Sánchez Ramírez,2015,7,train
7.919784,-14.348117,-6.451055,3.3914852,24 Sánchez Ramírez,2015,8,train
-6.326603,-18.426508,-2.8373086,1.093789,24 Sánchez Ramírez,2015,9,train
-4.7702804,-19.099545,-3.0986636,-0.2813674,24 Sánchez Ramírez,2015,10,train
-4.999479,-19.043081,-3.7772775,-2.095496,24 Sánchez Ramírez,2015,11,train
-6.0670304,-18.70758,-5.213401,-5.4219832,24 Sánchez Ramírez,2015,12,train
-6.202171,-16.396883,-5.4873414,-8.532794,24 Sánchez Ramírez,2015,13,train
-3.6600308,-16.356354,-8.983927,-3.6319988,24 Sánchez Ramírez,2015,14,train
-3.7779362,-15.340758,-9.165596,-5.544271,24 Sánchez Ramírez,2015,15,train
-6.02602,-14.546243,-8.678403,-10.234095,24 Sánchez Ramírez,2015,16,train
-6.1779294,-12.170154,-7.7522993,-13.511633,24 Sánchez Ramírez,2015,17,train
-7.8698754,1.1236765,-16.947685,-10.258501,24 Sánchez Ramírez,2015,18,train
-8.588159,4.1130853,-16.934301,-9.348135,24 Sánchez Ramírez,2015,19,train
-5.782334,3.728422,-16.749596,-7.6260242,24 Sánchez Ramírez,2015,20,train
-2.0214915,2.9500842,-15.793823,-5.549063,24 Sánchez Ramírez,2015,21,train
0.045432113,2.8926086,-15.342172,-4.31152,24 Sánchez Ramírez,2015,22,train
-0.8055142,5.5725026,-13.446072,-8.191077,24 Sánchez Ramírez,2015,23,train
-1.3290445,7.626345,-12.18076,-9.200347,24 Sánchez Ramírez,2015,24,train
0.22601345,8.049435,-11.127472,-8.572121,24 Sánchez Ramírez,2015,25,train
0.8516321,9.640326,-10.338517,-9.187295,24 Sánchez Ramírez,2015,26,train
-5.846662,15.865656,10.536651,-8.4231205,24 Sánchez Ramírez,2015,27,train
-6.0057235,16.271063,12.667068,-9.938337,24 Sánchez Ramírez,2015,28,train
-5.9225335,16.152931,11.589696,-10.216417,24 Sánchez Ramírez,2015,29,train
-6.173642,15.551188,9.684922,-11.292879,24 Sánchez Ramírez,2015,30,train
-6.168858,14.489109,10.131216,-15.1981325,24 Sánchez Ramírez,2015,31,train
-5.049343,13.946939,11.961609,-14.33005,24 Sánchez Ramírez,2015,32,train
-4.7571025,12.767853,11.099266,-14.880235,24 Sánchez Ramírez,2015,33,train
-5.542402,13.083381,11.1045065,-15.242929,24 Sánchez Ramírez,2015,34,train
18.531164,2.1555948,-4.0833216,-1.7981977,24 Sánchez Ramírez,2015,35,train
13.166077,8.372105,6.269171,-6.058699,24 Sánchez Ramírez,2015,36,train
16.025808,7.106259,7.837681,-6.7178774,24 Sánchez Ramírez,2015,37,train
16.337852,5.5784607,10.241904,-6.0078087,24 Sánchez Ramírez,2015,38,train
14.084125,6.096432,8.880321,-3.7595599,24 Sánchez Ramírez,2015,39,train
17.617918,1.883183,8.154785,-4.1716666,24 Sánchez Ramírez,2015,40,train
16.214434,1.1331835,9.071746,-3.5041687,24 Sánchez Ramírez,2015,41,train
15.010565,0.8448106,10.54399,-2.609561,24 Sánchez Ramírez,2015,42,train
16.866758,-0.83116364,12.722868,-1.9201361,24 Sánchez Ramírez,2015,43,train
15.220113,-0.6927048,13.122189,-0.18308543,24 Sánchez Ramírez,2015,44,train
9.773148,1.6267045,13.765875,3.162074,24 Sánchez Ramírez,2015,45,train
11.33418,0.694153,12.443585,3.970511,24 Sánchez Ramírez,2015,46,train
13.660934,-1.5110291,12.149803,6.689113,24 Sánchez Ramírez,2015,47,train
8.774101,-8.919027,12.445874,4.0881257,24 Sánchez Ramírez,2015,48,train
5.2337074,-6.3472424,12.967602,4.51737,24 Sánchez Ramírez,2015,49,train
4.99307,-7.2702184,12.163823,5.458219,24 Sánchez Ramírez,2015,50,train
4.747312,-8.052577,12.128827,5.755176,24 Sánchez Ramírez,2015,51,train
-6.3601174,-2.723572,20.23094,0.8122731,24 Sánchez Ramírez,2015,52,train
-9.390485,-8.814807,21.221235,-4.120573,24 Sánchez Ramírez,2016,1,train
-9.086538,-10.678727,20.3031,-4.135149,24 Sánchez Ramírez,2016,2,train
-8.832901,-12.2437105,19.189648,-4.3121743,24 Sánchez Ramírez,2016,3,train
-6.49217,-12.606695,18.036318,-3.5013385,24 Sánchez Ramírez,2016,4,train
-0.07596787,-20.12308,9.000299,-1.1353846,24 Sánchez Ramírez,2016,5,train
-1.0414141,-18.840904,7.3762445,-2.0143957,24 Sánchez Ramírez,2016,6,train
-1.6782184,-20.416136,7.2225366,-3.0471292,24 Sánchez Ramírez,2016,7,train
-3.731311,-20.38335,5.7031403,-4.7837243,24 Sánchez Ramírez,2016,8,train
-2.4255235,-19.892023,4.8001513,-6.4818892,24 Sánchez Ramírez,2016,9,train
-4.7803955,-19.258984,-2.5741634,-1.4170655,24 Sánchez Ramírez,2016,10,train
-6.0712533,-17.691944,-3.1687915,-6.627349,24 Sánchez Ramírez,2016,11,train
-6.2881026,-16.259853,-3.722942,-10.181852,24 Sánchez Ramírez,2016,12,train
-6.047586,-16.641542,-4.273453,-11.497216,24 Sánchez Ramírez,2016,13,train
-2.535599,-15.776454,-1.7160206,-12.497228,24 Sánchez Ramírez,2016,14,train
-4.752292,-17.01227,-1.754262,-14.090837,24 Sánchez Ramírez,2016,15,train
2.5319338,-16.072124,-1.6253946,-10.63621,24 Sánchez Ramírez,2016,16,train
11.846037,-13.663776,-6.1399827,-7.4599996,24 Sánchez Ramírez,2016,17,train
1.7856262,-13.521707,-1.7134662,-10.717105,24 Sánchez Ramírez,2016,18,train
-2.0926485,0.34414443,-17.440508,0.27918574,24 Sánchez Ramírez,2016,19,train
-3.246348,3.9513266,-16.098198,-2.7836788,24 Sánchez Ramírez,2016,20,train
-2.1123013,4.2099137,-16.391672,0.26964962,24 Sánchez Ramírez,2016,21,train
-1.283397,5.5696645,-16.492159,1.33245,24 Sánchez Ramírez,2016,22,train
-2.290503,9.226271,-13.772625,-2.1783974,24 Sánchez Ramírez,2016,23,train
-3.330708,11.82195,-12.94862,-4.0462894,24 Sánchez Ramírez,2016,24,train
0.38717583,9.979114,-14.370617,1.525027,24 Sánchez Ramírez,2016,25,train
0.29768142,12.608127,-12.755898,0.56940836,24 Sánchez Ramírez,2016,26,train
-6.0404506,19.069382,3.4665766,-1.9470886,24 Sánchez Ramírez,2016,27,train
-8.406785,21.215813,4.1385074,-0.8581957,24 Sánchez Ramírez,2016,28,train
-6.3560314,19.757998,3.9882493,-0.49304056,24 Sánchez Ramírez,2016,29,train
-6.7192526,19.900267,5.592234,2.589456,24 Sánchez Ramírez,2016,30,train
-6.2904267,19.309713,5.7806077,1.7413976,24 Sánchez Ramírez,2016,31,train
-6.7151985,20.328503,2.1035893,1.1001687,24 Sánchez Ramírez,2016,32,train
-7.432468,20.48426,1.9792577,-1.1354905,24 Sánchez Ramírez,2016,33,train
-7.1067867,19.659838,4.6759076,6.063779,24 Sánchez Ramírez,2016,34,train
6.517568,17.192019,-4.1299872,5.2882886,24 Sánchez Ramírez,2016,35,train
4.9468346,16.701523,-2.711153,5.9868126,24 Sánchez Ramírez,2016,36,train
6.0949025,16.795269,-2.7279181,6.3615785,24 Sánchez Ramírez,2016,37,train
6.290051,15.810651,-1.787468,6.6901937,24 Sánchez Ramírez,2016,38,train
5.5526724,14.963793,0.29053015,8.343224,24 Sánchez Ramírez,2016,39,train
5.76222,13.4133215,1.387711,11.012609,24 Sánchez Ramírez,2016,40,train
5.9407115,12.348277,2.561705,10.970485,24 Sánchez Ramírez,2016,41,train
4.311618,11.670306,3.4025717,12.8045,24 Sánchez Ramírez,2016,42,train
5.0065217,9.827462,4.220338,13.092107,24 Sánchez Ramírez,2016,43,train
2.1998374,9.459446,5.1959248,15.422758,24 Sánchez Ramírez,2016,44,train
12.188521,-2.5795217,-7.290679,11.504755,24 Sánchez Ramírez,2016,45,train
-0.7621487,8.151122,6.273918,15.577899,24 Sánchez Ramírez,2016,46,train
0.16603528,5.5249143,5.7203965,18.331797,24 Sánchez Ramírez,2016,47,train
-2.5352283,-3.7263737,8.143856,15.597582,24 Sánchez Ramírez,2016,48,train
-1.3229555,-4.8879066,8.123645,15.50918,24 Sánchez Ramírez,2016,49,train
-1.4168692,-5.219153,8.077836,15.482724,24 Sánchez Ramírez,2016,50,train
-3.7858496,-3.943586,8.73894,16.089134,24 Sánchez Ramírez,2016,51,train
-12.59507,-2.7609656,13.937532,12.653237,24 Sánchez Ramírez,2016,52,train
-12.133428,-4.2224393,13.303423,9.442075,24 Sánchez Ramírez,2017,1,train
-12.528347,-2.7341838,12.021311,15.894325,24 Sánchez Ramírez,2017,2,train
-17.40096,-7.605575,12.259296,14.925086,24 Sánchez Ramírez,2017,3,train
-17.905834,-9.408774,11.038916,10.782847,24 Sánchez Ramírez,2017,4,train
-6.2200713,-13.347229,1.0903292,10.860775,24 Sánchez Ramírez,2017,5,train
-5.1094484,-13.513742,-0.97939324,9.54849,24 Sánchez Ramírez,2017,6,train
-5.884775,-14.307555,-2.7066908,9.183549,24 Sánchez Ramírez,2017,7,train
-9.462849,-15.903597,-2.31045,6.4312415,24 Sánchez Ramírez,2017,8,train
-10.918637,-16.618408,-4.090466,5.7782226,24 Sánchez Ramírez,2017,9,train
-7.4954,-14.867076,-9.9278555,6.2798915,24 Sánchez Ramírez,2017,10,train
-8.546604,-14.5930195,-10.237767,0.19688693,24 Sánchez Ramírez,2017,11,train
-3.3359714,-13.134594,-14.822005,2.9564283,24 Sánchez Ramírez,2017,12,train
-8.128241,-13.289419,-13.450505,-4.078116,24 Sánchez Ramírez,2017,13,train
-4.147469,-14.614919,-7.4414215,-11.342188,24 Sánchez Ramírez,2017,14,train
-4.6026335,-15.450465,-8.797643,-8.931498,24 Sánchez Ramírez,2017,15,train
7.896396,-13.165308,-11.144625,-2.3337014,24 Sánchez Ramírez,2017,16,train
8.760704,-12.287487,-10.812799,-3.181366,24 Sánchez Ramírez,2017,17,train
0.64418733,-12.247841,-8.875621,-9.913106,24 Sánchez Ramírez,2017,18,train
-5.127604,3.061033,-19.690172,1.5096354,24 Sánchez Ramírez,2017,19,train
-2.4591358,2.822394,-17.368317,2.3392618,24 Sánchez Ramírez,2017,20,train
-4.4415336,7.569442,-15.911639,-1.8813736,24 Sánchez Ramírez,2017,21,train
-3.1253176,6.6788516,-17.93597,1.9505466,24 Sánchez Ramírez,2017,22,train
-2.0088148,9.119012,-13.319783,-3.4333916,24 Sánchez Ramírez,2017,23,train
-2.4279447,11.250542,-13.511282,-2.4549296,24 Sánchez Ramírez,2017,24,train
0.10968428,10.275494,-13.581119,-0.24825817,24 Sánchez Ramírez,2017,25,train
1.1548188,10.95944,-12.251655,-0.46526206,24 Sánchez Ramírez,2017,26,train
-6.1890783,19.444399,3.4649262,3.874963,24 Sánchez Ramírez,2017,27,train
-6.8912387,19.945946,3.7215583,3.9992342,24 Sánchez Ramírez,2017,28,train
-6.1304502,19.638895,3.4642556,2.3260107,24 Sánchez Ramírez,2017,29,train
-5.597684,19.324955,2.8834474,0.96810263,24 Sánchez Ramírez,2017,30,train
-5.880851,19.288687,3.5959866,1.8767096,24 Sánchez Ramírez,2017,31,train
-6.2221437,19.703125,3.3619618,2.5454614,24 Sánchez Ramírez,2017,32,train
-5.091544,18.53138,5.531819,5.148813,24 Sánchez Ramírez,2017,33,train
-5.6396093,18.845854,3.4339504,1.2226019,24 Sánchez Ramírez,2017,34,train
4.818182,16.224567,-1.9398643,3.8083334,24 Sánchez Ramírez,2017,35,train
4.717441,15.882686,-0.0163298,6.9276953,24 Sánchez Ramírez,2017,36,train
5.5480413,15.357084,-0.05556653,5.38027,24 Sánchez Ramírez,2017,37,train
5.6493607,14.598643,1.3073384,6.911352,24 Sánchez Ramírez,2017,38,train
6.8970437,14.14414,1.4686419,6.421125,24 Sánchez Ramírez,2017,39,train
5.0213895,13.740669,2.7493274,8.877529,24 Sánchez Ramírez,2017,40,train
5.9417715,12.698516,2.620324,10.83519,24 Sánchez Ramírez,2017,41,train
7.3420563,10.264522,3.677878,10.293248,24 Sánchez Ramírez,2017,42,train
7.24569,9.338241,4.3117585,11.460456,24 Sánchez Ramírez,2017,43,train
7.11416,8.256221,4.5055575,12.315764,24 Sánchez Ramírez,2017,44,train
-1.7057565,10.366739,4.986382,16.794111,24 Sánchez Ramírez,2017,45,train
-0.36066878,8.54637,5.7048073,16.44583,24 Sánchez Ramírez,2017,46,train
4.7159996,5.8048544,4.8852696,15.632885,24 Sánchez Ramírez,2017,47,train
5.3529377,4.315885,4.9615054,15.400764,24 Sánchez Ramírez,2017,48,train
2.8617485,3.8275223,5.3279486,16.998055,24 Sánchez Ramírez,2017,49,train
4.8567324,2.035694,3.1505265,18.321918,24 Sánchez Ramírez,2017,50,train
-0.68652976,3.5217335,4.70227,18.91056,24 Sánchez Ramírez,2017,51,train
-12.558043,-2.135916,12.943094,14.346527,24 Sánchez Ramírez,2017,52,train
-10.430588,-1.1261362,12.584142,13.419784,24 Sánchez Ramírez,2018,1,train
-10.756728,-2.343181,11.371347,14.115411,24 Sánchez Ramírez,2018,2,train
-10.554789,-2.5073366,10.521467,15.17354,24 Sánchez Ramírez,2018,3,train
-11.121725,-3.3687227,9.355668,14.799376,24 Sánchez Ramírez,2018,4,train
-5.650245,-12.109969,-1.7323681,12.937907,24 Sánchez Ramírez,2018,5,train
-4.6376247,-12.310475,-5.1424127,11.48844,24 Sánchez Ramírez,2018,6,train
-5.572593,-13.211324,-6.554459,12.040103,24 Sánchez Ramírez,2018,7,train
-6.747973,-13.75297,-7.085086,11.346309,24 Sánchez Ramírez,2018,8,train
-11.71083,-17.043135,-6.7648897,9.289192,24 Sánchez Ramírez,2018,9,train
-10.826842,-15.517636,-10.02017,3.9532697,24 Sánchez Ramírez,2018,10,train
-7.211648,-13.446527,-10.435052,0.13387917,24 Sánchez Ramírez,2018,11,train
-7.2400446,-13.088824,-13.308122,-0.9618052,24 Sánchez Ramírez,2018,12,train
-5.83326,-14.036946,-15.696923,1.230914,24 Sánchez Ramírez,2018,13,train
-5.987141,-13.242042,-13.466224,-4.8247123,24 Sánchez Ramírez,2018,14,train
-5.513544,-12.170915,-13.956487,-6.0232606,24 Sánchez Ramírez,2018,15,train
-6.49004,-11.872491,-13.737837,-8.229953,24 Sánchez Ramírez,2018,16,train
-4.823475,-10.172821,-13.1808195,-10.02802,24 Sánchez Ramírez,2018,17,train
-2.8103333,-9.350792,-12.539384,-9.202793,24 Sánchez Ramírez,2018,18,train
-2.9277544,-7.7672358,-12.830196,-11.8299,24 Sánchez Ramírez,2018,19,train
0.71429485,-7.6163464,-12.312336,-8.395998,24 Sánchez Ramírez,2018,20,train
-1.1613319,-5.707046,-11.319251,-13.568717,24 Sánchez Ramírez,2018,21,train
-0.29931098,-4.338868,-10.053247,-13.807993,24 Sánchez Ramírez,2018,22,train
-0.4733764,-3.014066,-8.026738,-15.885872,24 Sánchez Ramírez,2018,23,train
-0.5071785,3.4744427,-12.024885,-10.917931,24 Sánchez Ramírez,2018,24,train
0.44344798,4.2571235,-11.347304,-10.652389,24 Sánchez Ramírez,2018,25,train
0.12806943,6.792619,-10.915036,-11.305284,24 Sánchez Ramírez,2018,26,train
-8.128871,18.799238,5.7294526,-8.321229,24 Sánchez Ramírez,2018,27,train
-6.349491,18.332947,8.385398,-4.738633,24 Sánchez Ramírez,2018,28,train
-4.1400833,17.72287,8.123061,-3.7329211,24 Sánchez Ramírez,2018,29,train
-6.713332,18.680645,7.020074,-6.536694,24 Sánchez Ramírez,2018,30,train
-5.7635813,18.632189,8.85872,-4.527584,24 Sánchez Ramírez,2018,31,train
-6.3429637,17.891783,9.454982,-5.354872,24 Sánchez Ramírez,2018,32,train
-4.267179,17.533787,11.394926,-2.1583393,24 Sánchez Ramírez,2018,33,train
-5.9551225,17.939705,9.119467,-5.437505,24 Sánchez Ramírez,2018,34,train
15.018611,2.061248,-9.652741,0.9147582,24 Sánchez Ramírez,2018,35,train
8.972777,13.350017,3.5511153,0.70145786,24 Sánchez Ramírez,2018,36,train
7.9489045,13.043896,5.443355,1.9122585,24 Sánchez Ramírez,2018,37,train
9.059005,12.696593,4.997166,2.0338972,24 Sánchez Ramírez,2018,38,train
8.434857,12.9493,6.680932,3.1055403,24 Sánchez Ramírez,2018,39,train
9.368351,11.643731,6.5283012,5.441143,24 Sánchez Ramírez,2018,40,train
9.476649,10.839186,7.0438833,6.119331,24 Sánchez Ramírez,2018,41,train
6.982271,10.315727,8.603143,6.3572197,24 Sánchez Ramírez,2018,42,train
10.194997,7.9158273,6.86977,6.9704843,24 Sánchez Ramírez,2018,43,train
10.373771,6.910664,7.3267407,8.175918,24 Sánchez Ramírez,2018,44,train
7.106175,6.7765584,10.029628,8.633343,24 Sánchez Ramírez,2018,45,train
7.5319552,5.3359666,9.565412,8.824029,24 Sánchez Ramírez,2018,46,train
9.33463,3.638408,8.728649,9.524071,24 Sánchez Ramírez,2018,47,train
4.089291,-6.06741,9.897904,9.662746,24 Sánchez Ramírez,2018,48,train
2.3506944,-4.540718,10.383186,10.364691,24 Sánchez Ramírez,2018,49,train
2.782087,-6.1666536,9.696055,10.795706,24 Sánchez Ramírez,2018,50,train
3.0547957,-7.3713737,9.656112,11.300281,24 Sánchez Ramírez,2018,51,train
-10.614359,-2.2067628,17.165876,7.0920324,24 Sánchez Ramírez,2018,52,train
-12.383306,-5.106489,16.785284,5.3027425,24 Sánchez Ramírez,2019,1,train
-12.264303,-7.086289,17.233803,6.3743353,24 Sánchez Ramírez,2019,2,train
-12.717467,-9.31155,15.416118,5.83103,24 Sánchez Ramírez,2019,3,train
-12.051437,-10.200043,13.625414,5.023562,24 Sánchez Ramírez,2019,4,train
-4.8392615,-16.125261,3.943656,5.648205,24 Sánchez Ramírez,2019,5,train
-2.6733875,-17.923313,4.6224356,2.291504,24 Sánchez Ramírez,2019,6,train
-2.9671156,-18.414473,3.745614,1.2411568,24 Sánchez Ramírez,2019,7,train
-5.7824936,-18.795973,2.8584485,-0.90886486,24 Sánchez Ramírez,2019,8,train
-7.0467052,-19.890581,2.333705,-2.3643332,24 Sánchez Ramírez,2019,9,train
-7.808951,-18.300554,-3.2521415,-1.3125951,24 Sánchez Ramírez,2019,10,train
-6.871957,-18.576473,-5.3973136,-2.652879,24 Sánchez Ramírez,2019,11,train
-8.691212,-17.940464,-6.067629,-7.700443,24 Sánchez Ramírez,2019,12,train
8.665031,-13.820639,-8.826283,-1.9192305,24 Sánchez Ramírez,2019,13,train
-3.3165228,-14.070997,-9.555963,-7.28985,24 Sánchez Ramírez,2019,14,train
-4.644048,-13.574378,-9.67401,-8.256874,24 Sánchez Ramírez,2019,15,train
-5.5147314,-13.450231,-9.696251,-11.025329,24 Sánchez Ramírez,2019,16,train
-4.7091208,-13.022048,-8.977366,-12.103416,24 Sánchez Ramírez,2019,17,train
-5.002375,-1.5912297,-18.627594,-3.5647528,24 Sánchez Ramírez,2019,18,train
-4.71319,1.9324555,-17.637829,-5.1989937,24 Sánchez Ramírez,2019,19,train
-4.1560984,3.8251548,-16.186867,-5.72635,24 Sánchez Ramírez,2019,20,train
-1.7962445,2.6427422,-16.457676,-2.4763522,24 Sánchez Ramírez,2019,21,train
-0.7274932,2.642074,-16.550514,-2.1521018,24 Sánchez Ramírez,2019,22,train
-0.7011367,6.682072,-13.974861,-3.4344642,24 Sánchez Ramírez,2019,23,train
-1.0571492,8.913202,-12.493499,-6.092642,24 Sánchez Ramírez,2019,24,train
-0.87528473,11.078365,-11.075971,-6.7859693,24 Sánchez Ramírez,2019,25,train
1.4384938,10.098787,-10.431695,-5.76705,24 Sánchez Ramírez,2019,26,train
-5.2434354,15.457043,8.887069,-13.793437,24 Sánchez Ramírez,2019,27,train
-2.1877608,13.466696,10.414755,-12.066938,24 Sánchez Ramírez,2019,28,train
-0.8784937,12.470233,11.591653,-11.300634,24 Sánchez Ramírez,2019,29,train
-1.392502,12.125197,9.861903,-15.0493145,24 Sánchez Ramírez,2019,30,train
-0.5322934,11.490143,12.550169,-12.249761,24 Sánchez Ramírez,2019,31,train
0.15055071,11.255677,9.254332,-11.647416,24 Sánchez Ramírez,2019,32,train
-0.7090477,11.135659,10.74708,-14.475496,24 Sánchez Ramírez,2019,33,train
0.19554989,10.854952,11.242566,-12.2067995,24 Sánchez Ramírez,2019,34,train
9.808081,10.909766,1.5424381,-8.042666,24 Sánchez Ramírez,2019,35,train
11.48459,9.6452055,4.262422,-5.7428174,24 Sánchez Ramírez,2019,36,train
12.417826,8.895821,5.799237,-5.336576,24 Sánchez Ramírez,2019,37,train
11.465692,8.432235,8.635912,-2.6874483,24 Sánchez Ramírez,2019,38,train
9.877113,8.823953,9.075784,-0.89236546,24 Sánchez Ramírez,2019,39,train
12.2746105,8.13738,6.73147,2.1748836,24 Sánchez Ramírez,2019,40,train
13.215199,6.8402257,6.2818875,2.8820775,24 Sánchez Ramírez,2019,41,train
13.745716,5.8057003,5.47419,3.9822812,24 Sánchez Ramírez,2019,42,train
9.744178,7.0139174,9.658221,4.5541983,24 Sánchez Ramírez,2019,43,train
9.710595,5.778119,9.552257,5.777383,24 Sánchez Ramírez,2019,44,train
10.043209,4.592431,9.493417,6.1175823,24 Sánchez Ramírez,2019,45,train
9.269537,4.014094,10.091786,6.5699863,24 Sánchez Ramírez,2019,46,train
11.973209,1.2904255,9.429307,7.5738997,24 Sánchez Ramírez,2019,47,train
12.594619,0.13591859,9.466399,7.5736737,24 Sánchez Ramírez,2019,48,train
4.6267896,-6.0330467,12.288826,5.297044,24 Sánchez Ramírez,2019,49,train
2.5248716,-4.1316066,14.3214245,5.4932513,24 Sánchez Ramírez,2019,50,train
3.2656004,-6.4401493,12.34892,6.236033,24 Sánchez Ramírez,2019,51,train
-7.8055615,-3.0645752,17.755804,2.1730263,24 Sánchez Ramírez,2019,52,train
-9.293538,-3.8817196,16.60015,3.8816676,24 Sánchez Ramírez,2020,1,val
-9.012874,-4.8165436,16.371382,3.8055537,24 Sánchez Ramírez,2020,2,val
-7.9968247,-5.661599,16.650642,4.482199,24 Sánchez Ramírez,2020,3,val
-8.566261,-7.747682,15.210382,2.989497,24 Sánchez Ramírez,2020,4,val
-2.986897,-15.121529,4.265551,3.708547,24 Sánchez Ramírez,2020,5,val
-1.1626692,-15.193211,3.168599,1.4197395,24 Sánchez Ramírez,2020,6,val
-1.4987819,-16.102911,1.051261,1.1616035,24 Sánchez Ramírez,2020,7,val
-2.760795,-16.584364,0.89235044,-0.16734374,24 Sánchez Ramírez,2020,8,val
-4.677382,-18.079115,0.6786458,-1.998198,24 Sánchez Ramírez,2020,9,val
8.665778,-14.815206,-6.2238283,-0.9978702,24 Sánchez Ramírez,2020,10,val
0.4618602,-17.873384,-3.631033,-4.7104015,24 Sánchez Ramírez,2020,11,val
-1.9839685,-18.587572,-4.873435,-5.1339784,24 Sánchez Ramírez,2020,12,val
-3.4236922,-18.23846,-4.2858815,-9.696013,24 Sánchez Ramírez,2020,13,val
-4.6213675,-16.663843,-6.553391,-10.741457,24 Sánchez Ramírez,2020,14,val
-1.6734295,-13.615968,-5.512722,-12.791249,24 Sánchez Ramírez,2020,15,val
-2.282,-13.8197975,-6.096717,-13.957591,24 Sánchez Ramírez,2020,16,val
-3.9455993,-12.705303,-4.802879,-16.338474,24 Sánchez Ramírez,2020,17,val
-3.6306353,-12.250118,-4.436424,-16.904852,24 Sánchez Ramírez,2020,18,val
-5.400994,3.7498057,-16.727703,-0.49283633,24 Sánchez Ramírez,2020,19,val
-5.305367,5.3923936,-15.868572,-2.2148378,24 Sánchez Ramírez,2020,20,val
-5.308549,7.649519,-14.877484,-1.4736732,24 Sánchez Ramírez,2020,21,val
-4.449014,9.013336,-15.5176735,-1.28791,24 Sánchez Ramírez,2020,22,val
-4.476488,11.892461,-14.458482,-2.706443,24 Sánchez Ramírez,2020,23,val
-4.390742,13.474779,-13.530875,-2.8083186,24 Sánchez Ramírez,2020,24,val
-2.9267597,13.934368,-12.113436,-3.2438376,24 Sánchez Ramírez,2020,25,val
-2.7775252,15.9907055,-11.557258,-2.4468594,24 Sánchez Ramírez,2020,26,val
-7.8633657,20.73992,1.6513011,0.024666052,24 Sánchez Ramírez,2020,27,val
-6.81141,20.152643,2.0056362,0.35181612,24 Sánchez Ramírez,2020,28,val
-7.609544,20.649752,1.5790302,-0.32750353,24 Sánchez Ramírez,2020,29,val
-6.442246,20.153797,3.365763,3.1174996,24 Sánchez Ramírez,2020,30,val
-8.934057,16.55125,14.876591,3.2040517,24 Sánchez Ramírez,2020,31,val
-6.7733755,20.328463,-1.1987563,0.24228767,24 Sánchez Ramírez,2020,32,val
-7.246654,19.976067,-0.14034341,1.7756912,24 Sánchez Ramírez,2020,33,val
-9.266991,17.114134,13.698772,4.4723625,24 Sánchez Ramírez,2020,34,val
3.1377838,17.67824,-4.69249,5.505445,24 Sánchez Ramírez,2020,35,val
9.455877,5.926782,-12.061363,6.2731724,24 Sánchez Ramírez,2020,36,val
3.769904,16.829689,-3.3118079,5.9555,24 Sánchez Ramírez,2020,37,val
3.9469252,16.529022,-2.127145,8.061404,24 Sánchez Ramírez,2020,38,val
5.7613564,15.561421,-2.7013164,8.520497,24 Sánchez Ramírez,2020,39,val
9.126256,4.6564164,-13.549231,11.212843,24 Sánchez Ramírez,2020,40,val
5.3779087,12.897273,-0.32116854,12.749789,24 Sánchez Ramírez,2020,41,val
3.8069994,12.479455,1.5835001,13.013495,24 Sánchez Ramírez,2020,42,val
6.630892,9.351339,1.788513,12.827763,24 Sánchez Ramírez,2020,43,val
1.8713641,10.528779,3.352016,15.601877,24 Sánchez Ramírez,2020,44,val
-0.74199814,8.956113,4.8731008,16.537552,24 Sánchez Ramírez,2020,45,val
10.19416,-2.1655939,-8.256669,13.640555,24 Sánchez Ramírez,2020,46,val
0.03554878,6.0620666,4.5993924,18.14572,24 Sánchez Ramírez,2020,47,val
2.2529685,4.048235,3.3746984,19.292738,24 Sánchez Ramírez,2020,48,val
2.8520772,2.790143,1.4251121,19.851702,24 Sánchez Ramírez,2020,49,val
-0.5335483,3.5074155,2.9061317,18.983372,24 Sánchez Ramírez,2020,50,val
-3.3004954,3.893,3.0816116,19.795269,24 Sánchez Ramírez,2020,51,val
-12.343836,9.507376,5.3567038,18.05843,24 Sánchez Ramírez,2020,52,val
-15.358653,8.63806,4.259753,17.862978,24 Sánchez Ramírez,2021,1,val
-14.314388,7.7383013,3.693228,15.012206,24 Sánchez Ramírez,2021,2,val
-12.991373,7.477921,3.3517697,16.977488,24 Sánchez Ramírez,2021,3,val
-15.986136,6.6392007,2.2096465,17.89179,24 Sánchez Ramírez,2021,4,val
-7.795505,-0.9658347,-6.9077373,15.557483,24 Sánchez Ramírez,2021,5,val
-9.131682,-1.7785417,-8.677333,14.25705,24 Sánchez Ramírez,2021,6,val
-9.917551,-2.4730048,-9.92948,13.138651,24 Sánchez Ramírez,2021,7,val
-10.156618,-3.5125868,-12.650321,13.296834,24 Sánchez Ramírez,2021,8,val
-12.103423,-2.9016414,-12.116375,9.988886,24 Sánchez Ramírez,2021,9,val
6.0989647,-9.237895,-14.714276,5.6696806,24 Sánchez Ramírez,2021,10,val
-9.943655,-5.5808806,-16.389982,7.9632583,24 Sánchez Ramírez,2021,11,val
-5.3080893,-12.238523,-13.62711,1.9258543,24 Sánchez Ramírez,2021,12,val
-8.375033,-12.224497,-14.7337885,-1.4288651,24 Sánchez Ramírez,2021,13,val
-4.080278,-12.465605,-14.708031,1.1526394,24 Sánchez Ramírez,2021,14,val
-9.476738,-12.806297,-13.999928,-6.6118264,24 Sánchez Ramírez,2021,15,val
-4.479132,-10.534089,-12.635261,-8.660585,24 Sánchez Ramírez,2021,16,val
-3.032504,-10.87811,-13.629006,-6.18705,24 Sánchez Ramírez,2021,17,val
-2.9220347,-10.002965,-12.3124695,-9.293914,24 Sánchez Ramírez,2021,18,val
-0.7463238,-8.73309,-10.006868,-11.635633,24 Sánchez Ramírez,2021,19,val
-0.5363977,-8.747785,-9.968501,-10.519612,24 Sánchez Ramírez,2021,20,val
2.1029503,-7.7484436,-8.890438,-10.816669,24 Sánchez Ramírez,2021,21,val
5.096058,-8.639152,-8.932833,-10.81404,24 Sánchez Ramírez,2021,22,val
8.106752,-9.259104,-9.602541,-5.332965,24 Sánchez Ramírez,2021,23,val
2.5286818,-4.7734437,-4.586665,-15.890686,24 Sánchez Ramírez,2021,24,val
4.336759,-5.2578573,-4.878944,-13.751114,24 Sánchez Ramírez,2021,25,val
-0.09543033,10.183302,-12.552371,-1.4325409,24 Sánchez Ramírez,2021,26,val
-7.4938674,19.944117,2.7948136,2.7145464,24 Sánchez Ramírez,2021,27,val
-7.6157002,20.693546,3.1773381,5.8832717,24 Sánchez Ramírez,2021,28,val
-6.59439,20.08564,2.3237145,2.0786989,24 Sánchez Ramírez,2021,29,val
-6.8544383,20.318766,2.156523,2.2424347,24 Sánchez Ramírez,2021,30,val
-5.46239,19.834476,2.11709,2.7095628,24 Sánchez Ramírez,2021,31,val
-9.883232,17.544222,15.946717,4.132596,24 Sánchez Ramírez,2021,32,val
-5.699414,18.970049,5.301177,4.481577,24 Sánchez Ramírez,2021,33,val
-5.4165335,18.17501,2.8830943,-1.7349492,24 Sánchez Ramírez,2021,34,val
5.497039,15.97386,-3.45469,1.1349627,24 Sánchez Ramírez,2021,35,val
3.9389873,16.914495,-4.2842035,5.417802,24 Sánchez Ramírez,2021,36,val
1.7911291,17.538544,-1.1310732,9.321061,24 Sánchez Ramírez,2021,37,val
2.3312354,17.004162,-0.94081163,9.241341,24 Sánchez Ramírez,2021,38,val
4.2088475,16.264404,-1.6293205,10.713239,24 Sánchez Ramírez,2021,39,val
6.41024,13.540485,-1.0275519,10.488946,24 Sánchez Ramírez,2021,40,val
10.425869,3.1786065,-10.679447,9.915545,24 Sánchez Ramírez,2021,41,val
5.50916,11.601563,1.4416587,13.07314,24 Sánchez Ramírez,2021,42,val
7.9830375,8.100159,1.4651009,11.231225,24 Sánchez Ramírez,2021,43,val
5.745831,9.007715,2.6178696,14.202713,24 Sánchez Ramírez,2021,44,val
7.5094275,6.7973228,2.898125,13.524693,24 Sánchez Ramírez,2021,45,val
7.031738,5.493296,3.4110157,13.82615,24 Sánchez Ramírez,2021,46,val
4.6774735,4.961433,2.9859486,17.423546,24 Sánchez Ramírez,2021,47,val
-0.84662044,-4.5839624,6.095696,15.139017,24 Sánchez Ramírez,2021,48,val
-1.7606424,-4.7330914,6.098499,15.939158,24 Sánchez Ramírez,2021,49,val
-2.0994117,-5.975151,5.9406753,18.242294,24 Sánchez Ramírez,2021,50,val
-2.6673892,-5.21593,6.683584,16.033642,24 Sánchez Ramírez,2021,51,val
-15.254138,-2.035423,12.085066,11.355454,24 Sánchez Ramírez,2021,52,val
-7.8753233,-6.493314,16.542559,5.3186636,25 Santiago,2015,1,train
-9.186752,-8.714065,15.68158,5.1852326,25 Santiago,2015,2,train
-9.94628,-10.662845,15.157471,4.6580615,25 Santiago,2015,3,train
-12.062456,-13.16668,14.197031,3.6968012,25 Santiago,2015,4,train
9.324207,-15.703661,-2.1887667,4.3297586,25 Santiago,2015,5,train
-2.8839815,-18.024889,1.4801887,5.5374393,25 Santiago,2015,6,train
-2.012056,-18.126509,-0.4608701,4.818785,25 Santiago,2015,7,train
8.869046,-16.289436,-8.264465,4.1008143,25 Santiago,2015,8,train
-5.31207,-19.360153,-3.4616332,1.2384682,25 Santiago,2015,9,train
-5.302147,-19.950773,-3.1005793,-0.563275,25 Santiago,2015,10,train
-5.2098737,-19.665937,-3.990878,-2.1004984,25 Santiago,2015,11,train
-6.7320633,-20.059874,-5.821467,-6.9455004,25 Santiago,2015,12,train
-9.130574,-18.63046,-5.6598516,-11.648859,25 Santiago,2015,13,train
-3.9540708,-17.447418,-9.751872,-5.7209554,25 Santiago,2015,14,train
-4.9725027,-15.401662,-9.542324,-8.974129,25 Santiago,2015,15,train
-9.141363,-14.172095,-9.046068,-15.758754,25 Santiago,2015,16,train
-10.54857,2.25036,-17.798237,-12.795295,25 Santiago,2015,17,train
-13.751783,6.043603,-16.028627,-16.22,25 Santiago,2015,18,train
-10.487426,5.951936,-16.122091,-12.315447,25 Santiago,2015,19,train
-5.992768,4.7833123,-17.163069,-9.769543,25 Santiago,2015,20,train
-3.0807648,4.7993617,-15.879143,-8.227455,25 Santiago,2015,21,train
-0.91504645,4.935562,-16.582214,-8.42663,25 Santiago,2015,22,train
-4.194023,9.43253,-13.793704,-12.086564,25 Santiago,2015,23,train
-4.515182,11.782043,-12.345374,-13.259684,25 Santiago,2015,24,train
-1.4297909,11.43898,-11.079762,-11.08646,25 Santiago,2015,25,train
-1.7948066,13.77067,-10.016371,-12.202798,25 Santiago,2015,26,train
-6.1389956,16.829319,3.3632705,-12.239291,25 Santiago,2015,27,train
-6.1731744,17.324894,4.803298,-11.974493,25 Santiago,2015,28,train
-6.3563075,17.294628,4.6891074,-13.026859,25 Santiago,2015,29,train
-7.9570594,16.556234,1.4635426,-16.087267,25 Santiago,2015,30,train
-7.094681,16.76933,2.5509837,-15.16099,25 Santiago,2015,31,train
-6.7508345,15.364783,3.0618408,-14.9116125,25 Santiago,2015,32,train
-6.782486,14.778708,3.181345,-14.865961,25 Santiago,2015,33,train
-7.742267,14.811833,2.7102628,-16.246582,25 Santiago,2015,34,train
13.028917,12.858985,0.9437783,-4.692036,25 Santiago,2015,35,train
14.569298,11.756072,1.1996173,-6.7158465,25 Santiago,2015,36,train
14.320362,10.465171,1.2942303,-6.2319503,25 Santiago,2015,37,train
15.789277,8.498754,3.0471103,-5.4815044,25 Santiago,2015,38,train
17.15843,7.8199306,4.4858656,-5.02309,25 Santiago,2015,39,train
20.027061,3.2849252,7.787821,-4.317425,25 Santiago,2015,40,train
18.756653,1.5195063,7.7806516,-3.9780664,25 Santiago,2015,41,train
18.552036,0.012688075,8.571874,-3.2890897,25 Santiago,2015,42,train
17.847902,0.020014592,14.678251,-1.7423248,25 Santiago,2015,43,train
16.668127,-0.163669,14.525864,-0.1580009,25 Santiago,2015,44,train
12.280629,1.4246535,13.635473,2.9992812,25 Santiago,2015,45,train
13.306122,0.7790607,12.193243,4.0277615,25 Santiago,2015,46,train
16.957731,-2.21835,11.245699,6.959161,25 Santiago,2015,47,train
10.595396,-11.395938,13.376138,5.0597954,25 Santiago,2015,48,train
6.7039375,-8.443036,12.789137,4.688259,25 Santiago,2015,49,train
7.796666,-10.799699,10.429821,6.0552154,25 Santiago,2015,50,train
6.0160556,-10.141277,10.907163,6.4899454,25 Santiago,2015,51,train
-6.1340313,-3.779108,17.968117,2.3098242,25 Santiago,2015,52,train
-12.635057,-11.520821,19.524284,-6.2560983,25 Santiago,2016,1,train
-13.477676,-13.866697,18.17333,-6.778066,25 Santiago,2016,2,train
-9.866929,-14.00839,17.962294,-5.1394916,25 Santiago,2016,3,train
-8.0985155,-15.174942,17.26679,-3.7234473,25 Santiago,2016,4,train
-2.6872168,-22.698301,10.993217,-1.6246698,25 Santiago,2016,5,train
-0.75173104,-20.509708,8.215859,-2.0617812,25 Santiago,2016,6,train
-3.0380294,-22.647781,8.335289,-3.1574123,25 Santiago,2016,7,train
-5.4751387,-22.464432,6.794024,-5.6477346,25 Santiago,2016,8,train
-2.761081,-21.15421,4.9221625,-6.7436733,25 Santiago,2016,9,train
-4.7384377,-21.506527,-2.9674525,-1.4577241,25 Santiago,2016,10,train
-8.700687,-20.099585,-2.3276963,-9.524939,25 Santiago,2016,11,train
-7.3955383,-16.223122,-3.6411598,-12.3065815,25 Santiago,2016,12,train
-9.701956,-16.422812,-3.6549523,-16.090641,25 Santiago,2016,13,train
-5.4150352,-16.492865,-2.2063987,-16.693153,25 Santiago,2016,14,train
-6.411177,-17.969707,-2.973603,-16.708883,25 Santiago,2016,15,train
1.4494478,-17.735369,-2.8494103,-10.815626,25 Santiago,2016,16,train
4.073014,-15.960213,-3.655739,-11.366105,25 Santiago,2016,17,train
-2.9129348,0.118117526,-18.659588,-3.5864778,25 Santiago,2016,18,train
-1.6226338,0.7215985,-17.649965,-2.4223003,25 Santiago,2016,19,train
-4.750042,6.100234,-16.056139,-5.9486146,25 Santiago,2016,20,train
-1.991183,5.0595045,-16.808825,-2.830054,25 Santiago,2016,21,train
-2.0025618,7.536116,-16.216301,-3.1331952,25 Santiago,2016,22,train
-7.063669,13.600594,-13.762347,-8.382581,25 Santiago,2016,23,train
-6.613626,15.232414,-13.283266,-8.987043,25 Santiago,2016,24,train
-0.076113194,12.655837,-12.520936,-4.5867214,25 Santiago,2016,25,train
-0.36380297,14.916751,-11.169235,-5.143326,25 Santiago,2016,26,train
-5.4589543,19.35802,-1.8868659,-9.083123,25 Santiago,2016,27,train
-5.907872,19.760754,-2.0556076,-9.397634,25 Santiago,2016,28,train
-5.519136,19.495693,-1.7205586,-8.546084,25 Santiago,2016,29,train
-4.622506,19.521156,0.13835146,-6.411294,25 Santiago,2016,30,train
-5.205729,19.988758,0.66159165,-6.8392034,25 Santiago,2016,31,train
-5.9178767,20.401922,-3.3680987,-7.924964,25 Santiago,2016,32,train
-7.2500925,20.840134,-3.9194462,-9.696643,25 Santiago,2016,33,train
-10.137367,17.839417,14.443326,2.7882476,25 Santiago,2016,34,train
7.872712,17.865984,-3.936622,0.5655883,25 Santiago,2016,35,train
8.070244,17.78653,-4.676847,1.3359828,25 Santiago,2016,36,train
9.542687,17.498367,-5.192275,1.3475283,25 Santiago,2016,37,train
9.370714,16.273947,-4.1469336,2.1335936,25 Santiago,2016,38,train
9.280893,14.593344,-2.5225112,3.4905849,25 Santiago,2016,39,train
9.997955,13.336374,1.6608578,8.102806,25 Santiago,2016,40,train
10.221479,12.306559,3.1447232,9.528463,25 Santiago,2016,41,train
15.0622635,1.569123,-7.7535048,11.173465,25 Santiago,2016,42,train
5.1539335,11.742605,7.1849155,13.742665,25 Santiago,2016,43,train
15.832771,-0.9442007,-5.7901745,13.084413,25 Santiago,2016,44,train
13.663806,-3.4826164,-8.94481,12.087738,25 Santiago,2016,45,train
11.923929,-2.8924625,-8.461772,14.084376,25 Santiago,2016,46,train
1.9944288,5.914129,9.235684,18.764582,25 Santiago,2016,47,train
-2.473297,-4.281765,10.604945,16.572664,25 Santiago,2016,48,train
-0.15743342,-6.855058,9.739992,16.99291,25 Santiago,2016,49,train
-1.2267796,-5.8852215,10.634359,15.256429,25 Santiago,2016,50,train
-2.7290337,-5.281363,11.441059,15.896541,25 Santiago,2016,51,train
-11.678092,-4.6367235,15.391056,12.551692,25 Santiago,2016,52,train
-12.2578335,-6.393391,14.243359,11.168583,25 Santiago,2017,1,train
-12.561628,-5.2691956,13.480345,17.322521,25 Santiago,2017,2,train
-15.575782,-10.126133,13.159656,16.235838,25 Santiago,2017,3,train
-15.758868,-11.509316,12.196441,14.017857,25 Santiago,2017,4,train
-6.5931945,-16.53294,2.7344089,11.966149,25 Santiago,2017,5,train
-5.692849,-16.294603,0.61978984,9.787813,25 Santiago,2017,6,train
-5.079607,-16.912302,-2.0825174,8.738916,25 Santiago,2017,7,train
-11.316587,-19.733028,-2.19773,7.1106086,25 Santiago,2017,8,train
-8.3310585,-18.119884,-4.962426,5.337462,25 Santiago,2017,9,train
-6.4091196,-17.62732,-9.679402,5.749924,25 Santiago,2017,10,train
-7.066803,-16.757164,-10.4019165,0.37124005,25 Santiago,2017,11,train
7.601216,-15.64841,-14.393819,1.4543047,25 Santiago,2017,12,train
-5.8475747,-15.764865,-14.819971,-3.2915127,25 Santiago,2017,13,train
-4.8185906,-17.029783,-9.274783,-11.829278,25 Santiago,2017,14,train
-4.965189,-18.654264,-11.133535,-8.075954,25 Santiago,2017,15,train
1.3712742,-14.918314,-11.5443735,-4.3665752,25 Santiago,2017,16,train
2.4842563,-13.912887,-10.2188,-7.337304,25 Santiago,2017,17,train
2.059827,-13.964348,-9.421126,-9.84216,25 Santiago,2017,18,train
-4.695661,3.100676,-22.80444,0.34826183,25 Santiago,2017,19,train
-1.1782163,2.316173,-18.088894,-0.04161728,25 Santiago,2017,20,train
-4.7244287,8.587576,-17.388624,-5.2328486,25 Santiago,2017,21,train
-3.8007362,9.719345,-17.79949,-3.7256587,25 Santiago,2017,22,train
-4.2419095,12.417335,-14.563972,-7.5825696,25 Santiago,2017,23,train
-2.311753,12.948696,-14.449304,-6.06863,25 Santiago,2017,24,train
-0.037650697,12.9178915,-13.596019,-5.701325,25 Santiago,2017,25,train
1.8414501,13.329468,-11.842768,-4.8694763,25 Santiago,2017,26,train
-4.982656,20.49736,0.5632121,-3.2755997,25 Santiago,2017,27,train
-5.8733897,21.616299,0.7246618,-2.8923705,25 Santiago,2017,28,train
-5.4998283,21.470255,-0.25637022,-4.43537,25 Santiago,2017,29,train
-5.1890655,21.64567,-0.36167455,-4.582782,25 Santiago,2017,30,train
-5.162696,21.3671,0.27313736,-3.8717492,25 Santiago,2017,31,train
-6.271745,22.200006,0.8556001,-3.9166505,25 Santiago,2017,32,train
-6.152996,21.663418,1.5798991,-2.8344586,25 Santiago,2017,33,train
-5.7599387,20.84684,0.011809333,-4.798832,25 Santiago,2017,34,train
8.644857,17.946442,-5.17674,-0.48915902,25 Santiago,2017,35,train
15.311088,6.4560213,-9.897787,4.2603307,25 Santiago,2017,36,train
15.028216,7.0432777,-9.597853,4.407824,25 Santiago,2017,37,train
15.465042,5.9478574,-9.232765,5.372244,25 Santiago,2017,38,train
9.739568,16.36548,2.214345,6.360486,25 Santiago,2017,39,train
9.76706,15.022649,2.338781,8.025512,25 Santiago,2017,40,train
9.643107,13.710512,4.0789046,11.382862,25 Santiago,2017,41,train
9.685658,11.264473,5.1592436,10.995058,25 Santiago,2017,42,train
12.886888,8.722646,2.9836853,11.971579,25 Santiago,2017,43,train
11.280926,7.8501186,4.6079974,12.459366,25 Santiago,2017,44,train
5.547991,8.592148,7.547236,15.902503,25 Santiago,2017,45,train
3.7629046,8.167572,7.6661944,18.10339,25 Santiago,2017,46,train
5.692766,6.348087,8.149411,17.127722,25 Santiago,2017,47,train
-0.25827074,-5.9971256,9.431712,16.392159,25 Santiago,2017,48,train
-1.291163,-6.113951,9.747579,16.866539,25 Santiago,2017,49,train
0.9657825,-9.43669,7.802947,17.589703,25 Santiago,2017,50,train
-2.1053321,-7.551447,9.219802,17.846148,25 Santiago,2017,51,train
-11.533681,-4.463919,14.491174,12.56124,25 Santiago,2017,52,train
-12.424496,6.765568,19.204294,9.705718,25 Santiago,2018,1,train
-10.210481,-5.4395714,13.08704,12.814795,25 Santiago,2018,2,train
-10.217219,-6.6956162,11.831468,12.580122,25 Santiago,2018,3,train
-10.170332,-6.565334,10.980962,12.971051,25 Santiago,2018,4,train
-5.3029895,-15.445678,-0.52232695,13.575842,25 Santiago,2018,5,train
-4.5031095,-15.322742,-2.6331615,11.362681,25 Santiago,2018,6,train
-4.84132,-15.793371,-5.7782187,12.019977,25 Santiago,2018,7,train
-5.5860267,-16.057121,-6.836545,11.11356,25 Santiago,2018,8,train
-13.560902,-21.399254,-6.0928135,9.00318,25 Santiago,2018,9,train
-10.040596,-18.792658,-10.348338,3.6482754,25 Santiago,2018,10,train
-10.66954,-16.840408,-11.077751,-0.994042,25 Santiago,2018,11,train
-9.357766,-15.887331,-13.806867,-2.760664,25 Santiago,2018,12,train
-8.455833,-17.55835,-16.062258,-0.19674698,25 Santiago,2018,13,train
-7.439232,-15.172861,-14.613233,-7.22655,25 Santiago,2018,14,train
-6.1950803,-13.069455,-14.740761,-9.547949,25 Santiago,2018,15,train
-6.859991,-12.332158,-14.54694,-11.521597,25 Santiago,2018,16,train
-6.9773746,-11.470372,-14.31497,-14.243509,25 Santiago,2018,17,train
-7.65124,-1.7235101,-19.204216,-8.437373,25 Santiago,2018,18,train
-4.8462906,-1.6308035,-17.4544,-12.93238,25 Santiago,2018,19,train
-2.459423,-2.3695831,-16.99271,-11.727315,25 Santiago,2018,20,train
-3.7739737,0.69633234,-16.27592,-13.573248,25 Santiago,2018,21,train
-3.7536244,3.2043002,-14.869676,-13.780573,25 Santiago,2018,22,train
-5.48199,7.0961227,-14.830005,-16.651342,25 Santiago,2018,23,train
-4.0761485,7.8732376,-13.103557,-15.176312,25 Santiago,2018,24,train
-0.9318214,7.7099905,-12.793904,-13.939933,25 Santiago,2018,25,train
-0.9375583,10.359514,-11.574798,-14.139212,25 Santiago,2018,26,train
-7.8745775,20.695982,1.7487435,-11.928176,25 Santiago,2018,27,train
-5.8416452,20.338581,4.191766,-8.739278,25 Santiago,2018,28,train
-4.2377763,19.560009,3.101607,-8.344467,25 Santiago,2018,29,train
-6.356794,20.393959,2.4361455,-10.408273,25 Santiago,2018,30,train
-4.929435,20.528488,3.8408022,-8.607008,25 Santiago,2018,31,train
-6.939582,20.357683,3.8160484,-11.063002,25 Santiago,2018,32,train
-4.303883,19.440123,6.814356,-6.5974765,25 Santiago,2018,33,train
-5.7294335,19.628109,4.075406,-9.810361,25 Santiago,2018,34,train
10.817243,15.990806,1.1248735,-0.28274247,25 Santiago,2018,35,train
12.657311,15.465827,0.2470717,-1.1589884,25 Santiago,2018,36,train
12.663309,14.589335,1.2767252,0.030348066,25 Santiago,2018,37,train
13.387878,13.962897,1.8067845,1.071419,25 Santiago,2018,38,train
13.017337,13.759059,3.0872808,1.751706,25 Santiago,2018,39,train
12.810241,12.52233,5.668471,5.994278,25 Santiago,2018,40,train
12.120771,11.843128,7.3715234,7.06366,25 Santiago,2018,41,train
12.59005,10.3709755,7.7909036,8.129614,25 Santiago,2018,42,train
15.976096,7.338304,4.83815,8.461432,25 Santiago,2018,43,train
15.927158,6.062136,5.6213217,9.577999,25 Santiago,2018,44,train
13.137571,5.8876963,8.766809,10.454262,25 Santiago,2018,45,train
9.983107,5.6702666,10.069401,9.9795,25 Santiago,2018,46,train
14.208466,2.512162,6.7922907,10.609574,25 Santiago,2018,47,train
14.214936,1.2777889,6.7435846,11.014699,25 Santiago,2018,48,train
3.920866,-7.367668,10.609137,12.266291,25 Santiago,2018,49,train
4.430913,-8.844512,10.537476,13.103553,25 Santiago,2018,50,train
5.076923,-10.746711,9.176407,13.156825,25 Santiago,2018,51,train
-9.761517,-3.8830879,17.062065,8.009939,25 Santiago,2018,52,train
-12.455785,-7.124512,17.236467,6.675984,25 Santiago,2019,1,train
-16.79778,-10.019815,16.871721,4.9766774,25 Santiago,2019,2,train
-16.71234,-12.296914,15.203465,4.9481583,25 Santiago,2019,3,train
-14.390183,-12.733996,13.811741,4.979072,25 Santiago,2019,4,train
-5.560681,-18.415676,5.1520014,6.324349,25 Santiago,2019,5,train
-6.93057,-21.634027,7.1621866,2.2199686,25 Santiago,2019,6,train
-4.8933,-20.959631,4.75506,1.5085926,25 Santiago,2019,7,train
-6.685947,-20.831963,2.806645,-0.48239395,25 Santiago,2019,8,train
-8.6456,-22.590069,2.7180197,-2.4682195,25 Santiago,2019,9,train
-11.086846,-21.520359,-2.2017944,-2.6837187,25 Santiago,2019,10,train
-11.238331,-21.840057,-4.284554,-4.6644306,25 Santiago,2019,11,train
-13.714516,-20.533985,-4.8582625,-12.267663,25 Santiago,2019,12,train
10.525444,-16.300226,-9.680835,-2.8957753,25 Santiago,2019,13,train
-3.3739917,-16.24227,-11.086852,-7.1325126,25 Santiago,2019,14,train
-7.592895,-16.198402,-10.540101,-13.248154,25 Santiago,2019,15,train
-8.713851,-14.662947,-10.037411,-16.011065,25 Santiago,2019,16,train
-8.558872,-15.842423,-9.92572,-17.144037,25 Santiago,2019,17,train
-5.915276,-0.43063155,-19.495296,-7.659328,25 Santiago,2019,18,train
-6.9925823,4.3482585,-18.204159,-9.290899,25 Santiago,2019,19,train
-9.790866,8.702559,-16.517696,-11.630366,25 Santiago,2019,20,train
-2.2125592,3.9782748,-18.004292,-6.0087204,25 Santiago,2019,21,train
-0.8073878,4.786191,-17.252981,-6.7584505,25 Santiago,2019,22,train
-0.761276,8.1152935,-15.641945,-6.3273263,25 Santiago,2019,23,train
-1.7022378,11.546223,-14.388143,-8.929088,25 Santiago,2019,24,train
-4.1089787,15.674777,-12.155766,-11.728266,25 Santiago,2019,25,train
-1.1086811,15.68585,-11.321926,-11.348459,25 Santiago,2019,26,train
-6.061197,17.84666,2.4173663,-17.84728,25 Santiago,2019,27,train
-3.699273,16.498419,3.9821622,-16.406881,25 Santiago,2019,28,train
-2.264063,15.270172,4.543858,-16.815668,25 Santiago,2019,29,train
-2.2941513,14.89278,3.5873973,-17.666862,25 Santiago,2019,30,train
-0.3619765,14.718601,7.366208,-14.978622,25 Santiago,2019,31,train
-0.3761411,14.275569,4.0731854,-17.474745,25 Santiago,2019,32,train
-1.1886282,14.371,3.5905917,-18.262623,25 Santiago,2019,33,train
-0.2787057,13.743815,4.781063,-16.991146,25 Santiago,2019,34,train
12.740065,13.497499,-1.5923103,-10.73234,25 Santiago,2019,35,train
14.553631,11.688496,0.89767486,-9.125584,25 Santiago,2019,36,train
14.978827,11.591063,3.1986706,-6.326274,25 Santiago,2019,37,train
14.145698,11.083487,5.5672255,-2.6860616,25 Santiago,2019,38,train
21.118744,-1.6937678,-7.1170325,-3.0290542,25 Santiago,2019,39,train
22.260012,-2.2494488,-7.8457727,1.4068646,25 Santiago,2019,40,train
14.536726,8.913214,7.4753895,4.155774,25 Santiago,2019,41,train
16.906174,6.562535,5.75087,4.8036747,25 Santiago,2019,42,train
13.883897,6.8874245,9.444351,5.726418,25 Santiago,2019,43,train
13.976559,5.51056,10.388466,6.9201436,25 Santiago,2019,44,train
15.008462,4.0660806,10.122297,7.483159,25 Santiago,2019,45,train
15.790025,2.3307106,8.915294,7.6727414,25 Santiago,2019,46,train
17.622635,-0.7373078,11.155464,9.002587,25 Santiago,2019,47,train
16.746292,-1.1858195,9.946894,8.824337,25 Santiago,2019,48,train
16.46277,-12.9296,1.33587,3.9840584,25 Santiago,2019,49,train
4.1243997,-7.2229376,15.70713,7.317103,25 Santiago,2019,50,train
3.5113118,-7.9131856,14.673816,7.7689795,25 Santiago,2019,51,train
-11.405054,-5.6517963,19.77735,1.8444343,25 Santiago,2019,52,train
-8.950652,-5.8893547,17.847414,4.4565563,25 Santiago,2020,1,val
-11.170102,-7.733041,17.559238,3.9505317,25 Santiago,2020,2,val
-7.350179,-7.855664,17.176517,6.3180723,25 Santiago,2020,3,val
-7.8746657,-9.354254,15.537963,5.1957264,25 Santiago,2020,4,val
-2.469876,-18.371567,5.1750083,4.913055,25 Santiago,2020,5,val
-0.5826761,-17.708197,2.1597333,2.8013947,25 Santiago,2020,6,val
-1.6881373,-18.92217,1.1395302,2.1650589,25 Santiago,2020,7,val
-2.5522883,-19.47281,0.78989184,0.6245454,25 Santiago,2020,8,val
-5.2577114,-21.473515,0.24885194,-1.4164248,25 Santiago,2020,9,val
-0.27462658,-19.74584,-2.7977364,-2.927299,25 Santiago,2020,10,val
-0.26000127,-21.46232,-5.020508,-2.642344,25 Santiago,2020,11,val
-2.0992763,-22.308187,-6.259171,-3.7070599,25 Santiago,2020,12,val
-6.2905025,-22.897076,-5.2107754,-9.727456,25 Santiago,2020,13,val
-4.000251,-18.865114,-8.183739,-11.211658,25 Santiago,2020,14,val
-2.5503368,-15.921451,-7.08016,-14.324492,25 Santiago,2020,15,val
-3.1777852,-14.846734,-7.488445,-15.654355,25 Santiago,2020,16,val
-6.250474,-14.23237,-5.797754,-19.81524,25 Santiago,2020,17,val
-9.256349,6.206013,-19.357306,-6.3697977,25 Santiago,2020,18,val
-5.9595413,4.862984,-18.728403,-3.5510483,25 Santiago,2020,19,val
-8.156892,8.461167,-17.621706,-6.284423,25 Santiago,2020,20,val
-5.469431,8.694646,-15.800523,-4.687298,25 Santiago,2020,21,val
-6.6748323,12.167152,-18.117386,-5.2503233,25 Santiago,2020,22,val
-4.978181,13.769674,-15.516098,-6.8732357,25 Santiago,2020,23,val
-4.917064,15.953175,-14.6323595,-6.991224,25 Santiago,2020,24,val
-2.6986165,16.281126,-12.577689,-7.1798744,25 Santiago,2020,25,val
-2.0216477,17.722254,-11.508239,-6.843112,25 Santiago,2020,26,val
-8.361006,22.774984,-1.1153127,-6.6186023,25 Santiago,2020,27,val
-6.8997607,21.721155,-1.3249707,-6.450609,25 Santiago,2020,28,val
-7.329252,21.778044,-1.9920145,-7.3643656,25 Santiago,2020,29,val
-6.291099,22.538422,-0.18511331,-4.908224,25 Santiago,2020,30,val
-9.846299,18.032576,13.526744,1.8702312,25 Santiago,2020,31,val
-5.7952485,22.181368,-3.5108058,-4.85596,25 Santiago,2020,32,val
-5.041516,21.046326,-2.1555564,-2.9392488,25 Santiago,2020,33,val
-10.031905,18.045519,12.276104,2.838648,25 Santiago,2020,34,val
4.8859053,19.988441,-3.0620122,4.3298697,25 Santiago,2020,35,val
4.659999,19.640524,-1.6355056,6.268589,25 Santiago,2020,36,val
7.4906754,18.627745,-3.9881377,3.6835582,25 Santiago,2020,37,val
8.207265,17.50978,-3.5921016,4.282101,25 Santiago,2020,38,val
10.904801,16.551989,-3.6942897,6.823705,25 Santiago,2020,39,val
8.386814,15.515033,-0.49469826,11.60162,25 Santiago,2020,40,val
10.776951,12.603451,-1.0317963,11.785752,25 Santiago,2020,41,val
9.523886,11.109663,1.0476255,11.253317,25 Santiago,2020,42,val
11.875416,8.886102,0.60054284,13.089525,25 Santiago,2020,43,val
7.5208297,9.348402,4.793631,14.569308,25 Santiago,2020,44,val
4.869115,8.357233,6.4810333,16.424467,25 Santiago,2020,45,val
3.222509,7.291871,6.7059546,18.432737,25 Santiago,2020,46,val
3.1871498,5.8173566,6.4890633,19.995329,25 Santiago,2020,47,val
3.5313783,4.331848,6.967596,20.526,25 Santiago,2020,48,val
-1.661691,-7.5578165,7.0198994,20.474865,25 Santiago,2020,49,val
9.005901,-11.006399,-5.2318387,12.636578,25 Santiago,2020,50,val
-4.753588,-6.003575,8.574518,20.205923,25 Santiago,2020,51,val
-11.341738,-2.8456979,13.192603,15.80435,25 Santiago,2020,52,val
-15.507866,-4.211539,12.357471,15.7550535,25 Santiago,2021,1,val
-14.704535,-5.3919406,11.344,13.362044,25 Santiago,2021,2,val
-11.642509,-5.466838,10.703588,13.977142,25 Santiago,2021,3,val
-15.666165,-6.7501645,9.489348,15.830619,25 Santiago,2021,4,val
-5.4731526,-13.596886,-2.1678882,13.935369,25 Santiago,2021,5,val
-5.897902,-14.754712,-3.1166434,11.221638,25 Santiago,2021,6,val
-8.284467,-15.4656725,-4.4814844,10.582708,25 Santiago,2021,7,val
-7.391237,-16.002247,-7.7538996,9.838945,25 Santiago,2021,8,val
-11.71109,-16.668468,-9.014866,8.104328,25 Santiago,2021,9,val
-5.7329125,-15.631693,-11.544817,8.52554,25 Santiago,2021,10,val
-11.025188,-18.1976,-12.2187,5.6126475,25 Santiago,2021,11,val
-4.790409,-14.889625,-13.639544,0.80905473,25 Santiago,2021,12,val
-6.7889814,-14.790615,-15.413997,-1.9409573,25 Santiago,2021,13,val
-3.8435698,-15.235029,-15.798282,2.0014188,25 Santiago,2021,14,val
-11.895268,-16.372847,-15.598662,-7.919419,25 Santiago,2021,15,val
-6.565329,-12.7678175,-13.66952,-12.099535,25 Santiago,2021,16,val
-4.6170955,-12.793105,-14.615951,-10.128987,25 Santiago,2021,17,val
-7.932463,1.8033537,-20.464622,-5.4760437,25 Santiago,2021,18,val
-7.0945616,3.5410242,-18.48893,-6.802036,25 Santiago,2021,19,val
-6.9811625,4.1059537,-20.320822,-3.987156,25 Santiago,2021,20,val
-1.3728628,2.4082694,-18.712963,-3.5157764,25 Santiago,2021,21,val
0.24281582,3.0741942,-17.562628,-2.3617442,25 Santiago,2021,22,val
0.23093915,5.4195724,-16.877104,-4.4032063,25 Santiago,2021,23,val
0.2128885,8.211563,-13.544684,-6.7049494,25 Santiago,2021,24,val
1.1190389,9.206434,-14.433899,-4.9192824,25 Santiago,2021,25,val
1.4458858,10.950154,-12.620265,-5.9725,25 Santiago,2021,26,val
-5.619891,22.17261,0.9094477,-3.449763,25 Santiago,2021,27,val
-6.3850484,22.787174,1.1608047,-1.5766435,25 Santiago,2021,28,val
-5.1831055,21.897484,0.26560768,-3.3967,25 Santiago,2021,29,val
-5.6311717,22.293133,-0.38935646,-4.394409,25 Santiago,2021,30,val
-4.3613477,21.391832,-0.8555173,-4.2890477,25 Santiago,2021,31,val
-9.80518,18.524189,14.825305,2.9177294,25 Santiago,2021,32,val
-3.350681,20.272886,5.2809577,1.4508932,25 Santiago,2021,33,val
-4.847802,20.661566,0.895102,-5.440546,25 Santiago,2021,34,val
9.190926,18.032417,-5.8168554,-1.9719663,25 Santiago,2021,35,val
7.5932846,18.547102,-6.7554097,0.19976021,25 Santiago,2021,36,val
7.427135,18.857744,-3.691395,5.388871,25 Santiago,2021,37,val
7.4520354,18.10119,-2.8636167,5.9565177,25 Santiago,2021,38,val
10.1538725,16.7237,-2.362516,9.017471,25 Santiago,2021,39,val
9.578193,14.430461,-0.8190329,8.452801,25 Santiago,2021,40,val
6.126098,15.063488,2.5163763,12.896521,25 Santiago,2021,41,val
7.6150517,12.766576,4.218269,13.259849,25 Santiago,2021,42,val
12.653066,8.762044,1.2972223,13.385625,25 Santiago,2021,43,val
9.634791,9.055638,4.5349445,14.5648575,25 Santiago,2021,44,val
11.680982,6.0086355,3.347916,14.902741,25 Santiago,2021,45,val
11.818013,4.101437,3.5980563,15.510576,25 Santiago,2021,46,val
9.842527,3.612209,3.186177,19.490063,25 Santiago,2021,47,val
0.15359616,-6.4790297,7.694357,16.506306,25 Santiago,2021,48,val
-1.2761031,-6.2568936,8.484726,18.131075,25 Santiago,2021,49,val
-2.3095696,-6.5286436,9.095254,19.147127,25 Santiago,2021,50,val
-1.8448982,-7.315182,8.873873,17.1238,25 Santiago,2021,51,val
-15.466421,-4.428643,13.916113,13.073318,25 Santiago,2021,52,val
-11.54381,-2.8541627,10.723003,-0.6514008,26 Santiago Rodríguez,2015,1,train
-13.375113,-4.7865515,10.797436,-0.7226873,26 Santiago Rodríguez,2015,2,train
-11.047291,-5.9250965,10.331439,-0.17369615,26 Santiago Rodríguez,2015,3,train
-13.442907,-8.430106,10.445193,-0.8491951,26 Santiago Rodríguez,2015,4,train
7.1697435,-10.475303,-1.74819,2.4919493,26 Santiago Rodríguez,2015,5,train
-5.824673,-11.948054,2.5850632,2.966554,26 Santiago Rodríguez,2015,6,train
-5.4324017,-12.550864,1.7031862,2.7554333,26 Santiago Rodríguez,2015,7,train
-5.808702,-11.936725,-0.22740516,1.2447219,26 Santiago Rodríguez,2015,8,train
-8.364928,-12.655997,-0.6623258,-0.32937026,26 Santiago Rodríguez,2015,9,train
-9.47662,-12.51654,-0.02992189,-2.334751,26 Santiago Rodríguez,2015,10,train
-9.772378,-12.070732,-0.3916379,-3.3954453,26 Santiago Rodríguez,2015,11,train
-8.789355,-12.348493,-1.2374928,-5.1102514,26 Santiago Rodríguez,2015,12,train
-8.482703,-11.001345,-1.3511858,-7.5664167,26 Santiago Rodríguez,2015,13,train
-9.335593,-11.175173,-3.5407093,-5.291501,26 Santiago Rodríguez,2015,14,train
-11.109876,-8.859227,-3.102737,-8.474557,26 Santiago Rodríguez,2015,15,train
-11.824835,-8.048404,-3.2939095,-10.520729,26 Santiago Rodríguez,2015,16,train
-10.083399,-7.149644,-2.746972,-11.656519,26 Santiago Rodríguez,2015,17,train
-13.678172,4.1609416,-10.483457,-11.379007,26 Santiago Rodríguez,2015,18,train
-14.281516,5.267019,-9.88767,-10.568909,26 Santiago Rodríguez,2015,19,train
-9.94271,4.4202776,-9.752965,-8.031322,26 Santiago Rodríguez,2015,20,train
-7.666496,4.8022637,-9.36165,-7.088089,26 Santiago Rodríguez,2015,21,train
-5.7819223,4.9103045,-9.832614,-6.8950057,26 Santiago Rodríguez,2015,22,train
-4.8965335,5.63871,-8.373293,-7.7656493,26 Santiago Rodríguez,2015,23,train
-6.0106325,7.3920064,-7.6081376,-9.4895115,26 Santiago Rodríguez,2015,24,train
-6.404976,8.58645,-6.9539485,-10.283383,26 Santiago Rodríguez,2015,25,train
-7.869796,10.14512,-6.6249857,-12.174385,26 Santiago Rodríguez,2015,26,train
-11.68034,10.415742,1.5922331,-13.676279,26 Santiago Rodríguez,2015,27,train
-10.874347,11.240742,3.9092748,-12.41815,26 Santiago Rodríguez,2015,28,train
-11.892203,11.416499,4.066641,-13.963153,26 Santiago Rodríguez,2015,29,train
-13.050452,11.02998,1.9974431,-15.855344,26 Santiago Rodríguez,2015,30,train
-12.538147,10.578936,2.2064118,-15.11858,26 Santiago Rodríguez,2015,31,train
-11.585314,9.512824,3.4997208,-13.772435,26 Santiago Rodríguez,2015,32,train
-10.775372,8.786032,4.314158,-13.415723,26 Santiago Rodríguez,2015,33,train
-9.715005,8.193471,3.7783654,-13.26108,26 Santiago Rodríguez,2015,34,train
8.973685,6.7344074,-0.560413,-3.1481059,26 Santiago Rodríguez,2015,35,train
10.762468,5.2467213,1.3709747,-3.3208625,26 Santiago Rodríguez,2015,36,train
11.846801,4.997065,0.9802095,-3.2716706,26 Santiago Rodríguez,2015,37,train
11.60635,3.7761152,2.6055188,-2.9029202,26 Santiago Rodríguez,2015,38,train
11.536853,3.25142,3.0248113,-2.7792192,26 Santiago Rodríguez,2015,39,train
16.263657,-0.48581046,5.3316474,-3.7422514,26 Santiago Rodríguez,2015,40,train
14.880627,-0.46111163,5.1454444,-2.5830867,26 Santiago Rodríguez,2015,41,train
15.417581,-1.2166883,5.3237967,-2.4084427,26 Santiago Rodríguez,2015,42,train
13.275515,-1.9212004,9.236333,-1.818033,26 Santiago Rodríguez,2015,43,train
12.962614,-2.1179137,8.33389,-0.7086329,26 Santiago Rodríguez,2015,44,train
10.824505,-1.0255057,5.144535,1.8299788,26 Santiago Rodríguez,2015,45,train
12.195028,-1.5588434,4.736419,2.6082745,26 Santiago Rodríguez,2015,46,train
14.772522,-2.9820158,5.432936,4.59608,26 Santiago Rodríguez,2015,47,train
8.550026,-8.311024,7.788031,2.4960356,26 Santiago Rodríguez,2015,48,train
6.1922073,-6.95051,6.3364305,2.9115138,26 Santiago Rodríguez,2015,49,train
6.341585,-7.712331,5.9205933,3.8494723,26 Santiago Rodríguez,2015,50,train
5.5145674,-7.413791,5.3296967,4.0121274,26 Santiago Rodríguez,2015,51,train
-10.458737,-1.1479284,10.296516,-2.8039684,26 Santiago Rodríguez,2015,52,train
-14.478045,-7.4107213,15.125652,-9.517809,26 Santiago Rodríguez,2016,1,train
-14.747952,-9.485553,13.651154,-9.843817,26 Santiago Rodríguez,2016,2,train
-11.0735235,-9.750238,12.875878,-8.221627,26 Santiago Rodríguez,2016,3,train
-9.727492,-10.006074,12.2108135,-6.342941,26 Santiago Rodríguez,2016,4,train
-7.9625688,-17.287159,8.385438,-4.635761,26 Santiago Rodríguez,2016,5,train
-2.903132,-14.073354,6.415004,-3.4318712,26 Santiago Rodríguez,2016,6,train
-4.2346125,-14.423296,6.012001,-4.546252,26 Santiago Rodríguez,2016,7,train
-7.485832,-16.319122,6.5151787,-6.3916907,26 Santiago Rodríguez,2016,8,train
-4.8708515,-14.327746,5.0077796,-6.636944,26 Santiago Rodríguez,2016,9,train
-10.5825815,-13.592386,0.7297001,-3.3679183,26 Santiago Rodríguez,2016,10,train
-11.77351,-12.8173685,1.23652,-10.0895405,26 Santiago Rodríguez,2016,11,train
-12.162817,-9.636279,0.24065337,-10.887447,26 Santiago Rodríguez,2016,12,train
-12.134786,-9.830675,0.2120704,-12.072243,26 Santiago Rodríguez,2016,13,train
-7.479889,-11.149531,1.5609841,-11.995093,26 Santiago Rodríguez,2016,14,train
-8.750258,-11.8302765,1.0039065,-12.360875,26 Santiago Rodríguez,2016,15,train
-3.285639,-10.846455,1.0493542,-9.838993,26 Santiago Rodríguez,2016,16,train
1.8215472,-10.483259,0.023151187,-8.750326,26 Santiago Rodríguez,2016,17,train
5.014294,-4.074361,-8.733256,-2.2838597,26 Santiago Rodríguez,2016,18,train
-5.8634744,2.330009,-11.658857,0.3769312,26 Santiago Rodríguez,2016,19,train
-8.07013,5.2524247,-10.062386,-2.5818684,26 Santiago Rodríguez,2016,20,train
-5.4927435,4.855728,-12.363499,2.6094294,26 Santiago Rodríguez,2016,21,train
6.003793,-2.3095207,-9.069228,-1.368991,26 Santiago Rodríguez,2016,22,train
-5.7997794,8.52564,-10.197494,0.22184643,26 Santiago Rodríguez,2016,23,train
-7.177433,10.425342,-10.249541,-1.4663349,26 Santiago Rodríguez,2016,24,train
-4.5485373,9.442614,-8.347841,-1.343125,26 Santiago Rodríguez,2016,25,train
-5.394298,11.2813,-7.9714117,-2.4236495,26 Santiago Rodríguez,2016,26,train
-10.557096,13.070536,-1.0275111,-7.2214813,26 Santiago Rodríguez,2016,27,train
-10.502044,13.216794,-1.1163856,-7.4672728,26 Santiago Rodríguez,2016,28,train
-11.33096,13.300124,-1.5734131,-8.245994,26 Santiago Rodríguez,2016,29,train
-10.596189,12.780175,-0.88279766,-7.426334,26 Santiago Rodríguez,2016,30,train
-10.321874,12.61055,-1.1972952,-7.8828464,26 Santiago Rodríguez,2016,31,train
-10.442291,12.992165,-2.3448746,-6.1180644,26 Santiago Rodríguez,2016,32,train
-14.406875,14.240702,-2.574424,-9.625464,26 Santiago Rodríguez,2016,33,train
-12.038452,12.423306,12.058273,0.65251654,26 Santiago Rodríguez,2016,34,train
5.2625103,10.684604,-3.756578,2.8947368,26 Santiago Rodríguez,2016,35,train
4.8619394,10.447556,-4.236798,2.8419986,26 Santiago Rodríguez,2016,36,train
6.8851824,10.5004835,-4.021547,3.0162406,26 Santiago Rodríguez,2016,37,train
5.843773,9.559347,-3.4781675,3.8547883,26 Santiago Rodríguez,2016,38,train
6.5265403,8.557315,-2.9999692,3.2865655,26 Santiago Rodríguez,2016,39,train
5.5630274,7.5358872,-1.2869079,6.746894,26 Santiago Rodríguez,2016,40,train
4.9826603,7.0750875,-0.20509648,7.090504,26 Santiago Rodríguez,2016,41,train
8.103226,0.18040854,-8.108414,7.963983,26 Santiago Rodríguez,2016,42,train
0.07733666,7.5860515,2.0042326,10.011755,26 Santiago Rodríguez,2016,43,train
1.2321184,5.7506185,1.1305774,11.9308405,26 Santiago Rodríguez,2016,44,train
-2.6527016,6.350535,4.065545,11.388536,26 Santiago Rodríguez,2016,45,train
6.4722624,-2.640059,-6.633188,8.855956,26 Santiago Rodríguez,2016,46,train
-1.5203532,2.798669,2.3688123,13.58985,26 Santiago Rodríguez,2016,47,train
-0.085947625,2.331709,1.3038094,13.928178,26 Santiago Rodríguez,2016,48,train
-0.73314977,-4.8073874,3.6598055,12.15957,26 Santiago Rodríguez,2016,49,train
-0.7546658,-4.7918463,3.6899312,11.275172,26 Santiago Rodríguez,2016,50,train
-1.1360348,-4.6677456,3.875328,10.727407,26 Santiago Rodríguez,2016,51,train
-12.9814005,-0.7171647,9.525935,6.322109,26 Santiago Rodríguez,2016,52,train
-13.896398,-1.209499,8.462083,2.8636434,26 Santiago Rodríguez,2017,1,train
-11.674628,-1.5833651,7.5762234,8.653061,26 Santiago Rodríguez,2017,2,train
-19.35563,-5.264039,7.7934175,6.2776055,26 Santiago Rodríguez,2017,3,train
-19.758656,-6.141857,6.9272537,3.891973,26 Santiago Rodríguez,2017,4,train
-8.396054,-8.365866,1.7762834,4.909454,26 Santiago Rodríguez,2017,5,train
-9.879497,-9.021425,1.5399152,3.9575996,26 Santiago Rodríguez,2017,6,train
-10.045103,-10.085248,0.13100886,4.67071,26 Santiago Rodríguez,2017,7,train
-14.602928,-10.96491,0.0681682,2.036317,26 Santiago Rodríguez,2017,8,train
-12.816347,-8.635739,-0.7450366,0.1413737,26 Santiago Rodríguez,2017,9,train
-12.389564,-9.231734,-3.9294543,0.6443622,26 Santiago Rodríguez,2017,10,train
-12.230016,-8.373391,-4.4393816,-2.103794,26 Santiago Rodríguez,2017,11,train
5.127116,-9.559846,-8.961753,0.59466594,26 Santiago Rodríguez,2017,12,train
-8.024247,-8.54776,-9.160257,-1.7627828,26 Santiago Rodríguez,2017,13,train
-7.226786,-9.112136,-3.0221994,-9.157317,26 Santiago Rodríguez,2017,14,train
-6.070114,-10.563603,-5.760447,-5.66598,26 Santiago Rodríguez,2017,15,train
-1.4760057,-9.3089485,-3.812602,-6.517562,26 Santiago Rodríguez,2017,16,train
1.0464332,-8.171536,-4.2178464,-6.7260647,26 Santiago Rodríguez,2017,17,train
5.504808,-8.036453,-6.2229037,-3.1803923,26 Santiago Rodríguez,2017,18,train
-1.4038274,-8.623594,-3.319736,-10.185093,26 Santiago Rodríguez,2017,19,train
1.1502013,-6.9697795,-1.3874111,-9.552578,26 Santiago Rodríguez,2017,20,train
-5.745722,-6.4154525,0.41148052,-16.337404,26 Santiago Rodríguez,2017,21,train
-8.387937,8.526923,-9.63587,-2.3603418,26 Santiago Rodríguez,2017,22,train
-8.681815,9.4856615,-8.588721,-5.6583896,26 Santiago Rodríguez,2017,23,train
-8.380024,10.53,-9.377108,-4.1414695,26 Santiago Rodríguez,2017,24,train
-5.863182,9.694218,-7.7963014,-4.324975,26 Santiago Rodríguez,2017,25,train
-5.7534466,10.907311,-7.3843226,-5.0046673,26 Santiago Rodríguez,2017,26,train
-10.498432,12.747081,-1.7449083,-5.255315,26 Santiago Rodríguez,2017,27,train
-10.260909,13.818323,-0.06982318,-0.60263085,26 Santiago Rodríguez,2017,28,train
-10.013222,13.037837,-2.1837506,-4.921288,26 Santiago Rodríguez,2017,29,train
-10.217295,12.989355,-2.385218,-4.93375,26 Santiago Rodríguez,2017,30,train
-9.919087,12.428998,-2.5154154,-5.904294,26 Santiago Rodríguez,2017,31,train
-9.525354,12.753755,-1.6829973,-4.1167297,26 Santiago Rodríguez,2017,32,train
-9.376567,12.432678,-1.8189442,-4.778292,26 Santiago Rodríguez,2017,33,train
-10.55754,12.495222,-1.7952776,-5.3511705,26 Santiago Rodríguez,2017,34,train
6.304524,10.47629,-4.005873,0.52600765,26 Santiago Rodríguez,2017,35,train
9.619917,4.6364646,-4.23775,3.465684,26 Santiago Rodríguez,2017,36,train
8.436806,2.538759,-8.858449,3.1815107,26 Santiago Rodríguez,2017,37,train
10.080667,1.8672422,-6.887771,3.4439504,26 Santiago Rodríguez,2017,38,train
5.353708,8.882923,-0.4032141,5.184066,26 Santiago Rodríguez,2017,39,train
4.5005684,8.139648,-0.39372566,5.874031,26 Santiago Rodríguez,2017,40,train
5.566974,7.885608,-0.87613857,7.773624,26 Santiago Rodríguez,2017,41,train
6.28839,5.6548147,0.41250253,6.4982834,26 Santiago Rodríguez,2017,42,train
9.354535,4.206281,-0.40191406,7.4161644,26 Santiago Rodríguez,2017,43,train
7.480133,4.241748,0.3252675,8.099081,26 Santiago Rodríguez,2017,44,train
8.062473,0.78489834,-3.435549,9.371054,26 Santiago Rodríguez,2017,45,train
-0.59464014,5.4808803,1.0297488,12.727771,26 Santiago Rodríguez,2017,46,train
2.565456,3.699404,0.34276947,12.458668,26 Santiago Rodríguez,2017,47,train
3.8734376,1.9053226,0.105842985,13.263146,26 Santiago Rodríguez,2017,48,train
4.330525,0.99208134,0.5319768,11.827181,26 Santiago Rodríguez,2017,49,train
5.304647,0.121274844,-0.24081792,13.43121,26 Santiago Rodríguez,2017,50,train
4.0266414,-0.20522486,0.9033128,10.376078,26 Santiago Rodríguez,2017,51,train
-18.06052,6.5946045,3.7414641,6.1065054,26 Santiago Rodríguez,2017,52,train
-14.673813,10.087113,13.504423,5.530039,26 Santiago Rodríguez,2018,1,train
-11.387157,5.4184012,2.9878328,9.676738,26 Santiago Rodríguez,2018,2,train
-11.488817,4.7355337,2.2544584,9.57908,26 Santiago Rodríguez,2018,3,train
-11.376724,4.009503,1.679213,8.891361,26 Santiago Rodríguez,2018,4,train
-11.0953865,0.15794638,-4.011419,7.9914775,26 Santiago Rodríguez,2018,5,train
-11.084189,-0.43390623,-4.2788615,6.3864727,26 Santiago Rodríguez,2018,6,train
-10.150306,-0.8896953,-5.3897266,6.028348,26 Santiago Rodríguez,2018,7,train
-10.610974,-1.1633115,-6.2308965,5.9178696,26 Santiago Rodríguez,2018,8,train
-16.062254,-11.3593445,-1.8769431,2.5396144,26 Santiago Rodríguez,2018,9,train
-17.48884,-10.048861,-5.2859516,-0.59704524,26 Santiago Rodríguez,2018,10,train
-15.486966,-8.257476,-5.990522,-3.0516052,26 Santiago Rodríguez,2018,11,train
-13.273481,-7.9569955,-7.130989,-3.0910144,26 Santiago Rodríguez,2018,12,train
-13.4585495,-8.762539,-7.9156547,-2.957028,26 Santiago Rodríguez,2018,13,train
-10.063954,-7.714551,-7.77139,-5.2354445,26 Santiago Rodríguez,2018,14,train
-10.405005,-6.588467,-6.938075,-6.7276874,26 Santiago Rodríguez,2018,15,train
-12.03018,-4.9015603,-6.0154552,-9.802047,26 Santiago Rodríguez,2018,16,train
-10.930091,-5.282515,-6.6894,-10.031284,26 Santiago Rodríguez,2018,17,train
-8.380343,-5.4619975,-6.6071105,-8.878948,26 Santiago Rodríguez,2018,18,train
-8.066355,-3.7872722,-6.6807866,-10.815845,26 Santiago Rodríguez,2018,19,train
-6.6506667,-2.675047,-5.596558,-9.678794,26 Santiago Rodríguez,2018,20,train
-9.525122,-1.6820817,-4.9542756,-13.902237,26 Santiago Rodríguez,2018,21,train
-8.499303,-1.0627676,-4.2929087,-14.702978,26 Santiago Rodríguez,2018,22,train
-9.703039,-0.19180614,-3.5108974,-16.71418,26 Santiago Rodríguez,2018,23,train
-6.9898624,-0.8067158,-3.0186908,-17.235193,26 Santiago Rodríguez,2018,24,train
-4.1517143,-0.43050915,-2.9539013,-15.55277,26 Santiago Rodríguez,2018,25,train
-6.009264,0.36483023,-2.1521747,-17.46038,26 Santiago Rodríguez,2018,26,train
-11.841985,12.003781,0.23959608,-11.160511,26 Santiago Rodríguez,2018,27,train
-11.798294,12.160846,-0.06975689,-11.234137,26 Santiago Rodríguez,2018,28,train
-10.131711,11.493147,-0.32692137,-10.24253,26 Santiago Rodríguez,2018,29,train
-11.567078,12.326114,0.030118978,-11.075472,26 Santiago Rodríguez,2018,30,train
-10.3280525,11.568903,-0.05984238,-10.079414,26 Santiago Rodríguez,2018,31,train
-12.698689,12.355901,1.6731371,-11.844745,26 Santiago Rodríguez,2018,32,train
-10.140566,11.130528,1.3585021,-9.457373,26 Santiago Rodríguez,2018,33,train
-12.034256,11.278386,0.68883085,-11.239612,26 Santiago Rodríguez,2018,34,train
7.2785864,8.697895,-1.966017,-1.0066469,26 Santiago Rodríguez,2018,35,train
8.77307,8.535653,-1.7608556,-0.95178056,26 Santiago Rodríguez,2018,36,train
8.289042,7.681711,-1.4221392,-0.6335666,26 Santiago Rodríguez,2018,37,train
10.005306,7.290685,-0.8866492,0.59815854,26 Santiago Rodríguez,2018,38,train
9.272155,6.69958,-0.79884773,0.6931318,26 Santiago Rodríguez,2018,39,train
9.677558,7.0507193,1.1419481,3.73534,26 Santiago Rodríguez,2018,40,train
8.079103,6.427651,2.778901,3.811811,26 Santiago Rodríguez,2018,41,train
8.741737,4.7275786,2.3619785,4.222654,26 Santiago Rodríguez,2018,42,train
11.676782,3.4036188,1.0656327,5.271966,26 Santiago Rodríguez,2018,43,train
11.379309,2.9718425,1.542409,5.705017,26 Santiago Rodríguez,2018,44,train
12.105852,1.9402511,1.885211,6.3471527,26 Santiago Rodríguez,2018,45,train
8.546646,1.4592752,2.5436723,5.19277,26 Santiago Rodríguez,2018,46,train
10.765235,0.45925584,2.1860368,6.277448,26 Santiago Rodríguez,2018,47,train
10.496609,-0.43412003,3.0688179,7.135085,26 Santiago Rodríguez,2018,48,train
4.768532,-6.18191,3.8309348,7.512131,26 Santiago Rodríguez,2018,49,train
4.8750334,-6.4936786,3.9420376,7.852905,26 Santiago Rodríguez,2018,50,train
5.2311273,-7.7402673,4.3848333,8.867899,26 Santiago Rodríguez,2018,51,train
-12.873571,-0.24108507,9.238095,0.021963589,26 Santiago Rodríguez,2018,52,train
-15.095522,-1.9727046,8.853345,-1.6110836,26 Santiago Rodríguez,2019,1,train
-15.4384575,-3.677442,11.007255,-0.39212605,26 Santiago Rodríguez,2019,2,train
-18.0333,-5.870645,9.686477,-1.6794289,26 Santiago Rodríguez,2019,3,train
-15.652433,-5.7409816,7.4342513,-1.7671683,26 Santiago Rodríguez,2019,4,train
-9.886618,-10.269501,3.385903,0.7001533,26 Santiago Rodríguez,2019,5,train
-8.309082,-12.702011,4.8861785,-1.2389995,26 Santiago Rodríguez,2019,6,train
-9.7703085,-12.615705,4.388785,-2.719391,26 Santiago Rodríguez,2019,7,train
-10.751779,-10.658805,2.9327507,-3.9946294,26 Santiago Rodríguez,2019,8,train
-12.900093,-11.64364,3.4915197,-5.7934723,26 Santiago Rodríguez,2019,9,train
-13.600888,-10.222663,0.73905414,-5.1929064,26 Santiago Rodríguez,2019,10,train
-14.076889,-10.600509,-0.27947575,-6.4869523,26 Santiago Rodríguez,2019,11,train
-12.905592,-10.987667,-1.1318389,-9.555405,26 Santiago Rodríguez,2019,12,train
-6.581994,-10.2336645,-2.7589555,-7.0873346,26 Santiago Rodríguez,2019,13,train
-9.133387,-8.666588,-3.6568704,-7.590277,26 Santiago Rodríguez,2019,14,train
-11.837334,-6.707983,-3.0309422,-10.622086,26 Santiago Rodríguez,2019,15,train
-13.470806,-6.302429,-2.8019443,-12.980943,26 Santiago Rodríguez,2019,16,train
-12.093275,-7.9998674,-2.879501,-13.287188,26 Santiago Rodríguez,2019,17,train
-9.566221,-6.562396,-2.4118755,-12.980601,26 Santiago Rodríguez,2019,18,train
-9.546392,-5.660453,-0.510027,-15.014763,26 Santiago Rodríguez,2019,19,train
-9.081123,5.203934,-9.901264,-5.7041526,26 Santiago Rodríguez,2019,20,train
-4.5782537,3.2684424,-11.188488,-2.0188997,26 Santiago Rodríguez,2019,21,train
5.7261267,-2.645849,-8.061717,-2.414651,26 Santiago Rodríguez,2019,22,train
-3.6333117,5.8517976,-10.034251,-2.242739,26 Santiago Rodríguez,2019,23,train
-4.2316985,7.1301966,-8.321552,-4.474501,26 Santiago Rodríguez,2019,24,train
-9.39525,11.177546,-7.647114,-11.894599,26 Santiago Rodríguez,2019,25,train
-6.67243,9.950578,-6.090229,-10.802222,26 Santiago Rodríguez,2019,26,train
-9.847085,10.137078,2.8822777,-17.082705,26 Santiago Rodríguez,2019,27,train
-7.4750214,8.810494,1.5960723,-16.414175,26 Santiago Rodríguez,2019,28,train
-7.459238,8.6381445,0.99384606,-16.76064,26 Santiago Rodríguez,2019,29,train
-7.080455,8.422064,0.7194026,-17.237705,26 Santiago Rodríguez,2019,30,train
-3.4922903,7.431297,3.671966,-15.816097,26 Santiago Rodríguez,2019,31,train
-4.993423,8.03601,1.0235804,-15.93198,26 Santiago Rodríguez,2019,32,train
-7.1386204,8.482221,0.3588728,-16.472538,26 Santiago Rodríguez,2019,33,train
-5.7419295,8.099209,2.0853224,-16.824106,26 Santiago Rodríguez,2019,34,train
9.357125,7.29872,-0.40205306,-7.6133885,26 Santiago Rodríguez,2019,35,train
10.810695,5.5140433,0.79944366,-6.2730474,26 Santiago Rodríguez,2019,36,train
10.560331,5.320297,1.718363,-3.7851841,26 Santiago Rodríguez,2019,37,train
14.26555,0.5888995,-1.3140084,-1.2407465,26 Santiago Rodríguez,2019,38,train
15.31489,-3.7358944,-4.8209057,-3.8328524,26 Santiago Rodríguez,2019,39,train
16.531881,-3.321182,-5.4453855,1.4382995,26 Santiago Rodríguez,2019,40,train
9.95459,4.3306065,3.3868082,2.6225023,26 Santiago Rodríguez,2019,41,train
12.168662,3.3584237,3.019981,3.325123,26 Santiago Rodríguez,2019,42,train
11.517887,2.429478,3.663097,2.947064,26 Santiago Rodríguez,2019,43,train
11.303807,1.5170709,3.3476598,3.4727721,26 Santiago Rodríguez,2019,44,train
10.251027,1.1432526,3.4636252,3.4671695,26 Santiago Rodríguez,2019,45,train
10.028318,0.59827733,4.8808613,4.1330557,26 Santiago Rodríguez,2019,46,train
11.834586,-1.7007773,6.0971413,5.6130457,26 Santiago Rodríguez,2019,47,train
12.533962,-2.0011563,5.3580084,5.95315,26 Santiago Rodríguez,2019,48,train
5.260191,-6.802389,7.197749,3.7656107,26 Santiago Rodríguez,2019,49,train
3.7258563,-5.7945447,6.132224,3.726858,26 Santiago Rodríguez,2019,50,train
4.4383736,-6.979713,5.374255,4.179626,26 Santiago Rodríguez,2019,51,train
-14.534324,-2.0030785,10.730016,-3.845461,26 Santiago Rodríguez,2019,52,train
-11.69985,-1.8796486,9.71038,-1.2563792,26 Santiago Rodríguez,2020,1,val
-12.731431,-2.7116425,8.929356,-1.6840957,26 Santiago Rodríguez,2020,2,val
-10.585524,-4.167085,8.838393,0.1618805,26 Santiago Rodríguez,2020,3,val
-11.916892,-6.0006614,10.293316,-0.25452265,26 Santiago Rodríguez,2020,4,val
-7.282704,-10.666353,3.8486207,1.1519818,26 Santiago Rodríguez,2020,5,val
-7.785201,-11.474779,3.874862,-0.34954885,26 Santiago Rodríguez,2020,6,val
-8.315946,-10.3857155,2.5323694,-1.2492101,26 Santiago Rodríguez,2020,7,val
-7.7820306,-10.178715,1.9276533,-2.1818118,26 Santiago Rodríguez,2020,8,val
-9.22343,-12.220779,1.9760339,-3.8146462,26 Santiago Rodríguez,2020,9,val
-3.7152991,-11.470713,-0.022994664,-3.4576278,26 Santiago Rodríguez,2020,10,val
-5.6232667,-13.318366,-1.7772362,-3.5486212,26 Santiago Rodríguez,2020,11,val
-8.740595,-12.394103,-1.1311244,-6.4668264,26 Santiago Rodríguez,2020,12,val
-10.128568,-12.14699,-0.23989947,-11.280294,26 Santiago Rodríguez,2020,13,val
-10.03823,-11.392018,-1.2755173,-12.445344,26 Santiago Rodríguez,2020,14,val
-10.903256,-8.911663,-0.6269578,-15.09288,26 Santiago Rodríguez,2020,15,val
-10.216065,-7.085909,-0.69779927,-13.560811,26 Santiago Rodríguez,2020,16,val
-12.577019,-7.205392,-0.28890285,-16.81676,26 Santiago Rodríguez,2020,17,val
-10.638173,-6.634092,-0.17261371,-15.957651,26 Santiago Rodríguez,2020,18,val
-6.374192,-7.1748896,-0.8344573,-14.608293,26 Santiago Rodríguez,2020,19,val
-6.3937984,-6.4172177,-0.31840444,-15.756333,26 Santiago Rodríguez,2020,20,val
-4.561467,-5.234842,0.29139447,-14.709441,26 Santiago Rodríguez,2020,21,val
-5.482279,-5.9277368,0.6514272,-18.145891,26 Santiago Rodríguez,2020,22,val
-5.060208,-6.7562866,2.6854088,-18.88434,26 Santiago Rodríguez,2020,23,val
-3.1900487,-6.0471935,3.1995342,-18.640276,26 Santiago Rodríguez,2020,24,val
-2.9132204,-5.6787696,3.4628818,-19.67722,26 Santiago Rodríguez,2020,25,val
-4.335393,-3.9626198,2.8068695,-19.67673,26 Santiago Rodríguez,2020,26,val
-6.460581,-1.5045217,8.495126,-20.141245,26 Santiago Rodríguez,2020,27,val
-6.5346336,-0.94032204,6.437831,-19.821112,26 Santiago Rodríguez,2020,28,val
-7.107757,-0.90107656,6.508691,-21.405863,26 Santiago Rodríguez,2020,29,val
-6.161323,-0.5878147,6.5159736,-19.420574,26 Santiago Rodríguez,2020,30,val
-3.6705859,-0.7142167,7.8633976,-18.427656,26 Santiago Rodríguez,2020,31,val
-6.9159937,0.21119882,5.33686,-20.526348,26 Santiago Rodríguez,2020,32,val
-5.733574,0.60050994,4.434043,-18.538128,26 Santiago Rodríguez,2020,33,val
-5.2184834,0.35048023,6.15887,-18.293482,26 Santiago Rodríguez,2020,34,val
3.5711486,-1.3327539,3.1761305,-10.922433,26 Santiago Rodríguez,2020,35,val
3.6226165,-1.223362,2.1456223,-10.132651,26 Santiago Rodríguez,2020,36,val
5.5408287,-1.7584028,2.6995308,-10.717522,26 Santiago Rodríguez,2020,37,val
4.1955905,-1.545124,2.3333216,-8.434775,26 Santiago Rodríguez,2020,38,val
4.5685964,-1.583529,2.1935053,-7.1844783,26 Santiago Rodríguez,2020,39,val
4.0169244,-1.6425487,1.6733763,-4.7367454,26 Santiago Rodríguez,2020,40,val
5.276458,-2.1186373,2.298946,-3.3029575,26 Santiago Rodríguez,2020,41,val
3.446592,-2.2458315,1.9295207,-1.2053708,26 Santiago Rodríguez,2020,42,val
3.8377717,-3.5056186,2.454847,2.638642,26 Santiago Rodríguez,2020,43,val
1.7863289,-2.8324683,1.4354007,3.9463806,26 Santiago Rodríguez,2020,44,val
0.7059865,-3.7213945,2.0822222,8.052188,26 Santiago Rodríguez,2020,45,val
-1.0365213,-3.4602041,2.3487127,9.819608,26 Santiago Rodríguez,2020,46,val
-1.3333355,-3.6294043,2.5184042,10.469942,26 Santiago Rodríguez,2020,47,val
-1.4778638,-4.413679,2.4042914,12.121708,26 Santiago Rodríguez,2020,48,val
0.2902494,-5.3983145,1.4461315,12.816984,26 Santiago Rodríguez,2020,49,val
5.430304,-5.6503143,-1.7165014,8.653403,26 Santiago Rodríguez,2020,50,val
-2.9326928,-4.638509,1.9700401,12.3153715,26 Santiago Rodríguez,2020,51,val
-13.166501,-0.011081535,7.1924925,6.535553,26 Santiago Rodríguez,2020,52,val
-17.434717,-0.7025668,7.087628,7.4231997,26 Santiago Rodríguez,2021,1,val
-17.627214,-2.1127973,6.1136465,3.605704,26 Santiago Rodríguez,2021,2,val
-15.2712,-2.0645592,5.6667,4.5919747,26 Santiago Rodríguez,2021,3,val
-16.428026,-2.6439111,5.174534,6.886533,26 Santiago Rodríguez,2021,4,val
-8.506939,-6.2116084,-2.0369163,10.067539,26 Santiago Rodríguez,2021,5,val
-9.454575,-6.650857,-0.79695714,5.418684,26 Santiago Rodríguez,2021,6,val
-14.604562,-7.341744,-1.1969235,4.4022875,26 Santiago Rodríguez,2021,7,val
-12.232757,-6.9257135,-2.3187542,3.5017445,26 Santiago Rodríguez,2021,8,val
-12.856826,-7.528847,-4.5635257,3.206063,26 Santiago Rodríguez,2021,9,val
-7.179288,-7.498455,-7.930893,5.936542,26 Santiago Rodríguez,2021,10,val
-14.6316185,-8.976235,-6.4050703,1.1653733,26 Santiago Rodríguez,2021,11,val
-10.22655,-7.3042235,-7.636715,-0.5115969,26 Santiago Rodríguez,2021,12,val
2.8572648,-8.014024,-7.881235,-0.64415777,26 Santiago Rodríguez,2021,13,val
-6.624904,-7.5051928,-9.332769,0.19419709,26 Santiago Rodríguez,2021,14,val
-16.465145,-7.983484,-7.571194,-8.793144,26 Santiago Rodríguez,2021,15,val
-15.436622,-5.587509,-5.0432496,-12.417626,26 Santiago Rodríguez,2021,16,val
-12.038225,-5.8289857,-5.7427826,-8.98103,26 Santiago Rodríguez,2021,17,val
-12.322958,-4.8632617,-4.465298,-11.509615,26 Santiago Rodríguez,2021,18,val
-11.319497,-3.7890046,-3.5848346,-13.053628,26 Santiago Rodríguez,2021,19,val
-7.7626805,-5.06988,-3.5428724,-12.292338,26 Santiago Rodríguez,2021,20,val
-6.794282,-4.533089,-2.7156963,-13.369077,26 Santiago Rodríguez,2021,21,val
-4.288887,-3.2648544,-2.3104782,-11.294732,26 Santiago Rodríguez,2021,22,val
-2.6526527,-3.7715638,-2.1124527,-13.679005,26 Santiago Rodríguez,2021,23,val
-4.358446,-2.4960625,-0.61379504,-16.400015,26 Santiago Rodríguez,2021,24,val
-3.0464654,-2.206808,-0.34543908,-15.037556,26 Santiago Rodríguez,2021,25,val
-2.8759239,-2.1119614,0.35581884,-17.049854,26 Santiago Rodríguez,2021,26,val
-8.026376,0.761508,3.6210666,-17.830114,26 Santiago Rodríguez,2021,27,val
-7.1760173,0.5230415,5.0180573,-17.762535,26 Santiago Rodríguez,2021,28,val
-6.099381,0.4472803,4.7196937,-18.33937,26 Santiago Rodríguez,2021,29,val
-5.422343,0.2233546,6.0436373,-18.267757,26 Santiago Rodríguez,2021,30,val
-5.7326784,0.61583596,4.6955233,-18.827291,26 Santiago Rodríguez,2021,31,val
-3.8836281,0.16940364,8.010406,-17.205008,26 Santiago Rodríguez,2021,32,val
-3.6118634,0.2484839,7.786701,-17.073313,26 Santiago Rodríguez,2021,33,val
-6.8755913,0.8860997,5.05311,-19.96677,26 Santiago Rodríguez,2021,34,val
5.1164618,-1.0093383,2.309368,-13.995049,26 Santiago Rodríguez,2021,35,val
5.568514,11.684876,-5.0510607,0.8441658,26 Santiago Rodríguez,2021,36,val
4.714153,10.602492,-4.779451,4.6639776,26 Santiago Rodríguez,2021,37,val
4.783479,10.110925,-4.521936,5.4413667,26 Santiago Rodríguez,2021,38,val
4.8301983,10.232264,-4.376715,8.303643,26 Santiago Rodríguez,2021,39,val
6.210926,8.158864,-3.2230363,7.018052,26 Santiago Rodríguez,2021,40,val
7.6064463,4.0232077,-6.6354623,8.423993,26 Santiago Rodríguez,2021,41,val
3.5232098,7.417974,-1.3986117,9.354637,26 Santiago Rodríguez,2021,42,val
6.6574492,5.452125,-1.5214229,9.620201,26 Santiago Rodríguez,2021,43,val
6.880565,4.7835402,-1.4304676,10.076518,26 Santiago Rodríguez,2021,44,val
9.411384,3.8147538,-0.85662985,10.742848,26 Santiago Rodríguez,2021,45,val
8.035943,2.1596475,-0.068744384,9.136522,26 Santiago Rodríguez,2021,46,val
5.7786937,2.5132747,-1.4703982,13.750528,26 Santiago Rodríguez,2021,47,val
4.4155307,1.7377163,-0.5231175,12.308037,26 Santiago Rodríguez,2021,48,val
5.3774385,0.3723824,-0.11228265,11.455642,26 Santiago Rodríguez,2021,49,val
3.8774676,-0.19354376,0.6567932,9.396567,26 Santiago Rodríguez,2021,50,val
3.2363272,0.72031933,-1.2787064,13.970373,26 Santiago Rodríguez,2021,51,val
-15.689569,5.9821334,3.0948527,6.321549,26 Santiago Rodríguez,2021,52,val
-9.685974,-2.862441,10.797652,0.27856708,27 Valverde,2015,1,train
-11.1402645,-4.698027,10.41578,0.24655105,27 Valverde,2015,2,train
-11.749486,-6.3575096,10.5623865,0.04355103,27 Valverde,2015,3,train
-12.744767,-8.455912,10.159585,-0.22060469,27 Valverde,2015,4,train
7.1541586,-10.478147,-1.6514875,2.651928,27 Valverde,2015,5,train
-5.2513933,-11.6947,2.1717749,2.9920788,27 Valverde,2015,6,train
-4.1679873,-11.989079,0.9894328,2.7569735,27 Valverde,2015,7,train
5.703043,-9.792071,-4.482258,2.5996525,27 Valverde,2015,8,train
-7.530939,-12.462484,-1.11768,-0.15584539,27 Valverde,2015,9,train
-7.4239526,-11.626342,-0.9429614,-1.7176178,27 Valverde,2015,10,train
-7.2437763,-10.817821,-1.3728615,-2.4383507,27 Valverde,2015,11,train
-8.273369,-12.512335,-1.6239501,-4.641346,27 Valverde,2015,12,train
-9.616604,-11.571058,-1.1025276,-7.822087,27 Valverde,2015,13,train
-6.5588703,-10.286673,-4.375237,-3.856571,27 Valverde,2015,14,train
-8.570123,-8.554208,-3.8908203,-6.541229,27 Valverde,2015,15,train
-10.59782,-7.8142843,-3.7107124,-9.541153,27 Valverde,2015,16,train
-9.816531,-7.2770357,-2.988163,-11.4162855,27 Valverde,2015,17,train
-12.680405,3.6753218,-10.604852,-10.775228,27 Valverde,2015,18,train
-13.255979,4.5927186,-9.676719,-10.056746,27 Valverde,2015,19,train
-7.937293,3.172054,-9.612942,-6.7253275,27 Valverde,2015,20,train
-6.4495783,3.5184417,-9.101016,-6.220142,27 Valverde,2015,21,train
-4.403482,3.8168302,-9.955554,-6.1758056,27 Valverde,2015,22,train
-6.4292502,6.6002483,-8.440931,-9.219774,27 Valverde,2015,23,train
-6.5273643,7.538131,-7.496809,-9.978164,27 Valverde,2015,24,train
-5.2736597,7.610796,-6.5215373,-9.217454,27 Valverde,2015,25,train
-6.3302813,8.952554,-6.076887,-10.538709,27 Valverde,2015,26,train
-9.1771555,9.902088,2.4351604,-10.891961,27 Valverde,2015,27,train
-9.147618,10.358844,4.145418,-10.498693,27 Valverde,2015,28,train
-9.823198,10.391738,4.1931586,-11.646572,27 Valverde,2015,29,train
-11.874511,10.270359,2.0336869,-14.313571,27 Valverde,2015,30,train
-10.184703,9.703904,2.9362946,-12.567232,27 Valverde,2015,31,train
-9.631524,8.988675,3.635995,-11.439899,27 Valverde,2015,32,train
-10.154095,8.751184,3.750994,-11.72191,27 Valverde,2015,33,train
-9.917403,8.196187,3.8964543,-12.38734,27 Valverde,2015,34,train
8.868064,6.626548,0.13632943,-2.5223749,27 Valverde,2015,35,train
10.62462,5.7927976,0.9878113,-2.991917,27 Valverde,2015,36,train
10.299689,5.2400665,0.5009477,-2.7021196,27 Valverde,2015,37,train
11.281844,3.8214014,2.6669989,-3.113665,27 Valverde,2015,38,train
11.843775,3.1608818,3.200626,-3.0884743,27 Valverde,2015,39,train
15.382097,-0.048520405,4.8422327,-2.9887338,27 Valverde,2015,40,train
14.875043,-0.61418456,5.31608,-2.7002575,27 Valverde,2015,41,train
14.547981,-1.1962566,5.0620165,-1.7453953,27 Valverde,2015,42,train
17.962862,-5.010512,2.6637583,-0.01883608,27 Valverde,2015,43,train
12.528261,-1.9691385,9.26431,-1.2561169,27 Valverde,2015,44,train
8.991597,-0.7568604,5.9223866,1.4157902,27 Valverde,2015,45,train
10.701084,-1.3092306,5.314228,2.2841852,27 Valverde,2015,46,train
13.331433,-2.8272545,5.496914,4.31117,27 Valverde,2015,47,train
8.719357,-8.551414,7.883914,2.5006106,27 Valverde,2015,48,train
5.8188586,-6.6259027,6.329303,2.6623669,27 Valverde,2015,49,train
6.582351,-7.792248,5.76876,3.9957113,27 Valverde,2015,50,train
4.8327675,-7.0402045,5.4535117,3.811755,27 Valverde,2015,51,train
-8.092759,-1.4604169,9.76991,-1.3882647,27 Valverde,2015,52,train
-13.48052,-7.35367,14.607338,-8.655837,27 Valverde,2016,1,train
-14.056688,-9.386573,13.554736,-9.300194,27 Valverde,2016,2,train
-10.397938,-9.581904,12.882757,-7.213778,27 Valverde,2016,3,train
-9.380608,-10.283961,12.435753,-6.143763,27 Valverde,2016,4,train
-6.6062937,-16.858578,8.25877,-4.0105615,27 Valverde,2016,5,train
-3.0963786,-13.942269,6.4496636,-3.5228941,27 Valverde,2016,6,train
-5.5658846,-15.360644,6.551773,-4.931383,27 Valverde,2016,7,train
-7.483651,-15.437444,6.0980043,-6.5831127,27 Valverde,2016,8,train
-4.4245043,-13.8482,4.6739774,-6.478795,27 Valverde,2016,9,train
-8.218658,-13.041255,-0.23584107,-2.479009,27 Valverde,2016,10,train
-11.379109,-12.881368,0.8633416,-8.619129,27 Valverde,2016,11,train
-9.281526,-8.848359,-0.39357635,-8.062239,27 Valverde,2016,12,train
-11.569085,-9.966039,-0.03931845,-11.307977,27 Valverde,2016,13,train
-7.224237,-10.745561,1.3140543,-11.218904,27 Valverde,2016,14,train
-8.10306,-11.517551,0.7451101,-11.53153,27 Valverde,2016,15,train
-2.841872,-11.182316,0.63094807,-8.892602,27 Valverde,2016,16,train
5.4806423,-8.982593,-2.8789175,-3.589368,27 Valverde,2016,17,train
5.1540394,-8.67695,-2.3325353,-3.54199,27 Valverde,2016,18,train
-4.747632,1.516973,-11.109415,-0.4522365,27 Valverde,2016,19,train
-7.58636,4.945019,-9.5783,-2.951236,27 Valverde,2016,20,train
-5.5137568,4.9162436,-11.424908,1.0161324,27 Valverde,2016,21,train
5.3625736,-1.8448663,-8.165866,-1.6622889,27 Valverde,2016,22,train
-7.5441637,9.470062,-10.142252,-1.7367623,27 Valverde,2016,23,train
-8.4697275,11.0706,-9.776501,-3.9098773,27 Valverde,2016,24,train
-3.8594613,8.8729105,-7.3923388,-2.6372926,27 Valverde,2016,25,train
-4.6110177,10.407045,-7.1435385,-3.6871562,27 Valverde,2016,26,train
-8.417649,11.848517,-1.2372527,-7.4369955,27 Valverde,2016,27,train
-8.158542,11.842302,-1.3378394,-7.0668297,27 Valverde,2016,28,train
-8.677684,12.123648,-1.3612677,-6.8500667,27 Valverde,2016,29,train
-7.9326773,11.586712,-0.45733726,-5.4887676,27 Valverde,2016,30,train
-8.414568,12.4067545,-0.55024976,-6.144753,27 Valverde,2016,31,train
-9.336846,12.911337,-2.4172466,-5.9103594,27 Valverde,2016,32,train
-11.636035,13.538538,-2.329622,-7.819453,27 Valverde,2016,33,train
-11.123815,12.704964,12.673274,1.3729634,27 Valverde,2016,34,train
4.74668,10.693442,-3.1334069,2.7380378,27 Valverde,2016,35,train
4.404358,10.254038,-3.7953653,2.1829286,27 Valverde,2016,36,train
6.135071,10.126548,-3.849017,2.8891883,27 Valverde,2016,37,train
5.5040026,9.470015,-3.2026012,2.9774342,27 Valverde,2016,38,train
6.0299892,8.330647,-2.8057175,2.8410401,27 Valverde,2016,39,train
6.199991,7.3530526,-1.161436,6.430881,27 Valverde,2016,40,train
5.5287256,6.976025,-0.103665456,7.076743,27 Valverde,2016,41,train
8.649487,0.28188443,-6.9672174,7.6977997,27 Valverde,2016,42,train
0.09478916,7.894679,2.3364089,10.02322,27 Valverde,2016,43,train
9.489304,-0.56939495,-3.307641,9.130379,27 Valverde,2016,44,train
7.096204,-2.4749954,-6.0621505,8.072517,27 Valverde,2016,45,train
7.378185,-3.2678235,-8.048881,9.081074,27 Valverde,2016,46,train
-1.5005685,2.9153786,2.9031074,13.635316,27 Valverde,2016,47,train
-2.5169575,-3.2647598,4.508763,11.983447,27 Valverde,2016,48,train
-0.6759864,-4.6964526,4.0552354,11.601803,27 Valverde,2016,49,train
-0.85400593,-4.5144277,4.2341146,10.632356,27 Valverde,2016,50,train
-1.6804731,-3.7124057,4.803636,9.8121195,27 Valverde,2016,51,train
-12.034227,-0.98862886,9.365786,7.229851,27 Valverde,2016,52,train
-11.958003,-1.6322033,8.3800955,4.016512,27 Valverde,2017,1,train
-11.385645,-1.2457452,7.68475,10.792824,27 Valverde,2017,2,train
-17.006054,-5.3144813,7.858966,9.4196415,27 Valverde,2017,3,train
-17.37228,-6.0925207,6.934991,5.1763096,27 Valverde,2017,4,train
-7.645659,-8.782176,1.7004728,5.878723,27 Valverde,2017,5,train
-8.977731,-9.319766,1.3800535,4.648895,27 Valverde,2017,6,train
-7.799046,-9.60671,-0.35815674,4.768383,27 Valverde,2017,7,train
-13.478483,-11.180765,-0.47197205,3.4455788,27 Valverde,2017,8,train
-10.451443,-9.061301,-1.6011658,1.5092901,27 Valverde,2017,9,train
-13.289854,-9.693553,-3.4539528,0.91403365,27 Valverde,2017,10,train
-10.874378,-8.253265,-4.307151,-1.3378793,27 Valverde,2017,11,train
4.917502,-9.53573,-9.032976,0.50747836,27 Valverde,2017,12,train
-7.92192,-8.695674,-9.41052,-2.2301426,27 Valverde,2017,13,train
-7.7093105,-9.587375,-3.318058,-9.69807,27 Valverde,2017,14,train
-6.009098,-10.939533,-6.2759953,-5.3553753,27 Valverde,2017,15,train
0.23029724,-9.045434,-4.811192,-5.0285625,27 Valverde,2017,16,train
0.8036677,-8.399901,-4.1374445,-7.341769,27 Valverde,2017,17,train
-6.192372,1.3428931,-13.732577,2.1700113,27 Valverde,2017,18,train
-7.4057245,3.1976297,-14.165854,2.2407992,27 Valverde,2017,19,train
-5.646579,3.850998,-10.326739,1.2387313,27 Valverde,2017,20,train
-8.660214,7.5039406,-9.908672,-2.9258175,27 Valverde,2017,21,train
-7.7460046,8.15163,-9.988191,-1.9468529,27 Valverde,2017,22,train
-8.795669,9.778958,-9.111876,-5.6095514,27 Valverde,2017,23,train
-7.085816,9.550811,-8.551396,-4.7758236,27 Valverde,2017,24,train
-4.686588,9.002581,-7.319773,-4.037418,27 Valverde,2017,25,train
-3.89029,9.8610935,-6.9510255,-3.7896314,27 Valverde,2017,26,train
-9.163028,12.385911,-0.8517119,-4.029413,27 Valverde,2017,27,train
-8.452452,13.0308895,0.08117603,-0.49627683,27 Valverde,2017,28,train
-9.08459,12.994975,-1.8842928,-4.4041047,27 Valverde,2017,29,train
-10.126426,13.240978,-2.1052222,-4.6399508,27 Valverde,2017,30,train
-8.77412,12.349001,-2.021566,-4.711252,27 Valverde,2017,31,train
-9.663503,13.225042,-1.7920191,-4.503648,27 Valverde,2017,32,train
-8.634469,12.5092535,-1.4617857,-4.048059,27 Valverde,2017,33,train
-9.072109,12.248534,-1.5503646,-4.2447534,27 Valverde,2017,34,train
5.619208,10.292269,-3.9781747,0.4372396,27 Valverde,2017,35,train
8.838091,3.7113068,-5.3211226,3.1337667,27 Valverde,2017,36,train
8.630286,3.9003417,-5.385919,3.1863515,27 Valverde,2017,37,train
9.218939,2.6029637,-6.2698674,3.4715102,27 Valverde,2017,38,train
5.143012,8.862066,-0.13725924,4.4377375,27 Valverde,2017,39,train
5.1635838,7.9670672,-0.3690312,5.534359,27 Valverde,2017,40,train
7.125962,6.8104095,-0.90630716,6.7476897,27 Valverde,2017,41,train
7.018933,5.103299,0.13473547,6.0061407,27 Valverde,2017,42,train
8.590014,4.1806254,-0.23683612,6.9172306,27 Valverde,2017,43,train
7.479367,4.2783923,0.53548247,7.868321,27 Valverde,2017,44,train
4.8902926,4.2072945,0.30973652,9.349813,27 Valverde,2017,45,train
2.4745305,4.3908925,0.015973516,12.270398,27 Valverde,2017,46,train
3.7423573,3.2297275,1.399625,10.485316,27 Valverde,2017,47,train
-0.23188658,-4.097432,3.8047378,9.834013,27 Valverde,2017,48,train
0.44893843,-5.0353227,3.1381788,9.734032,27 Valverde,2017,49,train
1.2222183,-5.7729673,2.7453141,9.814797,27 Valverde,2017,50,train
-0.3595482,-5.2331924,3.0923562,9.630485,27 Valverde,2017,51,train
-13.820168,-0.1867171,8.633736,3.594382,27 Valverde,2017,52,train
-12.719316,5.8009367,14.496908,4.662632,27 Valverde,2018,1,train
-10.2985325,-1.5972733,7.617017,5.9341435,27 Valverde,2018,2,train
-10.4652815,-2.3858526,6.651899,5.733813,27 Valverde,2018,3,train
-10.496254,-2.6361442,5.5383797,5.477862,27 Valverde,2018,4,train
-8.793848,-8.037748,0.6480822,6.936665,27 Valverde,2018,5,train
-7.98006,-7.934711,-0.33782744,5.388318,27 Valverde,2018,6,train
-8.077101,-7.99524,-1.9690596,5.282013,27 Valverde,2018,7,train
-9.314046,-8.425934,-2.2546444,4.6712136,27 Valverde,2018,8,train
-15.0207615,-11.7943735,-2.8102658,3.9609585,27 Valverde,2018,9,train
-14.852774,-10.312749,-6.22755,0.5262338,27 Valverde,2018,10,train
-14.943009,-8.481936,-5.9045844,-2.7874696,27 Valverde,2018,11,train
-12.075554,-8.259593,-7.6482162,-2.6595938,27 Valverde,2018,12,train
-11.895303,-9.089148,-8.335345,-1.904589,27 Valverde,2018,13,train
-8.338063,-8.123741,-8.348846,-4.448447,27 Valverde,2018,14,train
-9.829939,-5.855725,-6.8676066,-7.1808043,27 Valverde,2018,15,train
-11.286569,-5.411876,-6.563914,-8.925143,27 Valverde,2018,16,train
-11.488591,-5.2188826,-6.6775255,-10.740716,27 Valverde,2018,17,train
-10.875986,-0.03729997,-11.154916,-4.7674003,27 Valverde,2018,18,train
-8.886216,0.38884962,-8.961623,-9.832419,27 Valverde,2018,19,train
-6.442035,0.22372104,-7.9322457,-8.657152,27 Valverde,2018,20,train
-8.752929,1.906768,-7.875043,-10.926231,27 Valverde,2018,21,train
-7.842945,2.7916327,-7.068931,-10.564387,27 Valverde,2018,22,train
-9.981372,5.3133826,-7.323211,-13.274108,27 Valverde,2018,23,train
-7.532683,5.163725,-6.8223968,-11.678709,27 Valverde,2018,24,train
-5.044195,5.3751855,-6.907243,-11.0298815,27 Valverde,2018,25,train
-5.173951,6.652376,-5.967302,-10.659096,27 Valverde,2018,26,train
-11.503354,12.504742,0.9663937,-10.616645,27 Valverde,2018,27,train
-9.491955,12.070845,1.4362084,-8.937137,27 Valverde,2018,28,train
-8.394358,11.610356,1.1327776,-8.351452,27 Valverde,2018,29,train
-10.356713,11.924981,0.7826023,-9.886173,27 Valverde,2018,30,train
-8.371868,11.186767,1.670322,-7.6352344,27 Valverde,2018,31,train
-10.771189,11.621916,2.1373723,-9.825258,27 Valverde,2018,32,train
-8.338429,10.468323,3.0161886,-7.239539,27 Valverde,2018,33,train
-10.025041,10.858914,2.5533073,-8.766044,27 Valverde,2018,34,train
6.76582,8.154852,-1.4453074,-0.8523549,27 Valverde,2018,35,train
8.71627,8.021272,-1.4187557,-0.6542233,27 Valverde,2018,36,train
8.459724,7.888451,-1.0598042,-0.43587598,27 Valverde,2018,37,train
9.974609,7.5374565,-0.5097793,0.742179,27 Valverde,2018,38,train
8.821926,6.970112,-0.15603723,0.7608167,27 Valverde,2018,39,train
8.974961,6.5899115,1.663734,3.4246647,27 Valverde,2018,40,train
9.766541,5.7240944,1.9004886,4.1515346,27 Valverde,2018,41,train
8.703662,4.4515676,2.087035,4.1685805,27 Valverde,2018,42,train
10.942448,3.48098,1.1805459,4.981531,27 Valverde,2018,43,train
10.397626,2.9659421,1.9607627,5.491442,27 Valverde,2018,44,train
9.461821,2.1163929,2.6246285,5.5369835,27 Valverde,2018,45,train
7.6505914,1.642887,3.029105,5.1415973,27 Valverde,2018,46,train
10.954115,0.48519516,2.370632,6.552284,27 Valverde,2018,47,train
9.418962,0.035105746,3.2226553,6.597465,27 Valverde,2018,48,train
9.028826,-0.7500463,3.3688238,7.271525,27 Valverde,2018,49,train
9.379922,-1.3213799,3.3372512,7.9045405,27 Valverde,2018,50,train
9.315846,-1.5668136,3.0157704,8.076846,27 Valverde,2018,51,train
-12.605247,5.038287,5.5975065,3.6524365,27 Valverde,2018,52,train
-14.189745,-2.1975176,10.045046,-0.19901842,27 Valverde,2019,1,train
-15.231508,-4.0679927,11.168982,0.22710896,27 Valverde,2019,2,train
-16.0196,-6.115443,9.823012,-0.35309502,27 Valverde,2019,3,train
-15.525255,-6.837167,8.324595,-0.9191555,27 Valverde,2019,4,train
-9.502916,-10.386139,3.4089458,1.3161634,27 Valverde,2019,5,train
-7.6315446,-12.409434,4.6531725,-0.5276612,27 Valverde,2019,6,train
-7.8439255,-12.857368,3.9002821,-1.6795417,27 Valverde,2019,7,train
-8.690088,-11.275137,2.2561622,-2.7606535,27 Valverde,2019,8,train
-10.4597025,-12.2716055,2.7586997,-4.2802844,27 Valverde,2019,9,train
-12.984928,-11.263884,0.120133914,-4.2402263,27 Valverde,2019,10,train
-13.10539,-12.306931,-1.0127323,-4.928591,27 Valverde,2019,11,train
-13.508676,-11.956074,-1.4925615,-9.651074,27 Valverde,2019,12,train
-6.9935203,-10.934898,-2.8136623,-7.815948,27 Valverde,2019,13,train
-8.159624,-8.583698,-4.430029,-6.0966415,27 Valverde,2019,14,train
-12.726389,-7.9073796,-3.3116405,-11.3569,27 Valverde,2019,15,train
-13.066013,-7.3563695,-3.3145387,-12.518338,27 Valverde,2019,16,train
-11.220795,-8.327194,-3.4999063,-12.387606,27 Valverde,2019,17,train
-10.207047,1.4646702,-9.995481,-5.7274265,27 Valverde,2019,18,train
-11.081252,4.414225,-9.869502,-6.8886437,27 Valverde,2019,19,train
-10.455501,6.1520042,-10.453613,-6.5680523,27 Valverde,2019,20,train
-4.824293,3.2357802,-11.267097,-2.4264877,27 Valverde,2019,21,train
-5.542905,4.9789057,-10.256636,-3.9851694,27 Valverde,2019,22,train
-5.5956407,7.4762588,-9.384298,-4.668349,27 Valverde,2019,23,train
-6.6389174,8.786261,-8.152656,-6.6888237,27 Valverde,2019,24,train
-8.900404,10.986978,-7.583204,-10.664829,27 Valverde,2019,25,train
-6.5069356,10.3557415,-6.7346315,-9.162973,27 Valverde,2019,26,train
-8.868665,10.132777,2.7809105,-16.750212,27 Valverde,2019,27,train
-6.6609173,9.01042,2.4876726,-15.995382,27 Valverde,2019,28,train
-5.2940407,8.279101,2.2585979,-14.597386,27 Valverde,2019,29,train
-5.9058647,8.438037,1.4732504,-15.316749,27 Valverde,2019,30,train
-3.6785204,7.590677,2.9049056,-13.726026,27 Valverde,2019,31,train
-5.0470595,8.053055,1.1691521,-13.88585,27 Valverde,2019,32,train
-6.1229677,8.119701,1.4590786,-15.303141,27 Valverde,2019,33,train
-6.073579,8.083007,1.2841246,-15.039072,27 Valverde,2019,34,train
8.224022,7.7032948,-1.2139676,-6.376581,27 Valverde,2019,35,train
10.282636,5.4560556,0.95000446,-6.4801044,27 Valverde,2019,36,train
10.118306,5.5731597,2.3220167,-3.6398575,27 Valverde,2019,37,train
9.774874,5.2821813,2.3665571,-1.9377987,27 Valverde,2019,38,train
14.11793,-1.6495697,-3.8168342,-0.7743861,27 Valverde,2019,39,train
6.8275013,6.5519814,5.3945856,1.7257721,27 Valverde,2019,40,train
9.208563,4.284367,3.1186862,2.1453,27 Valverde,2019,41,train
11.558369,3.169986,3.0104396,2.5762427,27 Valverde,2019,42,train
10.550461,2.720552,3.8426805,2.8800511,27 Valverde,2019,43,train
10.068028,1.7972947,3.7318754,3.2723637,27 Valverde,2019,44,train
10.797861,1.1411958,3.8978543,3.7807305,27 Valverde,2019,45,train
10.105214,0.8058315,4.7590938,3.9608998,27 Valverde,2019,46,train
12.185891,-1.5813017,5.6472898,5.1612763,27 Valverde,2019,47,train
12.432471,-1.7767686,5.255114,5.597419,27 Valverde,2019,48,train
5.2510333,-6.6411185,6.921454,3.297276,27 Valverde,2019,49,train
3.5571542,-5.7831655,6.907317,3.648798,27 Valverde,2019,50,train
3.094118,-6.0175,6.407785,3.8521016,27 Valverde,2019,51,train
-12.136693,-1.680989,11.103794,-2.7298987,27 Valverde,2019,52,train
-11.742794,-2.1539245,10.557226,-0.8044538,27 Valverde,2020,1,val
-12.244123,-3.1691756,10.432598,-0.76930594,27 Valverde,2020,2,val
-9.778696,-4.7956505,10.128625,1.2381667,27 Valverde,2020,3,val
-9.512558,-5.8368683,10.144387,0.9607224,27 Valverde,2020,4,val
-6.3392034,-11.389773,4.133643,1.6753103,27 Valverde,2020,5,val
-6.1073265,-10.738705,3.387048,0.20913492,27 Valverde,2020,6,val
-7.087955,-10.332547,2.334371,-0.4559908,27 Valverde,2020,7,val
-7.0924196,-10.5884075,1.8194199,-1.6389827,27 Valverde,2020,8,val
-8.729999,-12.366373,1.7202586,-3.1128497,27 Valverde,2020,9,val
-3.7265618,-11.41103,-0.103050776,-3.4781554,27 Valverde,2020,10,val
-4.299638,-12.497098,-2.1584113,-3.2390695,27 Valverde,2020,11,val
-8.515829,-14.572096,-1.958369,-5.315214,27 Valverde,2020,12,val
-10.058398,-13.34936,-0.7498048,-10.310378,27 Valverde,2020,13,val
-9.519549,-11.687402,-1.7818354,-12.046762,27 Valverde,2020,14,val
-9.66806,-9.214778,-1.0284083,-14.095278,27 Valverde,2020,15,val
-9.472063,-8.101647,-0.90512776,-13.743817,27 Valverde,2020,16,val
-10.429886,-7.4049134,-0.64254946,-14.945614,27 Valverde,2020,17,val
-9.8825445,-7.045204,-0.45778158,-15.182596,27 Valverde,2020,18,val
-4.66313,-6.65731,-1.4966841,-12.700592,27 Valverde,2020,19,val
-7.483548,-5.686291,-0.62534034,-15.753507,27 Valverde,2020,20,val
-4.8267603,-4.885086,0.016813826,-14.466748,27 Valverde,2020,21,val
-5.7280536,-5.676623,0.38837218,-17.927357,27 Valverde,2020,22,val
-4.756814,-5.3722,1.8901793,-17.114697,27 Valverde,2020,23,val
-2.5364058,-5.8696184,2.916823,-17.963411,27 Valverde,2020,24,val
-3.166684,-4.5737433,2.720064,-18.096691,27 Valverde,2020,25,val
-3.1619198,-4.2401137,2.90638,-18.935669,27 Valverde,2020,26,val
-6.7548194,-1.1648579,7.3039446,-19.463024,27 Valverde,2020,27,val
-5.8589015,-0.8446835,6.8414183,-18.443094,27 Valverde,2020,28,val
-6.0931296,-0.72430307,6.932264,-19.25788,27 Valverde,2020,29,val
-5.082565,-0.512655,7.2336383,-17.471573,27 Valverde,2020,30,val
-2.099953,-0.86491704,8.267242,-17.121904,27 Valverde,2020,31,val
-4.9299684,0.11134901,5.1755986,-18.848291,27 Valverde,2020,32,val
-3.7070408,0.2780155,5.269578,-16.57886,27 Valverde,2020,33,val
-9.128599,4.28701,11.227618,-9.638106,27 Valverde,2020,34,val
3.1703346,-1.04576,3.2836366,-10.475859,27 Valverde,2020,35,val
2.8178496,10.619462,-4.38955,3.8760166,27 Valverde,2020,36,val
4.7999196,10.404729,-4.4935274,2.5631275,27 Valverde,2020,37,val
4.564543,9.896868,-4.2070045,3.9180727,27 Valverde,2020,38,val
5.955479,9.889698,-4.11039,5.3827987,27 Valverde,2020,39,val
5.9585347,7.9385605,-2.991754,6.5117493,27 Valverde,2020,40,val
7.0507913,6.7883763,-2.379432,7.3070464,27 Valverde,2020,41,val
6.5394263,5.6912713,-1.8599685,7.4046025,27 Valverde,2020,42,val
7.8156705,5.038785,-1.4344918,8.662708,27 Valverde,2020,43,val
6.2064013,3.8836925,-0.47897384,7.7613454,27 Valverde,2020,44,val
4.1792607,4.1232643,-0.8166703,10.4362955,27 Valverde,2020,45,val
2.9764066,3.5583792,0.107882634,10.899218,27 Valverde,2020,46,val
2.9745307,2.6034045,-0.27364463,11.718881,27 Valverde,2020,47,val
2.7932982,1.5433044,0.15956047,12.717619,27 Valverde,2020,48,val
4.4609284,0.7163075,-0.85854715,13.558931,27 Valverde,2020,49,val
-1.5337284,-4.8016205,1.9317787,11.403764,27 Valverde,2020,50,val
-2.6702008,-4.8195343,2.256011,11.706152,27 Valverde,2020,51,val
-12.246703,-0.27347985,7.305249,6.794391,27 Valverde,2020,52,val
-16.055105,-1.1156735,7.1495585,7.020464,27 Valverde,2021,1,val
-16.318192,-1.9259639,6.454371,4.693038,27 Valverde,2021,2,val
-13.772375,-2.259249,5.699935,5.1602297,27 Valverde,2021,3,val
-15.810138,-2.9778948,5.108597,6.083841,27 Valverde,2021,4,val
-7.9810624,-6.5993595,-1.2355168,8.93809,27 Valverde,2021,5,val
-8.307859,-6.835182,-1.3340237,6.1744933,27 Valverde,2021,6,val
-11.01198,-7.19797,-1.7504324,5.1540585,27 Valverde,2021,7,val
-10.752834,-7.145953,-3.1676996,4.696596,27 Valverde,2021,8,val
-14.074416,-7.8865814,-4.3388915,3.6912563,27 Valverde,2021,9,val
-8.549929,-7.9262476,-7.371101,5.8884006,27 Valverde,2021,10,val
-14.897471,-9.525106,-6.9610443,1.5906148,27 Valverde,2021,11,val
-8.7005205,-7.284613,-7.4047885,-0.08856306,27 Valverde,2021,12,val
-9.9398,-7.133168,-8.426139,-2.0057292,27 Valverde,2021,13,val
-6.8139925,-7.702943,-9.49123,0.116389304,27 Valverde,2021,14,val
-15.861507,-9.187375,-8.985444,-7.2315526,27 Valverde,2021,15,val
-12.062905,-5.6902804,-5.8919177,-9.692642,27 Valverde,2021,16,val
-10.05114,-5.936475,-6.7039514,-7.5580225,27 Valverde,2021,17,val
-11.361169,-5.1507735,-5.15051,-10.91277,27 Valverde,2021,18,val
-9.625515,-4.1839232,-4.071831,-12.245184,27 Valverde,2021,19,val
-7.9384594,-5.3511105,-4.1261306,-12.370048,27 Valverde,2021,20,val
-4.072244,-4.3183646,-3.6440144,-10.467918,27 Valverde,2021,21,val
-2.8531342,-3.4230409,-2.847729,-10.214849,27 Valverde,2021,22,val
-1.9608979,-3.4980612,-2.6218762,-12.773244,27 Valverde,2021,23,val
-2.1807601,-2.4228108,-1.043955,-13.867393,27 Valverde,2021,24,val
-2.6064265,-2.2920215,-0.558892,-14.966452,27 Valverde,2021,25,val
-1.2996801,-1.8653976,0.028110258,-14.760644,27 Valverde,2021,26,val
-5.578974,0.51353925,4.867609,-16.233627,27 Valverde,2021,27,val
-5.5916567,0.419001,5.9510846,-16.326376,27 Valverde,2021,28,val
-8.739728,12.573288,-1.7748611,-4.089863,27 Valverde,2021,29,val
-8.952356,12.769829,-1.9922827,-4.1960893,27 Valverde,2021,30,val
-8.418478,12.294864,-2.1828659,-4.504663,27 Valverde,2021,31,val
-11.915484,12.150457,11.638718,0.24628688,27 Valverde,2021,32,val
-7.324574,11.885643,0.9713687,-2.4106786,27 Valverde,2021,33,val
-9.076793,12.092803,-1.5657603,-6.478058,27 Valverde,2021,34,val
6.0318465,10.700193,-4.0186276,-0.43116495,27 Valverde,2021,35,val
4.692303,11.229851,-4.9337845,0.92602044,27 Valverde,2021,36,val
4.0118313,10.583305,-4.61639,4.223609,27 Valverde,2021,37,val
3.6878662,9.948903,-3.7113628,4.9863925,27 Valverde,2021,38,val
5.449994,10.258733,-4.284294,8.112939,27 Valverde,2021,39,val
5.8992715,7.597013,-2.7697136,5.635957,27 Valverde,2021,40,val
8.9843445,3.8354652,-3.5567663,7.2947373,27 Valverde,2021,41,val
4.7105417,6.948236,-1.0884519,8.992288,27 Valverde,2021,42,val
8.125843,5.055067,-1.3447826,8.827334,27 Valverde,2021,43,val
6.3936467,4.388089,-0.41455117,8.73544,27 Valverde,2021,44,val
7.816318,3.4051719,-0.53308064,9.563502,27 Valverde,2021,45,val
7.3832994,2.152035,0.15721954,9.479202,27 Valverde,2021,46,val
5.2680216,2.137752,-0.68807054,13.118151,27 Valverde,2021,47,val
-0.53924274,-4.2111454,2.8374205,10.566756,27 Valverde,2021,48,val
-0.98169386,-4.3528214,2.8679667,10.244527,27 Valverde,2021,49,val
-1.3776418,-4.349618,3.0857754,10.597406,27 Valverde,2021,50,val
-0.6348349,-5.388052,2.6231031,10.752996,27 Valverde,2021,51,val
-14.362547,-0.40960082,8.027051,5.616861,27 Valverde,2021,52,val
-9.812219,-5.051373,17.222372,4.140323,28 Monseñor Nouel,2015,1,train
-10.194925,-7.2696905,16.772766,4.4604273,28 Monseñor Nouel,2015,2,train
-10.6494055,-9.197155,15.963255,4.257079,28 Monseñor Nouel,2015,3,train
-12.666787,-11.769091,15.24028,3.5411592,28 Monseñor Nouel,2015,4,train
-1.7821234,-16.534819,4.113366,4.3545103,28 Monseñor Nouel,2015,5,train
-4.2798934,-16.23789,1.7189429,4.9256067,28 Monseñor Nouel,2015,6,train
-5.7044516,-17.536257,1.3549443,4.3392487,28 Monseñor Nouel,2015,7,train
7.717097,-14.705589,-6.6929073,3.7599816,28 Monseñor Nouel,2015,8,train
-6.1021733,-17.724833,-3.125392,1.2563835,28 Monseñor Nouel,2015,9,train
-4.6313477,-17.256168,-3.565686,-0.12795618,28 Monseñor Nouel,2015,10,train
-5.4278307,-17.743181,-4.3068843,-1.4771637,28 Monseñor Nouel,2015,11,train
-6.297835,-18.37144,-5.3061333,-4.8474727,28 Monseñor Nouel,2015,12,train
-6.3271856,-16.486252,-5.4329405,-7.3568993,28 Monseñor Nouel,2015,13,train
-3.471639,-15.2140255,-8.4394865,-2.7886174,28 Monseñor Nouel,2015,14,train
-3.239274,-13.827402,-8.56853,-3.9192054,28 Monseñor Nouel,2015,15,train
-6.124881,-14.548745,-8.641607,-8.477003,28 Monseñor Nouel,2015,16,train
-8.340254,-13.631496,-7.4999723,-13.500814,28 Monseñor Nouel,2015,17,train
-11.607889,2.268754,-18.293282,-12.691679,28 Monseñor Nouel,2015,18,train
-7.9636045,2.7867742,-18.257973,-8.294239,28 Monseñor Nouel,2015,19,train
-6.508382,3.5183883,-17.055532,-7.698083,28 Monseñor Nouel,2015,20,train
-1.6343236,2.0832531,-15.6480665,-5.9946003,28 Monseñor Nouel,2015,21,train
-0.19766855,2.469568,-15.184924,-5.573314,28 Monseñor Nouel,2015,22,train
-0.8993543,4.930898,-13.755798,-8.274,28 Monseñor Nouel,2015,23,train
-1.8606645,7.442789,-12.71064,-9.719803,28 Monseñor Nouel,2015,24,train
-0.15603876,7.7353606,-11.06247,-8.579152,28 Monseñor Nouel,2015,25,train
0.49823728,8.709267,-10.2506895,-8.736608,28 Monseñor Nouel,2015,26,train
-6.174835,15.606081,9.883027,-8.2403,28 Monseñor Nouel,2015,27,train
-6.1911855,16.223763,11.659851,-7.544237,28 Monseñor Nouel,2015,28,train
-7.380963,16.675854,11.384462,-10.215704,28 Monseñor Nouel,2015,29,train
-7.700182,16.227896,10.107378,-12.202475,28 Monseñor Nouel,2015,30,train
-7.6267467,15.389296,9.119738,-14.120982,28 Monseñor Nouel,2015,31,train
-6.0235677,14.366784,11.123352,-12.957761,28 Monseñor Nouel,2015,32,train
-6.3736997,13.813918,10.787398,-13.74429,28 Monseñor Nouel,2015,33,train
-7.3652105,14.108927,10.984891,-14.064038,28 Monseñor Nouel,2015,34,train
12.894471,9.710571,4.3459344,-1.6947638,28 Monseñor Nouel,2015,35,train
13.7435255,9.121164,5.5518427,-3.637165,28 Monseñor Nouel,2015,36,train
14.758859,8.586473,5.881765,-2.703046,28 Monseñor Nouel,2015,37,train
14.60227,7.162045,8.317655,-2.944656,28 Monseñor Nouel,2015,38,train
15.568009,6.036971,8.720339,-3.4970343,28 Monseñor Nouel,2015,39,train
19.132015,1.6630342,9.2491455,-4.6472077,28 Monseñor Nouel,2015,40,train
18.766577,0.6743335,9.86348,-3.167323,28 Monseñor Nouel,2015,41,train
16.079142,0.74926716,10.910871,-2.1537423,28 Monseñor Nouel,2015,42,train
17.678698,-0.98515266,13.348297,-1.658912,28 Monseñor Nouel,2015,43,train
15.057361,-0.26538658,12.564916,1.0057988,28 Monseñor Nouel,2015,44,train
10.613754,1.4133291,12.279164,3.4541552,28 Monseñor Nouel,2015,45,train
12.951402,-0.3051748,11.874593,4.3998437,28 Monseñor Nouel,2015,46,train
14.450683,-1.7646618,11.822239,6.915683,28 Monseñor Nouel,2015,47,train
10.428425,-10.173207,12.045247,4.9875765,28 Monseñor Nouel,2015,48,train
5.7732525,-6.923961,12.17832,5.021006,28 Monseñor Nouel,2015,49,train
6.683866,-8.95684,11.324606,6.383869,28 Monseñor Nouel,2015,50,train
5.88326,-9.130351,10.9882765,6.5652585,28 Monseñor Nouel,2015,51,train
-7.826211,-2.4093764,19.23118,0.7859339,28 Monseñor Nouel,2015,52,train
-13.034451,-9.914073,22.246584,-4.672516,28 Monseñor Nouel,2016,1,train
-12.252961,-11.819256,20.905811,-4.272242,28 Monseñor Nouel,2016,2,train
-11.862042,-13.023573,19.63267,-4.363225,28 Monseñor Nouel,2016,3,train
-8.459438,-12.782592,18.196314,-3.3867068,28 Monseñor Nouel,2016,4,train
-3.25773,-21.542917,10.283976,-1.0698677,28 Monseñor Nouel,2016,5,train
-3.7025723,-19.665867,7.60478,-1.7719814,28 Monseñor Nouel,2016,6,train
-2.4571486,-19.844574,6.0471854,-2.4391005,28 Monseñor Nouel,2016,7,train
-5.5562835,-21.344791,5.9711413,-4.1615396,28 Monseñor Nouel,2016,8,train
-2.4633715,-18.974773,3.632432,-5.637658,28 Monseñor Nouel,2016,9,train
-6.150585,-19.298185,-3.3131196,-0.88083166,28 Monseñor Nouel,2016,10,train
-6.623881,-18.18977,-3.2968023,-5.2420073,28 Monseñor Nouel,2016,11,train
-6.7074757,-16.53837,-4.2527747,-7.9337687,28 Monseñor Nouel,2016,12,train
-7.601917,-17.671513,-4.159667,-9.932022,28 Monseñor Nouel,2016,13,train
-3.397382,-15.930279,-1.826964,-11.588172,28 Monseñor Nouel,2016,14,train
-4.3957276,-16.477526,-2.1977332,-11.878049,28 Monseñor Nouel,2016,15,train
2.4216666,-15.204967,-3.1378777,-8.459753,28 Monseñor Nouel,2016,16,train
11.534644,-13.736994,-6.236231,-6.8302417,28 Monseñor Nouel,2016,17,train
1.7769383,-13.714687,-1.7488472,-9.530258,28 Monseñor Nouel,2016,18,train
-2.2385528,0.06606221,-17.90432,0.9630229,28 Monseñor Nouel,2016,19,train
-3.6134422,3.526883,-16.33001,-2.0956218,28 Monseñor Nouel,2016,20,train
-1.8788041,3.7083733,-16.712145,-0.0915286,28 Monseñor Nouel,2016,21,train
-1.402146,5.227093,-16.957172,2.2837117,28 Monseñor Nouel,2016,22,train
-3.1039429,9.341241,-15.159546,-1.7538148,28 Monseñor Nouel,2016,23,train
-4.2113347,11.955841,-14.134495,-3.8607566,28 Monseñor Nouel,2016,24,train
0.12500432,9.705517,-13.465219,0.87431115,28 Monseñor Nouel,2016,25,train
0.18165974,11.771318,-12.645793,0.09407045,28 Monseñor Nouel,2016,26,train
-6.7359943,18.831432,3.4898593,-3.4107544,28 Monseñor Nouel,2016,27,train
-7.319664,19.222937,3.5713327,-2.5446532,28 Monseñor Nouel,2016,28,train
-7.1791406,19.51094,3.952226,-1.6461966,28 Monseñor Nouel,2016,29,train
-6.7117944,18.873106,4.9842315,0.13955347,28 Monseñor Nouel,2016,30,train
-6.730125,18.725456,5.738401,0.7133862,28 Monseñor Nouel,2016,31,train
-7.4763155,20.019127,2.2925043,0.24963135,28 Monseñor Nouel,2016,32,train
-8.717837,20.71163,1.4620998,-3.3787048,28 Monseñor Nouel,2016,33,train
-7.986144,19.735756,5.2077823,7.1203923,28 Monseñor Nouel,2016,34,train
7.4632807,16.842691,-3.2536798,5.529737,28 Monseñor Nouel,2016,35,train
6.434882,16.245558,-2.7942026,6.372636,28 Monseñor Nouel,2016,36,train
8.248242,16.304802,-3.2540457,6.206529,28 Monseñor Nouel,2016,37,train
8.363064,15.560197,-2.4324374,7.4957037,28 Monseñor Nouel,2016,38,train
6.973595,13.913179,0.14647032,7.876955,28 Monseñor Nouel,2016,39,train
6.424313,12.846789,1.2217824,10.926381,28 Monseñor Nouel,2016,40,train
6.236679,12.272157,2.3069725,10.97435,28 Monseñor Nouel,2016,41,train
6.599289,11.196243,1.6104289,13.879035,28 Monseñor Nouel,2016,42,train
7.0157633,9.333156,3.462159,13.612936,28 Monseñor Nouel,2016,43,train
4.500279,8.377392,4.8196735,14.787806,28 Monseñor Nouel,2016,44,train
12.672231,-2.404419,-7.160448,10.718127,28 Monseñor Nouel,2016,45,train
0.5224742,7.672022,5.654622,15.872773,28 Monseñor Nouel,2016,46,train
0.9111916,4.691356,5.450871,18.652557,28 Monseñor Nouel,2016,47,train
-1.674486,-4.655746,7.330122,16.45784,28 Monseñor Nouel,2016,48,train
-0.4173153,-5.897891,7.556099,16.410534,28 Monseñor Nouel,2016,49,train
-0.8582291,-5.6241746,7.7295313,15.20402,28 Monseñor Nouel,2016,50,train
-2.6731722,-4.221279,8.386134,14.535998,28 Monseñor Nouel,2016,51,train
-13.134622,-2.7348018,14.131322,11.787956,28 Monseñor Nouel,2016,52,train
-14.817854,-4.587863,13.911751,8.856902,28 Monseñor Nouel,2017,1,train
-11.844148,-0.9655406,12.372044,15.8183975,28 Monseñor Nouel,2017,2,train
-19.331518,-8.077731,12.901034,15.244352,28 Monseñor Nouel,2017,3,train
-21.906366,-10.265443,11.715042,12.285125,28 Monseñor Nouel,2017,4,train
-8.004307,-13.823667,1.6296165,11.937583,28 Monseñor Nouel,2017,5,train
-6.755973,-13.692775,-0.5200322,9.4969845,28 Monseñor Nouel,2017,6,train
-6.610041,-14.67336,-2.6544793,9.405757,28 Monseñor Nouel,2017,7,train
-12.132277,-16.881996,-1.9313095,7.30182,28 Monseñor Nouel,2017,8,train
-8.892266,-14.121583,-6.464903,6.6357245,28 Monseñor Nouel,2017,9,train
6.3227744,-14.102452,-10.748314,2.8856285,28 Monseñor Nouel,2017,10,train
-8.77827,-15.0040455,-9.786447,0.5197587,28 Monseñor Nouel,2017,11,train
-4.6487074,-13.685293,-14.198744,1.7728217,28 Monseñor Nouel,2017,12,train
-9.344773,-14.776656,-14.038911,-2.7704992,28 Monseñor Nouel,2017,13,train
-4.4999976,-15.238077,-8.305231,-8.129273,28 Monseñor Nouel,2017,14,train
-4.2227716,-15.766833,-9.925271,-5.7284217,28 Monseñor Nouel,2017,15,train
7.9157004,-13.184049,-11.011097,-2.1417692,28 Monseñor Nouel,2017,16,train
12.533769,-13.841116,-9.564524,-8.212402,28 Monseñor Nouel,2017,17,train
0.88082683,-12.415524,-7.7835245,-8.948486,28 Monseñor Nouel,2017,18,train
-6.5156918,3.5039315,-21.070065,2.0145311,28 Monseñor Nouel,2017,19,train
-2.937319,2.5436444,-17.08259,1.9845481,28 Monseñor Nouel,2017,20,train
-6.009632,7.8816533,-17.423365,-1.5621055,28 Monseñor Nouel,2017,21,train
-3.5900648,7.193895,-16.829746,-0.0029961958,28 Monseñor Nouel,2017,22,train
-4.8282657,10.701501,-14.502391,-4.289742,28 Monseñor Nouel,2017,23,train
-3.713592,11.567559,-14.83595,-2.3935776,28 Monseñor Nouel,2017,24,train
0.40913844,9.672493,-13.94611,0.25498012,28 Monseñor Nouel,2017,25,train
1.1236074,10.406632,-12.831706,0.12757204,28 Monseñor Nouel,2017,26,train
-6.0759826,18.655806,3.4785032,2.9163268,28 Monseñor Nouel,2017,27,train
-7.8537774,20.477564,3.047762,2.712411,28 Monseñor Nouel,2017,28,train
-6.92552,19.320013,3.1284113,1.5167046,28 Monseñor Nouel,2017,29,train
-7.1174192,19.85298,2.647143,-0.20370191,28 Monseñor Nouel,2017,30,train
-6.1333904,18.486849,3.6983428,1.6415353,28 Monseñor Nouel,2017,31,train
-7.853796,20.315166,3.0243769,0.40120977,28 Monseñor Nouel,2017,32,train
-5.284903,18.45236,4.3360634,4.4814625,28 Monseñor Nouel,2017,33,train
-6.9212956,19.067202,2.9771774,-0.3074866,28 Monseñor Nouel,2017,34,train
5.88902,16.082712,-2.1900513,4.463772,28 Monseñor Nouel,2017,35,train
6.3029933,15.058558,-0.54816455,6.547799,28 Monseñor Nouel,2017,36,train
7.637183,14.873611,-1.1016335,5.7291265,28 Monseñor Nouel,2017,37,train
8.477725,13.772592,-0.08103381,6.195739,28 Monseñor Nouel,2017,38,train
9.494737,13.322535,0.046140045,6.37385,28 Monseñor Nouel,2017,39,train
8.774063,12.600074,0.50915915,9.372542,28 Monseñor Nouel,2017,40,train
8.064913,11.591403,1.8973689,10.523009,28 Monseñor Nouel,2017,41,train
7.860424,10.008552,2.6160302,11.250811,28 Monseñor Nouel,2017,42,train
10.676371,8.046516,2.645511,12.20944,28 Monseñor Nouel,2017,43,train
9.812078,7.028237,3.1493704,12.96606,28 Monseñor Nouel,2017,44,train
0.6285155,8.74123,4.831963,17.066395,28 Monseñor Nouel,2017,45,train
1.601666,6.5915027,5.452976,16.682718,28 Monseñor Nouel,2017,46,train
9.737053,3.089497,2.3756688,16.588,28 Monseñor Nouel,2017,47,train
8.120147,2.3864942,3.8459506,15.999649,28 Monseñor Nouel,2017,48,train
-1.1755283,-5.604683,6.937358,16.674225,28 Monseñor Nouel,2017,49,train
0.44190583,-7.898918,5.837857,16.917273,28 Monseñor Nouel,2017,50,train
-4.5463786,-3.4992535,7.2473764,16.662308,28 Monseñor Nouel,2017,51,train
-13.9483,-2.5712018,12.948267,12.633463,28 Monseñor Nouel,2017,52,train
-11.906143,-1.9846708,12.929533,12.370319,28 Monseñor Nouel,2018,1,train
-12.998811,-2.17813,11.8864155,13.239386,28 Monseñor Nouel,2018,2,train
-10.671691,-2.9420204,10.4959345,13.406683,28 Monseñor Nouel,2018,3,train
-11.334546,6.8696504,17.993414,9.35805,28 Monseñor Nouel,2018,4,train
-6.714229,-12.213382,-1.3067107,13.501188,28 Monseñor Nouel,2018,5,train
-3.8622365,-11.358223,-5.9241595,10.869251,28 Monseñor Nouel,2018,6,train
-4.797747,-11.700606,-7.6071844,11.576768,28 Monseñor Nouel,2018,7,train
-3.893574,-12.784412,-10.29514,11.798529,28 Monseñor Nouel,2018,8,train
-12.095894,-17.345753,-6.9163866,9.706868,28 Monseñor Nouel,2018,9,train
-11.736151,-16.316288,-9.691713,4.101526,28 Monseñor Nouel,2018,10,train
-12.4314165,-15.405396,-10.01369,0.0768847,28 Monseñor Nouel,2018,11,train
-8.5029335,-13.708038,-12.941837,-0.7609389,28 Monseñor Nouel,2018,12,train
-7.0170274,-13.869264,-15.721764,2.3470514,28 Monseñor Nouel,2018,13,train
-7.016813,-14.160031,-13.047183,-4.6154013,28 Monseñor Nouel,2018,14,train
-5.6028094,-12.456912,-12.549884,-5.4755945,28 Monseñor Nouel,2018,15,train
-6.274393,-11.956546,-12.91805,-6.6361194,28 Monseñor Nouel,2018,16,train
-5.3752756,-10.187972,-12.759773,-8.512021,28 Monseñor Nouel,2018,17,train
-3.8608856,-10.010183,-12.509065,-7.5902314,28 Monseñor Nouel,2018,18,train
-3.3637593,-8.876357,-12.198645,-9.132298,28 Monseñor Nouel,2018,19,train
0.08252583,-7.3514876,-11.217777,-7.664827,28 Monseñor Nouel,2018,20,train
-2.5125613,-6.3438563,-11.413001,-12.510004,28 Monseñor Nouel,2018,21,train
-2.394866,-4.242165,-9.873686,-14.17174,28 Monseñor Nouel,2018,22,train
-5.3038583,4.580315,-13.753516,-14.974838,28 Monseñor Nouel,2018,23,train
-1.7791238,3.698073,-12.319189,-11.847645,28 Monseñor Nouel,2018,24,train
-1.1510322,4.4902287,-11.648593,-11.79685,28 Monseñor Nouel,2018,25,train
-0.039171234,6.079532,-11.089785,-11.13157,28 Monseñor Nouel,2018,26,train
-8.944133,18.879189,7.275396,-7.7079315,28 Monseñor Nouel,2018,27,train
-7.3860326,18.535488,9.181394,-5.0001755,28 Monseñor Nouel,2018,28,train
-5.6556864,17.763596,9.4795265,-3.5585713,28 Monseñor Nouel,2018,29,train
-8.157823,18.795317,7.112111,-7.5309772,28 Monseñor Nouel,2018,30,train
-5.883499,18.054926,8.632238,-4.6906824,28 Monseñor Nouel,2018,31,train
-7.581746,18.646048,9.418454,-6.541081,28 Monseñor Nouel,2018,32,train
-5.5502615,17.35263,10.733532,-3.4039998,28 Monseñor Nouel,2018,33,train
-6.332285,17.233229,9.010914,-5.5109663,28 Monseñor Nouel,2018,34,train
7.612836,13.578386,5.5644193,2.9248357,28 Monseñor Nouel,2018,35,train
10.996024,13.377108,3.2169707,1.4668896,28 Monseñor Nouel,2018,36,train
9.943832,12.598059,4.3780513,2.2437427,28 Monseñor Nouel,2018,37,train
10.8005085,12.155966,3.4683032,1.8984318,28 Monseñor Nouel,2018,38,train
9.76607,12.262169,5.5845995,3.138918,28 Monseñor Nouel,2018,39,train
10.867976,11.285564,5.86693,5.9422855,28 Monseñor Nouel,2018,40,train
11.861168,10.107279,5.717615,6.7067714,28 Monseñor Nouel,2018,41,train
8.223928,9.742086,8.0299425,6.9387527,28 Monseñor Nouel,2018,42,train
11.351398,7.4444094,6.272382,7.2936025,28 Monseñor Nouel,2018,43,train
13.281849,6.0051403,6.140388,9.139876,28 Monseñor Nouel,2018,44,train
9.740035,5.8044143,8.532221,9.000902,28 Monseñor Nouel,2018,45,train
8.862627,4.449851,8.634816,9.024989,28 Monseñor Nouel,2018,46,train
12.262975,2.3527653,7.690727,10.54543,28 Monseñor Nouel,2018,47,train
12.126527,1.3343018,7.9870625,11.079168,28 Monseñor Nouel,2018,48,train
10.274025,0.50665003,8.496499,11.420016,28 Monseñor Nouel,2018,49,train
11.262041,-0.63727367,7.9385214,12.270548,28 Monseñor Nouel,2018,50,train
11.547718,-1.1391984,7.519673,12.722574,28 Monseñor Nouel,2018,51,train
-9.483229,-0.20172432,17.179966,7.1847153,28 Monseñor Nouel,2018,52,train
-14.271974,-5.801726,18.622929,5.9216714,28 Monseñor Nouel,2019,1,train
-15.134458,-8.044961,17.921799,5.8557763,28 Monseñor Nouel,2019,2,train
-15.064762,-10.185103,16.786686,5.9770064,28 Monseñor Nouel,2019,3,train
-15.45275,-10.903555,15.385,4.726278,28 Monseñor Nouel,2019,4,train
-5.465366,-16.759186,4.287905,6.1336727,28 Monseñor Nouel,2019,5,train
-4.0490594,-18.009714,4.4085283,2.6499267,28 Monseñor Nouel,2019,6,train
-4.4467754,-18.384409,3.4856703,1.3058146,28 Monseñor Nouel,2019,7,train
-5.2190924,-17.45054,1.2873943,-0.369679,28 Monseñor Nouel,2019,8,train
-7.026646,-20.154297,1.3323328,-1.0185326,28 Monseñor Nouel,2019,9,train
-9.158912,-19.523134,-2.9069242,-0.56516016,28 Monseñor Nouel,2019,10,train
-6.975909,-18.793306,-6.0246553,-1.5105511,28 Monseñor Nouel,2019,11,train
-11.41966,-19.657606,-5.519524,-6.9949646,28 Monseñor Nouel,2019,12,train
9.193536,-14.329173,-9.169388,-2.2791574,28 Monseñor Nouel,2019,13,train
-2.390681,-13.908388,-9.483887,-4.3202195,28 Monseñor Nouel,2019,14,train
-7.321256,-15.79328,-9.488474,-7.305969,28 Monseñor Nouel,2019,15,train
-6.255564,-14.696785,-9.648692,-8.256647,28 Monseñor Nouel,2019,16,train
-4.0141735,-13.142741,-9.394161,-8.673168,28 Monseñor Nouel,2019,17,train
-3.6736271,-3.044337,-17.3679,-3.5124748,28 Monseñor Nouel,2019,18,train
-5.9403343,1.5691463,-18.108335,-4.724158,28 Monseñor Nouel,2019,19,train
-5.4345517,4.3945303,-15.875986,-6.9379354,28 Monseñor Nouel,2019,20,train
-2.4596303,2.6278207,-17.170208,-2.3435404,28 Monseñor Nouel,2019,21,train
-0.7375619,2.7905202,-16.771263,-1.2071779,28 Monseñor Nouel,2019,22,train
-2.4825408,7.6416664,-14.939179,-4.6206107,28 Monseñor Nouel,2019,23,train
-1.9109392,8.636605,-13.448011,-6.0123224,28 Monseñor Nouel,2019,24,train
-1.7538366,10.714888,-11.413018,-6.702765,28 Monseñor Nouel,2019,25,train
0.4420964,10.160926,-10.765108,-5.795576,28 Monseñor Nouel,2019,26,train
-6.8278747,16.484226,9.459223,-13.197011,28 Monseñor Nouel,2019,27,train
-3.610963,13.814059,10.727153,-11.0498705,28 Monseñor Nouel,2019,28,train
-1.6334527,12.223864,11.50312,-12.1823225,28 Monseñor Nouel,2019,29,train
-2.1051474,12.212648,10.379912,-14.550534,28 Monseñor Nouel,2019,30,train
-1.1402898,11.663775,12.158805,-10.604095,28 Monseñor Nouel,2019,31,train
-1.0071713,11.605555,9.5635395,-13.132575,28 Monseñor Nouel,2019,32,train
-1.5012662,11.638994,9.362554,-12.847972,28 Monseñor Nouel,2019,33,train
-1.1539787,11.354222,10.994675,-11.79675,28 Monseñor Nouel,2019,34,train
12.478246,10.513106,1.6814035,-7.9760942,28 Monseñor Nouel,2019,35,train
13.02833,8.726659,4.92483,-4.9323635,28 Monseñor Nouel,2019,36,train
13.936406,8.424692,5.388673,-5.1494484,28 Monseñor Nouel,2019,37,train
11.333207,8.447149,8.020982,-1.03708,28 Monseñor Nouel,2019,38,train
11.976742,8.545662,8.038753,-0.027021028,28 Monseñor Nouel,2019,39,train
13.492278,7.452394,6.4938955,2.6149926,28 Monseñor Nouel,2019,40,train
14.475084,6.4907417,5.770168,3.9660673,28 Monseñor Nouel,2019,41,train
15.619807,5.4366374,5.5770683,4.8106575,28 Monseñor Nouel,2019,42,train
11.814356,6.278733,8.828992,5.287065,28 Monseñor Nouel,2019,43,train
9.336903,5.8857455,9.86407,5.8781404,28 Monseñor Nouel,2019,44,train
12.363672,3.29687,8.5398655,6.8312416,28 Monseñor Nouel,2019,45,train
12.263431,2.607501,8.471476,7.3153706,28 Monseñor Nouel,2019,46,train
13.714191,0.3904438,9.114696,8.362697,28 Monseñor Nouel,2019,47,train
14.582065,-0.74224204,9.268058,8.822932,28 Monseñor Nouel,2019,48,train
5.3922644,-6.7884336,11.794882,5.998443,28 Monseñor Nouel,2019,49,train
3.2091281,-4.6162896,12.900686,5.970072,28 Monseñor Nouel,2019,50,train
3.8545327,-7.101578,11.253222,6.9281325,28 Monseñor Nouel,2019,51,train
-13.553176,-4.316158,20.152885,1.4569471,28 Monseñor Nouel,2019,52,train
-10.32467,-3.4111645,16.820892,3.754328,28 Monseñor Nouel,2020,1,val
-10.6299,-3.6160696,17.13907,4.040074,28 Monseñor Nouel,2020,2,val
-9.289656,5.1664557,21.933065,3.6076028,28 Monseñor Nouel,2020,3,val
-7.9248133,-7.104959,15.269185,4.21923,28 Monseñor Nouel,2020,4,val
-4.431081,-15.952932,4.647539,4.3262153,28 Monseñor Nouel,2020,5,val
-1.3165339,-15.021443,2.5508523,2.1275392,28 Monseñor Nouel,2020,6,val
-1.6687431,-15.290444,-0.20045082,1.5644927,28 Monseñor Nouel,2020,7,val
-3.4025156,-16.883207,0.38079524,0.51333094,28 Monseñor Nouel,2020,8,val
-4.301,-17.480305,-0.92404115,-1.0892571,28 Monseñor Nouel,2020,9,val
8.19774,-14.163167,-6.243668,-0.47236204,28 Monseñor Nouel,2020,10,val
11.936074,-15.947609,-7.854717,-3.3174167,28 Monseñor Nouel,2020,11,val
-3.0009868,-19.207518,-8.360366,-4.0822854,28 Monseñor Nouel,2020,12,val
-4.428978,-19.812754,-8.592856,-6.8451123,28 Monseñor Nouel,2020,13,val
-5.790977,-17.704218,-7.3456335,-9.903428,28 Monseñor Nouel,2020,14,val
6.760807,-11.760805,-8.889241,-3.6953397,28 Monseñor Nouel,2020,15,val
-3.4560165,-14.580734,-6.7484426,-12.171439,28 Monseñor Nouel,2020,16,val
-6.7691636,-13.908689,-5.223409,-15.172065,28 Monseñor Nouel,2020,17,val
-4.7319994,-13.898301,-5.0644536,-15.656296,28 Monseñor Nouel,2020,18,val
-7.7366486,4.248451,-17.668774,-1.6326896,28 Monseñor Nouel,2020,19,val
-7.42794,5.802552,-18.023733,-1.5564512,28 Monseñor Nouel,2020,20,val
-6.475838,7.857586,-15.802053,-2.017325,28 Monseñor Nouel,2020,21,val
-7.1757045,9.794417,-17.055813,-1.7143157,28 Monseñor Nouel,2020,22,val
-3.8452096,10.429767,-15.123698,-2.0343535,28 Monseñor Nouel,2020,23,val
-4.423715,13.024681,-14.219867,-2.668284,28 Monseñor Nouel,2020,24,val
-3.3797374,13.797399,-12.951187,-2.843868,28 Monseñor Nouel,2020,25,val
-2.462915,15.022761,-12.1655655,-1.3020841,28 Monseñor Nouel,2020,26,val
-9.687964,21.431984,2.0257313,-0.48558578,28 Monseñor Nouel,2020,27,val
-7.823849,20.42826,2.3975818,0.10614214,28 Monseñor Nouel,2020,28,val
-7.5354896,19.94801,2.4444227,1.1878663,28 Monseñor Nouel,2020,29,val
-6.1598043,19.448494,3.333755,3.6333675,28 Monseñor Nouel,2020,30,val
-9.632085,16.397636,14.809099,2.679618,28 Monseñor Nouel,2020,31,val
-8.022142,21.124691,-0.5621834,0.28715795,28 Monseñor Nouel,2020,32,val
-8.2689295,20.59138,0.565821,2.1563027,28 Monseñor Nouel,2020,33,val
-9.610431,17.125586,13.700964,4.0395827,28 Monseñor Nouel,2020,34,val
3.9052052,17.316065,-4.1315603,6.166536,28 Monseñor Nouel,2020,35,val
1.1778433,17.99764,-1.7357267,10.741222,28 Monseñor Nouel,2020,36,val
5.322919,17.039652,-3.9339483,8.275624,28 Monseñor Nouel,2020,37,val
6.331805,16.393143,-3.4636273,8.778977,28 Monseñor Nouel,2020,38,val
7.272525,15.313858,-3.3247516,8.785452,28 Monseñor Nouel,2020,39,val
2.8928592,15.251772,-1.1059861,14.313593,28 Monseñor Nouel,2020,40,val
7.211184,12.660451,-1.7523668,14.52893,28 Monseñor Nouel,2020,41,val
4.9125023,11.827425,1.0600746,13.254322,28 Monseñor Nouel,2020,42,val
9.244043,8.37533,0.22760682,14.236883,28 Monseñor Nouel,2020,43,val
1.3837774,10.381872,2.6652236,15.122886,28 Monseñor Nouel,2020,44,val
1.8823029,7.6480346,3.237811,17.378141,28 Monseñor Nouel,2020,45,val
9.5149555,-1.7295167,-10.679246,14.430054,28 Monseñor Nouel,2020,46,val
2.9079382,4.3228593,3.2788763,18.436264,28 Monseñor Nouel,2020,47,val
3.720875,3.2188237,2.8142433,19.556969,28 Monseñor Nouel,2020,48,val
4.0057445,1.2194376,1.3176479,20.725805,28 Monseñor Nouel,2020,49,val
-2.9384198,-5.2689805,5.8219976,17.168358,28 Monseñor Nouel,2020,50,val
-5.2525473,-5.111658,4.3647285,19.655537,28 Monseñor Nouel,2020,51,val
-12.032691,-1.1327862,10.982394,14.034994,28 Monseñor Nouel,2020,52,val
-16.741419,-2.660658,10.984123,14.940811,28 Monseñor Nouel,2021,1,val
-18.085464,-3.6226742,10.423532,13.764934,28 Monseñor Nouel,2021,2,val
-13.179721,-3.4890666,9.151195,14.923095,28 Monseñor Nouel,2021,3,val
-16.469872,-4.384857,8.305797,15.570986,28 Monseñor Nouel,2021,4,val
-8.304712,-11.009187,-1.4292743,14.266244,28 Monseñor Nouel,2021,5,val
-6.889072,-10.838198,-4.3149123,11.723862,28 Monseñor Nouel,2021,6,val
-9.811414,-12.385917,-5.682847,11.933116,28 Monseñor Nouel,2021,7,val
-7.5489635,-11.670235,-9.022882,10.908592,28 Monseñor Nouel,2021,8,val
-11.5105505,-13.6017065,-8.755882,7.9979486,28 Monseñor Nouel,2021,9,val
5.5870433,-12.799301,-11.97128,4.0454884,28 Monseñor Nouel,2021,10,val
-10.431624,-14.617177,-12.284919,5.867139,28 Monseñor Nouel,2021,11,val
-6.4022174,-12.334759,-13.300865,2.5973618,28 Monseñor Nouel,2021,12,val
-6.9886785,-12.149352,-14.299359,0.0063049044,28 Monseñor Nouel,2021,13,val
6.4015093,-13.509506,-13.048074,0.61002636,28 Monseñor Nouel,2021,14,val
-12.648635,-14.297972,-14.360396,-5.0087905,28 Monseñor Nouel,2021,15,val
-12.725992,-12.719001,-12.749341,-9.420626,28 Monseñor Nouel,2021,16,val
-3.0245523,-10.923496,-13.570253,-4.4302225,28 Monseñor Nouel,2021,17,val
-3.6815646,-10.275995,-12.821816,-7.2701235,28 Monseñor Nouel,2021,18,val
-3.0223417,-9.3157625,-10.651593,-10.630269,28 Monseñor Nouel,2021,19,val
-2.7188904,-9.317548,-10.802793,-10.578189,28 Monseñor Nouel,2021,20,val
2.6089277,-8.474194,-8.764459,-10.488326,28 Monseñor Nouel,2021,21,val
3.7814918,-8.06487,-8.483456,-9.742865,28 Monseñor Nouel,2021,22,val
-2.372605,3.99959,-16.639929,-0.47950873,28 Monseñor Nouel,2021,23,val
-2.650909,8.219983,-14.530843,-3.268072,28 Monseñor Nouel,2021,24,val
0.55681676,6.6871624,-15.018901,1.2085654,28 Monseñor Nouel,2021,25,val
0.24263355,7.3444734,-12.889894,-0.4508128,28 Monseñor Nouel,2021,26,val
-8.148699,20.111479,3.2737198,2.6846912,28 Monseñor Nouel,2021,27,val
-7.4002604,19.702648,3.411955,6.202402,28 Monseñor Nouel,2021,28,val
-8.454462,21.257828,2.8786855,1.9586799,28 Monseñor Nouel,2021,29,val
-6.7869797,19.647507,2.4112403,2.8025808,28 Monseñor Nouel,2021,30,val
-6.7917557,20.2155,2.2315097,1.2520419,28 Monseñor Nouel,2021,31,val
-9.870769,17.72205,15.3566475,4.534406,28 Monseñor Nouel,2021,32,val
-6.103289,17.648212,7.3369207,4.9239516,28 Monseñor Nouel,2021,33,val
-8.168917,19.899044,3.904937,-2.0403676,28 Monseñor Nouel,2021,34,val
7.286611,15.993793,-3.757362,1.8722116,28 Monseñor Nouel,2021,35,val
5.173963,16.900534,-4.5517273,6.280376,28 Monseñor Nouel,2021,36,val
3.251108,17.18189,-2.4039805,9.606998,28 Monseñor Nouel,2021,37,val
3.9588149,16.539513,-2.3597538,9.596053,28 Monseñor Nouel,2021,38,val
6.478014,15.536495,-2.59132,11.345472,28 Monseñor Nouel,2021,39,val
6.4935455,13.416252,-0.5285436,11.348352,28 Monseñor Nouel,2021,40,val
2.7649035,13.965557,0.6985789,13.786596,28 Monseñor Nouel,2021,41,val
6.5982594,11.136494,0.62974274,14.292836,28 Monseñor Nouel,2021,42,val
11.147494,7.46777,-0.123907134,13.842779,28 Monseñor Nouel,2021,43,val
8.031679,7.560209,1.743618,15.551197,28 Monseñor Nouel,2021,44,val
9.864622,5.3042736,1.4892697,15.4286995,28 Monseñor Nouel,2021,45,val
9.777083,3.4888747,2.0029182,15.947428,28 Monseñor Nouel,2021,46,val
8.099067,3.4663372,0.70633346,20.157293,28 Monseñor Nouel,2021,47,val
0.8674671,-6.5359206,5.1740847,16.660404,28 Monseñor Nouel,2021,48,val
-0.6226263,-6.4606476,5.523171,17.978127,28 Monseñor Nouel,2021,49,val
-3.199967,-4.5556026,6.1445155,16.844095,28 Monseñor Nouel,2021,50,val
-1.678376,-6.2177734,5.780866,16.594988,28 Monseñor Nouel,2021,51,val
-16.582489,-2.4125078,12.476301,13.1194315,28 Monseñor Nouel,2021,52,val
-8.807221,-4.3656697,13.930301,2.1598804,29 Monte Plata,2015,1,train
-9.247291,-6.290465,13.358379,2.3947372,29 Monte Plata,2015,2,train
-7.6828814,-7.3618655,12.046885,2.5697548,29 Monte Plata,2015,3,train
-8.576557,-9.141961,10.875795,2.2375712,29 Monte Plata,2015,4,train
-1.3106425,-13.302354,2.4264421,2.5109236,29 Monte Plata,2015,5,train
-3.282467,-12.919471,0.906517,3.400725,29 Monte Plata,2015,6,train
-2.7359045,-12.821506,-0.29755744,2.724495,29 Monte Plata,2015,7,train
-5.2897754,-14.382818,-0.6293592,1.550987,29 Monte Plata,2015,8,train
-6.298687,-14.207076,-2.1591113,-0.065300666,29 Monte Plata,2015,9,train
-5.3840866,-14.441116,-2.0760016,-1.9071573,29 Monte Plata,2015,10,train
-6.9343557,-14.596428,-2.2770123,-4.164461,29 Monte Plata,2015,11,train
-7.3464274,-14.617886,-3.642333,-7.326441,29 Monte Plata,2015,12,train
-5.4582067,-12.573577,-4.007969,-8.01848,29 Monte Plata,2015,13,train
-5.2952933,-13.068921,-7.0037417,-5.6105986,29 Monte Plata,2015,14,train
-4.096515,-11.37245,-6.9456654,-6.5995984,29 Monte Plata,2015,15,train
-6.528743,-11.038401,-6.5378833,-10.122265,29 Monte Plata,2015,16,train
-3.9895785,-9.365604,-6.406567,-9.471034,29 Monte Plata,2015,17,train
-3.518287,-7.8211765,-5.835067,-9.782363,29 Monte Plata,2015,18,train
-4.7388678,-9.518294,-1.1204721,-13.780694,29 Monte Plata,2015,19,train
-5.73002,3.1136336,-12.331353,-6.281189,29 Monte Plata,2015,20,train
-2.1990397,2.6599736,-12.415231,-5.2254553,29 Monte Plata,2015,21,train
-0.8096715,2.8528254,-12.125853,-5.1654305,29 Monte Plata,2015,22,train
-0.13129158,3.5408614,-10.791196,-5.9444585,29 Monte Plata,2015,23,train
-0.5332468,5.223014,-9.662496,-6.5708237,29 Monte Plata,2015,24,train
0.3448253,6.28069,-9.019785,-6.6930494,29 Monte Plata,2015,25,train
1.5892715,6.6206293,-8.377115,-6.370479,29 Monte Plata,2015,26,train
-5.5277505,12.243474,7.3080635,-7.4472127,29 Monte Plata,2015,27,train
-6.933742,13.3909445,9.579005,-8.374203,29 Monte Plata,2015,28,train
-6.3549447,13.229224,8.935382,-8.471104,29 Monte Plata,2015,29,train
-5.590812,12.629203,8.507002,-7.8448157,29 Monte Plata,2015,30,train
-6.1481347,11.866834,5.9023576,-10.680718,29 Monte Plata,2015,31,train
-5.1191134,11.023021,8.162344,-10.107911,29 Monte Plata,2015,32,train
-5.111728,10.551915,7.8189588,-9.957206,29 Monte Plata,2015,33,train
-5.752852,10.856703,9.631597,-9.888789,29 Monte Plata,2015,34,train
14.075653,1.1161394,-4.2060895,-1.6954279,29 Monte Plata,2015,35,train
9.391393,7.210396,5.687353,-3.753882,29 Monte Plata,2015,36,train
10.920934,6.243041,6.0123224,-4.1790257,29 Monte Plata,2015,37,train
9.705331,6.1511955,7.9407487,-2.72476,29 Monte Plata,2015,38,train
9.7098465,5.5567365,8.256228,-3.0918925,29 Monte Plata,2015,39,train
10.814857,2.546674,8.670123,-3.8235264,29 Monte Plata,2015,40,train
11.564109,1.4331409,8.799611,-3.510615,29 Monte Plata,2015,41,train
10.869503,1.2289422,10.031845,-3.0521564,29 Monte Plata,2015,42,train
11.20952,1.0280514,11.01449,-2.0329006,29 Monte Plata,2015,43,train
10.63685,0.41156697,11.611755,-0.65187204,29 Monte Plata,2015,44,train
6.16057,3.0399103,12.207461,2.2606075,29 Monte Plata,2015,45,train
7.862003,1.9574434,10.315975,2.837091,29 Monte Plata,2015,46,train
10.237269,-0.44106817,9.888215,4.5124607,29 Monte Plata,2015,47,train
6.957054,-7.21324,10.449634,2.9039824,29 Monte Plata,2015,48,train
3.6751165,-4.910534,11.252665,3.189573,29 Monte Plata,2015,49,train
3.2691357,-5.4090037,10.541248,3.7652502,29 Monte Plata,2015,50,train
3.6802237,-6.62335,10.321122,4.221449,29 Monte Plata,2015,51,train
-6.684878,-2.3926413,15.430672,-0.42004704,29 Monte Plata,2015,52,train
-6.312243,-6.3653293,17.190111,-4.812489,29 Monte Plata,2016,1,train
-6.578947,-8.218816,15.2114,-4.7887816,29 Monte Plata,2016,2,train
-7.157839,-9.7088,13.983147,-5.4113727,29 Monte Plata,2016,3,train
-6.1700687,-10.953862,13.944159,-4.925099,29 Monte Plata,2016,4,train
-0.7627857,-15.74398,7.250961,-2.3928509,29 Monte Plata,2016,5,train
-2.1391177,-15.17395,5.9452353,-3.379494,29 Monte Plata,2016,6,train
-2.721519,-16.43574,5.7021704,-3.8940892,29 Monte Plata,2016,7,train
-3.2558792,-15.952655,4.6937532,-5.3047733,29 Monte Plata,2016,8,train
-1.9432443,-15.690835,3.7657282,-6.2479353,29 Monte Plata,2016,9,train
-5.486992,-15.221865,-2.1098766,-2.3236568,29 Monte Plata,2016,10,train
-4.896036,-14.476537,-2.4508924,-6.0904784,29 Monte Plata,2016,11,train
-4.7743735,-12.4798975,-2.6321895,-8.885364,29 Monte Plata,2016,12,train
-4.4459043,-13.479802,-3.399584,-9.30822,29 Monte Plata,2016,13,train
-1.4526056,-12.6890745,-1.6511408,-9.452984,29 Monte Plata,2016,14,train
-4.6432223,-12.987043,-0.83790964,-12.194756,29 Monte Plata,2016,15,train
-0.57310396,-12.365659,-0.7550701,-9.59272,29 Monte Plata,2016,16,train
11.144971,-11.816692,-5.0741963,-7.8294387,29 Monte Plata,2016,17,train
-0.55386025,-1.3603053,-14.172579,-1.4073722,29 Monte Plata,2016,18,train
-1.0844593,-0.03083988,-14.516158,1.2632409,29 Monte Plata,2016,19,train
-1.9874909,2.303087,-12.549469,-1.1336682,29 Monte Plata,2016,20,train
-1.2008276,2.853008,-13.183238,0.5204718,29 Monte Plata,2016,21,train
7.1846128,-3.0340176,-13.268978,-0.32523584,29 Monte Plata,2016,22,train
-0.8426311,5.8265014,-11.073462,-0.32561496,29 Monte Plata,2016,23,train
-1.4013283,8.129161,-10.368699,-0.90676093,29 Monte Plata,2016,24,train
0.45226,7.1645403,-11.498913,2.432376,29 Monte Plata,2016,25,train
0.4074027,9.061543,-10.5910635,1.8413846,29 Monte Plata,2016,26,train
-4.6953783,14.789176,2.9395854,-0.90449405,29 Monte Plata,2016,27,train
-5.876848,15.689825,3.3047972,0.17040789,29 Monte Plata,2016,28,train
-4.7788258,15.198863,3.0738328,-0.5648612,29 Monte Plata,2016,29,train
-4.9334416,15.052434,4.0519233,1.3302727,29 Monte Plata,2016,30,train
-9.527969,14.710452,14.873191,2.2375128,29 Monte Plata,2016,31,train
-5.977506,15.98338,1.7832807,1.7325486,29 Monte Plata,2016,32,train
-6.377495,15.742317,0.530378,-0.5712995,29 Monte Plata,2016,33,train
-7.3826795,16.48665,3.963563,6.6363387,29 Monte Plata,2016,34,train
4.14617,13.676214,-3.3174057,3.5708148,29 Monte Plata,2016,35,train
3.4347813,13.564491,-2.286996,5.774318,29 Monte Plata,2016,36,train
3.412971,13.706934,-1.9400085,5.9943495,29 Monte Plata,2016,37,train
3.465493,13.0672455,-0.96259457,6.031919,29 Monte Plata,2016,38,train
3.137668,11.833208,0.5185296,6.0546937,29 Monte Plata,2016,39,train
10.517091,1.9482312,-7.1680803,5.8221736,29 Monte Plata,2016,40,train
2.8838665,10.903887,3.0920994,8.234094,29 Monte Plata,2016,41,train
1.4447876,10.072308,4.1606326,9.759613,29 Monte Plata,2016,42,train
3.0722585,8.723881,4.3093905,9.350258,29 Monte Plata,2016,43,train
1.5217514,8.439996,4.6039014,11.244081,29 Monte Plata,2016,44,train
0.97599,7.8694806,5.250389,11.234669,29 Monte Plata,2016,45,train
-0.43960214,7.335925,5.562029,12.510937,29 Monte Plata,2016,46,train
-1.0177741,5.5528297,5.582633,13.8905525,29 Monte Plata,2016,47,train
2.3434367,4.130144,4.287122,13.247711,29 Monte Plata,2016,48,train
3.0842898,2.9480524,4.777668,12.652773,29 Monte Plata,2016,49,train
2.9942896,2.8098354,4.779881,12.553402,29 Monte Plata,2016,50,train
1.1272559,2.7794101,4.7965326,13.351994,29 Monte Plata,2016,51,train
-9.624359,-1.9821979,11.56006,8.722656,29 Monte Plata,2016,52,train
-11.973473,-3.218802,10.915291,7.1387906,29 Monte Plata,2017,1,train
-12.971993,-3.9803636,10.186299,8.763912,29 Monte Plata,2017,2,train
-16.471357,-6.8461704,9.769862,10.186147,29 Monte Plata,2017,3,train
-17.251232,-7.6367927,8.514964,7.809061,29 Monte Plata,2017,4,train
-7.604859,-11.0791025,2.0772197,8.265312,29 Monte Plata,2017,5,train
-5.9699373,-11.486781,0.2266494,6.5056777,29 Monte Plata,2017,6,train
-7.8757076,-12.295369,-0.9716371,6.6939445,29 Monte Plata,2017,7,train
-10.669927,-13.135931,-1.5397661,4.9496417,29 Monte Plata,2017,8,train
-11.681604,-12.879096,-2.0473661,2.0160635,29 Monte Plata,2017,9,train
-7.9352093,-11.994941,-7.771277,3.1461608,29 Monte Plata,2017,10,train
-9.936933,-11.771834,-8.160024,-1.3266175,29 Monte Plata,2017,11,train
-7.6106977,-10.485437,-11.399274,-1.113319,29 Monte Plata,2017,12,train
-11.471197,-10.729626,-10.828897,-6.6381807,29 Monte Plata,2017,13,train
-6.331201,-11.796349,-4.988704,-11.808047,29 Monte Plata,2017,14,train
-7.7597713,-12.498595,-5.3555036,-12.289637,29 Monte Plata,2017,15,train
6.187123,-10.380461,-8.7006,-2.2316415,29 Monte Plata,2017,16,train
8.539766,-10.891768,-9.494527,-3.4879522,29 Monte Plata,2017,17,train
1.7381103,-10.19942,-5.81654,-9.52531,29 Monte Plata,2017,18,train
0.37557206,-9.833809,-4.8704634,-12.069533,29 Monte Plata,2017,19,train
1.4603552,-8.312409,-2.2883077,-12.78959,29 Monte Plata,2017,20,train
-5.7669435,7.126297,-13.103728,-0.059259705,29 Monte Plata,2017,21,train
-3.5210707,6.7265935,-13.756994,2.0379975,29 Monte Plata,2017,22,train
-2.8830914,8.068028,-11.024784,-1.9395576,29 Monte Plata,2017,23,train
-4.214482,10.533014,-11.492994,-1.2068849,29 Monte Plata,2017,24,train
-1.8799683,10.104279,-10.398987,-1.0446239,29 Monte Plata,2017,25,train
-0.1659996,10.185543,-9.6891,-0.43487132,29 Monte Plata,2017,26,train
-8.368114,16.979853,1.8756644,1.5566502,29 Monte Plata,2017,27,train
-6.9780593,16.842978,2.6252577,3.724425,29 Monte Plata,2017,28,train
-6.7244463,16.088367,1.5754215,1.4416918,29 Monte Plata,2017,29,train
-6.8872757,16.292953,1.8007783,1.2000132,29 Monte Plata,2017,30,train
-6.991715,15.685704,1.4071176,0.2597518,29 Monte Plata,2017,31,train
-7.653077,16.659548,1.8326726,2.1795475,29 Monte Plata,2017,32,train
-6.3146076,15.486587,3.106057,3.3246799,29 Monte Plata,2017,33,train
-7.001703,15.820731,2.0438197,1.3023357,29 Monte Plata,2017,34,train
4.085101,13.361911,-2.3007765,4.1276345,29 Monte Plata,2017,35,train
2.82148,13.32748,0.22855596,6.239824,29 Monte Plata,2017,36,train
2.9922757,13.629107,0.2969717,6.7906575,29 Monte Plata,2017,37,train
2.7994637,12.746224,1.702541,7.1520057,29 Monte Plata,2017,38,train
4.9389853,11.826009,1.3035572,6.341055,29 Monte Plata,2017,39,train
3.6928875,11.666813,1.8341577,7.9018235,29 Monte Plata,2017,40,train
4.1938844,10.889816,1.31658,9.062859,29 Monte Plata,2017,41,train
4.9181647,9.150924,2.578524,8.970626,29 Monte Plata,2017,42,train
5.5362453,8.211589,2.405906,10.104465,29 Monte Plata,2017,43,train
6.6086392,6.5239177,2.3051243,10.04553,29 Monte Plata,2017,44,train
7.38904,-1.1625931,-11.078166,11.977541,29 Monte Plata,2017,45,train
8.735314,-2.6805274,-10.810341,10.953792,29 Monte Plata,2017,46,train
2.6298583,5.402727,3.2178988,13.804744,29 Monte Plata,2017,47,train
5.0808487,3.457621,2.7242882,12.733104,29 Monte Plata,2017,48,train
3.4796233,2.7432666,2.88797,13.740554,29 Monte Plata,2017,49,train
3.9855926,1.5770438,1.8141322,15.057797,29 Monte Plata,2017,50,train
2.2121212,1.5351406,3.0084918,13.646167,29 Monte Plata,2017,51,train
-12.786645,7.9543376,4.6507816,12.351526,29 Monte Plata,2017,52,train
-11.260065,8.256685,5.395093,14.063652,29 Monte Plata,2018,1,train
-12.431667,7.6314673,4.0238876,14.533727,29 Monte Plata,2018,2,train
-10.233907,6.467418,3.5590572,13.399438,29 Monte Plata,2018,3,train
-10.337461,5.5069165,2.6502674,12.886583,29 Monte Plata,2018,4,train
-8.170978,-1.0855812,-5.703574,12.334064,29 Monte Plata,2018,5,train
-4.7198725,-10.285877,-2.182673,7.301729,29 Monte Plata,2018,6,train
-7.057053,-11.335279,-3.3363104,8.010423,29 Monte Plata,2018,7,train
-8.581224,-11.844721,-3.4070213,5.906161,29 Monte Plata,2018,8,train
-12.936538,-14.116845,-5.5096197,7.34701,29 Monte Plata,2018,9,train
-10.902454,-12.434454,-8.4750805,1.8508177,29 Monte Plata,2018,10,train
-8.318392,-11.054364,-10.013991,-0.371452,29 Monte Plata,2018,11,train
-8.306187,-10.477656,-11.405553,-2.069191,29 Monte Plata,2018,12,train
-8.582445,-11.551949,-12.443265,-1.6858604,29 Monte Plata,2018,13,train
-8.774575,-10.690041,-11.387848,-6.728373,29 Monte Plata,2018,14,train
-6.7959504,-9.364008,-11.385459,-6.411918,29 Monte Plata,2018,15,train
-6.6049705,-9.63731,-11.950206,-7.215541,29 Monte Plata,2018,16,train
-5.246064,-8.138423,-11.25315,-8.105403,29 Monte Plata,2018,17,train
-3.249064,-7.9876604,-11.204275,-8.138955,29 Monte Plata,2018,18,train
-2.3629975,-6.8256893,-11.111954,-8.787538,29 Monte Plata,2018,19,train
-0.9821035,-5.731766,-10.466314,-9.127591,29 Monte Plata,2018,20,train
-2.3722572,-4.5547366,-9.405559,-12.665133,29 Monte Plata,2018,21,train
-0.1882786,-3.7141619,-8.402509,-11.599524,29 Monte Plata,2018,22,train
-1.049693,-2.474126,-6.681731,-14.062569,29 Monte Plata,2018,23,train
-0.3025835,-2.1655648,-6.204004,-14.635707,29 Monte Plata,2018,24,train
1.6387086,-2.3895013,-5.4602695,-13.46671,29 Monte Plata,2018,25,train
0.80409855,-1.2654613,-4.375507,-15.324171,29 Monte Plata,2018,26,train
-8.708153,15.722652,6.042392,-6.709442,29 Monte Plata,2018,27,train
-7.0108585,15.149934,8.475378,-3.577352,29 Monte Plata,2018,28,train
-5.4196687,14.884655,7.902917,-3.1915307,29 Monte Plata,2018,29,train
-7.297386,15.837997,7.2782106,-5.118229,29 Monte Plata,2018,30,train
-6.0111227,15.1448145,6.698801,-4.748876,29 Monte Plata,2018,31,train
-6.778335,15.285544,9.207029,-4.2190824,29 Monte Plata,2018,32,train
-4.2096086,14.148749,8.810369,-2.7746906,29 Monte Plata,2018,33,train
-6.8572044,14.990787,8.782616,-4.600359,29 Monte Plata,2018,34,train
12.9190855,1.4698334,-7.851569,0.9196352,29 Monte Plata,2018,35,train
7.9507184,11.187599,3.1160543,0.7997083,29 Monte Plata,2018,36,train
7.442049,10.535124,3.688865,1.2320459,29 Monte Plata,2018,37,train
8.003257,10.200736,3.4288514,1.3802192,29 Monte Plata,2018,38,train
7.4293227,10.102269,4.5046415,2.0546546,29 Monte Plata,2018,39,train
8.226682,10.153166,5.0198803,4.737129,29 Monte Plata,2018,40,train
15.071324,-1.7139603,-6.2469935,4.721416,29 Monte Plata,2018,41,train
7.775073,7.5130687,5.5841165,4.981718,29 Monte Plata,2018,42,train
8.593728,6.2692833,5.105026,5.435,29 Monte Plata,2018,43,train
9.761786,5.090597,4.814218,6.4768815,29 Monte Plata,2018,44,train
6.234578,5.4906836,7.6058445,6.55067,29 Monte Plata,2018,45,train
5.3464,5.0879683,8.329106,6.881956,29 Monte Plata,2018,46,train
9.3195095,2.4330082,6.248616,8.135528,29 Monte Plata,2018,47,train
8.900831,1.9749991,6.8158083,8.542419,29 Monte Plata,2018,48,train
7.866261,1.0483061,6.9069214,8.856187,29 Monte Plata,2018,49,train
8.1629,0.1316914,6.7463236,9.443257,29 Monte Plata,2018,50,train
8.832336,-0.42213553,6.471036,10.061293,29 Monte Plata,2018,51,train
-12.969031,6.9125338,7.9136643,6.365255,29 Monte Plata,2018,52,train
-12.82032,-3.7481341,13.81415,2.7436957,29 Monte Plata,2019,1,train
-12.415393,-6.142789,14.216034,4.001167,29 Monte Plata,2019,2,train
-12.861437,-8.011483,13.099828,3.7313373,29 Monte Plata,2019,3,train
-12.010263,-8.874257,11.495847,3.3171601,29 Monte Plata,2019,4,train
-5.33366,-14.07238,4.161144,4.7123137,29 Monte Plata,2019,5,train
-3.52581,-14.712995,3.8050377,0.9472732,29 Monte Plata,2019,6,train
-4.7860627,-15.4786825,3.6490843,-0.31573144,29 Monte Plata,2019,7,train
-7.091656,-15.532469,3.0572019,-2.0674872,29 Monte Plata,2019,8,train
-9.033071,-16.651875,3.2515976,-3.7180543,29 Monte Plata,2019,9,train
-8.545644,-15.7627125,-1.8280559,-2.3368845,29 Monte Plata,2019,10,train
-9.862761,-16.197042,-3.577264,-4.750381,29 Monte Plata,2019,11,train
-8.325375,-15.328375,-4.9832587,-6.5047817,29 Monte Plata,2019,12,train
-1.7127903,-12.587251,-5.6372614,-6.2375126,29 Monte Plata,2019,13,train
-5.925434,-12.035701,-7.6899614,-7.6699753,29 Monte Plata,2019,14,train
-7.0424166,-12.020169,-7.4118686,-9.469765,29 Monte Plata,2019,15,train
-8.127122,-11.665792,-7.0797496,-11.429842,29 Monte Plata,2019,16,train
-6.887645,-11.281349,-6.640643,-12.856188,29 Monte Plata,2019,17,train
-7.3156943,0.14683248,-15.378639,-4.0347443,29 Monte Plata,2019,18,train
-6.6640778,2.4790301,-15.284327,-3.165925,29 Monte Plata,2019,19,train
-3.5812848,2.7231185,-13.210932,-3.9285126,29 Monte Plata,2019,20,train
-3.1986487,3.1023588,-14.015818,-1.9190222,29 Monte Plata,2019,21,train
7.8649096,-3.5972588,-11.368987,-2.2639794,29 Monte Plata,2019,22,train
-0.54150367,4.933647,-11.930963,-2.1100059,29 Monte Plata,2019,23,train
-1.3617045,7.185574,-10.790311,-4.4093447,29 Monte Plata,2019,24,train
-1.0016564,8.736084,-9.265862,-4.802746,29 Monte Plata,2019,25,train
-0.5043485,10.123618,-8.71234,-5.257014,29 Monte Plata,2019,26,train
-5.836514,12.958668,7.9381814,-10.698423,29 Monte Plata,2019,27,train
-4.130855,12.044981,8.766014,-9.867723,29 Monte Plata,2019,28,train
-2.381753,10.788013,8.799851,-10.590121,29 Monte Plata,2019,29,train
-2.473459,10.479713,7.580796,-14.161756,29 Monte Plata,2019,30,train
-6.2209587,11.083672,18.012703,-3.6296833,29 Monte Plata,2019,31,train
-0.90613925,9.678447,7.5666656,-11.8187475,29 Monte Plata,2019,32,train
-0.74768996,9.295149,8.785122,-11.853859,29 Monte Plata,2019,33,train
-0.40918815,9.373102,9.655613,-10.028393,29 Monte Plata,2019,34,train
8.604039,9.0567875,1.6023835,-6.536441,29 Monte Plata,2019,35,train
9.5623255,7.4496098,4.302305,-4.9915476,29 Monte Plata,2019,36,train
9.810852,7.527113,4.4403243,-4.6952853,29 Monte Plata,2019,37,train
16.2889,-1.5592636,-3.7788653,-1.4990392,29 Monte Plata,2019,38,train
8.347237,7.415313,7.841134,-0.7905002,29 Monte Plata,2019,39,train
7.5832157,7.281482,7.38539,1.4406828,29 Monte Plata,2019,40,train
10.822862,5.652206,5.4188385,2.3720613,29 Monte Plata,2019,41,train
11.743774,4.701187,4.9359207,3.2343287,29 Monte Plata,2019,42,train
7.4393206,5.8342977,8.404807,3.4704137,29 Monte Plata,2019,43,train
10.069897,3.615759,5.9968038,4.2270236,29 Monte Plata,2019,44,train
9.231349,3.362851,6.766236,4.7136517,29 Monte Plata,2019,45,train
8.419295,3.1942518,8.052779,5.3492055,29 Monte Plata,2019,46,train
11.982354,0.3050111,6.1634536,6.0956783,29 Monte Plata,2019,47,train
11.88382,-0.40285158,6.1655545,6.1209,29 Monte Plata,2019,48,train
3.9275692,-5.397841,10.1639595,4.3712397,29 Monte Plata,2019,49,train
2.5492883,-4.3026423,11.312083,4.4332104,29 Monte Plata,2019,50,train
3.2091813,-6.6294894,9.427066,5.331025,29 Monte Plata,2019,51,train
-8.515819,-2.278856,15.143173,0.7348158,29 Monte Plata,2019,52,train
-9.454398,-2.9699445,13.292966,2.1099784,29 Monte Plata,2020,1,val
-9.61342,-4.0058136,12.173671,1.8613483,29 Monte Plata,2020,2,val
-9.224464,-5.3230057,11.68686,2.351653,29 Monte Plata,2020,3,val
-7.7769675,-6.578532,12.180651,2.6936743,29 Monte Plata,2020,4,val
-4.1879344,-12.827284,4.0911446,2.916829,29 Monte Plata,2020,5,val
-4.0525055,-12.636166,3.5538871,0.7126337,29 Monte Plata,2020,6,val
-5.3268485,-13.808139,2.7842941,-0.3629443,29 Monte Plata,2020,7,val
-3.998608,-13.736689,1.4069777,-1.0187861,29 Monte Plata,2020,8,val
-7.4642363,-15.437883,1.5354156,-3.5951262,29 Monte Plata,2020,9,val
-3.71449,-14.930456,-0.056381952,-5.3483543,29 Monte Plata,2020,10,val
-1.85287,-15.379059,-2.1348288,-4.892365,29 Monte Plata,2020,11,val
-5.2493806,-15.655702,-2.962955,-7.527551,29 Monte Plata,2020,12,val
-3.7909157,-14.992581,-3.2168307,-9.496351,29 Monte Plata,2020,13,val
-5.6416535,-14.168542,-5.46163,-10.959394,29 Monte Plata,2020,14,val
-2.5326312,-11.566724,-3.8769345,-12.122536,29 Monte Plata,2020,15,val
-4.0280924,-11.839998,-3.546856,-14.056401,29 Monte Plata,2020,16,val
-4.6734905,-10.908098,-2.8014808,-14.858622,29 Monte Plata,2020,17,val
-3.7696993,-10.718331,-2.5601175,-15.190769,29 Monte Plata,2020,18,val
-0.8604126,-8.553799,-3.7084532,-13.305723,29 Monte Plata,2020,19,val
-5.8528256,4.8203526,-13.985241,0.119122654,29 Monte Plata,2020,20,val
-5.6075683,6.9823184,-12.651188,0.7496986,29 Monte Plata,2020,21,val
-3.8749588,6.81548,-13.021169,1.5420405,29 Monte Plata,2020,22,val
-5.140862,10.569163,-12.261537,-0.805273,29 Monte Plata,2020,23,val
-4.815262,11.615512,-11.666886,-1.0970479,29 Monte Plata,2020,24,val
-2.9225855,11.464603,-10.241616,-1.0909052,29 Monte Plata,2020,25,val
-2.6126482,12.594717,-8.902061,-0.9207499,29 Monte Plata,2020,26,val
-7.7785683,16.784336,1.5634582,1.252077,29 Monte Plata,2020,27,val
-7.3832498,16.464174,1.2274231,0.8628202,29 Monte Plata,2020,28,val
-8.3820505,16.782007,0.7829526,0.20770611,29 Monte Plata,2020,29,val
-8.460997,17.013609,1.0525068,0.5255769,29 Monte Plata,2020,30,val
-9.193708,14.160899,13.146866,2.1288848,29 Monte Plata,2020,31,val
-8.421663,17.274603,-2.322421,0.530554,29 Monte Plata,2020,32,val
-9.159023,16.763771,-2.1309028,0.6497219,29 Monte Plata,2020,33,val
-10.165629,15.226977,12.337572,3.126953,29 Monte Plata,2020,34,val
2.4266887,14.516235,-5.128907,4.481577,29 Monte Plata,2020,35,val
0.59033144,14.90949,-2.7946687,8.728287,29 Monte Plata,2020,36,val
2.3712778,14.330261,-3.9226563,7.1516504,29 Monte Plata,2020,37,val
3.4866543,13.29726,-3.4699051,6.03915,29 Monte Plata,2020,38,val
4.310012,12.387121,-3.065626,6.4984956,29 Monte Plata,2020,39,val
1.0406953,13.409063,-1.7646341,12.6675625,29 Monte Plata,2020,40,val
4.1888742,11.037104,-2.5447187,11.779832,29 Monte Plata,2020,41,val
1.2465272,11.573844,0.3702021,11.705258,29 Monte Plata,2020,42,val
4.591387,8.407479,0.1513254,11.45192,29 Monte Plata,2020,43,val
2.375479,8.433287,1.7332774,12.014858,29 Monte Plata,2020,44,val
8.147978,-0.9097922,-7.922357,10.814125,29 Monte Plata,2020,45,val
8.479015,-0.9841324,-5.0832205,11.608328,29 Monte Plata,2020,46,val
-0.0030346075,5.7153707,2.8490565,15.035802,29 Monte Plata,2020,47,val
2.5573673,3.3316643,1.9873468,14.820634,29 Monte Plata,2020,48,val
-2.2423606,-5.5258617,3.2108493,14.707263,29 Monte Plata,2020,49,val
-3.8497896,-4.260697,4.4809494,14.699586,29 Monte Plata,2020,50,val
-3.558761,-5.0234675,4.1098857,14.113903,29 Monte Plata,2020,51,val
-11.71269,-0.7570076,9.41597,10.4804945,29 Monte Plata,2020,52,val
-16.798798,-1.5339359,8.65301,11.323006,29 Monte Plata,2021,1,val
-14.316422,-2.4328494,7.8901405,10.326137,29 Monte Plata,2021,2,val
-13.355539,-3.1765776,7.084847,9.862807,29 Monte Plata,2021,3,val
-14.696042,-4.292508,6.1459293,10.049538,29 Monte Plata,2021,4,val
-7.363016,-8.471582,-1.1819073,9.622169,29 Monte Plata,2021,5,val
-9.691373,-9.12919,-1.579592,8.4993105,29 Monte Plata,2021,6,val
-11.192614,-9.522215,-3.0009978,7.2929587,29 Monte Plata,2021,7,val
-11.306739,-9.958847,-4.718833,6.0367827,29 Monte Plata,2021,8,val
-12.390982,-10.376052,-6.866837,5.4627056,29 Monte Plata,2021,9,val
-8.422162,-10.708258,-8.894836,4.787866,29 Monte Plata,2021,10,val
-12.031642,-11.636468,-9.927037,2.9572005,29 Monte Plata,2021,11,val
-5.840225,-9.721887,-11.924323,1.1675799,29 Monte Plata,2021,12,val
-8.341598,-9.4991665,-12.244218,-2.4461973,29 Monte Plata,2021,13,val
-6.266946,-10.130383,-12.32638,-1.3588059,29 Monte Plata,2021,14,val
-10.832179,-10.793902,-11.885909,-6.865389,29 Monte Plata,2021,15,val
-5.230774,-8.733211,-10.873698,-7.0148935,29 Monte Plata,2021,16,val
-5.2888746,-8.87581,-11.058387,-7.1504707,29 Monte Plata,2021,17,val
-5.656775,-8.289116,-9.403415,-10.38196,29 Monte Plata,2021,18,val
-6.229296,1.3300383,-14.807521,0.0054145954,29 Monte Plata,2021,19,val
-5.3155203,1.8110777,-14.913489,0.6012574,29 Monte Plata,2021,20,val
-3.9292414,2.8232322,-14.435694,0.89884526,29 Monte Plata,2021,21,val
-2.6977813,3.325606,-14.438928,2.173026,29 Monte Plata,2021,22,val
6.480195,-2.9392743,-12.771213,-0.81693393,29 Monte Plata,2021,23,val
-1.9714075,6.7738476,-10.330783,-2.1139274,29 Monte Plata,2021,24,val
-0.28862342,6.739796,-11.545681,0.3029552,29 Monte Plata,2021,25,val
-1.4869694,9.402136,-10.492364,-0.331339,29 Monte Plata,2021,26,val
-8.819193,17.168385,1.4639676,1.3639152,29 Monte Plata,2021,27,val
-8.394297,17.249659,2.6187816,4.245153,29 Monte Plata,2021,28,val
-6.8705893,16.495386,1.334967,1.6441019,29 Monte Plata,2021,29,val
-7.3520575,16.938856,1.5173212,2.3979833,29 Monte Plata,2021,30,val
-6.51207,16.555372,1.2584022,2.2782767,29 Monte Plata,2021,31,val
-10.830322,15.482895,15.063569,2.9920044,29 Monte Plata,2021,32,val
-6.382284,15.897285,4.190669,4.0941367,29 Monte Plata,2021,33,val
-6.789412,15.163825,1.0817311,-2.397519,29 Monte Plata,2021,34,val
4.695549,13.564797,-3.7359781,1.6451867,29 Monte Plata,2021,35,val
2.2773738,14.133431,-4.2801423,5.996705,29 Monte Plata,2021,36,val
2.012568,14.341858,-2.5039334,7.723229,29 Monte Plata,2021,37,val
3.1734293,13.321203,-3.1272388,6.130887,29 Monte Plata,2021,38,val
3.505445,13.254509,-2.8140326,9.051931,29 Monte Plata,2021,39,val
5.545249,10.765314,-2.8871999,8.624178,29 Monte Plata,2021,40,val
8.9204855,3.3866003,-7.092485,8.917383,29 Monte Plata,2021,41,val
3.8935921,9.81541,0.282354,11.129888,29 Monte Plata,2021,42,val
5.6614456,7.6657033,0.5993678,10.895372,29 Monte Plata,2021,43,val
4.597919,7.373439,1.0269169,11.613225,29 Monte Plata,2021,44,val
6.375116,5.349821,0.91673857,11.237756,29 Monte Plata,2021,45,val
7.7561054,3.6683986,0.6584721,11.187422,29 Monte Plata,2021,46,val
5.5167108,3.6515222,1.0916772,13.538629,29 Monte Plata,2021,47,val
4.0239334,3.5190346,2.1749642,12.812914,29 Monte Plata,2021,48,val
-0.43948364,-5.0199003,3.6499689,11.947586,29 Monte Plata,2021,49,val
-0.993588,-5.7165694,3.654987,13.628372,29 Monte Plata,2021,50,val
-1.8928539,-5.522961,4.037896,13.46858,29 Monte Plata,2021,51,val
-14.816876,-1.3254446,9.5980835,7.781717,29 Monte Plata,2021,52,val
-5.8932858,-2.7429466,10.224319,1.5326308,30 Hato Mayor,2015,1,train
-6.5841465,-4.121584,9.640174,1.5152644,30 Hato Mayor,2015,2,train
-6.5701785,-5.646242,9.468257,1.5170708,30 Hato Mayor,2015,3,train
-7.5695615,-7.394278,8.934109,1.3748413,30 Hato Mayor,2015,4,train
-1.3812405,-10.649901,1.7501162,1.7088503,30 Hato Mayor,2015,5,train
-3.436138,-10.3198595,0.6640629,2.375032,30 Hato Mayor,2015,6,train
-2.076544,-9.901593,-1.0083969,1.8243357,30 Hato Mayor,2015,7,train
-3.211397,-10.473484,-1.3336127,1.0751076,30 Hato Mayor,2015,8,train
-5.1027236,-10.200127,-1.67975,-0.31111494,30 Hato Mayor,2015,9,train
-4.665181,-10.1746025,-1.5992961,-1.6691512,30 Hato Mayor,2015,10,train
-4.954017,-9.992928,-1.9203935,-2.5497913,30 Hato Mayor,2015,11,train
-5.398458,-11.095468,-2.8198175,-4.7613373,30 Hato Mayor,2015,12,train
-5.2384467,-10.249638,-2.8422883,-6.4797883,30 Hato Mayor,2015,13,train
-5.375592,-9.16515,-4.708525,-4.76389,30 Hato Mayor,2015,14,train
-4.3141375,-7.857007,-4.684186,-5.1838813,30 Hato Mayor,2015,15,train
-5.134763,-7.8695545,-4.793854,-6.902576,30 Hato Mayor,2015,16,train
-4.8637824,-7.1364875,-4.526473,-7.780841,30 Hato Mayor,2015,17,train
-4.9920607,0.14708021,-9.933238,-5.65526,30 Hato Mayor,2015,18,train
-5.970908,1.8166573,-9.775151,-5.488998,30 Hato Mayor,2015,19,train
-4.6216288,1.764221,-8.903629,-4.860877,30 Hato Mayor,2015,20,train
-1.1364734,1.2945647,-9.502448,-3.7164488,30 Hato Mayor,2015,21,train
-0.7304618,1.7565042,-9.501633,-4.1489315,30 Hato Mayor,2015,22,train
-0.10442313,2.3423328,-8.437801,-4.4200053,30 Hato Mayor,2015,23,train
-1.0601432,4.223376,-7.489546,-5.487889,30 Hato Mayor,2015,24,train
0.41506827,4.2955947,-6.685791,-4.827378,30 Hato Mayor,2015,25,train
0.83431786,4.6876945,-6.3380203,-4.9610744,30 Hato Mayor,2015,26,train
-4.104338,8.952734,6.5938387,-5.0404034,30 Hato Mayor,2015,27,train
-5.1634393,10.064066,8.746306,-5.337908,30 Hato Mayor,2015,28,train
-5.4666777,9.9242325,7.2724867,-6.1001997,30 Hato Mayor,2015,29,train
-4.5387216,9.41071,6.630191,-6.019701,30 Hato Mayor,2015,30,train
-4.84287,8.917982,4.916443,-6.6098075,30 Hato Mayor,2015,31,train
-4.7443194,8.485,7.1278553,-7.090887,30 Hato Mayor,2015,32,train
-4.762705,8.057816,6.15667,-7.645328,30 Hato Mayor,2015,33,train
-4.569193,7.967944,7.6553755,-7.574653,30 Hato Mayor,2015,34,train
5.9880633,6.8965726,3.6647763,-1.0984294,30 Hato Mayor,2015,35,train
7.064523,5.432246,4.993379,-3.310909,30 Hato Mayor,2015,36,train
7.154532,5.2702003,4.1536336,-2.4233887,30 Hato Mayor,2015,37,train
6.4731126,5.0155454,6.277297,-2.094934,30 Hato Mayor,2015,38,train
7.95431,3.8524413,6.943895,-3.5256183,30 Hato Mayor,2015,39,train
8.639031,1.8024781,7.506914,-3.964149,30 Hato Mayor,2015,40,train
8.952471,1.2017249,7.613364,-3.5221434,30 Hato Mayor,2015,41,train
8.925426,0.7403113,8.457128,-3.249639,30 Hato Mayor,2015,42,train
8.746469,0.8908644,9.195312,-1.913173,30 Hato Mayor,2015,43,train
7.418984,1.0706619,9.958032,-1.1902033,30 Hato Mayor,2015,44,train
4.3601317,2.914403,10.527381,1.3022068,30 Hato Mayor,2015,45,train
6.0257344,1.3216883,7.7434688,1.8604068,30 Hato Mayor,2015,46,train
6.953627,0.1861972,7.52776,3.465059,30 Hato Mayor,2015,47,train
4.4654884,-5.384217,8.558864,2.2251673,30 Hato Mayor,2015,48,train
2.5096292,-3.9394393,8.550042,1.8758755,30 Hato Mayor,2015,49,train
2.7143073,-4.9181814,7.570105,2.6399555,30 Hato Mayor,2015,50,train
1.7701467,-4.3955245,7.7514157,2.815475,30 Hato Mayor,2015,51,train
-5.6152487,-1.3647486,11.114115,-0.31886286,30 Hato Mayor,2015,52,train
-4.791453,-5.4968348,13.3901,-4.22071,30 Hato Mayor,2016,1,train
-6.469376,-6.905614,11.835944,-4.839287,30 Hato Mayor,2016,2,train
-6.5314517,-8.057364,11.455293,-5.228659,30 Hato Mayor,2016,3,train
-5.812943,-8.611288,11.052508,-4.753791,30 Hato Mayor,2016,4,train
-0.4311162,-12.192363,5.427546,-2.643009,30 Hato Mayor,2016,5,train
-2.4219377,-12.175087,4.7630267,-3.3821375,30 Hato Mayor,2016,6,train
-2.1718218,-12.417034,4.164662,-3.7368557,30 Hato Mayor,2016,7,train
-3.2454655,-12.989228,4.1866107,-4.932071,30 Hato Mayor,2016,8,train
-1.2700338,-12.413632,2.6550443,-4.872138,30 Hato Mayor,2016,9,train
-4.4312725,-10.962378,-1.9644643,-1.6315379,30 Hato Mayor,2016,10,train
-4.486345,-10.93515,-1.7498884,-4.1914954,30 Hato Mayor,2016,11,train
-4.86344,-9.820546,-1.8163748,-6.6598396,30 Hato Mayor,2016,12,train
-4.0359693,-9.892686,-2.2909236,-7.0475707,30 Hato Mayor,2016,13,train
-2.25607,-10.687502,-0.64673406,-8.389486,30 Hato Mayor,2016,14,train
-3.886253,-10.48753,-0.36486515,-9.621081,30 Hato Mayor,2016,15,train
-0.6411152,-10.351682,-0.15043634,-8.165166,30 Hato Mayor,2016,16,train
9.110143,-10.098334,-4.8359895,-6.090326,30 Hato Mayor,2016,17,train
1.7336166,-9.120032,-1.2819424,-7.4227753,30 Hato Mayor,2016,18,train
1.7665405,-6.9619007,-3.914679,-7.4400554,30 Hato Mayor,2016,19,train
0.0895591,-5.7031074,-2.6489494,-8.504239,30 Hato Mayor,2016,20,train
-1.4368081,2.2949874,-10.076893,0.13935918,30 Hato Mayor,2016,21,train
5.6251254,-2.7716086,-11.398197,-0.029131316,30 Hato Mayor,2016,22,train
-1.1522593,4.5201902,-8.7932415,0.19248839,30 Hato Mayor,2016,23,train
-1.4311048,5.841027,-7.9333954,-0.5860633,30 Hato Mayor,2016,24,train
0.06401235,5.2137284,-8.135613,1.0720869,30 Hato Mayor,2016,25,train
-0.13896665,6.915442,-7.7014112,0.90145564,30 Hato Mayor,2016,26,train
-3.8820996,11.157301,2.2441685,-0.7930169,30 Hato Mayor,2016,27,train
-4.4145155,11.403181,2.1146536,-0.7122443,30 Hato Mayor,2016,28,train
-4.102151,11.398908,2.0650463,-0.9800318,30 Hato Mayor,2016,29,train
-4.3177834,11.318503,3.435578,0.8271077,30 Hato Mayor,2016,30,train
-4.093968,11.391532,4.445363,1.5811478,30 Hato Mayor,2016,31,train
-4.3380566,11.597316,1.7258238,1.2022529,30 Hato Mayor,2016,32,train
-4.716788,11.613271,0.5254316,-0.46117073,30 Hato Mayor,2016,33,train
-8.844602,12.706051,13.036247,3.3152847,30 Hato Mayor,2016,34,train
2.3408484,10.150087,-1.4960573,2.5735242,30 Hato Mayor,2016,35,train
1.6034539,10.447107,-1.1535783,4.7743692,30 Hato Mayor,2016,36,train
1.7225561,10.287682,-0.79295254,4.388312,30 Hato Mayor,2016,37,train
2.131397,9.894781,-0.38217953,4.280329,30 Hato Mayor,2016,38,train
2.2614238,8.742248,0.18647401,4.0989904,30 Hato Mayor,2016,39,train
1.1694852,9.040584,2.6645164,6.469803,30 Hato Mayor,2016,40,train
2.128538,7.9108524,2.8428583,6.2514052,30 Hato Mayor,2016,41,train
0.41221243,8.398828,3.7639542,7.737457,30 Hato Mayor,2016,42,train
1.3566504,7.6079526,3.7394073,7.670161,30 Hato Mayor,2016,43,train
6.725201,-0.29863605,-4.700004,7.2973824,30 Hato Mayor,2016,44,train
-0.7359402,6.979556,5.0826697,9.186418,30 Hato Mayor,2016,45,train
-1.2324256,6.226404,4.7711005,10.376726,30 Hato Mayor,2016,46,train
-2.031809,4.990994,4.871983,11.057154,30 Hato Mayor,2016,47,train
-2.0862033,-2.172718,5.8936753,9.39428,30 Hato Mayor,2016,48,train
-2.028918,-2.1316876,6.051564,8.519216,30 Hato Mayor,2016,49,train
-1.5696672,-2.8162744,5.5201135,8.556901,30 Hato Mayor,2016,50,train
-2.0099897,-2.5795908,5.7208886,8.403734,30 Hato Mayor,2016,51,train
-8.686576,-0.8741664,9.142202,6.499206,30 Hato Mayor,2016,52,train
-11.053104,-1.8207271,8.601899,5.224461,30 Hato Mayor,2017,1,train
-10.468546,-2.4414284,7.4725523,5.7001014,30 Hato Mayor,2017,2,train
-13.70464,-4.601589,7.35615,7.157314,30 Hato Mayor,2017,3,train
-12.91847,-4.9852595,6.4436746,5.3986897,30 Hato Mayor,2017,4,train
-6.146657,-8.345777,1.3410481,5.8021717,30 Hato Mayor,2017,5,train
-5.982722,-8.623111,0.40933183,4.862981,30 Hato Mayor,2017,6,train
-6.414189,-9.467934,-1.438246,5.272783,30 Hato Mayor,2017,7,train
-8.663819,-9.807569,-1.7243294,3.8918238,30 Hato Mayor,2017,8,train
-8.062,-8.736889,-1.949652,1.7277709,30 Hato Mayor,2017,9,train
-7.2735877,-8.563912,-5.3762693,1.8677428,30 Hato Mayor,2017,10,train
-9.026245,-8.815572,-6.250518,-0.7560505,30 Hato Mayor,2017,11,train
-6.5001044,-8.065948,-8.295267,-1.2147664,30 Hato Mayor,2017,12,train
-10.763589,-8.166653,-8.523718,-4.6973367,30 Hato Mayor,2017,13,train
-6.3510075,-8.83421,-3.575642,-9.23588,30 Hato Mayor,2017,14,train
-5.992713,-8.729798,-3.8424969,-8.860597,30 Hato Mayor,2017,15,train
-0.018578585,-9.015164,-4.0068717,-6.187462,30 Hato Mayor,2017,16,train
4.6601796,-7.715543,-5.688944,-2.8494403,30 Hato Mayor,2017,17,train
0.6607068,-7.9083343,-3.9080992,-8.344504,30 Hato Mayor,2017,18,train
0.072972,-7.380508,-3.3388286,-9.376484,30 Hato Mayor,2017,19,train
-0.26064688,-6.4820733,-0.83316094,-11.133665,30 Hato Mayor,2017,20,train
-1.2199547,-5.74382,-0.34463832,-12.35965,30 Hato Mayor,2017,21,train
-4.1231194,5.9327693,-9.785667,1.429528,30 Hato Mayor,2017,22,train
-3.6772988,6.7329645,-8.146414,-2.116,30 Hato Mayor,2017,23,train
-3.5469086,7.4917603,-8.000781,-1.7254903,30 Hato Mayor,2017,24,train
-2.5993228,7.8867774,-7.563314,-1.9031289,30 Hato Mayor,2017,25,train
-0.9617914,7.687134,-6.8325377,-1.5180565,30 Hato Mayor,2017,26,train
-6.9393415,12.316913,0.21990222,-0.97648585,30 Hato Mayor,2017,27,train
-6.091753,12.704842,1.0860853,1.9686509,30 Hato Mayor,2017,28,train
-5.6996574,11.8694515,0.49105152,-0.16824335,30 Hato Mayor,2017,29,train
-6.9302845,12.74852,0.11158481,-0.06587634,30 Hato Mayor,2017,30,train
-6.2988005,11.731813,-0.46154374,-1.3008535,30 Hato Mayor,2017,31,train
-7.473234,12.685214,0.4296719,0.39132407,30 Hato Mayor,2017,32,train
-5.815158,11.506936,1.44249,0.6722276,30 Hato Mayor,2017,33,train
-5.174462,11.982326,2.067719,1.545161,30 Hato Mayor,2017,34,train
3.0482185,10.336623,-2.309255,3.075358,30 Hato Mayor,2017,35,train
2.0318763,9.708123,0.11879649,4.0858154,30 Hato Mayor,2017,36,train
2.3268354,10.262082,-0.24007127,4.879594,30 Hato Mayor,2017,37,train
7.9476414,1.757125,-6.936535,3.36853,30 Hato Mayor,2017,38,train
3.4717093,8.874959,0.68130904,4.4930787,30 Hato Mayor,2017,39,train
1.7730304,9.647552,1.5133181,6.496643,30 Hato Mayor,2017,40,train
2.6270177,8.563227,1.2805207,6.993835,30 Hato Mayor,2017,41,train
3.7988882,6.1910267,1.6514106,5.907838,30 Hato Mayor,2017,42,train
3.697706,6.198226,2.1094215,7.08469,30 Hato Mayor,2017,43,train
4.3250747,5.381419,2.099143,7.614978,30 Hato Mayor,2017,44,train
5.1168895,-0.6257687,-10.3190155,10.661341,30 Hato Mayor,2017,45,train
6.940478,-2.488225,-8.644193,8.958257,30 Hato Mayor,2017,46,train
1.8747066,4.182127,1.2477255,11.469416,30 Hato Mayor,2017,47,train
3.4448392,2.7894144,1.9803374,10.107928,30 Hato Mayor,2017,48,train
2.4636936,1.7205907,2.079823,10.4252,30 Hato Mayor,2017,49,train
2.3686478,1.2275782,1.0427825,12.425111,30 Hato Mayor,2017,50,train
1.2903214,1.0632263,2.465112,9.689353,30 Hato Mayor,2017,51,train
-10.477152,5.9707446,3.6767027,8.835581,30 Hato Mayor,2017,52,train
-10.114079,6.625709,4.4290605,10.558577,30 Hato Mayor,2018,1,train
-9.24885,5.597309,3.780131,10.246116,30 Hato Mayor,2018,2,train
-9.463606,4.974602,2.7566776,10.22306,30 Hato Mayor,2018,3,train
-9.765182,4.0891776,1.8732308,9.590752,30 Hato Mayor,2018,4,train
-6.0718727,-7.5381002,-0.062632285,6.596739,30 Hato Mayor,2018,5,train
-5.401819,-7.454209,-1.1767441,5.049453,30 Hato Mayor,2018,6,train
-5.708121,-7.707439,-2.2649767,4.7342496,30 Hato Mayor,2018,7,train
-8.234528,-8.372511,-2.6396189,4.3415146,30 Hato Mayor,2018,8,train
-11.674754,-10.029792,-4.632572,5.428936,30 Hato Mayor,2018,9,train
-10.196919,-9.033677,-6.1150303,0.91255295,30 Hato Mayor,2018,10,train
-9.737619,-8.199219,-6.9492917,-1.0900148,30 Hato Mayor,2018,11,train
-7.5073757,-7.79753,-8.372509,-1.6449369,30 Hato Mayor,2018,12,train
-8.075007,-8.426829,-9.045555,-1.3442873,30 Hato Mayor,2018,13,train
-8.542887,-7.795415,-8.637755,-5.4890456,30 Hato Mayor,2018,14,train
-7.2603483,-6.4944143,-8.060582,-5.75547,30 Hato Mayor,2018,15,train
-5.4849086,-6.2253675,-8.5113,-5.7036333,30 Hato Mayor,2018,16,train
-6.3210797,-5.5594215,-7.9940248,-7.230264,30 Hato Mayor,2018,17,train
-4.4434733,-5.6128697,-8.262189,-6.7369237,30 Hato Mayor,2018,18,train
-5.0003796,-4.0483627,-7.4473314,-8.94988,30 Hato Mayor,2018,19,train
-2.1350193,-3.7858407,-7.247099,-7.3543305,30 Hato Mayor,2018,20,train
-4.2462173,-2.7208886,-6.267615,-11.177626,30 Hato Mayor,2018,21,train
-1.7496886,-2.564007,-6.1668286,-10.020239,30 Hato Mayor,2018,22,train
-2.999414,1.987795,-7.387073,-8.381174,30 Hato Mayor,2018,23,train
-2.4332168,2.8297405,-7.1441865,-8.430161,30 Hato Mayor,2018,24,train
0.26896727,1.9030117,-7.413007,-6.891493,30 Hato Mayor,2018,25,train
-1.1502576,4.07432,-6.3503437,-7.821416,30 Hato Mayor,2018,26,train
-7.3719044,11.639958,4.662253,-5.291959,30 Hato Mayor,2018,27,train
-7.0469604,11.785922,6.622238,-3.6429968,30 Hato Mayor,2018,28,train
-5.4289284,11.256801,4.6520147,-3.9701293,30 Hato Mayor,2018,29,train
-7.532109,12.229488,4.836813,-5.369573,30 Hato Mayor,2018,30,train
-5.9666758,11.503136,3.9429035,-4.8942027,30 Hato Mayor,2018,31,train
-8.148218,11.999477,5.9250975,-5.8535156,30 Hato Mayor,2018,32,train
-6.4479003,11.247373,6.337637,-4.3487983,30 Hato Mayor,2018,33,train
-6.376052,11.086302,5.5457253,-4.8524265,30 Hato Mayor,2018,34,train
4.717166,8.613325,2.5341637,0.851874,30 Hato Mayor,2018,35,train
5.834041,8.569727,2.466777,0.30259654,30 Hato Mayor,2018,36,train
5.463543,8.06839,2.8882785,0.63651747,30 Hato Mayor,2018,37,train
6.068027,7.781682,2.41463,0.71160007,30 Hato Mayor,2018,38,train
5.4150705,7.290742,2.8692312,0.8520838,30 Hato Mayor,2018,39,train
6.0765257,7.7393656,3.9297204,3.3019607,30 Hato Mayor,2018,40,train
4.1712313,7.4856963,5.4060655,3.5652547,30 Hato Mayor,2018,41,train
4.7759748,5.5666795,4.3625884,3.3702533,30 Hato Mayor,2018,42,train
5.7099056,4.9733744,4.2023883,3.9496973,30 Hato Mayor,2018,43,train
7.1856976,3.938069,3.719821,4.8458557,30 Hato Mayor,2018,44,train
4.597141,4.228287,5.8681726,4.8728766,30 Hato Mayor,2018,45,train
4.059934,3.6826606,6.245886,5.150319,30 Hato Mayor,2018,46,train
5.8434877,2.2462857,5.293794,5.8071632,30 Hato Mayor,2018,47,train
7.167517,1.0949647,4.674061,6.4425573,30 Hato Mayor,2018,48,train
5.714874,0.59736854,4.7966647,6.3592095,30 Hato Mayor,2018,49,train
5.785016,0.1914601,5.091625,6.9711094,30 Hato Mayor,2018,50,train
2.1409452,-5.6540074,5.7650404,7.507447,30 Hato Mayor,2018,51,train
-9.150043,-0.99840516,9.458198,2.250979,30 Hato Mayor,2018,52,train
-9.750694,-2.2210162,9.749691,1.6311707,30 Hato Mayor,2019,1,train
-10.97184,-4.307634,11.02628,2.252242,30 Hato Mayor,2019,2,train
-10.578386,-5.6624775,9.768212,2.327712,30 Hato Mayor,2019,3,train
-10.395485,-6.347423,8.523172,1.6732929,30 Hato Mayor,2019,4,train
-4.778433,-10.812406,3.003272,3.2514632,30 Hato Mayor,2019,5,train
-4.1521893,-11.85922,3.3919935,0.15623173,30 Hato Mayor,2019,6,train
-4.1116567,-11.578168,2.4738102,-1.0731295,30 Hato Mayor,2019,7,train
-4.847781,-11.10916,1.6292711,-1.8641858,30 Hato Mayor,2019,8,train
-6.9782214,-11.934346,2.1131153,-3.3920937,30 Hato Mayor,2019,9,train
-8.579247,-11.415245,-0.9024703,-2.215162,30 Hato Mayor,2019,10,train
-8.549716,-11.659693,-2.2978876,-3.0033877,30 Hato Mayor,2019,11,train
-9.027406,-11.600305,-2.954264,-6.3223357,30 Hato Mayor,2019,12,train
-1.9068521,-9.890344,-4.662094,-4.5228567,30 Hato Mayor,2019,13,train
-6.8410673,-8.708198,-5.217594,-6.1430764,30 Hato Mayor,2019,14,train
-6.7196507,-8.153681,-5.1999345,-7.1201286,30 Hato Mayor,2019,15,train
-7.5855627,-7.453011,-4.798518,-8.730292,30 Hato Mayor,2019,16,train
-7.3659396,-8.855042,-4.883409,-9.834711,30 Hato Mayor,2019,17,train
-4.875372,-6.754926,-4.0945277,-8.840487,30 Hato Mayor,2019,18,train
-1.9456017,-7.5671153,-1.9857091,-9.579319,30 Hato Mayor,2019,19,train
-1.8070138,-6.482443,-1.0347261,-11.466834,30 Hato Mayor,2019,20,train
-1.96037,1.7538198,-11.04189,-1.3650544,30 Hato Mayor,2019,21,train
5.3208575,-2.6841576,-8.456369,-2.1944442,30 Hato Mayor,2019,22,train
-0.9087643,3.7499557,-9.188816,-2.1068778,30 Hato Mayor,2019,23,train
-1.697542,5.3577986,-7.692573,-3.5984356,30 Hato Mayor,2019,24,train
-1.5165186,6.9352317,-6.8476987,-3.773694,30 Hato Mayor,2019,25,train
-0.5826574,7.3294177,-6.5066833,-4.0115676,30 Hato Mayor,2019,26,train
-6.5079494,10.634971,6.6143537,-8.592641,30 Hato Mayor,2019,27,train
-3.5279195,8.674215,6.690272,-8.652279,30 Hato Mayor,2019,28,train
-2.8086925,8.215107,5.5755396,-9.091938,30 Hato Mayor,2019,29,train
-2.264381,7.622551,3.6958873,-11.547339,30 Hato Mayor,2019,30,train
-6.7707224,9.931666,14.8531,-1.9959972,30 Hato Mayor,2019,31,train
-0.7352111,7.232941,5.9807425,-9.990671,30 Hato Mayor,2019,32,train
-1.6537651,7.388534,4.429166,-9.4708185,30 Hato Mayor,2019,33,train
-0.6271316,6.9027267,6.720922,-9.530126,30 Hato Mayor,2019,34,train
6.2107472,7.1820745,1.5631963,-5.125709,30 Hato Mayor,2019,35,train
7.9333367,5.1819553,3.7356393,-4.6189775,30 Hato Mayor,2019,36,train
7.021947,5.6175942,3.8185878,-3.5155225,30 Hato Mayor,2019,37,train
14.078831,-2.08319,-2.6513247,-2.3710134,30 Hato Mayor,2019,38,train
7.5882792,5.6096897,6.5415726,-1.3663139,30 Hato Mayor,2019,39,train
6.505918,5.992066,6.586227,0.7095981,30 Hato Mayor,2019,40,train
8.545865,4.4027834,4.464874,1.4536246,30 Hato Mayor,2019,41,train
8.701625,3.9792068,4.3934817,2.2707117,30 Hato Mayor,2019,42,train
5.1563277,4.6479716,7.1148267,2.2531497,30 Hato Mayor,2019,43,train
7.432705,2.6942842,5.019304,2.7801178,30 Hato Mayor,2019,44,train
7.199857,2.3160112,4.95911,3.3504207,30 Hato Mayor,2019,45,train
7.752106,2.0423672,6.0844936,4.2047415,30 Hato Mayor,2019,46,train
8.53819,0.5094122,5.8341146,4.4901667,30 Hato Mayor,2019,47,train
8.407636,-0.19195645,5.73003,4.4806423,30 Hato Mayor,2019,48,train
2.6089578,-4.2614064,8.274141,3.2324228,30 Hato Mayor,2019,49,train
1.6530508,-3.8104897,8.281747,3.129573,30 Hato Mayor,2019,50,train
1.6367671,-4.7322593,7.000411,3.6271465,30 Hato Mayor,2019,51,train
-7.3256187,-1.6194569,12.185029,-0.26956782,30 Hato Mayor,2019,52,train
-7.6283326,-2.154912,10.355672,1.4968637,30 Hato Mayor,2020,1,val
-7.289837,-3.0969892,9.316483,1.355649,30 Hato Mayor,2020,2,val
-7.500218,-4.267437,8.492627,2.034857,30 Hato Mayor,2020,3,val
-7.4649363,-5.159585,9.613915,1.8453953,30 Hato Mayor,2020,4,val
-3.8520877,-10.353358,3.0042598,2.2458067,30 Hato Mayor,2020,5,val
-3.8736212,-9.994627,2.339492,0.5959757,30 Hato Mayor,2020,6,val
-3.925007,-9.759209,1.1874524,-0.39023772,30 Hato Mayor,2020,7,val
-4.590925,-10.716003,1.2853191,-1.2867728,30 Hato Mayor,2020,8,val
-4.8206973,-11.249209,0.08446698,-2.1142182,30 Hato Mayor,2020,9,val
-3.8629751,-11.312658,-0.115024365,-3.9079943,30 Hato Mayor,2020,10,val
-1.7139559,-11.423667,-2.2115576,-3.4631903,30 Hato Mayor,2020,11,val
-4.1224093,-10.861468,-2.3168395,-4.964088,30 Hato Mayor,2020,12,val
-3.1682231,-10.812415,-2.416107,-6.863124,30 Hato Mayor,2020,13,val
-5.661081,-10.819604,-3.6846893,-9.221974,30 Hato Mayor,2020,14,val
-3.258276,-9.459853,-2.5989692,-10.222455,30 Hato Mayor,2020,15,val
-3.0652237,-8.441146,-2.461319,-9.999753,30 Hato Mayor,2020,16,val
-4.1217504,-7.901352,-1.523605,-11.28659,30 Hato Mayor,2020,17,val
-3.6511636,-7.971915,-1.3165748,-11.851891,30 Hato Mayor,2020,18,val
-2.0061579,-6.515175,-2.212829,-11.123714,30 Hato Mayor,2020,19,val
-1.0931482,-6.0527186,-2.1143224,-10.66471,30 Hato Mayor,2020,20,val
0.24257724,-5.907727,-1.2299045,-11.697205,30 Hato Mayor,2020,21,val
1.3670404,-5.779339,-1.1395355,-11.851135,30 Hato Mayor,2020,22,val
0.5964944,-5.7043786,1.3618045,-13.413598,30 Hato Mayor,2020,23,val
-4.5117903,9.184451,-9.414261,-0.034174114,30 Hato Mayor,2020,24,val
-3.8055813,9.596832,-7.778317,-1.7766901,30 Hato Mayor,2020,25,val
-2.1925917,9.192394,-6.739493,-0.588846,30 Hato Mayor,2020,26,val
-8.212067,13.398514,0.25848383,0.2896007,30 Hato Mayor,2020,27,val
-7.0142484,12.649995,0.12675755,-0.30068848,30 Hato Mayor,2020,28,val
-6.786773,12.6741495,-0.119722866,-0.20135,30 Hato Mayor,2020,29,val
-6.464341,12.227487,-0.20686114,-0.81386876,30 Hato Mayor,2020,30,val
-8.3101,11.284994,11.088561,1.6493664,30 Hato Mayor,2020,31,val
-6.4613585,12.730926,-2.2699487,0.2650039,30 Hato Mayor,2020,32,val
-7.1244807,12.4951315,-1.9319769,0.39895234,30 Hato Mayor,2020,33,val
-10.114468,11.666831,9.6365385,1.5472331,30 Hato Mayor,2020,34,val
1.6098306,11.170008,-4.17318,3.0244567,30 Hato Mayor,2020,35,val
1.2736827,10.481106,-3.1817722,5.181842,30 Hato Mayor,2020,36,val
1.0770482,11.102946,-2.7931678,6.1021237,30 Hato Mayor,2020,37,val
2.5365522,10.401337,-3.0320568,5.2477355,30 Hato Mayor,2020,38,val
2.8901265,9.86866,-2.5635223,5.607479,30 Hato Mayor,2020,39,val
0.6929469,9.814763,-2.147344,9.198216,30 Hato Mayor,2020,40,val
2.8653057,8.214868,-1.5752133,8.505684,30 Hato Mayor,2020,41,val
1.2053629,8.5531845,-0.4100951,9.068239,30 Hato Mayor,2020,42,val
4.009799,6.356286,-0.76468456,9.023353,30 Hato Mayor,2020,43,val
2.9735765,5.5070696,0.2969295,8.438871,30 Hato Mayor,2020,44,val
7.055425,-0.9834273,-4.463445,7.948279,30 Hato Mayor,2020,45,val
6.172433,-1.015701,-3.5316346,8.498809,30 Hato Mayor,2020,46,val
-0.2761345,4.1568494,1.8212146,11.57366,30 Hato Mayor,2020,47,val
0.34784976,2.8911612,1.0903031,12.427189,30 Hato Mayor,2020,48,val
1.0650163,1.6848044,-0.47748378,12.652048,30 Hato Mayor,2020,49,val
-1.5730702,2.6651452,0.07911677,13.311443,30 Hato Mayor,2020,50,val
-1.0917705,1.7995918,0.2555974,12.082113,30 Hato Mayor,2020,51,val
-10.838462,6.741016,3.0666912,10.431397,30 Hato Mayor,2020,52,val
-12.910634,6.8277917,1.9071344,11.762902,30 Hato Mayor,2021,1,val
-11.760513,6.3278275,1.5155609,10.730287,30 Hato Mayor,2021,2,val
-11.554031,5.6736674,0.9489865,10.788566,30 Hato Mayor,2021,3,val
-12.378753,4.7615676,0.40133244,10.776738,30 Hato Mayor,2021,4,val
-7.750675,0.9101047,-4.640374,9.602773,30 Hato Mayor,2021,5,val
-8.306373,0.055642214,-4.975458,8.1443615,30 Hato Mayor,2021,6,val
-9.719124,0.090121925,-5.582379,7.6196632,30 Hato Mayor,2021,7,val
-8.98551,-0.4770623,-6.7411675,6.8686004,30 Hato Mayor,2021,8,val
-10.878376,-0.4864722,-8.484861,7.0063753,30 Hato Mayor,2021,9,val
-8.128974,-2.3398085,-10.242646,6.3295116,30 Hato Mayor,2021,10,val
-10.665309,-2.2647731,-10.791634,5.04334,30 Hato Mayor,2021,11,val
-7.9616823,-2.5427191,-11.582059,4.006889,30 Hato Mayor,2021,12,val
-8.265304,-2.4869633,-11.985253,2.3025467,30 Hato Mayor,2021,13,val
-8.716832,-2.1277187,-13.266229,3.1915858,30 Hato Mayor,2021,14,val
-9.466855,-0.5587823,-13.987552,1.5668582,30 Hato Mayor,2021,15,val
-8.245115,-0.02428614,-12.151012,0.3283399,30 Hato Mayor,2021,16,val
-6.6766076,-0.9593124,-12.8792095,0.94816643,30 Hato Mayor,2021,17,val
-6.518477,0.37053823,-11.272304,-0.27475622,30 Hato Mayor,2021,18,val
-6.1972113,1.2337791,-10.805976,-0.29660416,30 Hato Mayor,2021,19,val
-5.9170365,2.2691884,-10.9676695,0.53545135,30 Hato Mayor,2021,20,val
-4.5545607,2.6417303,-9.872493,-0.15733114,30 Hato Mayor,2021,21,val
-2.8282177,2.5717764,-8.635953,-0.21687979,30 Hato Mayor,2021,22,val
4.263286,-1.9589771,-9.405677,-1.0188476,30 Hato Mayor,2021,23,val
-2.0151165,5.1615467,-7.166684,-1.9980183,30 Hato Mayor,2021,24,val
-0.8100842,5.1477847,-7.9303927,-0.1299535,30 Hato Mayor,2021,25,val
-1.4403461,6.8077044,-6.9760957,-1.366649,30 Hato Mayor,2021,26,val
-6.660448,12.027162,0.42764008,-0.846607,30 Hato Mayor,2021,27,val
-7.01751,12.509553,1.4044584,1.9832525,30 Hato Mayor,2021,28,val
-5.9715066,12.134171,0.3734716,0.09922341,30 Hato Mayor,2021,29,val
-6.933912,12.657462,0.28053018,0.56225055,30 Hato Mayor,2021,30,val
-5.6840477,12.344496,0.49358526,1.0797672,30 Hato Mayor,2021,31,val
-9.272984,12.510966,12.8748455,2.6505046,30 Hato Mayor,2021,32,val
-6.3106437,11.820339,2.4800606,0.8941126,30 Hato Mayor,2021,33,val
-5.578568,11.223806,0.11244882,-2.3449008,30 Hato Mayor,2021,34,val
3.5015519,10.487421,-2.9463131,1.1167558,30 Hato Mayor,2021,35,val
1.4121604,10.765066,-3.4502742,4.82705,30 Hato Mayor,2021,36,val
0.78970724,10.942869,-1.9928933,6.0598693,30 Hato Mayor,2021,37,val
2.041306,10.376448,-2.7585943,5.177454,30 Hato Mayor,2021,38,val
1.9052757,10.467058,-2.4501283,7.628902,30 Hato Mayor,2021,39,val
2.7884438,8.095585,-1.2290394,5.814084,30 Hato Mayor,2021,40,val
0.4935807,9.698099,-0.60581046,9.455804,30 Hato Mayor,2021,41,val
3.199778,7.381699,-0.7410009,8.474701,30 Hato Mayor,2021,42,val
4.645056,5.8143654,-0.21322349,8.480497,30 Hato Mayor,2021,43,val
3.3929818,5.452494,0.55651283,8.506033,30 Hato Mayor,2021,44,val
4.9227605,4.057895,0.40252614,8.71307,30 Hato Mayor,2021,45,val
5.645565,2.646232,0.7454158,8.048293,30 Hato Mayor,2021,46,val
4.284133,2.5467217,0.7667507,10.078327,30 Hato Mayor,2021,47,val
-0.7025837,-3.6788068,2.953744,9.194309,30 Hato Mayor,2021,48,val
-0.6423528,-3.9419603,2.7499597,8.698933,30 Hato Mayor,2021,49,val
-1.6355953,-3.8394294,3.086743,9.03202,30 Hato Mayor,2021,50,val
-1.7427882,-4.133192,3.2849488,10.180252,30 Hato Mayor,2021,51,val
-12.130914,-0.50152755,7.3820376,5.6665225,30 Hato Mayor,2021,52,val
-11.874702,-5.0468597,15.72308,2.2480612,31 San José de Ocoa,2015,1,train
-13.175383,-7.6374216,15.584792,2.6492298,31 San José de Ocoa,2015,2,train
-9.271243,-8.241358,14.353242,4.123376,31 San José de Ocoa,2015,3,train
-12.245307,-11.554212,15.252521,3.8683279,31 San José de Ocoa,2015,4,train
-1.9821829,-15.974927,3.7050214,4.2436423,31 San José de Ocoa,2015,5,train
-4.9762955,-16.447351,1.666782,4.6842113,31 San José de Ocoa,2015,6,train
-4.033158,-16.141666,-0.078552365,3.8074932,31 San José de Ocoa,2015,7,train
-7.2325244,-16.844488,-0.6342917,2.0549335,31 San José de Ocoa,2015,8,train
-7.498703,-16.812408,-2.4448078,0.705043,31 San José de Ocoa,2015,9,train
-8.433239,-17.544216,-1.9947126,-1.1714627,31 San José de Ocoa,2015,10,train
-10.413237,-17.73413,-2.1157978,-2.9172742,31 San José de Ocoa,2015,11,train
-7.1482234,-18.551304,-4.8971047,-4.7061253,31 San José de Ocoa,2015,12,train
-5.8157635,-16.72192,-5.7198896,-6.101905,31 San José de Ocoa,2015,13,train
-6.653107,-16.140347,-7.517293,-4.3609195,31 San José de Ocoa,2015,14,train
-6.3430777,-13.955165,-7.3947926,-5.6485505,31 San José de Ocoa,2015,15,train
-7.7479634,-14.744801,-8.469275,-9.144101,31 San José de Ocoa,2015,16,train
-4.3951154,-3.0811782,-17.621801,-7.091711,31 San José de Ocoa,2015,17,train
-6.0340366,-1.2733848,-17.965479,-9.3777895,31 San José de Ocoa,2015,18,train
-5.6639576,1.0153689,-16.927353,-7.218113,31 San José de Ocoa,2015,19,train
-7.2808285,3.5256524,-16.531532,-8.206969,31 San José de Ocoa,2015,20,train
-3.0327098,2.9386382,-15.38161,-7.1240683,31 San José de Ocoa,2015,21,train
-1.8707172,3.3260148,-15.121914,-7.188283,31 San José de Ocoa,2015,22,train
0.07003589,3.4544847,-12.796889,-7.327811,31 San José de Ocoa,2015,23,train
-1.2048888,6.482511,-11.977489,-8.948219,31 San José de Ocoa,2015,24,train
-1.0927765,8.557687,-11.156746,-9.655448,31 San José de Ocoa,2015,25,train
0.34625712,8.255831,-9.808785,-8.563888,31 San José de Ocoa,2015,26,train
-7.474631,16.04667,7.583394,-10.531358,31 San José de Ocoa,2015,27,train
-8.170504,16.920591,8.921059,-10.868238,31 San José de Ocoa,2015,28,train
-7.5934415,16.855368,9.710314,-11.144788,31 San José de Ocoa,2015,29,train
-7.231893,16.786322,8.908562,-10.170676,31 San José de Ocoa,2015,30,train
-8.586297,17.090958,7.846125,-12.355513,31 San José de Ocoa,2015,31,train
-7.159182,14.823296,9.173204,-11.173454,31 San José de Ocoa,2015,32,train
-7.344788,14.147699,10.275042,-12.46094,31 San José de Ocoa,2015,33,train
-5.9320617,13.995364,11.747473,-12.650593,31 San José de Ocoa,2015,34,train
16.10716,3.2231443,-4.4042315,-0.3089022,31 San José de Ocoa,2015,35,train
11.724711,9.766334,6.3705907,-1.8856133,31 San José de Ocoa,2015,36,train
13.361075,9.099709,6.148308,-1.3852836,31 San José de Ocoa,2015,37,train
14.379929,7.9325294,7.746067,-1.7517289,31 San José de Ocoa,2015,38,train
11.825234,7.6005273,9.8335,-1.8971008,31 San José de Ocoa,2015,39,train
14.943035,4.600736,11.602561,-2.2207499,31 San José de Ocoa,2015,40,train
14.60967,2.9881074,9.827481,-1.8798395,31 San José de Ocoa,2015,41,train
16.375595,0.5228167,13.06629,-3.3719165,31 San José de Ocoa,2015,42,train
13.936207,0.98432624,13.679638,-0.776953,31 San José de Ocoa,2015,43,train
13.669082,0.3628977,13.532187,-0.2992354,31 San José de Ocoa,2015,44,train
13.180989,-0.47398594,12.005747,3.049894,31 San José de Ocoa,2015,45,train
13.648468,-0.85705143,11.866318,4.400273,31 San José de Ocoa,2015,46,train
15.208571,-1.9653643,10.730434,7.0725856,31 San José de Ocoa,2015,47,train
9.103964,-8.774146,12.589193,4.3551707,31 San José de Ocoa,2015,48,train
5.5950055,-6.72383,11.874348,4.8383155,31 San José de Ocoa,2015,49,train
5.6517863,-7.6096406,12.150762,5.8642836,31 San José de Ocoa,2015,50,train
5.992079,-8.681677,11.819666,6.1132927,31 San José de Ocoa,2015,51,train
-8.943841,-2.8023677,15.993616,-0.5447425,31 San José de Ocoa,2015,52,train
-10.791203,-9.050954,21.50831,-4.6183186,31 San José de Ocoa,2016,1,train
-11.876783,-11.467421,20.519571,-3.5620399,31 San José de Ocoa,2016,2,train
-12.221547,-13.025804,19.41381,-4.9472427,31 San José de Ocoa,2016,3,train
-8.932085,-12.644994,17.299788,-3.185266,31 San José de Ocoa,2016,4,train
-3.2152681,-20.400648,9.309386,-0.9490058,31 San José de Ocoa,2016,5,train
-2.8671503,-18.350122,6.5385036,-1.7575135,31 San José de Ocoa,2016,6,train
-4.1318526,-19.000881,5.2495646,-2.5085356,31 San José de Ocoa,2016,7,train
-5.3518267,-20.657946,5.026468,-4.078998,31 San José de Ocoa,2016,8,train
-2.6633363,-18.940823,3.3578222,-5.3307486,31 San José de Ocoa,2016,9,train
-9.761833,-19.694746,-1.9760208,-2.0201092,31 San José de Ocoa,2016,10,train
-6.2506742,-18.260925,-3.6842387,-4.174204,31 San José de Ocoa,2016,11,train
-7.4446316,-16.94271,-3.9812775,-6.694721,31 San José de Ocoa,2016,12,train
-6.249356,-17.357925,-4.7365522,-8.234841,31 San José de Ocoa,2016,13,train
-1.8660241,-15.595495,-2.8369038,-9.032385,31 San José de Ocoa,2016,14,train
-2.9568996,-16.301823,-2.527771,-10.463148,31 San José de Ocoa,2016,15,train
-0.5250335,-15.098415,-1.8827364,-9.40305,31 San José de Ocoa,2016,16,train
12.218947,-13.6652565,-6.163736,-8.392859,31 San José de Ocoa,2016,17,train
2.8237386,-12.68579,-3.4097242,-8.658284,31 San José de Ocoa,2016,18,train
1.7085642,-9.682935,-6.623349,-8.72353,31 San José de Ocoa,2016,19,train
-2.1645665,1.4397819,-15.401977,-2.1471076,31 San José de Ocoa,2016,20,train
-1.300582,2.1768355,-15.614709,-1.0425426,31 San José de Ocoa,2016,21,train
-0.16481827,2.7747433,-15.412765,1.5078726,31 San José de Ocoa,2016,22,train
-1.1882275,6.989643,-14.502712,-0.85506463,31 San José de Ocoa,2016,23,train
-2.3203757,10.247624,-13.510436,-3.2921193,31 San José de Ocoa,2016,24,train
-0.5142486,10.080506,-12.731785,-0.9416754,31 San José de Ocoa,2016,25,train
0.375291,10.884409,-11.681409,-1.0775582,31 San José de Ocoa,2016,26,train
-6.1152816,17.781157,2.603984,-4.928739,31 San José de Ocoa,2016,27,train
-7.374823,18.692047,2.8418016,-5.0841694,31 San José de Ocoa,2016,28,train
-6.3784995,18.700151,3.743157,-3.457411,31 San José de Ocoa,2016,29,train
-7.172242,18.572765,3.8524935,-3.8765302,31 San José de Ocoa,2016,30,train
-6.8295603,18.23805,4.7657666,-2.9593122,31 San José de Ocoa,2016,31,train
-6.9675655,19.264366,1.7835811,-2.022333,31 San José de Ocoa,2016,32,train
-8.048793,19.49855,0.504445,-5.5274887,31 San José de Ocoa,2016,33,train
-10.907622,17.22381,15.367944,3.4395697,31 San José de Ocoa,2016,34,train
6.7296934,15.756911,-2.3661325,3.2431252,31 San José de Ocoa,2016,35,train
6.7244234,15.967524,-2.6846385,4.824285,31 San José de Ocoa,2016,36,train
7.675547,15.791531,-2.3662858,4.5179563,31 San José de Ocoa,2016,37,train
6.255398,15.2660055,-0.94257975,5.5913844,31 San José de Ocoa,2016,38,train
7.5871916,12.861193,0.10433324,5.8960485,31 San José de Ocoa,2016,39,train
14.107313,1.2631403,-9.361903,6.5886874,31 San José de Ocoa,2016,40,train
5.6724668,11.9621725,3.6989672,10.992376,31 San José de Ocoa,2016,41,train
4.628213,11.112066,4.189034,13.383893,31 San José de Ocoa,2016,42,train
5.4987984,9.181762,4.8413243,12.42496,31 San José de Ocoa,2016,43,train
14.531777,-0.5327072,-3.5269272,12.147561,31 San José de Ocoa,2016,44,train
12.762185,-2.237072,-5.9801054,10.827742,31 San José de Ocoa,2016,45,train
11.344637,-1.9266278,-6.066292,13.242442,31 San José de Ocoa,2016,46,train
2.9369848,3.136238,6.2649846,16.162008,31 San José de Ocoa,2016,47,train
4.6384163,2.8532338,5.062871,17.769268,31 San José de Ocoa,2016,48,train
7.004742,1.0640901,4.5057178,17.303907,31 San José de Ocoa,2016,49,train
5.35327,1.2168388,5.4119925,15.518715,31 San José de Ocoa,2016,50,train
5.086058,0.50198275,4.7450676,15.307428,31 San José de Ocoa,2016,51,train
-12.359718,-2.8216908,13.055649,9.771582,31 San José de Ocoa,2016,52,train
-16.474457,-5.036948,13.358763,9.4660015,31 San José de Ocoa,2017,1,train
-14.684205,-5.705129,11.219786,10.094517,31 San José de Ocoa,2017,2,train
-25.547668,-10.135443,12.4703455,13.396232,31 San José de Ocoa,2017,3,train
-22.182491,-9.851584,11.964221,13.581628,31 San José de Ocoa,2017,4,train
-9.267262,-13.862208,2.4441223,10.822327,31 San José de Ocoa,2017,5,train
-10.367318,-14.669756,0.9429082,10.415381,31 San José de Ocoa,2017,6,train
-9.39018,-15.629918,-2.55731,11.327472,31 San José de Ocoa,2017,7,train
-11.712506,-17.128172,-4.2296143,10.629402,31 San José de Ocoa,2017,8,train
-12.537864,-15.444115,-2.528447,3.6500938,31 San José de Ocoa,2017,9,train
-11.856409,-15.826784,-6.5580845,3.7746248,31 San José de Ocoa,2017,10,train
-10.796083,-15.798061,-9.095775,1.0578482,31 San José de Ocoa,2017,11,train
-7.761102,-14.28372,-12.813385,1.2604196,31 San José de Ocoa,2017,12,train
-10.314773,-15.283397,-13.467991,-2.7478316,31 San José de Ocoa,2017,13,train
-9.796919,-16.726387,-8.151005,-9.089463,31 San José de Ocoa,2017,14,train
-9.182548,-16.626127,-9.030957,-8.439438,31 San José de Ocoa,2017,15,train
6.1352925,-12.614802,-9.712216,-1.1522154,31 San José de Ocoa,2017,16,train
0.7587351,-12.328086,-9.0720215,-4.773264,31 San José de Ocoa,2017,17,train
-0.21523106,-12.384397,-7.995742,-8.272423,31 San José de Ocoa,2017,18,train
-0.43389708,-12.461169,-8.218797,-10.526755,31 San José de Ocoa,2017,19,train
-4.661108,2.8196554,-16.49854,0.22515415,31 San José de Ocoa,2017,20,train
-8.579265,8.970744,-16.775682,-4.1415944,31 San José de Ocoa,2017,21,train
-6.0777216,9.165444,-14.796437,-3.855533,31 San José de Ocoa,2017,22,train
-7.068405,12.311341,-15.899134,-5.2604957,31 San José de Ocoa,2017,23,train
-4.895099,11.8756075,-12.869337,-5.789742,31 San José de Ocoa,2017,24,train
-2.6626806,11.715576,-11.549832,-4.997275,31 San José de Ocoa,2017,25,train
-2.2798784,13.292403,-10.545201,-5.2519126,31 San José de Ocoa,2017,26,train
-8.719923,19.344107,0.11916395,-5.289707,31 San José de Ocoa,2017,27,train
-9.08917,21.42012,2.0093405,-0.50560707,31 San José de Ocoa,2017,28,train
-7.738178,18.707281,0.44895884,-4.7533393,31 San José de Ocoa,2017,29,train
-8.839968,19.7546,-0.062398825,-6.078367,31 San José de Ocoa,2017,30,train
-7.3162613,18.001202,-0.018703017,-5.7145762,31 San José de Ocoa,2017,31,train
-9.673149,20.99468,0.6118039,-4.5533285,31 San José de Ocoa,2017,32,train
-6.489338,17.423199,1.1444932,-3.91447,31 San José de Ocoa,2017,33,train
-8.05615,19.250278,1.7220675,-4.123025,31 San José de Ocoa,2017,34,train
9.37531,16.061205,-4.9712853,2.2606018,31 San José de Ocoa,2017,35,train
16.300323,6.9335127,-6.8623357,6.100325,31 San José de Ocoa,2017,36,train
6.285831,16.020727,0.29339355,8.475538,31 San José de Ocoa,2017,37,train
8.09722,14.303306,1.1004676,7.9610205,31 San José de Ocoa,2017,38,train
10.757505,13.838311,0.40617418,8.842332,31 San José de Ocoa,2017,39,train
9.740772,12.638501,0.7821845,10.8363495,31 San José de Ocoa,2017,40,train
9.372985,11.673628,1.9754798,12.447754,31 San José de Ocoa,2017,41,train
8.375568,8.977971,3.550797,10.681899,31 San José de Ocoa,2017,42,train
11.2187805,8.031578,2.661038,14.249025,31 San José de Ocoa,2017,43,train
10.937804,6.045966,3.0682428,14.483418,31 San José de Ocoa,2017,44,train
12.597651,-2.5072594,-4.6802707,13.821404,31 San José de Ocoa,2017,45,train
12.759906,-3.3196182,-4.6300697,14.606414,31 San José de Ocoa,2017,46,train
5.9959097,3.6759734,2.7972667,20.834162,31 San José de Ocoa,2017,47,train
7.6241655,1.9286603,3.1032336,20.153543,31 San José de Ocoa,2017,48,train
-0.27011788,-6.038079,6.575088,16.392021,31 San José de Ocoa,2017,49,train
0.9667608,-8.866015,5.759131,19.558905,31 San José de Ocoa,2017,50,train
0.33613285,-7.487741,5.7579813,14.72729,31 San José de Ocoa,2017,51,train
-18.186054,-3.2684915,12.927643,9.998714,31 San José de Ocoa,2017,52,train
-15.576356,-2.0810332,12.594824,13.729315,31 San José de Ocoa,2018,1,train
-14.275387,-3.2856863,11.53421,11.052633,31 San José de Ocoa,2018,2,train
-13.279346,-5.2519355,10.507434,9.887815,31 San José de Ocoa,2018,3,train
-12.982659,-5.7412024,8.814037,8.740426,31 San José de Ocoa,2018,4,train
-9.364148,-12.937742,1.5230097,11.268845,31 San José de Ocoa,2018,5,train
-8.361494,-12.251604,-0.010872943,8.053276,31 San José de Ocoa,2018,6,train
-8.865201,-12.564514,-1.6563201,8.087695,31 San José de Ocoa,2018,7,train
-8.402662,-12.305968,-2.7645764,6.1752906,31 San José de Ocoa,2018,8,train
-13.481119,-17.700096,-6.009836,9.381828,31 San José de Ocoa,2018,9,train
-14.582329,-17.22944,-10.278019,5.084383,31 San José de Ocoa,2018,10,train
-13.034315,-16.104582,-11.548613,2.0678158,31 San José de Ocoa,2018,11,train
-10.502101,-15.022152,-13.841958,1.3958426,31 San José de Ocoa,2018,12,train
-14.387283,-15.82766,-12.103456,-1.5473343,31 San José de Ocoa,2018,13,train
-8.850588,-15.099068,-13.717841,-3.309862,31 San José de Ocoa,2018,14,train
-9.594864,-13.16077,-11.559892,-6.9838305,31 San José de Ocoa,2018,15,train
-9.159484,-13.061461,-12.358915,-7.8441997,31 San José de Ocoa,2018,16,train
-5.8416286,-11.529641,-13.1075535,-7.9364543,31 San José de Ocoa,2018,17,train
-6.5612416,-4.403765,-17.867981,-2.9507935,31 San José de Ocoa,2018,18,train
-5.3811913,-4.294717,-16.792574,-8.215029,31 San José de Ocoa,2018,19,train
-3.1086624,-3.2023277,-13.949213,-8.924738,31 San José de Ocoa,2018,20,train
-5.7616415,0.34756008,-13.27138,-12.705492,31 San José de Ocoa,2018,21,train
-4.636226,1.4884654,-12.450839,-12.523831,31 San José de Ocoa,2018,22,train
-4.9913745,3.5562851,-12.547835,-14.0923605,31 San José de Ocoa,2018,23,train
-2.3099504,3.800734,-12.527501,-12.692828,31 San José de Ocoa,2018,24,train
-0.75291556,4.0694427,-12.363372,-11.727885,31 San José de Ocoa,2018,25,train
-2.1730487,7.3021817,-10.168444,-12.481058,31 San José de Ocoa,2018,26,train
-9.377717,18.798573,6.2320333,-8.697972,31 San José de Ocoa,2018,27,train
-7.894081,18.212828,7.133557,-7.02818,31 San José de Ocoa,2018,28,train
-6.624594,18.044748,6.1034303,-6.937342,31 San José de Ocoa,2018,29,train
-9.251764,19.580063,6.4561715,-8.750346,31 San José de Ocoa,2018,30,train
-7.9099126,18.763533,5.022344,-8.822659,31 San José de Ocoa,2018,31,train
-9.316479,18.85895,5.7036915,-10.164015,31 San José de Ocoa,2018,32,train
-8.140735,17.762918,6.468997,-8.593861,31 San José de Ocoa,2018,33,train
-8.856119,18.140703,6.4311695,-9.303959,31 San José de Ocoa,2018,34,train
9.157022,12.969002,0.83079726,0.35058826,31 San José de Ocoa,2018,35,train
13.3599615,13.524122,1.5355446,1.4893606,31 San José de Ocoa,2018,36,train
13.116395,12.57837,3.2013788,3.035776,31 San José de Ocoa,2018,37,train
11.617208,11.833865,1.9619677,1.5180112,31 San José de Ocoa,2018,38,train
11.257896,11.153301,2.606346,2.14879,31 San José de Ocoa,2018,39,train
14.597761,10.938927,4.556575,7.183926,31 San José de Ocoa,2018,40,train
10.335014,10.010848,6.83244,6.7731795,31 San José de Ocoa,2018,41,train
13.007569,7.017964,4.682981,7.1248584,31 San José de Ocoa,2018,42,train
14.673657,6.895419,5.7871895,8.89178,31 San José de Ocoa,2018,43,train
14.017549,5.078062,6.1776843,9.478475,31 San José de Ocoa,2018,44,train
14.640237,3.2679775,6.0026393,9.862257,31 San José de Ocoa,2018,45,train
10.510917,3.1847126,7.32491,8.970597,31 San José de Ocoa,2018,46,train
14.643576,1.2812672,7.3724313,11.551729,31 San José de Ocoa,2018,47,train
6.894196,-8.868264,9.673154,11.1985035,31 San José de Ocoa,2018,48,train
5.75831,-8.236864,7.926779,11.630792,31 San José de Ocoa,2018,49,train
5.7049775,-8.842367,7.9998856,12.017772,31 San José de Ocoa,2018,50,train
6.216984,-11.022706,8.909124,13.681959,31 San José de Ocoa,2018,51,train
-13.1265745,-2.7272854,14.064036,4.0537157,31 San José de Ocoa,2018,52,train
-15.975447,-5.440919,15.5921955,3.4525478,31 San José de Ocoa,2019,1,train
-18.440117,-9.267255,17.746485,4.3841815,31 San José de Ocoa,2019,2,train
-19.09607,-11.224675,17.683651,4.5933433,31 San José de Ocoa,2019,3,train
-16.320803,-11.030719,14.25214,4.0149536,31 San José de Ocoa,2019,4,train
-6.479033,-17.23102,4.458201,5.824891,31 San José de Ocoa,2019,5,train
-6.9183593,-19.635393,5.6575923,2.648634,31 San José de Ocoa,2019,6,train
-6.3297977,-18.617697,3.6900504,1.2639221,31 San José de Ocoa,2019,7,train
-8.781681,-17.862347,2.3410263,-0.61194927,31 San José de Ocoa,2019,8,train
-10.484596,-20.823008,2.6113563,-1.7411397,31 San José de Ocoa,2019,9,train
-12.182654,-19.61859,-1.8465697,-1.3551087,31 San José de Ocoa,2019,10,train
-12.96199,-20.199596,-3.383415,-3.214634,31 San José de Ocoa,2019,11,train
-11.246977,-21.19931,-5.595696,-5.7346005,31 San José de Ocoa,2019,12,train
-1.6883422,-16.12526,-7.382963,-4.1946077,31 San José de Ocoa,2019,13,train
-7.218088,-15.327589,-8.166464,-5.2086225,31 San José de Ocoa,2019,14,train
-8.410634,-17.445316,-9.332619,-6.902649,31 San José de Ocoa,2019,15,train
-9.962947,-14.7254715,-8.312582,-10.848829,31 San José de Ocoa,2019,16,train
-2.3614783,-13.3700905,-9.190623,-8.196072,31 San José de Ocoa,2019,17,train
-6.867113,-2.560143,-17.103867,-4.174731,31 San José de Ocoa,2019,18,train
-6.2675834,0.9827536,-18.041962,-4.6986966,31 San José de Ocoa,2019,19,train
-6.0795946,3.4499502,-18.627495,-6.080888,31 San José de Ocoa,2019,20,train
-3.3400362,2.4921439,-17.259455,-3.0588212,31 San José de Ocoa,2019,21,train
-2.1997504,3.445658,-16.676525,-3.1070113,31 San José de Ocoa,2019,22,train
-1.1655287,5.6352777,-15.674797,-3.8117003,31 San José de Ocoa,2019,23,train
-3.0353315,9.236942,-12.786563,-7.828573,31 San José de Ocoa,2019,24,train
-1.7451751,11.238149,-10.489301,-9.599286,31 San José de Ocoa,2019,25,train
-1.493461,12.395745,-10.60701,-8.506529,31 San José de Ocoa,2019,26,train
-4.6169014,13.960687,12.033462,-16.307144,31 San José de Ocoa,2019,27,train
-2.5437815,11.432113,10.637085,-18.712069,31 San José de Ocoa,2019,28,train
-3.3694434,12.379972,8.526888,-20.362284,31 San José de Ocoa,2019,29,train
-2.0331814,11.22638,8.458231,-22.323288,31 San José de Ocoa,2019,30,train
-0.75282407,10.535966,10.964457,-20.360537,31 San José de Ocoa,2019,31,train
-0.45793632,10.965627,11.113993,-20.219336,31 San José de Ocoa,2019,32,train
-2.2604012,11.249253,6.7378864,-19.24838,31 San José de Ocoa,2019,33,train
-1.610147,10.748639,9.977847,-20.612852,31 San José de Ocoa,2019,34,train
16.057703,9.401707,5.1999536,-10.488707,31 San José de Ocoa,2019,35,train
16.608225,7.708071,6.7380934,-6.622453,31 San José de Ocoa,2019,36,train
18.975653,5.9936604,9.855023,-8.806697,31 San José de Ocoa,2019,37,train
22.684834,-4.832229,-2.2815273,-5.4818788,31 San José de Ocoa,2019,38,train
13.403495,8.885161,9.986444,0.03202599,31 San José de Ocoa,2019,39,train
15.986299,7.9377437,8.2936,3.8740509,31 San José de Ocoa,2019,40,train
16.110268,6.8990664,6.5332003,5.0010905,31 San José de Ocoa,2019,41,train
15.910174,6.407626,8.043894,5.8216577,31 San José de Ocoa,2019,42,train
14.337469,4.1541924,8.102586,5.832995,31 San José de Ocoa,2019,43,train
15.5151825,2.7443564,6.778127,7.0713816,31 San José de Ocoa,2019,44,train
13.22015,2.6527467,8.516113,7.2594647,31 San José de Ocoa,2019,45,train
12.720536,2.0030158,10.128982,8.7657995,31 San José de Ocoa,2019,46,train
13.694298,-0.10894629,10.777844,9.84574,31 San José de Ocoa,2019,47,train
16.46074,-1.7990054,9.621305,10.033303,31 San José de Ocoa,2019,48,train
6.041311,-7.8157897,12.33475,7.50814,31 San José de Ocoa,2019,49,train
4.050986,-6.791489,11.022022,6.6214695,31 San José de Ocoa,2019,50,train
4.07715,-7.863293,10.833445,7.5227156,31 San José de Ocoa,2019,51,train
-11.749975,-4.397496,18.97728,3.0221305,31 San José de Ocoa,2019,52,train
-11.483993,-4.51361,16.06544,3.3946817,31 San José de Ocoa,2020,1,val
-13.985986,-6.175003,16.101826,3.352944,31 San José de Ocoa,2020,2,val
-11.301161,-6.6536717,14.077086,4.133548,31 San José de Ocoa,2020,3,val
-9.323081,-7.829022,16.042786,4.6244545,31 San José de Ocoa,2020,4,val
-4.6546245,-18.067902,4.974213,5.6214404,31 San José de Ocoa,2020,5,val
-6.2110233,-16.352434,4.037763,2.992071,31 San José de Ocoa,2020,6,val
-6.091311,-15.30293,1.6796438,1.6564469,31 San José de Ocoa,2020,7,val
-4.353769,-16.694954,0.065736994,1.2077755,31 San José de Ocoa,2020,8,val
-5.1007924,-17.506132,-1.4303496,0.16043472,31 San José de Ocoa,2020,9,val
-6.888756,-19.052742,-0.80326396,-2.6795444,31 San José de Ocoa,2020,10,val
-6.7819114,-20.251553,-2.7535086,-3.383912,31 San José de Ocoa,2020,11,val
-10.370288,-19.628822,-3.425227,-4.4408784,31 San José de Ocoa,2020,12,val
-6.2851453,-19.371113,-5.2209816,-6.940687,31 San José de Ocoa,2020,13,val
-7.904552,-19.290638,-8.385774,-8.080282,31 San José de Ocoa,2020,14,val
-1.919256,-13.922958,-6.9270196,-10.280638,31 San José de Ocoa,2020,15,val
-7.23492,-16.198574,-6.9425564,-12.3810835,31 San José de Ocoa,2020,16,val
-5.5059347,-14.86255,-6.3356624,-13.639599,31 San José de Ocoa,2020,17,val
-6.097708,-15.246006,-5.784949,-15.345375,31 San José de Ocoa,2020,18,val
-3.24136,-11.06016,-6.963677,-14.048251,31 San José de Ocoa,2020,19,val
-6.1226697,4.0278416,-17.011042,-2.0139997,31 San José de Ocoa,2020,20,val
-6.1674085,6.977398,-17.468775,-1.3633667,31 San José de Ocoa,2020,21,val
-6.5908995,8.932549,-18.374802,-0.9322733,31 San José de Ocoa,2020,22,val
-5.1808934,11.432658,-15.473765,-3.4782183,31 San José de Ocoa,2020,23,val
-4.0397315,12.339415,-17.237358,-0.6733281,31 San José de Ocoa,2020,24,val
-2.797389,13.437241,-12.900677,-3.482797,31 San José de Ocoa,2020,25,val
-3.5980952,15.440887,-11.189248,-4.7103715,31 San José de Ocoa,2020,26,val
-9.546032,21.376024,1.4249592,-2.0391757,31 San José de Ocoa,2020,27,val
-9.292119,21.059927,1.1258752,-3.3543108,31 San José de Ocoa,2020,28,val
-8.66965,20.249264,0.5855502,-3.7543309,31 San José de Ocoa,2020,29,val
-7.6875024,19.29395,0.7549699,-3.7947552,31 San José de Ocoa,2020,30,val
-11.252087,16.208807,14.423056,1.263459,31 San José de Ocoa,2020,31,val
-7.4482164,20.091032,-1.4772432,-2.5199614,31 San José de Ocoa,2020,32,val
-8.12726,19.829714,-0.3949191,-1.3784634,31 San José de Ocoa,2020,33,val
-11.258466,17.092962,13.543465,2.7002847,31 San José de Ocoa,2020,34,val
5.5090446,17.471022,-5.1878963,4.877655,31 San José de Ocoa,2020,35,val
4.7693324,16.459167,-4.0675893,6.259353,31 San José de Ocoa,2020,36,val
4.6141567,17.46533,-3.3083172,10.322751,31 San José de Ocoa,2020,37,val
7.1814513,16.886524,-3.5518076,11.83266,31 San José de Ocoa,2020,38,val
8.179264,15.547972,-2.210163,11.201614,31 San José de Ocoa,2020,39,val
6.8224697,13.184674,-1.7748185,13.399897,31 San José de Ocoa,2020,40,val
8.818368,12.13043,-1.7783396,15.644766,31 San José de Ocoa,2020,41,val
6.7020054,10.967821,0.43319237,14.952998,31 San José de Ocoa,2020,42,val
7.720881,9.337232,0.9973509,16.251038,31 San José de Ocoa,2020,43,val
6.523243,6.177459,2.3643982,13.691432,31 San José de Ocoa,2020,44,val
12.736978,-1.8979957,-4.0765076,14.905934,31 San José de Ocoa,2020,45,val
2.4904373,4.194307,4.048507,18.126776,31 San José de Ocoa,2020,46,val
3.9105706,2.4438803,3.4060512,19.215702,31 San José de Ocoa,2020,47,val
7.484501,0.4443519,1.8086965,20.545288,31 San José de Ocoa,2020,48,val
-1.0634617,-7.000994,4.6491156,19.404137,31 San José de Ocoa,2020,49,val
-3.2759686,-5.725779,5.675744,18.905495,31 San José de Ocoa,2020,50,val
-1.6543278,-7.6606083,4.2768025,18.448849,31 San José de Ocoa,2020,51,val
-16.671446,-1.6411837,10.856367,13.777959,31 San José de Ocoa,2020,52,val
-19.758732,-2.6048653,10.4863825,16.891443,31 San José de Ocoa,2021,1,val
-19.73163,-3.6800668,9.684172,15.944448,31 San José de Ocoa,2021,2,val
-17.057354,-4.3224874,8.625784,12.460881,31 San José de Ocoa,2021,3,val
-20.382187,-6.0476,7.8310537,12.731617,31 San José de Ocoa,2021,4,val
-10.320296,-10.949621,-0.62584513,14.527552,31 San José de Ocoa,2021,5,val
-10.197114,-11.189854,-0.66259676,10.158069,31 San José de Ocoa,2021,6,val
-13.443171,-12.544121,-3.1692414,11.683532,31 San José de Ocoa,2021,7,val
-11.527395,-12.122438,-4.7667956,8.110599,31 San José de Ocoa,2021,8,val
-14.566259,-14.623061,-9.760151,10.437539,31 San José de Ocoa,2021,9,val
-10.191368,-13.701678,-9.671556,7.867827,31 San José de Ocoa,2021,10,val
-13.086545,-15.289104,-10.443342,4.851159,31 San José de Ocoa,2021,11,val
-9.143043,-13.341716,-13.427846,4.6741395,31 San José de Ocoa,2021,12,val
-8.153566,-12.534042,-13.325326,0.7004537,31 San José de Ocoa,2021,13,val
-5.8898106,-12.717926,-14.344291,3.0017378,31 San José de Ocoa,2021,14,val
-12.479341,-14.800156,-15.8558445,-2.062314,31 San José de Ocoa,2021,15,val
-10.225718,-12.682126,-14.147265,-5.6766367,31 San José de Ocoa,2021,16,val
-7.0998993,-11.550217,-14.010484,-5.142597,31 San José de Ocoa,2021,17,val
-9.598184,-0.02323601,-18.964817,-1.3566263,31 San José de Ocoa,2021,18,val
-8.060822,1.0605383,-18.443874,-2.3318825,31 San José de Ocoa,2021,19,val
-7.9892282,2.2237978,-18.72148,-2.00113,31 San José de Ocoa,2021,20,val
-7.1909485,4.9076796,-16.557415,-4.289272,31 San José de Ocoa,2021,21,val
-4.278681,4.2826924,-13.841217,-4.602034,31 San José de Ocoa,2021,22,val
7.0357985,-2.7766116,-12.321197,-2.2164297,31 San José de Ocoa,2021,23,val
-3.763884,8.651143,-12.380847,-6.3713303,31 San José de Ocoa,2021,24,val
-3.1645012,9.374021,-15.464388,-1.9020188,31 San José de Ocoa,2021,25,val
-1.4760532,9.589703,-11.811483,-3.7987475,31 San José de Ocoa,2021,26,val
-8.747523,19.967567,1.0970582,-3.467674,31 San José de Ocoa,2021,27,val
-9.302665,19.650568,0.50043434,-3.596583,31 San José de Ocoa,2021,28,val
-8.927839,21.138203,1.4770166,-1.9993571,31 San José de Ocoa,2021,29,val
-10.084756,22.225082,1.0960026,-2.5885813,31 San José de Ocoa,2021,30,val
-8.245073,20.007622,-0.17210428,-4.8977923,31 San José de Ocoa,2021,31,val
-11.964016,16.886501,15.34474,1.9253109,31 San José de Ocoa,2021,32,val
-10.606134,15.765671,14.2931,2.0899646,31 San José de Ocoa,2021,33,val
-8.665356,19.03022,1.739259,-6.7333226,31 San José de Ocoa,2021,34,val
9.294692,16.823254,-3.3601713,4.1335573,31 San José de Ocoa,2021,35,val
6.480168,17.180155,-4.7941065,6.5115113,31 San José de Ocoa,2021,36,val
7.5521493,16.72986,-3.7925367,9.752968,31 San José de Ocoa,2021,37,val
5.88503,16.344315,-2.7120254,9.602007,31 San José de Ocoa,2021,38,val
5.510722,15.960784,-2.1898804,13.160665,31 San José de Ocoa,2021,39,val
9.440969,12.770291,-1.9510735,12.942815,31 San José de Ocoa,2021,40,val
4.307324,13.358106,0.26116922,15.459645,31 San José de Ocoa,2021,41,val
7.0096774,10.615091,0.668363,15.311393,31 San José de Ocoa,2021,42,val
8.875415,9.004525,0.27830163,19.747158,31 San José de Ocoa,2021,43,val
7.619761,6.83206,1.8000345,18.355988,31 San José de Ocoa,2021,44,val
9.947278,4.8675613,1.8708111,17.080973,31 San José de Ocoa,2021,45,val
10.417493,3.0018842,2.3994336,16.52673,31 San José de Ocoa,2021,46,val
5.9699397,3.0681992,2.6709757,20.708021,31 San José de Ocoa,2021,47,val
7.0124073,1.3321416,2.5464213,18.540691,31 San José de Ocoa,2021,48,val
6.7291837,0.46195582,2.63566,17.511017,31 San José de Ocoa,2021,49,val
4.7456574,0.014588599,3.1519382,15.741673,31 San José de Ocoa,2021,50,val
3.3076222,0.43602327,1.3389668,21.07312,31 San José de Ocoa,2021,51,val
-17.242365,-2.920646,11.5939,10.296956,31 San José de Ocoa,2021,52,val
-7.301878,-9.609351,20.614672,9.735065,32 Santo Domingo,2015,1,train
-7.8043723,-11.982958,19.894587,9.813098,32 Santo Domingo,2015,2,train
-7.4122,-12.470115,19.679567,9.761981,32 Santo Domingo,2015,3,train
-7.6951056,-15.193368,18.006714,9.146073,32 Santo Domingo,2015,4,train
-0.25227776,-24.009544,2.519079,6.9726777,32 Santo Domingo,2015,5,train
-0.909805,-24.954094,-1.7512747,7.5198884,32 Santo Domingo,2015,6,train
-1.2747979,-24.947227,-2.533528,6.066034,32 Santo Domingo,2015,7,train
-2.0917501,-27.383217,-4.1067696,4.440786,32 Santo Domingo,2015,8,train
-1.6597917,-27.064384,-6.8707643,2.4689503,32 Santo Domingo,2015,9,train
-1.6373286,-26.44217,-6.479931,-0.32345745,32 Santo Domingo,2015,10,train
-2.1422172,-26.74373,-7.5655904,-3.1394985,32 Santo Domingo,2015,11,train
-1.9526808,-26.565453,-9.813409,-7.739797,32 Santo Domingo,2015,12,train
-0.120269865,-24.185543,-11.624721,-10.142132,32 Santo Domingo,2015,13,train
-0.79510325,-23.05642,-13.883525,-8.584891,32 Santo Domingo,2015,14,train
0.30934754,-20.69157,-14.371577,-9.4147,32 Santo Domingo,2015,15,train
-0.3244335,-19.591566,-15.214604,-14.433731,32 Santo Domingo,2015,16,train
0.7764031,-3.237564,-25.116575,-10.1194935,32 Santo Domingo,2015,17,train
0.34547794,-1.0814362,-24.797974,-11.3794775,32 Santo Domingo,2015,18,train
0.9274371,1.3925258,-25.229982,-10.105146,32 Santo Domingo,2015,19,train
0.051976502,3.5176435,-23.150816,-10.505286,32 Santo Domingo,2015,20,train
3.1169991,3.6422677,-22.47048,-9.471564,32 Santo Domingo,2015,21,train
4.441111,4.562335,-22.277775,-9.35462,32 Santo Domingo,2015,22,train
5.3854165,5.5360045,-20.324873,-10.068739,32 Santo Domingo,2015,23,train
6.052978,7.9260507,-19.57432,-10.697377,32 Santo Domingo,2015,24,train
6.40521,10.322886,-17.439964,-10.898505,32 Santo Domingo,2015,25,train
8.410585,10.645273,-16.591135,-9.769999,32 Santo Domingo,2015,26,train
0.31285912,22.802572,5.7786126,-9.515563,32 Santo Domingo,2015,27,train
-0.08321735,23.605164,6.838777,-9.674228,32 Santo Domingo,2015,28,train
0.4618897,23.616533,6.7675443,-9.745238,32 Santo Domingo,2015,29,train
0.50114435,24.19593,7.5566354,-10.070128,32 Santo Domingo,2015,30,train
0.45939392,23.931808,5.3925276,-11.973386,32 Santo Domingo,2015,31,train
1.0556867,23.175488,7.2735953,-11.967777,32 Santo Domingo,2015,32,train
1.0318172,22.826105,7.7665563,-11.598458,32 Santo Domingo,2015,33,train
1.2174922,22.387806,8.903711,-10.300413,32 Santo Domingo,2015,34,train
23.638645,4.4610705,-11.004436,-3.5569746,32 Santo Domingo,2015,35,train
13.80164,18.870977,11.036306,-4.403626,32 Santo Domingo,2015,36,train
14.563952,17.895922,11.654207,-3.6678157,32 Santo Domingo,2015,37,train
14.109165,16.3845,15.113186,-2.090558,32 Santo Domingo,2015,38,train
14.014832,15.312024,16.762177,-2.2688613,32 Santo Domingo,2015,39,train
15.449007,11.283314,17.784256,-2.4905725,32 Santo Domingo,2015,40,train
17.425388,9.125018,18.49805,-2.0346699,32 Santo Domingo,2015,41,train
15.750247,8.606438,20.855019,-1.102671,32 Santo Domingo,2015,42,train
16.739422,7.2063093,21.147837,0.43067047,32 Santo Domingo,2015,43,train
14.938714,6.420031,21.793953,3.1507883,32 Santo Domingo,2015,44,train
11.400114,6.869022,21.305582,6.600396,32 Santo Domingo,2015,45,train
11.384093,6.510235,21.353186,7.3845587,32 Santo Domingo,2015,46,train
14.056669,3.799901,20.456306,9.83518,32 Santo Domingo,2015,47,train
6.483237,-8.199794,22.703892,8.432199,32 Santo Domingo,2015,48,train
3.0336294,-5.6251845,22.919218,9.170703,32 Santo Domingo,2015,49,train
3.2569208,-7.290838,22.344292,10.208393,32 Santo Domingo,2015,50,train
2.6251342,-8.401955,21.992113,10.803303,32 Santo Domingo,2015,51,train
-5.096981,-6.4664354,24.085129,7.111235,32 Santo Domingo,2015,52,train
-5.1062856,-13.425334,25.673466,3.2403378,32 Santo Domingo,2016,1,train
-4.871441,-14.761441,23.607897,3.2398884,32 Santo Domingo,2016,2,train
-5.130607,-16.826633,21.952494,2.0614762,32 Santo Domingo,2016,3,train
-4.616559,-16.993568,21.605616,2.7758834,32 Santo Domingo,2016,4,train
2.6440246,-28.637123,8.275381,1.6424875,32 Santo Domingo,2016,5,train
1.8074455,-27.756023,4.9672523,0.4276904,32 Santo Domingo,2016,6,train
1.5381299,-28.838165,3.5779579,-0.4427981,32 Santo Domingo,2016,7,train
1.00586,-29.722673,2.2732446,-2.3152888,32 Santo Domingo,2016,8,train
1.2427853,-27.90472,0.4401722,-4.392339,32 Santo Domingo,2016,9,train
-2.660825,-29.345652,-6.0922165,-1.3448046,32 Santo Domingo,2016,10,train
0.048819628,-27.633024,-8.119518,-5.711113,32 Santo Domingo,2016,11,train
0.5412259,-25.12783,-10.154803,-9.282596,32 Santo Domingo,2016,12,train
0.6732027,-25.631151,-11.469382,-10.954858,32 Santo Domingo,2016,13,train
2.407298,-24.038202,-9.75026,-12.78428,32 Santo Domingo,2016,14,train
0.77262884,-22.92982,-9.49308,-17.01183,32 Santo Domingo,2016,15,train
2.8752518,-22.29803,-8.629347,-14.170151,32 Santo Domingo,2016,16,train
17.827997,-19.78833,-11.972632,-11.936087,32 Santo Domingo,2016,17,train
5.317482,-3.6827483,-23.49747,-4.3457427,32 Santo Domingo,2016,18,train
4.4167976,-2.6257539,-23.288675,-4.100542,32 Santo Domingo,2016,19,train
4.6719418,0.72504133,-23.733505,-5.4394336,32 Santo Domingo,2016,20,train
5.357694,1.7014452,-23.190687,-4.064076,32 Santo Domingo,2016,21,train
14.423609,-4.2311525,-23.17693,0.08215461,32 Santo Domingo,2016,22,train
6.414369,5.7000585,-21.84112,-4.5445538,32 Santo Domingo,2016,23,train
6.4006696,9.709246,-21.49883,-5.926878,32 Santo Domingo,2016,24,train
7.447834,8.453885,-19.295832,-2.212555,32 Santo Domingo,2016,25,train
7.6598787,11.14865,-17.885859,-2.8318918,32 Santo Domingo,2016,26,train
-0.30371287,24.87272,4.8209696,-2.9532735,32 Santo Domingo,2016,27,train
-0.10489147,25.993643,4.2794538,-3.69327,32 Santo Domingo,2016,28,train
0.086461596,26.168518,4.88809,-3.2467718,32 Santo Domingo,2016,29,train
-0.14030424,25.786886,6.0691147,-1.8333735,32 Santo Domingo,2016,30,train
-5.21539,22.06703,15.852916,4.9795074,32 Santo Domingo,2016,31,train
-0.30199814,27.191494,5.2971907,-1.0231531,32 Santo Domingo,2016,32,train
-0.12856959,27.394411,2.9814122,-3.3259413,32 Santo Domingo,2016,33,train
-1.9126476,26.049553,9.626542,3.8882315,32 Santo Domingo,2016,34,train
8.884307,25.651306,1.0404861,1.8885541,32 Santo Domingo,2016,35,train
8.361053,25.45775,2.7340703,4.6515403,32 Santo Domingo,2016,36,train
8.721825,25.028215,2.4619744,4.1673565,32 Santo Domingo,2016,37,train
8.741425,24.743748,4.323157,5.729581,32 Santo Domingo,2016,38,train
8.172452,22.723969,6.28581,7.3763194,32 Santo Domingo,2016,39,train
19.012442,3.3603587,-15.558918,7.7682743,32 Santo Domingo,2016,40,train
7.1030116,19.593779,11.584245,11.490614,32 Santo Domingo,2016,41,train
6.03577,17.159267,13.361746,14.17422,32 Santo Domingo,2016,42,train
7.604102,15.44854,13.085098,15.005077,32 Santo Domingo,2016,43,train
6.6706076,13.862145,14.3857975,16.717043,32 Santo Domingo,2016,44,train
5.6379466,12.3779745,15.000251,16.989914,32 Santo Domingo,2016,45,train
4.494164,11.30167,15.714755,18.124561,32 Santo Domingo,2016,46,train
4.383222,8.661072,15.453283,19.911148,32 Santo Domingo,2016,47,train
-2.1623023,-4.8201737,17.144354,20.058891,32 Santo Domingo,2016,48,train
-2.295876,-5.344883,17.13634,19.821032,32 Santo Domingo,2016,49,train
-2.5217505,-6.000401,17.012974,19.648535,32 Santo Domingo,2016,50,train
-3.349319,-6.116744,17.0078,19.991842,32 Santo Domingo,2016,51,train
-10.144789,-6.431983,19.91528,17.305471,32 Santo Domingo,2016,52,train
-10.514992,-8.364569,19.727362,17.39846,32 Santo Domingo,2017,1,train
-10.649847,-10.009577,17.881752,16.5922,32 Santo Domingo,2017,2,train
-12.974848,-14.299107,17.374008,17.763756,32 Santo Domingo,2017,3,train
-12.088368,-14.108045,16.169685,16.539516,32 Santo Domingo,2017,4,train
-3.1279876,-22.936607,-0.17535914,14.236333,32 Santo Domingo,2017,5,train
-2.9506454,-23.876282,-3.438876,11.982985,32 Santo Domingo,2017,6,train
-3.0488858,-25.18631,-5.5810604,11.020603,32 Santo Domingo,2017,7,train
-4.0841064,-26.927532,-6.7225947,8.634753,32 Santo Domingo,2017,8,train
-4.606578,-25.760017,-7.4933214,5.6561236,32 Santo Domingo,2017,9,train
-2.733938,-25.143097,-11.821268,5.069824,32 Santo Domingo,2017,10,train
-2.6248314,-25.202213,-14.741797,0.9266866,32 Santo Domingo,2017,11,train
-1.0842601,-22.973078,-17.766556,-2.9753115,32 Santo Domingo,2017,12,train
-3.0143037,-21.87651,-18.746733,-9.064911,32 Santo Domingo,2017,13,train
1.2654393,-22.495705,-14.472783,-13.379748,32 Santo Domingo,2017,14,train
-1.8910681,-21.757568,-13.44531,-17.03094,32 Santo Domingo,2017,15,train
11.312453,-20.634651,-17.05162,-4.1489143,32 Santo Domingo,2017,16,train
13.824161,-19.746735,-18.31601,-5.700842,32 Santo Domingo,2017,17,train
4.0458684,-3.7842495,-25.722876,-3.2688546,32 Santo Domingo,2017,18,train
3.9326055,0.00019402253,-26.131254,-4.6615353,32 Santo Domingo,2017,19,train
4.736791,0.54652005,-23.487959,-3.3286865,32 Santo Domingo,2017,20,train
4.896138,3.7484193,-23.656544,-5.2385564,32 Santo Domingo,2017,21,train
5.759613,4.206927,-23.023403,-3.7890005,32 Santo Domingo,2017,22,train
6.25684,6.554314,-21.693674,-5.851751,32 Santo Domingo,2017,23,train
6.7086487,9.642266,-21.125525,-5.76053,32 Santo Domingo,2017,24,train
7.5293665,10.9863405,-19.69597,-5.539559,32 Santo Domingo,2017,25,train
7.840826,11.687409,-17.594975,-4.9584794,32 Santo Domingo,2017,26,train
-0.6730611,25.913612,4.2728095,-1.6370991,32 Santo Domingo,2017,27,train
-1.165306,26.888159,6.5896606,0.76480216,32 Santo Domingo,2017,28,train
-0.20079838,26.769331,3.5884929,-2.4104617,32 Santo Domingo,2017,29,train
-0.52040905,26.694904,6.7097797,0.044313367,32 Santo Domingo,2017,30,train
-0.38553694,27.787237,4.126184,-2.1634848,32 Santo Domingo,2017,31,train
-0.52441674,27.466354,6.358228,0.06791074,32 Santo Domingo,2017,32,train
-0.57799613,26.849407,6.224171,0.21778096,32 Santo Domingo,2017,33,train
-0.42389327,26.93811,6.3588734,-0.16159493,32 Santo Domingo,2017,34,train
8.678238,25.74065,2.391165,2.6050863,32 Santo Domingo,2017,35,train
7.6813483,24.506462,5.3140893,4.964442,32 Santo Domingo,2017,36,train
7.065785,24.783796,7.5259643,6.1434226,32 Santo Domingo,2017,37,train
7.340335,23.042625,8.459629,7.2609844,32 Santo Domingo,2017,38,train
8.140796,23.303253,9.129144,8.01061,32 Santo Domingo,2017,39,train
6.877581,22.040728,10.569008,10.379202,32 Santo Domingo,2017,40,train
8.416363,20.062395,10.807714,12.563255,32 Santo Domingo,2017,41,train
7.2554927,17.793257,12.729741,13.702341,32 Santo Domingo,2017,42,train
8.529522,16.26664,13.333191,15.769036,32 Santo Domingo,2017,43,train
9.529476,14.19227,13.214368,16.52204,32 Santo Domingo,2017,44,train
13.789815,-0.99821305,-15.141409,16.197906,32 Santo Domingo,2017,45,train
1.5210207,12.876058,16.341385,18.588423,32 Santo Domingo,2017,46,train
6.897578,10.211208,14.883513,20.331003,32 Santo Domingo,2017,47,train
7.6154537,8.429412,14.746591,19.875824,32 Santo Domingo,2017,48,train
-2.4187412,-5.8616624,16.655062,20.704699,32 Santo Domingo,2017,49,train
-1.8641021,-8.434303,15.886508,22.242952,32 Santo Domingo,2017,50,train
-2.662981,-7.925547,15.794021,20.383442,32 Santo Domingo,2017,51,train
-10.411365,-6.6926293,19.382248,17.34019,32 Santo Domingo,2017,52,train
-10.1946945,-4.67186,20.256975,17.869638,32 Santo Domingo,2018,1,train
-10.435165,-5.59843,19.07189,17.816662,32 Santo Domingo,2018,2,train
-9.967715,-7.111206,18.02653,16.761747,32 Santo Domingo,2018,3,train
-9.824998,-8.466019,16.569647,15.835292,32 Santo Domingo,2018,4,train
-2.6313002,-23.125343,-1.9392467,14.23105,32 Santo Domingo,2018,5,train
-2.6456947,-22.048597,-4.834151,11.422212,32 Santo Domingo,2018,6,train
-3.5004027,-24.69603,-5.921029,11.114171,32 Santo Domingo,2018,7,train
-3.9784594,-25.382755,-7.4680467,9.348301,32 Santo Domingo,2018,8,train
-5.869376,-28.198645,-9.74582,9.70403,32 Santo Domingo,2018,9,train
-3.5067275,-26.631445,-14.028535,5.2019835,32 Santo Domingo,2018,10,train
-0.6737227,-23.454163,-17.090412,1.5312202,32 Santo Domingo,2018,11,train
-1.3854582,-23.379585,-18.574886,-1.6356622,32 Santo Domingo,2018,12,train
-4.2823663,-23.396519,-18.581656,-3.8229613,32 Santo Domingo,2018,13,train
0.08362864,-20.987644,-20.00631,-9.22923,32 Santo Domingo,2018,14,train
0.7661855,-19.558405,-19.90856,-10.777062,32 Santo Domingo,2018,15,train
1.8339043,-18.717667,-20.33092,-10.29271,32 Santo Domingo,2018,16,train
2.3706205,-17.01408,-19.83124,-11.975404,32 Santo Domingo,2018,17,train
4.403638,-7.812138,-24.430445,-7.233755,32 Santo Domingo,2018,18,train
5.337045,-7.715247,-22.970789,-9.142855,32 Santo Domingo,2018,19,train
5.747215,-6.0602655,-22.870361,-9.94777,32 Santo Domingo,2018,20,train
5.6955357,-3.1633277,-22.59658,-11.353661,32 Santo Domingo,2018,21,train
6.853819,-2.2441652,-21.394567,-10.280893,32 Santo Domingo,2018,22,train
6.7727757,1.0687197,-20.932602,-11.960232,32 Santo Domingo,2018,23,train
7.3146276,2.6080935,-19.855919,-11.602215,32 Santo Domingo,2018,24,train
8.557545,2.6585498,-17.146828,-8.851598,32 Santo Domingo,2018,25,train
7.383914,8.018674,-17.58456,-12.887964,32 Santo Domingo,2018,26,train
-0.9056983,26.245438,3.6862986,-9.016316,32 Santo Domingo,2018,27,train
-0.112788014,24.369978,9.5275135,-2.995326,32 Santo Domingo,2018,28,train
0.13061398,24.869871,9.470542,-3.2889783,32 Santo Domingo,2018,29,train
0.31987625,25.914494,8.689477,-4.3008027,32 Santo Domingo,2018,30,train
0.56476486,25.912006,7.4519625,-5.2682776,32 Santo Domingo,2018,31,train
0.4754154,25.196194,10.728058,-2.9555354,32 Santo Domingo,2018,32,train
0.4450252,25.28467,11.130062,-2.7098117,32 Santo Domingo,2018,33,train
0.5525178,25.51676,10.556414,-3.4491107,32 Santo Domingo,2018,34,train
8.799114,22.199455,9.489386,2.6438828,32 Santo Domingo,2018,35,train
10.893896,23.460758,8.226764,0.73977256,32 Santo Domingo,2018,36,train
10.4105015,22.452028,9.602467,1.9328406,32 Santo Domingo,2018,37,train
9.80145,21.989206,10.810137,2.7166162,32 Santo Domingo,2018,38,train
9.962867,21.321276,11.937139,3.9244351,32 Santo Domingo,2018,39,train
10.642714,19.726088,14.08464,8.747112,32 Santo Domingo,2018,40,train
22.913076,-0.88634837,-12.858592,6.679259,32 Santo Domingo,2018,41,train
11.827822,16.12229,14.513854,10.728491,32 Santo Domingo,2018,42,train
12.182869,14.819149,15.2224,11.904918,32 Santo Domingo,2018,43,train
12.116917,12.93807,15.659748,12.992349,32 Santo Domingo,2018,44,train
9.232751,12.24341,17.272997,12.874183,32 Santo Domingo,2018,45,train
6.511213,11.793951,18.457779,12.762797,32 Santo Domingo,2018,46,train
11.563631,9.178675,17.501339,15.164469,32 Santo Domingo,2018,47,train
1.9042059,-5.698884,20.507215,15.457876,32 Santo Domingo,2018,48,train
1.0582976,-5.876867,19.416773,16.526495,32 Santo Domingo,2018,49,train
1.0759747,-7.28275,19.942257,17.687302,32 Santo Domingo,2018,50,train
1.5829519,-9.730506,19.305716,18.358236,32 Santo Domingo,2018,51,train
-8.142585,-6.6714697,20.952793,12.858058,32 Santo Domingo,2018,52,train
-8.73312,-9.991425,21.490995,12.562272,32 Santo Domingo,2019,1,train
-9.402787,-12.681831,21.810034,13.124538,32 Santo Domingo,2019,2,train
-9.653803,-14.538774,20.893026,13.013708,32 Santo Domingo,2019,3,train
-8.928487,-14.745954,19.339077,12.196352,32 Santo Domingo,2019,4,train
-0.3900693,-26.020407,1.4568774,10.007656,32 Santo Domingo,2019,5,train
0.25144,-28.01697,1.8800422,5.088101,32 Santo Domingo,2019,6,train
0.18345322,-27.90738,-0.057959363,3.4211953,32 Santo Domingo,2019,7,train
-1.1777796,-29.315353,-0.8174002,1.307139,32 Santo Domingo,2019,8,train
-1.7712549,-31.133722,-1.4635811,-0.89329565,32 Santo Domingo,2019,9,train
-1.439659,-29.309488,-7.5369234,-0.18183008,32 Santo Domingo,2019,10,train
-1.561419,-28.81034,-9.85426,-2.9426339,32 Santo Domingo,2019,11,train
-0.5370587,-28.775919,-11.989648,-5.4021335,32 Santo Domingo,2019,12,train
2.5428221,-24.6744,-13.204024,-7.238719,32 Santo Domingo,2019,13,train
1.355204,-22.980053,-15.912864,-10.098818,32 Santo Domingo,2019,14,train
2.2121372,-22.191483,-16.807484,-9.97616,32 Santo Domingo,2019,15,train
2.092632,-20.938856,-16.915766,-13.428771,32 Santo Domingo,2019,16,train
2.582933,-20.00847,-16.697584,-14.68417,32 Santo Domingo,2019,17,train
3.415941,-4.303302,-25.275133,-7.5787835,32 Santo Domingo,2019,18,train
3.476314,-0.43421933,-26.003502,-7.830849,32 Santo Domingo,2019,19,train
5.3557835,0.029524207,-24.474411,-7.660265,32 Santo Domingo,2019,20,train
6.384274,1.1056169,-23.744415,-5.8264265,32 Santo Domingo,2019,21,train
7.0486956,1.2176263,-22.76575,-5.0722475,32 Santo Domingo,2019,22,train
7.1631594,4.702481,-21.846926,-6.0098577,32 Santo Domingo,2019,23,train
7.8184075,7.68459,-21.282192,-7.5354705,32 Santo Domingo,2019,24,train
8.174956,9.57986,-19.299738,-7.5679193,32 Santo Domingo,2019,25,train
9.1868515,11.256368,-17.486315,-7.697882,32 Santo Domingo,2019,26,train
2.1436489,23.75795,7.8583217,-10.4443,32 Santo Domingo,2019,27,train
3.0250258,22.327238,10.736751,-9.647834,32 Santo Domingo,2019,28,train
3.595981,21.88441,9.414206,-12.148572,32 Santo Domingo,2019,29,train
4.300419,21.404621,10.169675,-14.1095295,32 Santo Domingo,2019,30,train
4.064801,20.989157,12.721743,-11.837226,32 Santo Domingo,2019,31,train
4.119416,21.289694,12.518549,-11.21572,32 Santo Domingo,2019,32,train
4.236484,21.346872,12.743896,-11.5069065,32 Santo Domingo,2019,33,train
4.010532,20.757366,15.008222,-9.978906,32 Santo Domingo,2019,34,train
13.835386,20.581387,7.955597,-8.527275,32 Santo Domingo,2019,35,train
14.456423,18.921513,11.01403,-7.032339,32 Santo Domingo,2019,36,train
14.392505,19.02838,11.220277,-6.7806826,32 Santo Domingo,2019,37,train
25.736792,0.32413006,-10.373851,-3.9020762,32 Santo Domingo,2019,38,train
12.07131,17.869848,16.430527,0.4275463,32 Santo Domingo,2019,39,train
12.20996,17.017927,17.88969,3.8777888,32 Santo Domingo,2019,40,train
14.476283,15.369164,16.625763,4.6391845,32 Santo Domingo,2019,41,train
14.179282,14.106001,17.44824,6.590034,32 Santo Domingo,2019,42,train
11.237688,12.913576,18.90705,8.068133,32 Santo Domingo,2019,43,train
13.952866,10.733185,17.723549,9.607182,32 Santo Domingo,2019,44,train
12.288015,10.260749,18.679396,10.55893,32 Santo Domingo,2019,45,train
11.143351,9.842962,19.449934,11.714081,32 Santo Domingo,2019,46,train
14.681791,6.909288,18.421192,12.81279,32 Santo Domingo,2019,47,train
17.058384,4.705054,16.469011,13.259353,32 Santo Domingo,2019,48,train
2.4291956,-5.498701,22.588488,11.131018,32 Santo Domingo,2019,49,train
2.2384143,-5.35392,22.64747,11.003309,32 Santo Domingo,2019,50,train
1.8059821,-7.564159,21.509855,12.323785,32 Santo Domingo,2019,51,train
-6.383333,-7.190905,23.622105,9.62608,32 Santo Domingo,2019,52,train
-7.23457,-8.042364,22.16867,11.232939,32 Santo Domingo,2020,1,val
-7.6534443,-9.737553,20.924706,10.588692,32 Santo Domingo,2020,2,val
-7.6295967,-10.888557,20.470154,10.775026,32 Santo Domingo,2020,3,val
-7.426905,-11.014767,20.94949,10.497114,32 Santo Domingo,2020,4,val
0.633857,-25.463978,2.8669827,8.448355,32 Santo Domingo,2020,5,val
0.69694406,-26.00672,0.39364713,5.351444,32 Santo Domingo,2020,6,val
0.39200896,-27.245476,-2.0413263,3.68322,32 Santo Domingo,2020,7,val
0.61381114,-27.534588,-3.9512043,2.6521819,32 Santo Domingo,2020,8,val
0.3870976,-28.717232,-5.2871985,0.11180511,32 Santo Domingo,2020,9,val
1.376739,-28.810802,-6.7201686,-2.259174,32 Santo Domingo,2020,10,val
1.4088222,-29.55027,-8.293858,-3.9326286,32 Santo Domingo,2020,11,val
0.1589088,-28.870535,-9.947745,-7.5602484,32 Santo Domingo,2020,12,val
2.2007463,-27.327747,-11.961116,-9.929282,32 Santo Domingo,2020,13,val
0.6744901,-26.426489,-14.617309,-12.868126,32 Santo Domingo,2020,14,val
3.3824694,-22.90101,-14.2340975,-13.013064,32 Santo Domingo,2020,15,val
3.1465087,-22.554764,-14.262559,-15.24571,32 Santo Domingo,2020,16,val
3.376054,-21.449488,-14.036362,-16.195913,32 Santo Domingo,2020,17,val
3.597562,-0.7198975,-27.45124,-5.4735003,32 Santo Domingo,2020,18,val
4.4587173,-0.26696822,-24.970251,-5.1143394,32 Santo Domingo,2020,19,val
4.963845,1.5012208,-24.967731,-5.3289466,32 Santo Domingo,2020,20,val
5.136363,3.7584624,-23.79777,-5.3968415,32 Santo Domingo,2020,21,val
5.8828535,5.403455,-23.974745,-4.7222867,32 Santo Domingo,2020,22,val
6.024327,8.9732065,-22.805311,-6.6063085,32 Santo Domingo,2020,23,val
6.634436,11.08419,-21.91156,-6.7630377,32 Santo Domingo,2020,24,val
7.3914094,12.724819,-20.229736,-6.5742474,32 Santo Domingo,2020,25,val
7.7217274,16.38234,-17.667562,-5.9305058,32 Santo Domingo,2020,26,val
-0.6821656,27.335066,4.8591404,-1.3426135,32 Santo Domingo,2020,27,val
-0.40444645,28.325586,2.9339752,-3.285302,32 Santo Domingo,2020,28,val
-0.10651409,28.40184,3.464078,-3.029885,32 Santo Domingo,2020,29,val
-0.15429677,28.275982,4.3042955,-1.9499944,32 Santo Domingo,2020,30,val
-0.17771117,27.238321,5.0540876,-0.9968006,32 Santo Domingo,2020,31,val
-0.47650275,29.8329,2.5402565,-1.6271844,32 Santo Domingo,2020,32,val
-0.41562313,28.411085,2.3538072,-1.6194369,32 Santo Domingo,2020,33,val
-4.5522604,23.357578,13.547324,7.568923,32 Santo Domingo,2020,34,val
7.798418,27.259575,-0.037527274,2.5496502,32 Santo Domingo,2020,35,val
6.3529534,26.029474,4.5384474,7.024205,32 Santo Domingo,2020,36,val
7.5869827,26.81021,3.9415534,5.999857,32 Santo Domingo,2020,37,val
8.641996,26.493496,3.4651234,5.878701,32 Santo Domingo,2020,38,val
9.652596,25.1388,4.2938933,7.4393783,32 Santo Domingo,2020,39,val
4.889121,22.96592,9.722366,13.690451,32 Santo Domingo,2020,40,val
8.754941,21.044666,9.048939,14.730134,32 Santo Domingo,2020,41,val
5.4338202,19.925406,11.994391,15.268597,32 Santo Domingo,2020,42,val
8.00074,17.177904,12.266427,17.468857,32 Santo Domingo,2020,43,val
6.142805,15.184355,13.682633,17.747334,32 Santo Domingo,2020,44,val
16.073828,-2.0045712,-11.880349,16.150892,32 Santo Domingo,2020,45,val
16.824606,-4.043507,-13.471829,16.441523,32 Santo Domingo,2020,46,val
4.151806,10.097197,15.536248,20.31481,32 Santo Domingo,2020,47,val
7.8259926,7.4424205,13.863634,21.75309,32 Santo Domingo,2020,48,val
-2.4954195,-6.5938234,15.337494,22.733597,32 Santo Domingo,2020,49,val
-4.134556,-5.148926,16.719606,22.517233,32 Santo Domingo,2020,50,val
-3.9195871,-6.2588706,15.777721,21.796661,32 Santo Domingo,2020,51,val
-10.850654,-4.7438135,19.75914,18.923094,32 Santo Domingo,2020,52,val
-12.265823,-7.0664263,19.387547,20.16322,32 Santo Domingo,2021,1,val
-11.5751095,-7.1519933,18.749622,19.584402,32 Santo Domingo,2021,2,val
-11.229023,-7.983813,17.55387,18.353394,32 Santo Domingo,2021,3,val
-11.803866,-10.354541,15.816784,17.768286,32 Santo Domingo,2021,4,val
-3.077823,-19.992096,-3.0812314,14.60779,32 Santo Domingo,2021,5,val
-2.8771038,-23.165148,-5.9310565,12.908366,32 Santo Domingo,2021,6,val
-2.882692,-24.48684,-8.824499,11.711405,32 Santo Domingo,2021,7,val
-4.041902,-25.686905,-9.995172,10.450216,32 Santo Domingo,2021,8,val
-3.547364,-25.93644,-12.850616,8.952177,32 Santo Domingo,2021,9,val
8.582015,-22.94684,-18.025885,4.721268,32 Santo Domingo,2021,10,val
-4.219542,-26.738895,-15.261238,4.21025,32 Santo Domingo,2021,11,val
-0.93301284,-23.45501,-18.296106,0.46714944,32 Santo Domingo,2021,12,val
-0.22904766,-22.083366,-20.358372,-3.5016632,32 Santo Domingo,2021,13,val
0.8464859,-22.390644,-19.694448,-3.1265044,32 Santo Domingo,2021,14,val
-0.88249487,-22.804632,-20.661528,-9.186336,32 Santo Domingo,2021,15,val
2.071371,-19.721207,-20.578691,-9.936699,32 Santo Domingo,2021,16,val
3.0394845,-5.9302845,-27.408812,-4.5776014,32 Santo Domingo,2021,17,val
3.7603612,-3.812736,-27.013796,-5.9393325,32 Santo Domingo,2021,18,val
4.817014,-3.3807435,-25.570965,-5.794088,32 Santo Domingo,2021,19,val
5.2282314,-1.4375815,-25.745852,-5.597789,32 Santo Domingo,2021,20,val
5.9505186,0.9497667,-24.937113,-5.79475,32 Santo Domingo,2021,21,val
6.5664024,1.3462414,-23.776455,-5.2571826,32 Santo Domingo,2021,22,val
7.28593,2.1797252,-23.127596,-5.078092,32 Santo Domingo,2021,23,val
7.2836204,6.525198,-21.825062,-7.4090996,32 Santo Domingo,2021,24,val
7.967472,6.302007,-19.968195,-4.811342,32 Santo Domingo,2021,25,val
14.902993,0.0012291244,-21.680536,-1.47436,32 Santo Domingo,2021,26,val
-0.8648133,27.26973,4.3883896,-1.5672457,32 Santo Domingo,2021,27,val
-1.0684369,26.980465,5.876176,0.30394953,32 Santo Domingo,2021,28,val
-0.56392676,28.280266,5.137048,-1.1281024,32 Santo Domingo,2021,29,val
-0.77484006,28.729523,5.889204,-0.16558139,32 Santo Domingo,2021,30,val
-0.5044739,28.850798,5.800909,-0.58390975,32 Santo Domingo,2021,31,val
-5.282638,23.08049,15.65687,6.357931,32 Santo Domingo,2021,32,val
-0.8113698,27.270721,8.767946,1.5430492,32 Santo Domingo,2021,33,val
0.12550627,28.43625,5.187705,-3.022648,32 Santo Domingo,2021,34,val
9.031531,26.858862,2.1152918,1.2282605,32 Santo Domingo,2021,35,val
7.7441044,26.984516,2.302315,4.203027,32 Santo Domingo,2021,36,val
7.4386954,26.78321,4.7062154,5.947164,32 Santo Domingo,2021,37,val
8.385283,26.421637,3.9327683,5.398683,32 Santo Domingo,2021,38,val
8.642365,25.320292,6.8072042,9.146125,32 Santo Domingo,2021,39,val
8.850179,22.62983,7.4722595,10.778874,32 Santo Domingo,2021,40,val
17.518963,4.9310265,-12.608639,11.791011,32 Santo Domingo,2021,41,val
19.561726,2.454075,-13.339917,12.959685,32 Santo Domingo,2021,42,val
8.941189,16.899954,12.631068,18.023926,32 Santo Domingo,2021,43,val
7.6152563,15.302531,13.855097,18.138916,32 Santo Domingo,2021,44,val
9.768661,12.758778,13.261534,18.851816,32 Santo Domingo,2021,45,val
11.863197,9.581272,11.1171875,18.50133,32 Santo Domingo,2021,46,val
9.44712,9.154931,14.124971,20.57779,32 Santo Domingo,2021,47,val
-1.2158732,-5.0951414,16.428133,20.822403,32 Santo Domingo,2021,48,val
-1.3639762,-6.413782,15.484212,20.865234,32 Santo Domingo,2021,49,val
-1.4393141,-8.219325,15.277501,21.47325,32 Santo Domingo,2021,50,val
-2.8977242,-7.4376388,16.344715,22.880299,32 Santo Domingo,2021,51,val
-11.454021,-6.953511,19.244064,17.544214,32 Santo Domingo,2021,52,val
