z1,z2,z3,province,year,week,split
-8.333271,-4.0677958,-4.570325,01 Distrito Nacional,2015,1,train
-8.308353,-3.3158145,-3.9628053,01 Distrito Nacional,2015,2,train
-8.258505,-2.0434937,-4.0422096,01 Distrito Nacional,2015,3,train
-8.395402,-1.808321,-3.615717,01 Distrito Nacional,2015,4,train
-8.730023,0.62738115,-2.393533,01 Distrito Nacional,2015,5,train
-9.761224,1.5991448,-1.9481578,01 Distrito Nacional,2015,6,train
-9.88826,1.9925494,-1.6705815,01 Distrito Nacional,2015,7,train
-8.984423,2.4818223,-0.65581936,01 Distrito Nacional,2015,8,train
-10.381464,3.5597777,0.24772204,01 Distrito Nacional,2015,9,train
-11.326453,3.3541582,1.2160436,01 Distrito Nacional,2015,10,train
-11.520285,3.622284,2.4502583,01 Distrito Nacional,2015,11,train
-10.869326,4.5120425,3.0555418,01 Distrito Nacional,2015,12,train
-10.334272,6.04159,3.8466399,01 Distrito Nacional,2015,13,train
-10.287525,5.9007163,3.660233,01 Distrito Nacional,2015,14,train
-10.73172,7.048025,4.1051292,01 Distrito Nacional,2015,15,train
-9.538326,6.664435,4.9070334,01 Distrito Nacional,2015,16,train
-2.2716875,6.7242136,5.939145,01 Distrito Nacional,2015,17,train
-2.3615816,7.6604023,7.1006913,01 Distrito Nacional,2015,18,train
-2.126375,7.1031423,6.6337695,01 Distrito Nacional,2015,19,train
-1.9046131,7.395475,7.510787,01 Distrito Nacional,2015,20,train
-0.5866645,7.4176197,6.5503283,01 Distrito Nacional,2015,21,train
-0.07313531,7.0658765,5.64362,01 Distrito Nacional,2015,22,train
0.60862833,7.4060845,5.894369,01 Distrito Nacional,2015,23,train
1.2338035,6.8009553,5.9556856,01 Distrito Nacional,2015,24,train
1.807535,6.2192698,6.3377595,01 Distrito Nacional,2015,25,train
2.208311,6.3936195,5.504473,01 Distrito Nacional,2015,26,train
9.6855,1.5978465,3.2858708,01 Distrito Nacional,2015,27,train
9.231743,1.51466,3.2506375,01 Distrito Nacional,2015,28,train
9.597385,1.6256828,3.1304975,01 Distrito Nacional,2015,29,train
9.387072,1.4273157,3.0150032,01 Distrito Nacional,2015,30,train
10.088906,1.2237945,3.559541,01 Distrito Nacional,2015,31,train
10.333899,1.271234,3.2751136,01 Distrito Nacional,2015,32,train
10.106294,1.0824692,3.2204583,01 Distrito Nacional,2015,33,train
10.285355,1.1125764,3.1721892,01 Distrito Nacional,2015,34,train
12.247287,12.793542,-14.763063,01 Distrito Nacional,2015,35,train
8.967612,-5.1055756,-2.3943293,01 Distrito Nacional,2015,36,train
8.767443,-5.0912557,-2.236878,01 Distrito Nacional,2015,37,train
8.101589,-5.509045,-2.861502,01 Distrito Nacional,2015,38,train
8.288659,-5.7610044,-3.00459,01 Distrito Nacional,2015,39,train
8.7744255,-7.1770473,-3.451444,01 Distrito Nacional,2015,40,train
7.713018,-7.0347652,-3.269494,01 Distrito Nacional,2015,41,train
7.2468266,-7.296718,-3.7066057,01 Distrito Nacional,2015,42,train
6.1862783,-7.0330787,-3.5894713,01 Distrito Nacional,2015,43,train
5.490829,-7.0672436,-3.9541354,01 Distrito Nacional,2015,44,train
4.596319,-7.287745,-4.710641,01 Distrito Nacional,2015,45,train
4.205403,-7.3796577,-4.802542,01 Distrito Nacional,2015,46,train
2.4663517,-6.501797,-4.0451107,01 Distrito Nacional,2015,47,train
-3.9436212,-8.272095,-6.7474384,01 Distrito Nacional,2015,48,train
-4.8737926,-8.667307,-7.6638174,01 Distrito Nacional,2015,49,train
-4.553493,-8.25659,-7.218255,01 Distrito Nacional,2015,50,train
-4.3685217,-7.8450093,-6.956465,01 Distrito Nacional,2015,51,train
-8.400267,-5.05959,-4.9766784,01 Distrito Nacional,2015,52,train
-9.272148,-2.8813753,-3.0366232,01 Distrito Nacional,2016,1,train
-10.017713,-2.8078892,-2.9370492,01 Distrito Nacional,2016,2,train
-9.9617,-2.6616473,-2.4454596,01 Distrito Nacional,2016,3,train
-9.794089,-2.1635988,-2.8197312,01 Distrito Nacional,2016,4,train
-10.525664,-0.8721492,-1.3792614,01 Distrito Nacional,2016,5,train
-11.145449,-0.34117818,-1.3463842,01 Distrito Nacional,2016,6,train
-11.185528,0.09173951,-0.91581345,01 Distrito Nacional,2016,7,train
-11.455889,0.70207644,-0.4618397,01 Distrito Nacional,2016,8,train
-11.920528,1.2455701,-0.17350957,01 Distrito Nacional,2016,9,train
-10.746076,2.9171798,2.0973518,01 Distrito Nacional,2016,10,train
-10.583046,4.1208835,1.9893272,01 Distrito Nacional,2016,11,train
-11.623196,5.595411,3.218478,01 Distrito Nacional,2016,12,train
-10.214706,6.0394235,3.56186,01 Distrito Nacional,2016,13,train
-9.5356455,7.333389,4.0788755,01 Distrito Nacional,2016,14,train
-10.42966,6.4770837,5.040514,01 Distrito Nacional,2016,15,train
-9.397307,8.298451,4.4589715,01 Distrito Nacional,2016,16,train
-1.8167936,23.249006,-12.346001,01 Distrito Nacional,2016,17,train
-1.5838088,10.301391,2.4354656,01 Distrito Nacional,2016,18,train
-1.0754056,10.286495,2.8881238,01 Distrito Nacional,2016,19,train
-0.3604584,10.034514,3.0247037,01 Distrito Nacional,2016,20,train
0.22444062,9.655542,2.340042,01 Distrito Nacional,2016,21,train
3.0730152,21.461422,-10.835839,01 Distrito Nacional,2016,22,train
1.4604911,9.527534,2.1805098,01 Distrito Nacional,2016,23,train
1.9156867,8.62616,2.9287477,01 Distrito Nacional,2016,24,train
2.4317966,8.772377,1.574206,01 Distrito Nacional,2016,25,train
2.6648693,8.078825,1.5949881,01 Distrito Nacional,2016,26,train
7.1773763,5.1807866,2.2351067,01 Distrito Nacional,2016,27,train
6.6548276,4.7669597,2.6694844,01 Distrito Nacional,2016,28,train
6.8591237,4.9885364,2.5635793,01 Distrito Nacional,2016,29,train
6.673134,5.7313128,2.0428252,01 Distrito Nacional,2016,30,train
9.463614,18.257635,-10.282091,01 Distrito Nacional,2016,31,train
5.8929844,5.8970423,1.9559095,01 Distrito Nacional,2016,32,train
6.253503,5.039248,3.6656492,01 Distrito Nacional,2016,33,train
5.360042,5.907006,1.0982188,01 Distrito Nacional,2016,34,train
8.466811,0.85622764,-6.4273305,01 Distrito Nacional,2016,35,train
7.4948325,1.0719552,-6.6545653,01 Distrito Nacional,2016,36,train
7.4866934,1.0131077,-6.772355,01 Distrito Nacional,2016,37,train
7.0571675,1.0319135,-7.3408136,01 Distrito Nacional,2016,38,train
7.2303023,0.4621672,-8.003074,01 Distrito Nacional,2016,39,train
8.672725,10.504518,-20.482115,01 Distrito Nacional,2016,40,train
5.5609317,0.045727428,-9.04052,01 Distrito Nacional,2016,41,train
5.2826085,0.2545479,-10.732478,01 Distrito Nacional,2016,42,train
5.110506,-0.6125925,-10.041133,01 Distrito Nacional,2016,43,train
4.1889086,-0.38701144,-10.39812,01 Distrito Nacional,2016,44,train
3.7285163,-0.47825742,-10.56637,01 Distrito Nacional,2016,45,train
3.1841576,-0.019639371,-11.2723255,01 Distrito Nacional,2016,46,train
2.212239,-0.3581135,-11.008968,01 Distrito Nacional,2016,47,train
-2.2499084,-1.6262907,-12.34581,01 Distrito Nacional,2016,48,train
-2.7002604,-1.7826904,-12.5526495,01 Distrito Nacional,2016,49,train
-2.8529258,-1.7742388,-12.223744,01 Distrito Nacional,2016,50,train
-2.7587788,-1.189424,-12.209096,01 Distrito Nacional,2016,51,train
-4.732337,0.3107637,-8.052737,01 Distrito Nacional,2016,52,train
-4.93743,0.89876044,-8.2050905,01 Distrito Nacional,2017,1,train
-6.215771,2.0512445,-9.40955,01 Distrito Nacional,2017,2,train
-4.267173,0.6644079,-4.3445077,01 Distrito Nacional,2017,3,train
-5.325021,2.651055,-7.068417,01 Distrito Nacional,2017,4,train
-7.3202934,4.2053423,-5.9466105,01 Distrito Nacional,2017,5,train
-7.8381815,4.4875226,-5.601883,01 Distrito Nacional,2017,6,train
-7.586523,4.5433407,-4.6862583,01 Distrito Nacional,2017,7,train
-8.166985,6.442731,-4.570253,01 Distrito Nacional,2017,8,train
-8.788396,6.784527,-3.8150322,01 Distrito Nacional,2017,9,train
-8.29193,7.113396,-3.724937,01 Distrito Nacional,2017,10,train
-8.552473,8.285841,-2.8710709,01 Distrito Nacional,2017,11,train
-7.0483494,8.292261,-1.7241228,01 Distrito Nacional,2017,12,train
-8.409273,9.320166,-0.67627454,01 Distrito Nacional,2017,13,train
-8.582241,9.629406,0.9656839,01 Distrito Nacional,2017,14,train
-8.152219,5.3324986,6.019145,01 Distrito Nacional,2017,15,train
-6.065173,18.692295,-9.536654,01 Distrito Nacional,2017,16,train
-3.8584864,19.230371,-7.539677,01 Distrito Nacional,2017,17,train
-1.2809477,9.379161,1.6040449,01 Distrito Nacional,2017,18,train
-1.0409235,8.57903,2.36721,01 Distrito Nacional,2017,19,train
-0.27610618,10.330372,2.3238778,01 Distrito Nacional,2017,20,train
0.2829105,9.766426,2.9131231,01 Distrito Nacional,2017,21,train
0.7881807,9.349328,2.3371863,01 Distrito Nacional,2017,22,train
1.2748108,9.079459,2.8099804,01 Distrito Nacional,2017,23,train
1.7023616,8.221291,3.065943,01 Distrito Nacional,2017,24,train
2.233841,7.7284317,2.9673078,01 Distrito Nacional,2017,25,train
2.8301597,8.142522,2.497741,01 Distrito Nacional,2017,26,train
5.8158054,4.896962,3.0656304,01 Distrito Nacional,2017,27,train
5.531333,5.7306504,1.5522716,01 Distrito Nacional,2017,28,train
5.989083,4.3387794,4.551962,01 Distrito Nacional,2017,29,train
5.906188,5.868154,2.1382456,01 Distrito Nacional,2017,30,train
6.08484,4.2682405,4.7490478,01 Distrito Nacional,2017,31,train
5.598881,5.684537,2.2880552,01 Distrito Nacional,2017,32,train
5.903471,6.071308,2.3366885,01 Distrito Nacional,2017,33,train
5.937714,6.102569,2.0362728,01 Distrito Nacional,2017,34,train
8.4053755,0.55003154,-7.116491,01 Distrito Nacional,2017,35,train
7.994613,0.6491072,-8.417995,01 Distrito Nacional,2017,36,train
7.412673,0.763741,-8.402489,01 Distrito Nacional,2017,37,train
7.414307,0.1372486,-8.7696705,01 Distrito Nacional,2017,38,train
6.988694,0.31799322,-8.531201,01 Distrito Nacional,2017,39,train
6.0925546,0.64467835,-8.669617,01 Distrito Nacional,2017,40,train
5.5924816,0.051306594,-8.494,01 Distrito Nacional,2017,41,train
5.51768,-0.66259044,-9.611285,01 Distrito Nacional,2017,42,train
4.551144,-0.71519905,-8.568935,01 Distrito Nacional,2017,43,train
4.173389,-1.466282,-8.537516,01 Distrito Nacional,2017,44,train
4.204831,15.199232,-24.348331,01 Distrito Nacional,2017,45,train
3.8536005,13.133062,-23.290575,01 Distrito Nacional,2017,46,train
2.594241,-0.6880718,-9.27122,01 Distrito Nacional,2017,47,train
-2.3490798,-1.5120049,-12.176172,01 Distrito Nacional,2017,48,train
-2.4351923,-1.5613018,-12.443582,01 Distrito Nacional,2017,49,train
-2.2274022,-1.6220335,-11.4286,01 Distrito Nacional,2017,50,train
-2.9143293,-1.6789689,-12.758357,01 Distrito Nacional,2017,51,train
-4.9470716,1.1335032,-9.386165,01 Distrito Nacional,2017,52,train
-4.7064457,0.6836482,-8.282827,01 Distrito Nacional,2018,1,train
-4.9629364,0.98927736,-8.09201,01 Distrito Nacional,2018,2,train
-5.5894427,1.2523516,-7.7048197,01 Distrito Nacional,2018,3,train
-6.46766,2.0727148,-8.370106,01 Distrito Nacional,2018,4,train
-6.728043,4.2388554,-5.429706,01 Distrito Nacional,2018,5,train
-7.849304,4.677413,-5.723547,01 Distrito Nacional,2018,6,train
-7.2781253,5.069944,-4.887795,01 Distrito Nacional,2018,7,train
-8.006533,6.542727,-4.89127,01 Distrito Nacional,2018,8,train
-6.169892,4.9235935,-2.4632144,01 Distrito Nacional,2018,9,train
-7.928937,7.296154,-3.056763,01 Distrito Nacional,2018,10,train
-8.995399,7.1262636,-1.3793378,01 Distrito Nacional,2018,11,train
-8.552403,8.897763,-2.431031,01 Distrito Nacional,2018,12,train
-7.4039884,7.387321,-0.5495899,01 Distrito Nacional,2018,13,train
-7.9589987,8.9268875,-0.5581575,01 Distrito Nacional,2018,14,train
-7.9256444,9.4373045,0.047270723,01 Distrito Nacional,2018,15,train
-7.328414,8.950487,1.0749155,01 Distrito Nacional,2018,16,train
-7.651855,9.512318,1.8845272,01 Distrito Nacional,2018,17,train
-1.5725433,8.280411,2.846499,01 Distrito Nacional,2018,18,train
-1.5871825,8.207637,3.505842,01 Distrito Nacional,2018,19,train
-1.3451269,7.8636594,3.6493852,01 Distrito Nacional,2018,20,train
-0.5418425,7.6713886,3.8361595,01 Distrito Nacional,2018,21,train
0.38890788,8.390082,3.5618136,01 Distrito Nacional,2018,22,train
0.68478876,7.622388,4.930022,01 Distrito Nacional,2018,23,train
1.2368727,7.4316287,5.4182634,01 Distrito Nacional,2018,24,train
1.778447,6.990177,3.3998392,01 Distrito Nacional,2018,25,train
2.1776319,6.358161,5.3970976,01 Distrito Nacional,2018,26,train
7.1507926,2.0754945,4.3418813,01 Distrito Nacional,2018,27,train
7.616216,4.4182744,1.3367453,01 Distrito Nacional,2018,28,train
8.049157,4.7669415,1.3910707,01 Distrito Nacional,2018,29,train
7.5617323,3.9069157,1.9747034,01 Distrito Nacional,2018,30,train
7.930806,3.6357949,2.5665665,01 Distrito Nacional,2018,31,train
7.77301,4.046967,1.3532228,01 Distrito Nacional,2018,32,train
8.058563,3.8953083,1.6118665,01 Distrito Nacional,2018,33,train
8.302588,3.7506878,1.8884983,01 Distrito Nacional,2018,34,train
8.483125,9.905218,-15.736983,01 Distrito Nacional,2018,35,train
7.827121,-3.6034563,-3.0565631,01 Distrito Nacional,2018,36,train
8.123462,-4.090029,-3.4780154,01 Distrito Nacional,2018,37,train
7.732866,-4.3608904,-3.779917,01 Distrito Nacional,2018,38,train
7.105038,-4.2693048,-3.718432,01 Distrito Nacional,2018,39,train
5.578164,-4.684103,-4.5404906,01 Distrito Nacional,2018,40,train
6.3951707,10.898353,-18.389053,01 Distrito Nacional,2018,41,train
5.1562195,-5.2494516,-4.928905,01 Distrito Nacional,2018,42,train
4.5648756,-5.18505,-4.9012938,01 Distrito Nacional,2018,43,train
3.9469898,-5.2102566,-4.94757,01 Distrito Nacional,2018,44,train
3.7091587,-5.523394,-4.9829993,01 Distrito Nacional,2018,45,train
3.5801885,-5.863273,-5.228023,01 Distrito Nacional,2018,46,train
2.5139477,-5.310861,-4.8687005,01 Distrito Nacional,2018,47,train
-3.277494,-6.510212,-7.186015,01 Distrito Nacional,2018,48,train
-3.6146863,-6.6414175,-7.9105206,01 Distrito Nacional,2018,49,train
-3.306631,-6.0800076,-7.3770657,01 Distrito Nacional,2018,50,train
-2.755185,-5.805066,-7.0579543,01 Distrito Nacional,2018,51,train
-7.374586,-4.7917128,-4.636836,01 Distrito Nacional,2018,52,train
-7.1148257,-3.8548293,-4.102519,01 Distrito Nacional,2019,1,train
-6.4618073,-2.4814441,-3.7591252,01 Distrito Nacional,2019,2,train
-6.5961328,-1.7361505,-3.4803724,01 Distrito Nacional,2019,3,train
-7.326819,-1.1497164,-3.9444876,01 Distrito Nacional,2019,4,train
-8.2001,0.9080392,-2.1742265,01 Distrito Nacional,2019,5,train
-9.715736,0.7659029,-1.4195049,01 Distrito Nacional,2019,6,train
-10.056074,1.2858883,-0.9255418,01 Distrito Nacional,2019,7,train
-10.765961,1.1748121,0.8380896,01 Distrito Nacional,2019,8,train
-10.416746,1.4957439,1.6011877,01 Distrito Nacional,2019,9,train
-9.213496,3.7038255,0.85374844,01 Distrito Nacional,2019,10,train
-10.107167,4.601608,1.2199306,01 Distrito Nacional,2019,11,train
-8.983663,4.809445,1.7359098,01 Distrito Nacional,2019,12,train
-8.308862,7.563544,3.0525832,01 Distrito Nacional,2019,13,train
-9.539486,7.703933,2.5659287,01 Distrito Nacional,2019,14,train
-8.732026,7.5276146,3.1354332,01 Distrito Nacional,2019,15,train
-8.629423,7.6332493,3.43275,01 Distrito Nacional,2019,16,train
-8.501627,7.7322035,4.101367,01 Distrito Nacional,2019,17,train
-1.888341,8.44013,4.4098873,01 Distrito Nacional,2019,18,train
-1.499733,8.41314,4.5717945,01 Distrito Nacional,2019,19,train
-0.6554959,9.573414,4.34505,01 Distrito Nacional,2019,20,train
-0.09550305,9.121903,2.646214,01 Distrito Nacional,2019,21,train
0.37034416,8.947616,2.385434,01 Distrito Nacional,2019,22,train
1.1037529,8.865779,2.7190201,01 Distrito Nacional,2019,23,train
1.5425427,7.4883065,4.681911,01 Distrito Nacional,2019,24,train
2.3363137,7.349512,5.210134,01 Distrito Nacional,2019,25,train
2.5519745,6.6359553,4.906005,01 Distrito Nacional,2019,26,train
9.184767,1.4002475,1.7086062,01 Distrito Nacional,2019,27,train
10.232529,1.8729302,0.38903502,01 Distrito Nacional,2019,28,train
10.735489,0.88646066,1.0096827,01 Distrito Nacional,2019,29,train
11.609306,0.38057262,1.466018,01 Distrito Nacional,2019,30,train
14.447859,16.224327,-11.471742,01 Distrito Nacional,2019,31,train
11.551482,0.8536481,0.9424437,01 Distrito Nacional,2019,32,train
11.394885,0.60003555,0.93341035,01 Distrito Nacional,2019,33,train
11.296475,0.9806317,0.85093653,01 Distrito Nacional,2019,34,train
10.581446,-3.6116166,-1.2510668,01 Distrito Nacional,2019,35,train
9.130374,-4.638317,-1.7782913,01 Distrito Nacional,2019,36,train
9.187482,-4.922682,-2.0326083,01 Distrito Nacional,2019,37,train
12.034074,14.138215,-16.27801,01 Distrito Nacional,2019,38,train
8.070821,-5.7154646,-3.3102944,01 Distrito Nacional,2019,39,train
6.9267006,-5.905519,-3.909285,01 Distrito Nacional,2019,40,train
6.530186,-5.756111,-3.7151556,01 Distrito Nacional,2019,41,train
5.7593093,-5.746439,-3.7968616,01 Distrito Nacional,2019,42,train
5.0517163,-6.1971116,-4.3561325,01 Distrito Nacional,2019,43,train
4.06725,-7.206709,-3.7831511,01 Distrito Nacional,2019,44,train
3.873692,-6.8426743,-4.4406443,01 Distrito Nacional,2019,45,train
3.6948135,-6.4418125,-4.7366996,01 Distrito Nacional,2019,46,train
2.3317919,-7.3292146,-3.5476875,01 Distrito Nacional,2019,47,train
2.160069,-7.5304446,-3.3133068,01 Distrito Nacional,2019,48,train
-4.4223824,-7.947118,-7.2484217,01 Distrito Nacional,2019,49,train
-4.402383,-7.7046967,-7.1805015,01 Distrito Nacional,2019,50,train
-4.493441,-7.520929,-7.2545643,01 Distrito Nacional,2019,51,train
-7.940423,-4.859981,-4.6942368,01 Distrito Nacional,2019,52,train
-7.682465,-4.28706,-4.943175,01 Distrito Nacional,2020,1,val
-8.3708935,-4.299448,-4.5823116,01 Distrito Nacional,2020,2,val
-8.53833,-2.9291067,-4.848406,01 Distrito Nacional,2020,3,val
-7.804264,-1.6554402,-4.095291,01 Distrito Nacional,2020,4,val
-9.146796,0.900109,-2.2280548,01 Distrito Nacional,2020,5,val
-10.185259,1.8324623,-2.0154352,01 Distrito Nacional,2020,6,val
-10.384716,2.2921195,-0.8619074,01 Distrito Nacional,2020,7,val
-9.842669,2.8258069,-1.2958847,01 Distrito Nacional,2020,8,val
-10.18082,3.4638705,-0.20229755,01 Distrito Nacional,2020,9,val
-9.6850395,4.1890893,-0.84609354,01 Distrito Nacional,2020,10,val
-9.245842,4.5926895,-0.18947545,01 Distrito Nacional,2020,11,val
-9.602006,6.618384,-0.2159512,01 Distrito Nacional,2020,12,val
-8.042477,7.697404,1.5736142,01 Distrito Nacional,2020,13,val
-7.7064524,8.626425,0.54143864,01 Distrito Nacional,2020,14,val
-6.997445,9.833916,2.860646,01 Distrito Nacional,2020,15,val
-7.424636,9.847265,2.5386305,01 Distrito Nacional,2020,16,val
-7.3736567,9.873165,3.3112013,01 Distrito Nacional,2020,17,val
-1.5038384,9.617262,2.7781515,01 Distrito Nacional,2020,18,val
-0.73370546,9.771908,3.0348103,01 Distrito Nacional,2020,19,val
-0.336282,9.56099,2.8295553,01 Distrito Nacional,2020,20,val
0.4619446,9.614095,2.9012275,01 Distrito Nacional,2020,21,val
0.92696184,9.290491,2.2545478,01 Distrito Nacional,2020,22,val
1.3122401,8.850735,2.863369,01 Distrito Nacional,2020,23,val
1.9351983,8.602218,2.863869,01 Distrito Nacional,2020,24,val
2.5567162,8.225068,3.0382898,01 Distrito Nacional,2020,25,val
2.8806357,6.98416,4.0296445,01 Distrito Nacional,2020,26,val
5.685019,5.4906344,2.4672914,01 Distrito Nacional,2020,27,val
5.849385,4.5163193,4.079771,01 Distrito Nacional,2020,28,val
5.905636,5.293469,3.1063704,01 Distrito Nacional,2020,29,val
5.765451,5.6228094,2.4621165,01 Distrito Nacional,2020,30,val
6.311889,6.3379803,2.7292693,01 Distrito Nacional,2020,31,val
5.657728,5.430481,3.2216804,01 Distrito Nacional,2020,32,val
6.0167294,5.6835465,3.403898,01 Distrito Nacional,2020,33,val
9.0995455,19.424809,-11.834376,01 Distrito Nacional,2020,34,val
8.111105,1.6252888,-7.2739077,01 Distrito Nacional,2020,35,val
6.3633747,1.8637235,-7.7702355,01 Distrito Nacional,2020,36,val
6.8334746,1.7037327,-8.132698,01 Distrito Nacional,2020,37,val
7.2773666,1.3768613,-7.007884,01 Distrito Nacional,2020,38,val
7.4781585,0.95093834,-7.0921097,01 Distrito Nacional,2020,39,val
5.0397725,1.723776,-8.952693,01 Distrito Nacional,2020,40,val
5.3865047,0.2787807,-8.242829,01 Distrito Nacional,2020,41,val
5.081271,1.0358561,-10.213054,01 Distrito Nacional,2020,42,val
4.934739,-0.3330045,-9.500063,01 Distrito Nacional,2020,43,val
4.4299827,-0.09989369,-10.939491,01 Distrito Nacional,2020,44,val
4.5796046,8.434961,-20.481325,01 Distrito Nacional,2020,45,val
3.941225,9.866341,-21.813715,01 Distrito Nacional,2020,46,val
2.5081286,-0.0136548225,-10.407741,01 Distrito Nacional,2020,47,val
1.8899505,-1.6681976,-8.379068,01 Distrito Nacional,2020,48,val
1.3091204,-2.1335979,-6.9632,01 Distrito Nacional,2020,49,val
-2.0043461,-0.011770103,-11.413495,01 Distrito Nacional,2020,50,val
-2.3007011,-0.47442845,-10.860547,01 Distrito Nacional,2020,51,val
-4.4757786,1.2678872,-9.178188,01 Distrito Nacional,2020,52,val
-3.7945313,1.3881296,-7.9235287,01 Distrito Nacional,2021,1,val
-4.382972,1.6217717,-8.406944,01 Distrito Nacional,2021,2,val
-4.8750515,2.0905252,-8.372338,01 Distrito Nacional,2021,3,val
-4.750125,2.8959754,-7.930965,01 Distrito Nacional,2021,4,val
-6.8176656,4.454486,-5.8923,01 Distrito Nacional,2021,5,val
-7.494151,5.094378,-5.550333,01 Distrito Nacional,2021,6,val
-7.092015,5.560984,-4.866826,01 Distrito Nacional,2021,7,val
-7.3076353,6.606994,-4.586052,01 Distrito Nacional,2021,8,val
-7.2149386,6.6082554,-3.6973164,01 Distrito Nacional,2021,9,val
-7.327798,6.699907,-3.7131157,01 Distrito Nacional,2021,10,val
-6.9528093,7.072814,-3.0442736,01 Distrito Nacional,2021,11,val
-7.1767726,7.521452,-1.7305552,01 Distrito Nacional,2021,12,val
-7.142179,8.209313,-0.95975417,01 Distrito Nacional,2021,13,val
-6.5615935,8.722081,-0.61073834,01 Distrito Nacional,2021,14,val
-6.0855727,8.3432665,-0.61345094,01 Distrito Nacional,2021,15,val
-6.5930963,9.683435,0.8571282,01 Distrito Nacional,2021,16,val
-5.5454903,9.623923,0.8789499,01 Distrito Nacional,2021,17,val
-1.2976432,7.7845035,2.3567202,01 Distrito Nacional,2021,18,val
-1.121354,8.754689,2.3609543,01 Distrito Nacional,2021,19,val
-0.65451586,8.404996,1.811035,01 Distrito Nacional,2021,20,val
0.0807307,8.4508705,1.9520513,01 Distrito Nacional,2021,21,val
0.6043877,8.691239,1.7642213,01 Distrito Nacional,2021,22,val
1.1558064,8.415655,1.1583772,01 Distrito Nacional,2021,23,val
1.9464993,8.588922,2.504215,01 Distrito Nacional,2021,24,val
2.2819076,8.12225,1.1562629,01 Distrito Nacional,2021,25,val
4.3452773,17.38625,-8.897784,01 Distrito Nacional,2021,26,val
5.614326,4.52302,3.0483785,01 Distrito Nacional,2021,27,val
5.062609,5.260378,1.4292865,01 Distrito Nacional,2021,28,val
5.93558,5.6479754,2.2449403,01 Distrito Nacional,2021,29,val
5.6100073,5.5754347,1.9010323,01 Distrito Nacional,2021,30,val
5.649207,5.565507,1.8922467,01 Distrito Nacional,2021,31,val
8.960317,19.022839,-11.15075,01 Distrito Nacional,2021,32,val
9.222265,19.503412,-11.996624,01 Distrito Nacional,2021,33,val
6.8884187,5.5393443,2.5487437,01 Distrito Nacional,2021,34,val
8.112701,0.9950899,-7.0082016,01 Distrito Nacional,2021,35,val
8.058179,1.0149673,-7.4566774,01 Distrito Nacional,2021,36,val
7.2907734,1.0837183,-7.6932306,01 Distrito Nacional,2021,37,val
7.9495454,0.8046759,-7.7415543,01 Distrito Nacional,2021,38,val
6.533771,0.7794989,-7.8563623,01 Distrito Nacional,2021,39,val
6.8968,0.27079836,-7.927803,01 Distrito Nacional,2021,40,val
5.5500712,0.65753686,-9.485208,01 Distrito Nacional,2021,41,val
5.033468,0.053169332,-8.857531,01 Distrito Nacional,2021,42,val
4.6726313,-0.8346483,-8.302507,01 Distrito Nacional,2021,43,val
4.2743216,-0.9745701,-8.948466,01 Distrito Nacional,2021,44,val
3.757606,-2.802525,-7.859753,01 Distrito Nacional,2021,45,val
3.512791,-3.882411,-7.3692384,01 Distrito Nacional,2021,46,val
2.6223235,-2.9196537,-7.3115983,01 Distrito Nacional,2021,47,val
-2.7064247,-2.1578298,-12.24494,01 Distrito Nacional,2021,48,val
-2.7298608,-1.7998426,-11.726478,01 Distrito Nacional,2021,49,val
-2.5521827,-1.4095466,-11.324981,01 Distrito Nacional,2021,50,val
-2.3155386,-0.8567522,-10.576565,01 Distrito Nacional,2021,51,val
-4.598024,1.2828878,-9.041127,01 Distrito Nacional,2021,52,val
-8.74512,-5.726166,-3.2050612,02 Azua,2015,1,train
-8.861745,-5.277075,-2.681559,02 Azua,2015,2,train
-8.8381815,-3.596513,-3.4863148,02 Azua,2015,3,train
-8.417089,-2.2448974,-3.282856,02 Azua,2015,4,train
-9.4733925,0.25972286,-1.7285903,02 Azua,2015,5,train
-9.40085,1.6014845,-1.5381126,02 Azua,2015,6,train
-9.501257,1.8163058,-1.2252395,02 Azua,2015,7,train
-11.242896,2.5015318,0.17402333,02 Azua,2015,8,train
-11.755949,2.8583899,1.7397525,02 Azua,2015,9,train
-12.233304,3.037428,2.5762558,02 Azua,2015,10,train
-12.374652,3.4666781,3.6498682,02 Azua,2015,11,train
-11.619698,4.932078,3.1200032,02 Azua,2015,12,train
-11.032553,6.1355896,4.047081,02 Azua,2015,13,train
-12.062366,6.9597197,4.3172,02 Azua,2015,14,train
-12.447717,7.868269,5.9167085,02 Azua,2015,15,train
-10.584163,7.397177,6.138557,02 Azua,2015,16,train
-2.5347636,6.819982,5.9321847,02 Azua,2015,17,train
-2.5288782,6.101726,6.214881,02 Azua,2015,18,train
-2.4504373,7.0403476,7.384779,02 Azua,2015,19,train
-2.0633838,7.786543,8.696712,02 Azua,2015,20,train
-0.7118075,6.510662,6.7641153,02 Azua,2015,21,train
-0.29476556,6.5203514,6.4945498,02 Azua,2015,22,train
0.41304952,6.9610453,5.8745136,02 Azua,2015,23,train
1.0615921,6.257472,6.4316053,02 Azua,2015,24,train
1.7126355,5.4029427,6.5335603,02 Azua,2015,25,train
2.4235084,6.1156187,7.1517916,02 Azua,2015,26,train
10.437103,0.8789749,4.870183,02 Azua,2015,27,train
10.495585,0.8678549,4.8056583,02 Azua,2015,28,train
10.6812935,1.6098926,4.127843,02 Azua,2015,29,train
10.382775,1.4257786,4.1176753,02 Azua,2015,30,train
11.759043,1.3661854,4.715468,02 Azua,2015,31,train
11.640044,1.2368016,4.6163044,02 Azua,2015,32,train
12.435221,1.3614289,4.6572247,02 Azua,2015,33,train
10.109339,1.0484698,3.2628357,02 Azua,2015,34,train
15.6485405,12.101093,-15.145654,02 Azua,2015,35,train
8.920301,-4.59812,-2.1320744,02 Azua,2015,36,train
9.247825,-5.0907393,-1.7845316,02 Azua,2015,37,train
9.114519,-5.7867894,-2.345765,02 Azua,2015,38,train
8.578803,-5.74962,-2.9179654,02 Azua,2015,39,train
8.586498,-7.195437,-3.6461606,02 Azua,2015,40,train
8.462092,-7.9664183,-3.2659845,02 Azua,2015,41,train
7.7314816,-8.068881,-3.7519398,02 Azua,2015,42,train
6.826637,-7.954844,-4.0992923,02 Azua,2015,43,train
6.436069,-8.2294235,-4.234286,02 Azua,2015,44,train
5.229072,-8.568902,-4.7059536,02 Azua,2015,45,train
4.2739086,-7.92134,-4.2352757,02 Azua,2015,46,train
3.515109,-7.9030824,-3.9902265,02 Azua,2015,47,train
-4.526683,-9.019559,-6.4521327,02 Azua,2015,48,train
-5.1480727,-9.809344,-7.153847,02 Azua,2015,49,train
-4.8714156,-8.870852,-6.6668053,02 Azua,2015,50,train
-4.8473125,-8.849451,-6.2437186,02 Azua,2015,51,train
-9.561766,-6.012204,-4.2489314,02 Azua,2015,52,train
-10.726734,-3.28166,-3.1419623,02 Azua,2016,1,train
-10.145938,-2.9814997,-2.4018848,02 Azua,2016,2,train
-10.674588,-2.990679,-2.3893633,02 Azua,2016,3,train
-11.110814,-2.8738196,-2.4042664,02 Azua,2016,4,train
-11.525588,-1.3538424,-1.1322691,02 Azua,2016,5,train
-12.190989,-0.9326731,-1.053037,02 Azua,2016,6,train
-12.66606,-0.63914055,-0.58860695,02 Azua,2016,7,train
-13.035289,0.04781054,-0.3097108,02 Azua,2016,8,train
-12.376227,0.9554676,-0.17472178,02 Azua,2016,9,train
-10.498382,2.5875943,2.549188,02 Azua,2016,10,train
-10.7714815,3.9260375,2.1324494,02 Azua,2016,11,train
-12.003773,5.223667,4.309544,02 Azua,2016,12,train
-10.686455,6.1029882,4.4124703,02 Azua,2016,13,train
-10.914129,7.354389,4.6594834,02 Azua,2016,14,train
-11.480819,7.4993176,5.0892687,02 Azua,2016,15,train
-11.857676,8.29835,6.1902676,02 Azua,2016,16,train
-5.684019,19.886816,-5.334985,02 Azua,2016,17,train
-2.060518,9.612657,4.276101,02 Azua,2016,18,train
-1.4174451,9.489288,4.5383587,02 Azua,2016,19,train
-1.0638152,8.144335,5.563045,02 Azua,2016,20,train
-0.31060195,8.2109785,4.7669325,02 Azua,2016,21,train
0.42812136,8.496488,4.037536,02 Azua,2016,22,train
0.81175643,7.016237,4.573567,02 Azua,2016,23,train
1.5330595,5.4437985,6.4009037,02 Azua,2016,24,train
2.5191712,6.110171,6.50673,02 Azua,2016,25,train
3.179063,6.3176727,7.0191855,02 Azua,2016,26,train
7.7717967,3.4397535,5.883052,02 Azua,2016,27,train
7.9967895,3.6481516,6.2820306,02 Azua,2016,28,train
6.465114,3.385685,5.1553555,02 Azua,2016,29,train
7.9000597,3.9215815,6.302017,02 Azua,2016,30,train
7.0571637,3.7357552,5.320972,02 Azua,2016,31,train
6.343228,3.6840158,5.52805,02 Azua,2016,32,train
7.5115137,3.70895,6.7405686,02 Azua,2016,33,train
10.032609,19.205729,-8.465328,02 Azua,2016,34,train
11.534149,-1.1717188,-5.1460037,02 Azua,2016,35,train
11.142193,-0.1900114,-5.353585,02 Azua,2016,36,train
10.768484,-0.96586484,-6.0537863,02 Azua,2016,37,train
8.998484,-1.0961486,-6.530922,02 Azua,2016,38,train
11.374144,-0.9916012,-6.517244,02 Azua,2016,39,train
9.881415,10.042927,-22.737331,02 Azua,2016,40,train
6.6701646,-1.9486787,-9.297251,02 Azua,2016,41,train
5.7496257,-1.9088042,-10.21416,02 Azua,2016,42,train
6.2303987,-2.38774,-11.083153,02 Azua,2016,43,train
5.0264554,-3.195972,-9.547937,02 Azua,2016,44,train
5.9545074,5.9606996,-20.1808,02 Azua,2016,45,train
4.0095716,-1.5695976,-11.563865,02 Azua,2016,46,train
2.9582908,-3.2990596,-10.734758,02 Azua,2016,47,train
2.9441912,-3.2475848,-9.788327,02 Azua,2016,48,train
2.570637,-4.737778,-8.985226,02 Azua,2016,49,train
2.671451,-4.8175287,-9.524345,02 Azua,2016,50,train
2.2691207,-5.2031236,-8.646257,02 Azua,2016,51,train
-7.1665387,-1.9690253,-8.045189,02 Azua,2016,52,train
-5.166097,-5.508265,-0.7898578,02 Azua,2017,1,train
-5.1385326,-5.050823,0.313179,02 Azua,2017,2,train
-4.970482,-4.4696417,1.2453574,02 Azua,2017,3,train
-4.449559,-3.246031,0.53916425,02 Azua,2017,4,train
-6.8817225,-2.5867229,2.4822867,02 Azua,2017,5,train
-7.627469,-1.9386628,2.363756,02 Azua,2017,6,train
-7.7055626,2.8441782,-2.708041,02 Azua,2017,7,train
-8.67857,4.168884,-2.7276037,02 Azua,2017,8,train
-8.397765,0.053927742,4.0262237,02 Azua,2017,9,train
-7.4407663,0.49885955,4.5971165,02 Azua,2017,10,train
-9.217345,6.5288563,-1.226254,02 Azua,2017,11,train
-8.685642,7.121543,-0.30123407,02 Azua,2017,12,train
-9.3784685,8.168149,0.8357535,02 Azua,2017,13,train
-9.740555,6.858682,5.7474055,02 Azua,2017,14,train
-9.441238,6.216243,6.4495373,02 Azua,2017,15,train
-7.796994,11.620779,3.370581,02 Azua,2017,16,train
-6.986343,19.780521,-5.865191,02 Azua,2017,17,train
-6.005176,10.500979,4.381209,02 Azua,2017,18,train
-7.374455,10.043681,5.1713705,02 Azua,2017,19,train
-0.82083386,8.687605,5.490472,02 Azua,2017,20,train
-0.29271504,6.5988884,7.0748644,02 Azua,2017,21,train
0.3386048,6.2520304,7.227058,02 Azua,2017,22,train
0.8167787,5.874192,7.0799522,02 Azua,2017,23,train
1.6427794,5.6571245,7.2891426,02 Azua,2017,24,train
2.2566135,4.603435,7.839265,02 Azua,2017,25,train
2.8253326,5.1845746,7.230193,02 Azua,2017,26,train
5.9148636,2.9774294,5.8506165,02 Azua,2017,27,train
6.1037235,4.5729465,4.1781406,02 Azua,2017,28,train
6.163828,1.7988499,7.215628,02 Azua,2017,29,train
6.418218,3.416887,6.1841626,02 Azua,2017,30,train
7.0132713,3.0312712,6.9838953,02 Azua,2017,31,train
6.278945,2.9688957,6.5051193,02 Azua,2017,32,train
6.9384227,3.2755785,6.79842,02 Azua,2017,33,train
6.4222665,4.608599,4.874581,02 Azua,2017,34,train
11.329905,-0.6639617,-4.7703505,02 Azua,2017,35,train
11.684133,8.039197,-16.413961,02 Azua,2017,36,train
10.059739,6.849191,-16.181658,02 Azua,2017,37,train
10.736494,6.478974,-16.47869,02 Azua,2017,38,train
7.4969707,-2.0884612,-5.973923,02 Azua,2017,39,train
6.4094067,-2.1149182,-6.8855696,02 Azua,2017,40,train
6.406014,-2.7344482,-8.153566,02 Azua,2017,41,train
5.4755507,-3.7303703,-7.2536335,02 Azua,2017,42,train
4.395627,-3.3313692,-6.667122,02 Azua,2017,43,train
4.47305,-4.277432,-7.6610293,02 Azua,2017,44,train
4.4281616,7.0861936,-20.85619,02 Azua,2017,45,train
4.0458093,9.492719,-23.717974,02 Azua,2017,46,train
2.5594633,-2.9261684,-8.125258,02 Azua,2017,47,train
2.0097077,-3.479348,-7.043747,02 Azua,2017,48,train
1.7738981,-3.806536,-8.159434,02 Azua,2017,49,train
0.7820483,-3.9631743,-5.7517786,02 Azua,2017,50,train
-0.5838861,-7.1810803,-0.8265204,02 Azua,2017,51,train
-1.845282,-4.084753,0.6830507,02 Azua,2017,52,train
-0.95948064,-1.1865817,-1.2206168,02 Azua,2018,1,train
-1.4580451,-2.3509858,-0.08311057,02 Azua,2018,2,train
-1.8332849,-2.7345026,0.6631467,02 Azua,2018,3,train
-2.073478,-2.9383585,1.3070832,02 Azua,2018,4,train
-6.493069,-3.1924813,3.8188152,02 Azua,2018,5,train
-7.88575,-2.490027,3.0200117,02 Azua,2018,6,train
-7.9691143,-1.5939332,3.2902837,02 Azua,2018,7,train
-8.047314,-1.5607855,4.596313,02 Azua,2018,8,train
-6.534271,0.3342691,3.340456,02 Azua,2018,9,train
-6.3163095,0.7873795,4.592667,02 Azua,2018,10,train
-9.349914,8.377614,-2.3279994,02 Azua,2018,11,train
-9.4663725,8.206821,-1.7216566,02 Azua,2018,12,train
-6.9675484,2.7699091,6.173898,02 Azua,2018,13,train
-9.700486,7.6667876,2.3568182,02 Azua,2018,14,train
-8.29278,5.2252846,7.3065248,02 Azua,2018,15,train
-8.355574,6.0401144,7.4686046,02 Azua,2018,16,train
-9.388724,8.6817875,5.2409277,02 Azua,2018,17,train
-2.0181367,7.5385866,4.6877,02 Azua,2018,18,train
-2.049965,6.4884233,5.37367,02 Azua,2018,19,train
-1.7897036,5.3226967,7.9381166,02 Azua,2018,20,train
-0.9804382,6.551365,8.378135,02 Azua,2018,21,train
-0.08367955,7.334661,7.206686,02 Azua,2018,22,train
0.047082018,4.5479317,7.1348224,02 Azua,2018,23,train
1.0380316,5.902337,7.8235784,02 Azua,2018,24,train
1.5828174,6.2845855,4.942001,02 Azua,2018,25,train
1.8378192,4.1869917,6.9674406,02 Azua,2018,26,train
6.646602,0.19812107,6.240381,02 Azua,2018,27,train
6.063109,1.1515446,4.4552345,02 Azua,2018,28,train
7.529961,2.1392338,4.779002,02 Azua,2018,29,train
7.6345296,2.2800243,4.665898,02 Azua,2018,30,train
7.3593626,1.0019679,5.7846045,02 Azua,2018,31,train
8.247428,2.273852,4.4406486,02 Azua,2018,32,train
7.7596374,1.2554729,5.2169733,02 Azua,2018,33,train
8.329341,1.6076512,5.225246,02 Azua,2018,34,train
8.56133,-4.860235,1.7165058,02 Azua,2018,35,train
8.924897,-3.5691059,-2.7493773,02 Azua,2018,36,train
9.103761,-3.004814,-1.4215535,02 Azua,2018,37,train
8.645627,-3.4433453,-2.8881085,02 Azua,2018,38,train
9.263833,-4.266142,-0.51928777,02 Azua,2018,39,train
5.371812,-4.435406,-4.434115,02 Azua,2018,40,train
5.6194634,-5.3948946,-4.96836,02 Azua,2018,41,train
4.851374,-5.129327,-5.315203,02 Azua,2018,42,train
4.4426994,-5.371636,-5.2577553,02 Azua,2018,43,train
3.7970643,-5.3123636,-5.404861,02 Azua,2018,44,train
2.7992609,-7.1610856,-3.296272,02 Azua,2018,45,train
2.8899846,-8.629903,-3.097856,02 Azua,2018,46,train
1.940129,-7.631922,-2.5665705,02 Azua,2018,47,train
0.8983887,-6.8625145,-2.2527068,02 Azua,2018,48,train
-4.7807755,-10.640348,-3.1823592,02 Azua,2018,49,train
-4.242264,-9.759792,-2.6694012,02 Azua,2018,50,train
-3.417853,-8.6451435,-3.7118433,02 Azua,2018,51,train
-8.042631,-7.3190074,-1.8056244,02 Azua,2018,52,train
-7.2585044,-5.9807935,-1.3865111,02 Azua,2019,1,train
-6.6454077,-4.841813,-1.0922229,02 Azua,2019,2,train
-7.0292783,-3.8472602,-1.8426481,02 Azua,2019,3,train
-7.3669286,-4.287821,-0.08607247,02 Azua,2019,4,train
-8.215903,-1.0635874,0.34638876,02 Azua,2019,5,train
-9.85337,-0.5592204,0.57498646,02 Azua,2019,6,train
-10.22775,-0.09499309,0.8726528,02 Azua,2019,7,train
-11.283062,0.43401042,2.192729,02 Azua,2019,8,train
-10.837434,0.7884086,2.477572,02 Azua,2019,9,train
-9.361959,1.9744421,2.8158317,02 Azua,2019,10,train
-10.420484,3.1342895,3.6723862,02 Azua,2019,11,train
-10.978496,4.631162,3.8224075,02 Azua,2019,12,train
-8.962442,17.63376,-8.5816145,02 Azua,2019,13,train
-10.051161,6.0043755,5.6093025,02 Azua,2019,14,train
-9.948797,6.593245,5.679196,02 Azua,2019,15,train
-9.150742,6.169826,7.0841618,02 Azua,2019,16,train
-9.150891,7.837725,4.9182878,02 Azua,2019,17,train
-2.3680594,5.7118034,7.2709513,02 Azua,2019,18,train
-1.7673416,7.4196773,6.758828,02 Azua,2019,19,train
-1.011481,7.1264067,6.684576,02 Azua,2019,20,train
-0.43746895,8.322657,4.5864325,02 Azua,2019,21,train
-0.06235027,6.948898,3.7646337,02 Azua,2019,22,train
0.73292047,7.42049,5.101391,02 Azua,2019,23,train
1.120913,5.637766,6.869373,02 Azua,2019,24,train
2.2078745,5.845896,7.2410064,02 Azua,2019,25,train
2.287991,4.769859,7.3836255,02 Azua,2019,26,train
9.567287,-1.4018552,2.8639822,02 Azua,2019,27,train
10.358745,-1.466432,2.8477647,02 Azua,2019,28,train
11.345495,-1.8170577,3.288397,02 Azua,2019,29,train
12.61663,-1.280542,2.7624593,02 Azua,2019,30,train
11.510518,-1.1605011,2.1823506,02 Azua,2019,31,train
12.1276455,-1.4074769,2.4674008,02 Azua,2019,32,train
12.339378,-1.3427575,2.5726573,02 Azua,2019,33,train
12.775173,-0.6923792,1.7610801,02 Azua,2019,34,train
11.5168,-3.5929437,-0.37177622,02 Azua,2019,35,train
9.95523,-4.3680286,-1.129469,02 Azua,2019,36,train
10.246027,-4.739864,-1.2595379,02 Azua,2019,37,train
14.851815,15.748802,-18.049154,02 Azua,2019,38,train
8.159129,-6.0848002,-3.4680347,02 Azua,2019,39,train
5.4552703,-4.3120265,-2.3884156,02 Azua,2019,40,train
5.945168,-6.00715,-2.6633232,02 Azua,2019,41,train
5.3004894,-5.5816827,-3.6795156,02 Azua,2019,42,train
4.3957763,-7.7774935,-2.9255958,02 Azua,2019,43,train
3.927161,-8.134675,-3.3486128,02 Azua,2019,44,train
3.5497096,-8.01463,-2.8323522,02 Azua,2019,45,train
3.4963431,-6.8864465,-4.926844,02 Azua,2019,46,train
1.9360911,-6.6727805,-3.3010995,02 Azua,2019,47,train
1.7065743,-6.9870915,-2.376864,02 Azua,2019,48,train
-4.5194736,-9.426952,-6.623514,02 Azua,2019,49,train
-4.906833,-9.895506,-6.175272,02 Azua,2019,50,train
-4.9318113,-9.344355,-6.2765913,02 Azua,2019,51,train
-8.26582,-5.2833858,-4.7363253,02 Azua,2019,52,train
-7.963723,-5.349949,-4.0349607,02 Azua,2020,1,val
-8.612576,-5.7174845,-2.4303443,02 Azua,2020,2,val
-8.988275,-5.770327,-1.192399,02 Azua,2020,3,val
-7.4582376,-2.1729555,-3.5883534,02 Azua,2020,4,val
-9.1262455,0.8628976,-1.575895,02 Azua,2020,5,val
-10.35135,-0.05313714,0.6193188,02 Azua,2020,6,val
-10.128937,-0.078785166,1.9645699,02 Azua,2020,7,val
-10.285184,0.99133646,1.6046165,02 Azua,2020,8,val
-11.071332,2.8404698,0.09467453,02 Azua,2020,9,val
-10.407349,2.956346,0.72828394,02 Azua,2020,10,val
-10.96097,3.311705,2.3103008,02 Azua,2020,11,val
-10.3737955,3.410003,4.7398214,02 Azua,2020,12,val
-9.769423,5.2640333,4.6310472,02 Azua,2020,13,val
-9.672272,6.5775313,4.49471,02 Azua,2020,14,val
-9.466781,9.305796,5.2983584,02 Azua,2020,15,val
-9.429479,7.5876427,6.895382,02 Azua,2020,16,val
-9.806635,8.731282,6.881322,02 Azua,2020,17,val
-9.353561,8.246548,7.3087654,02 Azua,2020,18,val
-8.323553,10.071655,6.9025526,02 Azua,2020,19,val
-8.3114195,10.098205,7.561825,02 Azua,2020,20,val
-7.1291137,10.710595,7.8919415,02 Azua,2020,21,val
-6.345786,10.582159,7.651707,02 Azua,2020,22,val
-7.2313924,10.269907,9.881955,02 Azua,2020,23,val
-6.633366,11.612301,8.703491,02 Azua,2020,24,val
-7.302669,11.47368,10.103175,02 Azua,2020,25,val
-7.44046,10.691585,11.641848,02 Azua,2020,26,val
6.224724,4.4987183,5.690105,02 Azua,2020,27,val
6.5039954,4.31114,6.499815,02 Azua,2020,28,val
6.913303,4.7146716,6.526833,02 Azua,2020,29,val
6.090961,3.2600071,7.406696,02 Azua,2020,30,val
9.813959,16.135881,-6.7245226,02 Azua,2020,31,val
7.647359,5.946809,4.63326,02 Azua,2020,32,val
8.150677,6.248349,4.9940915,02 Azua,2020,33,val
9.2971,16.659899,-9.995755,02 Azua,2020,34,val
10.095058,-2.064148,-6.806741,02 Azua,2020,35,val
10.535482,-1.6268114,-6.990175,02 Azua,2020,36,val
9.275871,-1.9330667,-7.6390634,02 Azua,2020,37,val
8.031071,-0.5436433,-7.2130075,02 Azua,2020,38,val
8.979044,-0.6284733,-6.946942,02 Azua,2020,39,val
8.15688,-1.8648598,-8.464874,02 Azua,2020,40,val
6.221668,-2.0861723,-7.8351736,02 Azua,2020,41,val
6.2809916,-1.5996183,-10.43392,02 Azua,2020,42,val
5.567955,-2.8963559,-9.119164,02 Azua,2020,43,val
5.3343477,-4.8049636,-9.830874,02 Azua,2020,44,val
4.556027,5.1108184,-19.812073,02 Azua,2020,45,val
2.7906723,-1.97229,-9.286062,02 Azua,2020,46,val
2.6373098,-2.1358716,-9.909052,02 Azua,2020,47,val
1.7143935,-3.0831425,-7.250139,02 Azua,2020,48,val
-2.2103333,-2.5604005,-10.862898,02 Azua,2020,49,val
-2.2092054,-2.1181805,-10.784146,02 Azua,2020,50,val
-2.390403,-2.080594,-10.427332,02 Azua,2020,51,val
-4.2688966,0.3404192,-7.83471,02 Azua,2020,52,val
-3.468477,0.37558874,-6.2938166,02 Azua,2021,1,val
-3.7941275,0.5750955,-6.274452,02 Azua,2021,2,val
-4.555413,1.8608091,-7.6589866,02 Azua,2021,3,val
-3.9169636,0.025297659,-3.588358,02 Azua,2021,4,val
-5.963221,3.7293684,-4.546946,02 Azua,2021,5,val
-6.624884,1.0729607,0.32608956,02 Azua,2021,6,val
-5.991069,-0.91232526,3.6637645,02 Azua,2021,7,val
-5.861947,-1.1309819,4.6950207,02 Azua,2021,8,val
-5.4814277,3.9859717,-0.08675258,02 Azua,2021,9,val
-8.185504,6.2143655,-3.1368616,02 Azua,2021,10,val
-6.259368,3.173169,1.972656,02 Azua,2021,11,val
-7.273999,4.1212106,2.448446,02 Azua,2021,12,val
-7.5679307,5.583608,3.3088849,02 Azua,2021,13,val
-7.5797477,9.68362,1.360477,02 Azua,2021,14,val
-6.9103365,8.167664,1.2226694,02 Azua,2021,15,val
-8.28212,9.330721,2.3179193,02 Azua,2021,16,val
-7.496059,8.711828,4.030735,02 Azua,2021,17,val
-1.6488394,6.1398907,5.2864165,02 Azua,2021,18,val
-1.3201984,6.1021276,5.9255037,02 Azua,2021,19,val
-0.9529183,5.2248764,6.636373,02 Azua,2021,20,val
-0.30704796,5.8675337,6.6503515,02 Azua,2021,21,val
0.18962635,5.2307973,7.247135,02 Azua,2021,22,val
0.580717,4.330163,6.2455244,02 Azua,2021,23,val
1.513334,4.794841,7.5543175,02 Azua,2021,24,val
1.9986572,4.8123226,6.2545023,02 Azua,2021,25,val
2.6416216,5.672388,6.117894,02 Azua,2021,26,val
5.1077485,1.9921485,5.889909,02 Azua,2021,27,val
5.473582,2.8547957,5.572159,02 Azua,2021,28,val
5.850369,3.1343212,5.673118,02 Azua,2021,29,val
6.1436543,3.4481943,5.800024,02 Azua,2021,30,val
6.10503,3.4727333,5.5713873,02 Azua,2021,31,val
10.905651,18.061836,-7.3952866,02 Azua,2021,32,val
10.332918,19.00169,-9.365506,02 Azua,2021,33,val
6.6357584,3.1163127,5.1721272,02 Azua,2021,34,val
8.307359,-0.6875256,-5.064596,02 Azua,2021,35,val
11.035152,0.19282608,-5.7201824,02 Azua,2021,36,val
10.056316,0.14103755,-5.71427,02 Azua,2021,37,val
10.770782,-0.14613372,-5.4349623,02 Azua,2021,38,val
9.0273285,-0.2296896,-6.1385818,02 Azua,2021,39,val
11.307211,-0.2597666,-6.148645,02 Azua,2021,40,val
6.4277077,-2.3089178,-8.483361,02 Azua,2021,41,val
5.804394,-2.7016165,-8.377178,02 Azua,2021,42,val
5.1400967,-3.3596883,-7.53699,02 Azua,2021,43,val
4.426343,-3.8032703,-7.682246,02 Azua,2021,44,val
4.034649,-4.110451,-7.268694,02 Azua,2021,45,val
1.5896019,-8.449203,0.37639812,02 Azua,2021,46,val
2.7951415,-4.1173096,-7.2870955,02 Azua,2021,47,val
-2.5458188,-4.8855896,-11.498913,02 Azua,2021,48,val
-3.2751071,-9.16478,-3.0876937,02 Azua,2021,49,val
-4.1315217,-10.907616,-0.8695922,02 Azua,2021,50,val
-2.6408474,-2.9656966,-10.288817,02 Azua,2021,51,val
-4.4398017,-5.7563195,0.5680655,02 Azua,2021,52,val
-10.647564,-6.437241,-3.0795908,03 Baoruco,2015,1,train
-10.844613,-5.6338654,-2.3337944,03 Baoruco,2015,2,train
-11.598498,-5.352772,-2.0356278,03 Baoruco,2015,3,train
-11.747201,-5.1801004,-1.2667567,03 Baoruco,2015,4,train
-11.329277,-2.0463226,0.65893245,03 Baoruco,2015,5,train
-11.993577,-0.9218998,1.269746,03 Baoruco,2015,6,train
-12.098081,-0.7515032,2.1107218,03 Baoruco,2015,7,train
-13.457427,0.88575697,2.3824584,03 Baoruco,2015,8,train
-13.9626045,2.299956,2.6234646,03 Baoruco,2015,9,train
-14.368909,2.8474858,3.366522,03 Baoruco,2015,10,train
-14.455132,3.321071,4.2693033,03 Baoruco,2015,11,train
-13.848225,5.220391,5.389302,03 Baoruco,2015,12,train
-13.989465,6.3989053,5.9166746,03 Baoruco,2015,13,train
-14.074102,6.9303327,6.1825986,03 Baoruco,2015,14,train
-14.767158,8.187032,6.9081864,03 Baoruco,2015,15,train
-13.286162,7.9340196,8.611493,03 Baoruco,2015,16,train
-12.721247,8.906612,9.650159,03 Baoruco,2015,17,train
-3.1486437,5.935587,10.011626,03 Baoruco,2015,18,train
-3.0101483,7.2621017,9.121696,03 Baoruco,2015,19,train
-2.775405,7.5772676,10.016792,03 Baoruco,2015,20,train
-1.0928054,7.863125,9.927956,03 Baoruco,2015,21,train
-0.5547815,6.941782,9.3422,03 Baoruco,2015,22,train
0.21858576,7.3896627,9.580463,03 Baoruco,2015,23,train
0.84565294,5.6979074,10.160717,03 Baoruco,2015,24,train
1.8847347,6.3988624,9.947339,03 Baoruco,2015,25,train
2.585108,7.2792473,9.323865,03 Baoruco,2015,26,train
11.263817,-0.11106607,6.368257,03 Baoruco,2015,27,train
11.325961,0.3888118,6.0212173,03 Baoruco,2015,28,train
11.826621,0.9152129,5.6926165,03 Baoruco,2015,29,train
12.76171,0.96942186,6.1209955,03 Baoruco,2015,30,train
11.904952,-0.23057617,6.54398,03 Baoruco,2015,31,train
13.21824,1.075258,5.6661754,03 Baoruco,2015,32,train
13.014996,0.5178286,5.9256907,03 Baoruco,2015,33,train
12.759121,0.009352012,6.1924486,03 Baoruco,2015,34,train
19.730045,12.062836,-15.126763,03 Baoruco,2015,35,train
11.687693,-6.7378407,-1.8811102,03 Baoruco,2015,36,train
12.652532,-7.8431673,-1.6276873,03 Baoruco,2015,37,train
11.45213,-8.213169,-1.786869,03 Baoruco,2015,38,train
11.732236,-8.887272,-2.700399,03 Baoruco,2015,39,train
10.106865,-9.945294,-3.2212574,03 Baoruco,2015,40,train
10.396499,-11.044268,-3.4279149,03 Baoruco,2015,41,train
10.296474,-11.423946,-4.3198223,03 Baoruco,2015,42,train
8.656793,-10.771956,-4.4677243,03 Baoruco,2015,43,train
8.500993,-11.313704,-5.067696,03 Baoruco,2015,44,train
6.4870615,-11.119634,-5.196592,03 Baoruco,2015,45,train
5.465987,-11.126673,-5.9120426,03 Baoruco,2015,46,train
4.2614684,-10.545007,-4.9547887,03 Baoruco,2015,47,train
-4.7034354,-12.327624,-6.8935056,03 Baoruco,2015,48,train
-4.811639,-12.121569,-9.467054,03 Baoruco,2015,49,train
-4.9924035,-11.6494,-8.207813,03 Baoruco,2015,50,train
-5.4001164,-10.889253,-8.000264,03 Baoruco,2015,51,train
-10.487684,-6.2668166,-4.1255746,03 Baoruco,2015,52,train
-12.359763,-4.254496,-2.374892,03 Baoruco,2016,1,train
-13.137781,-4.1450067,-2.368746,03 Baoruco,2016,2,train
-13.629274,-4.222738,-2.0927436,03 Baoruco,2016,3,train
-14.361974,-3.7499974,-2.8452532,03 Baoruco,2016,4,train
-13.995183,-2.4602256,-0.46638948,03 Baoruco,2016,5,train
-14.9145565,-1.7800007,-0.59980994,03 Baoruco,2016,6,train
-14.642026,-0.94868714,-0.197058,03 Baoruco,2016,7,train
-14.417409,-0.7313667,0.48582098,03 Baoruco,2016,8,train
-11.468614,15.453875,-15.044029,03 Baoruco,2016,9,train
-13.086059,2.9694607,2.8035784,03 Baoruco,2016,10,train
-14.348638,4.65693,2.5454094,03 Baoruco,2016,11,train
-14.761108,5.108106,4.828894,03 Baoruco,2016,12,train
-13.969534,6.4131746,5.929142,03 Baoruco,2016,13,train
-13.7307205,8.279295,6.5428686,03 Baoruco,2016,14,train
-13.752979,8.322498,7.9210105,03 Baoruco,2016,15,train
-13.65847,9.578357,7.6525598,03 Baoruco,2016,16,train
-5.8178287,24.899332,-7.425179,03 Baoruco,2016,17,train
-2.1150503,12.158192,4.7922163,03 Baoruco,2016,18,train
-1.7872038,11.2022,5.7716384,03 Baoruco,2016,19,train
-1.4657291,9.736781,8.426753,03 Baoruco,2016,20,train
-0.4496763,11.048046,6.7258887,03 Baoruco,2016,21,train
0.5298097,11.837217,5.7077303,03 Baoruco,2016,22,train
0.98361486,7.5846686,9.083596,03 Baoruco,2016,23,train
1.7101383,6.8297677,9.45412,03 Baoruco,2016,24,train
2.656194,6.517104,8.471274,03 Baoruco,2016,25,train
3.4126587,6.8986626,8.539242,03 Baoruco,2016,26,train
8.579941,3.2620122,7.2771745,03 Baoruco,2016,27,train
8.445016,2.8563547,8.046469,03 Baoruco,2016,28,train
8.437299,3.0541167,7.9057417,03 Baoruco,2016,29,train
8.766979,3.4954138,7.897514,03 Baoruco,2016,30,train
8.2845335,4.693677,6.0321746,03 Baoruco,2016,31,train
8.048374,4.625868,7.5813437,03 Baoruco,2016,32,train
7.636318,2.6689212,8.433934,03 Baoruco,2016,33,train
7.121774,5.3180656,5.0241404,03 Baoruco,2016,34,train
14.794546,-0.14187625,-6.32056,03 Baoruco,2016,35,train
16.173487,0.76742345,-7.0820036,03 Baoruco,2016,36,train
17.409893,0.7229254,-7.076975,03 Baoruco,2016,37,train
17.616419,1.0585326,-7.735084,03 Baoruco,2016,38,train
17.298914,-0.030166408,-7.102348,03 Baoruco,2016,39,train
11.48528,8.825134,-24.950865,03 Baoruco,2016,40,train
8.413981,-4.4136686,-11.38615,03 Baoruco,2016,41,train
6.686908,-4.3437557,-12.121749,03 Baoruco,2016,42,train
6.821624,-4.9813294,-12.269316,03 Baoruco,2016,43,train
5.8988595,-5.905797,-11.168408,03 Baoruco,2016,44,train
5.8093085,-5.274194,-12.780074,03 Baoruco,2016,45,train
4.8580766,-4.4068427,-13.353446,03 Baoruco,2016,46,train
3.3204548,-5.7366138,-12.08752,03 Baoruco,2016,47,train
-1.776275,-6.963618,-13.4151745,03 Baoruco,2016,48,train
-2.0920033,-7.4008465,-12.341517,03 Baoruco,2016,49,train
-3.3855758,-6.7123523,-13.633988,03 Baoruco,2016,50,train
-2.8597746,-7.684061,-9.633834,03 Baoruco,2016,51,train
-8.239461,-7.6038933,-1.6419888,03 Baoruco,2016,52,train
-8.375889,-7.967534,-0.11347595,03 Baoruco,2017,1,train
-7.54713,-7.231599,1.8221773,03 Baoruco,2017,2,train
-8.234157,-7.4655905,2.7801263,03 Baoruco,2017,3,train
-8.810159,-6.2878513,1.4966551,03 Baoruco,2017,4,train
-10.7727995,-4.536885,4.2146397,03 Baoruco,2017,5,train
-11.045782,-2.7737904,3.065582,03 Baoruco,2017,6,train
-10.750701,-2.4832096,3.8388374,03 Baoruco,2017,7,train
-10.889926,-2.0137863,4.518236,03 Baoruco,2017,8,train
-11.549737,-0.94738615,5.764598,03 Baoruco,2017,9,train
-11.594931,0.49233326,6.509794,03 Baoruco,2017,10,train
-11.3463125,1.5732028,7.12054,03 Baoruco,2017,11,train
-11.346844,2.7692726,7.696293,03 Baoruco,2017,12,train
-11.177194,4.184132,10.714952,03 Baoruco,2017,13,train
-12.328117,7.000776,9.189366,03 Baoruco,2017,14,train
-11.359955,5.9442434,9.78527,03 Baoruco,2017,15,train
-10.114704,21.017988,-4.4683304,03 Baoruco,2017,16,train
-9.278071,22.4042,-3.4869826,03 Baoruco,2017,17,train
-10.754247,12.600712,6.593042,03 Baoruco,2017,18,train
-10.632449,10.765782,9.330079,03 Baoruco,2017,19,train
-10.38067,13.144511,9.814139,03 Baoruco,2017,20,train
-9.846611,11.403456,13.121294,03 Baoruco,2017,21,train
-9.211663,11.950813,13.352357,03 Baoruco,2017,22,train
-9.519282,12.810433,14.543909,03 Baoruco,2017,23,train
-9.081705,12.97188,13.674012,03 Baoruco,2017,24,train
2.5903506,5.571746,10.254305,03 Baoruco,2017,25,train
3.2466855,5.4231424,10.258187,03 Baoruco,2017,26,train
7.4554987,1.7994521,9.444077,03 Baoruco,2017,27,train
7.2948437,3.0108507,8.587905,03 Baoruco,2017,28,train
7.4603705,2.4324663,9.202985,03 Baoruco,2017,29,train
8.207653,3.584544,9.316234,03 Baoruco,2017,30,train
7.9890065,3.1322253,9.488847,03 Baoruco,2017,31,train
7.628328,3.936715,8.443482,03 Baoruco,2017,32,train
8.040031,2.826864,9.56086,03 Baoruco,2017,33,train
7.939479,3.309012,9.15795,03 Baoruco,2017,34,train
15.817022,-2.891361,-3.330012,03 Baoruco,2017,35,train
17.04923,0.26366028,-7.011173,03 Baoruco,2017,36,train
15.796015,-0.051665578,-7.7958403,03 Baoruco,2017,37,train
18.45461,-0.71525425,-6.4759984,03 Baoruco,2017,38,train
16.7651,0.18669997,-7.0220423,03 Baoruco,2017,39,train
15.044585,-0.90283185,-7.8456144,03 Baoruco,2017,40,train
11.083854,-4.191996,-9.212056,03 Baoruco,2017,41,train
8.482852,-7.0070124,-11.017067,03 Baoruco,2017,42,train
7.2475934,-5.9054193,-10.568398,03 Baoruco,2017,43,train
6.790569,-6.782124,-11.583452,03 Baoruco,2017,44,train
5.7362647,8.068961,-25.88898,03 Baoruco,2017,45,train
4.7144647,-3.9965317,-14.376277,03 Baoruco,2017,46,train
4.1189804,-7.4944,-11.033673,03 Baoruco,2017,47,train
4.2454977,-7.620833,-10.898744,03 Baoruco,2017,48,train
-2.8392591,-6.831418,-14.91064,03 Baoruco,2017,49,train
-4.3298674,-13.786543,-3.3652034,03 Baoruco,2017,50,train
-4.583299,-13.084726,-2.0155985,03 Baoruco,2017,51,train
-8.188899,-9.066633,1.0253762,03 Baoruco,2017,52,train
-8.476091,-0.3885782,-10.737424,03 Baoruco,2018,1,train
-7.6047072,11.133622,-23.973547,03 Baoruco,2018,2,train
-9.319399,1.7806736,-11.3637495,03 Baoruco,2018,3,train
-10.364907,0.38065627,-9.369923,03 Baoruco,2018,4,train
-8.743043,-3.5306065,4.1417804,03 Baoruco,2018,5,train
-11.201553,-2.995558,3.7744923,03 Baoruco,2018,6,train
-11.210796,-2.887146,4.9014893,03 Baoruco,2018,7,train
-10.649375,-2.2274034,5.3753233,03 Baoruco,2018,8,train
-10.470134,-0.77760416,4.9878764,03 Baoruco,2018,9,train
-8.83753,-0.27951026,6.9147663,03 Baoruco,2018,10,train
-11.588797,2.0123982,8.602851,03 Baoruco,2018,11,train
-11.645919,3.1712804,8.33954,03 Baoruco,2018,12,train
-9.422841,1.4282678,10.582343,03 Baoruco,2018,13,train
-11.434472,4.902911,10.417181,03 Baoruco,2018,14,train
-11.702775,6.618228,10.169316,03 Baoruco,2018,15,train
-11.393585,6.8333774,9.741396,03 Baoruco,2018,16,train
-11.690991,8.50296,10.829366,03 Baoruco,2018,17,train
-10.868929,13.151702,6.574906,03 Baoruco,2018,18,train
-2.2894747,10.30273,7.9075027,03 Baoruco,2018,19,train
-2.1147034,8.699011,9.003495,03 Baoruco,2018,20,train
-1.2382996,7.4105377,9.979349,03 Baoruco,2018,21,train
-0.32547328,7.978389,10.346637,03 Baoruco,2018,22,train
-0.026112022,5.3069215,11.464321,03 Baoruco,2018,23,train
0.9000973,6.164888,10.044999,03 Baoruco,2018,24,train
1.8289988,5.59743,9.334636,03 Baoruco,2018,25,train
1.8519337,3.2772305,10.834645,03 Baoruco,2018,26,train
8.304904,-0.6246625,9.050803,03 Baoruco,2018,27,train
8.658074,0.92260844,7.6281137,03 Baoruco,2018,28,train
9.812397,1.8121551,7.6500626,03 Baoruco,2018,29,train
9.644212,2.2254171,7.003802,03 Baoruco,2018,30,train
8.978181,-0.13546515,9.011239,03 Baoruco,2018,31,train
9.843063,0.9103491,7.763469,03 Baoruco,2018,32,train
10.155712,1.321189,7.5086594,03 Baoruco,2018,33,train
10.115097,1.6242142,6.9140882,03 Baoruco,2018,34,train
11.804442,-6.7711635,1.8367038,03 Baoruco,2018,35,train
12.561357,-7.132821,1.182781,03 Baoruco,2018,36,train
12.739534,-8.574666,2.2428708,03 Baoruco,2018,37,train
13.205346,-4.7839885,-3.442677,03 Baoruco,2018,38,train
18.32014,8.609982,-15.067675,03 Baoruco,2018,39,train
7.872283,-6.9762297,-7.144136,03 Baoruco,2018,40,train
7.58121,-8.353779,-7.955267,03 Baoruco,2018,41,train
5.670525,-11.635298,0.39079213,03 Baoruco,2018,42,train
5.8337607,-13.2986765,-0.58503807,03 Baoruco,2018,43,train
4.8267045,-12.9528475,-1.727573,03 Baoruco,2018,44,train
3.9096332,-12.3434725,-0.40666676,03 Baoruco,2018,45,train
3.9498367,-12.259278,-3.8289936,03 Baoruco,2018,46,train
2.703065,-11.810616,-1.8549767,03 Baoruco,2018,47,train
2.4378374,-11.575193,-2.6178455,03 Baoruco,2018,48,train
1.362984,-11.697841,-1.7736605,03 Baoruco,2018,49,train
0.63070464,-10.843874,-2.691643,03 Baoruco,2018,50,train
-5.241406,-12.725111,-3.7773604,03 Baoruco,2018,51,train
-10.284238,-8.774092,-1.9799333,03 Baoruco,2018,52,train
-9.493103,-6.7988725,-1.7351115,03 Baoruco,2019,1,train
-10.60009,-7.412485,-0.7875101,03 Baoruco,2019,2,train
-11.147781,-6.896663,-0.7667444,03 Baoruco,2019,3,train
-11.820035,-6.7728195,0.22042604,03 Baoruco,2019,4,train
-12.11951,-1.9350766,1.660824,03 Baoruco,2019,5,train
-13.1772175,-2.4562528,1.6904653,03 Baoruco,2019,6,train
-13.765774,-0.6306036,1.4347674,03 Baoruco,2019,7,train
-14.452135,-0.518555,3.557151,03 Baoruco,2019,8,train
-14.182585,0.4218472,2.8270006,03 Baoruco,2019,9,train
-13.469226,1.9397968,4.321836,03 Baoruco,2019,10,train
-12.913773,2.227747,6.214558,03 Baoruco,2019,11,train
-13.171945,4.4849596,8.095233,03 Baoruco,2019,12,train
-10.948958,18.752882,-7.559174,03 Baoruco,2019,13,train
-12.922407,7.1553674,8.13629,03 Baoruco,2019,14,train
-13.191037,7.208257,8.225311,03 Baoruco,2019,15,train
-12.179577,7.1702557,9.2199135,03 Baoruco,2019,16,train
-11.4246645,7.818927,8.876442,03 Baoruco,2019,17,train
-2.6272538,7.8803196,9.446567,03 Baoruco,2019,18,train
-2.3474345,6.118196,10.758081,03 Baoruco,2019,19,train
-1.7545886,5.4293094,11.356948,03 Baoruco,2019,20,train
-0.6878405,7.2399287,9.530599,03 Baoruco,2019,21,train
2.8732753,21.345692,-2.3816323,03 Baoruco,2019,22,train
0.68015593,6.9706445,9.477462,03 Baoruco,2019,23,train
1.5646536,6.5337605,9.811345,03 Baoruco,2019,24,train
2.5648947,5.585902,10.830148,03 Baoruco,2019,25,train
2.955414,4.745384,10.640309,03 Baoruco,2019,26,train
12.942692,-3.7908494,5.838163,03 Baoruco,2019,27,train
13.516074,-2.5089612,3.8833606,03 Baoruco,2019,28,train
14.707751,-3.142169,4.675761,03 Baoruco,2019,29,train
14.752957,-3.0639982,4.5095997,03 Baoruco,2019,30,train
14.794833,-1.8587602,3.2106497,03 Baoruco,2019,31,train
15.071954,-2.0144575,3.3006659,03 Baoruco,2019,32,train
14.198038,-2.4758384,3.823545,03 Baoruco,2019,33,train
14.485968,-1.4061712,2.79822,03 Baoruco,2019,34,train
14.354894,-7.1508527,1.4978796,03 Baoruco,2019,35,train
13.432135,-7.3000975,0.04931182,03 Baoruco,2019,36,train
14.015763,-7.6531334,-0.31170452,03 Baoruco,2019,37,train
19.37867,13.124122,-16.2392,03 Baoruco,2019,38,train
11.6491375,-8.607631,-3.8726304,03 Baoruco,2019,39,train
10.06865,-9.412112,-1.1178887,03 Baoruco,2019,40,train
9.358583,-11.935511,-0.5282247,03 Baoruco,2019,41,train
8.318196,-12.047987,-1.5040588,03 Baoruco,2019,42,train
15.486192,9.841576,-16.88584,03 Baoruco,2019,43,train
5.9548297,-12.123968,-2.172561,03 Baoruco,2019,44,train
5.5568476,-11.890104,-3.0730186,03 Baoruco,2019,45,train
4.7243543,-12.032133,-4.5875974,03 Baoruco,2019,46,train
3.9156985,-11.498846,-3.8330312,03 Baoruco,2019,47,train
2.696227,-11.910865,-1.7508646,03 Baoruco,2019,48,train
-5.555843,-13.3185425,-7.606553,03 Baoruco,2019,49,train
-4.074807,5.917335,-24.932007,03 Baoruco,2019,50,train
-5.662912,-11.690173,-7.956478,03 Baoruco,2019,51,train
-10.525938,-7.027717,-3.7481506,03 Baoruco,2019,52,train
-10.683504,-7.640179,-2.4556262,03 Baoruco,2020,1,val
-11.170045,-7.1729803,-1.8070127,03 Baoruco,2020,2,val
-11.453307,-7.099065,-0.8799496,03 Baoruco,2020,3,val
-10.822279,-5.527369,-1.0474132,03 Baoruco,2020,4,val
-12.611076,-2.5911715,2.1608193,03 Baoruco,2020,5,val
-13.191362,-1.2930862,1.9861014,03 Baoruco,2020,6,val
-12.905381,-1.3568268,3.2881904,03 Baoruco,2020,7,val
-12.952454,-0.1471806,2.7259874,03 Baoruco,2020,8,val
-13.280183,1.3984709,2.627073,03 Baoruco,2020,9,val
-13.733781,2.1701708,3.073068,03 Baoruco,2020,10,val
-13.204889,3.2413883,4.6519833,03 Baoruco,2020,11,val
-12.549202,3.7303774,8.192277,03 Baoruco,2020,12,val
-12.653125,6.2699823,7.774554,03 Baoruco,2020,13,val
-11.827171,5.8527484,10.161793,03 Baoruco,2020,14,val
-12.731507,9.039706,10.402898,03 Baoruco,2020,15,val
-12.43473,8.394844,11.169597,03 Baoruco,2020,16,val
-11.944389,8.891254,11.432635,03 Baoruco,2020,17,val
-11.876669,9.551368,11.604553,03 Baoruco,2020,18,val
-1.8699697,7.8492355,10.589851,03 Baoruco,2020,19,val
-1.142867,7.771659,10.365333,03 Baoruco,2020,20,val
-0.50354916,6.0790377,10.725389,03 Baoruco,2020,21,val
0.26899472,6.869972,10.233133,03 Baoruco,2020,22,val
1.2607139,7.146642,10.808364,03 Baoruco,2020,23,val
1.9553897,5.9497795,10.599483,03 Baoruco,2020,24,val
3.0875475,6.9682403,10.420933,03 Baoruco,2020,25,val
3.3122857,3.9581661,11.601867,03 Baoruco,2020,26,val
11.971941,16.786777,-2.7464023,03 Baoruco,2020,27,val
7.7668824,2.6522772,9.247858,03 Baoruco,2020,28,val
7.352912,2.916306,8.999548,03 Baoruco,2020,29,val
7.8535724,3.8432472,8.901514,03 Baoruco,2020,30,val
7.630145,2.1405437,9.688534,03 Baoruco,2020,31,val
7.313303,3.1679244,9.376138,03 Baoruco,2020,32,val
8.277309,2.9965374,10.406088,03 Baoruco,2020,33,val
12.723767,19.710854,-5.4897246,03 Baoruco,2020,34,val
14.870879,0.21780919,-7.3531613,03 Baoruco,2020,35,val
15.278699,-0.17830703,-8.246892,03 Baoruco,2020,36,val
15.412627,-0.117517166,-7.890664,03 Baoruco,2020,37,val
17.19393,0.9738315,-7.9230914,03 Baoruco,2020,38,val
17.968843,1.5004032,-8.356345,03 Baoruco,2020,39,val
14.850875,-0.64149964,-9.012275,03 Baoruco,2020,40,val
12.516541,-2.3254623,-9.592385,03 Baoruco,2020,41,val
10.198121,-4.390799,-11.495125,03 Baoruco,2020,42,val
8.193965,-6.274485,-12.139538,03 Baoruco,2020,43,val
7.3773494,-5.900333,-12.597409,03 Baoruco,2020,44,val
5.4273405,-6.2266984,-13.140225,03 Baoruco,2020,45,val
4.64026,2.5364048,-22.181845,03 Baoruco,2020,46,val
4.2449627,-6.7482896,-12.208513,03 Baoruco,2020,47,val
2.9671078,-6.27076,-10.149195,03 Baoruco,2020,48,val
-1.8241416,-5.5206065,-14.144601,03 Baoruco,2020,49,val
-2.116591,-5.140317,-13.890161,03 Baoruco,2020,50,val
-2.3958654,-4.675452,-12.61193,03 Baoruco,2020,51,val
-6.6755395,-1.5249867,-7.893366,03 Baoruco,2020,52,val
-6.5376315,-8.039611,1.1170981,03 Baoruco,2021,1,val
-6.681049,-2.983991,-4.5365067,03 Baoruco,2021,2,val
-7.4828515,-2.4904008,-4.5562196,03 Baoruco,2021,3,val
-5.7178097,-6.4158835,3.2272854,03 Baoruco,2021,4,val
-8.850625,4.0248837,-4.47818,03 Baoruco,2021,5,val
-10.678054,5.8813386,-5.1409817,03 Baoruco,2021,6,val
-10.048382,-1.923177,5.3283157,03 Baoruco,2021,7,val
-8.542912,-1.4452218,5.7811403,03 Baoruco,2021,8,val
-8.707892,-0.629603,6.470859,03 Baoruco,2021,9,val
-11.903507,16.725418,-11.204766,03 Baoruco,2021,10,val
-8.884452,0.46640757,6.8312006,03 Baoruco,2021,11,val
-11.287253,5.5900517,3.7420416,03 Baoruco,2021,12,val
-11.072557,4.3981824,7.9174447,03 Baoruco,2021,13,val
-10.903357,12.625529,1.2843875,03 Baoruco,2021,14,val
-9.520324,4.518514,9.705772,03 Baoruco,2021,15,val
-11.061188,7.3292193,10.015578,03 Baoruco,2021,16,val
-11.019004,9.174036,8.716065,03 Baoruco,2021,17,val
-10.854603,9.024968,10.9369,03 Baoruco,2021,18,val
-11.173828,10.067173,11.668056,03 Baoruco,2021,19,val
-9.591015,8.85297,12.15796,03 Baoruco,2021,20,val
-9.293911,10.142615,13.176758,03 Baoruco,2021,21,val
-9.16361,11.488587,13.390454,03 Baoruco,2021,22,val
-8.848129,11.448644,13.776731,03 Baoruco,2021,23,val
-9.315496,12.032017,14.714332,03 Baoruco,2021,24,val
-9.214472,12.570182,13.7922945,03 Baoruco,2021,25,val
3.1039798,5.753589,9.25951,03 Baoruco,2021,26,val
6.875557,2.1832922,8.733839,03 Baoruco,2021,27,val
6.917497,3.1280568,8.106265,03 Baoruco,2021,28,val
6.912393,2.7150812,8.511546,03 Baoruco,2021,29,val
7.7273197,3.496444,8.880011,03 Baoruco,2021,30,val
7.8342905,2.201883,9.587124,03 Baoruco,2021,31,val
7.2944417,2.1576443,8.373403,03 Baoruco,2021,32,val
12.336667,21.841724,-11.420169,03 Baoruco,2021,33,val
8.026366,2.7412257,8.239082,03 Baoruco,2021,34,val
15.834954,0.76243794,-6.9246755,03 Baoruco,2021,35,val
17.371977,-1.3208668,-4.8090105,03 Baoruco,2021,36,val
17.42468,1.2282327,-7.581597,03 Baoruco,2021,37,val
17.650307,1.405929,-8.013021,03 Baoruco,2021,38,val
16.482655,1.0488117,-7.801169,03 Baoruco,2021,39,val
16.24745,0.45268425,-8.079007,03 Baoruco,2021,40,val
11.311814,-3.161943,-9.576429,03 Baoruco,2021,41,val
9.494933,-4.9364653,-11.392017,03 Baoruco,2021,42,val
8.060462,-4.494369,-10.537973,03 Baoruco,2021,43,val
7.0601635,-5.9848537,-11.670247,03 Baoruco,2021,44,val
6.4100533,-8.060531,-9.468242,03 Baoruco,2021,45,val
3.6961129,-13.3342705,-0.87473184,03 Baoruco,2021,46,val
4.1223907,-8.988815,-8.352873,03 Baoruco,2021,47,val
-3.0995467,-11.927406,-6.923749,03 Baoruco,2021,48,val
-3.1298084,-11.634544,-5.771179,03 Baoruco,2021,49,val
-3.7460597,-13.187301,-2.3562865,03 Baoruco,2021,50,val
-2.6409686,-5.363106,-12.081254,03 Baoruco,2021,51,val
-5.601669,-7.1496615,1.0084611,03 Baoruco,2021,52,val
-13.773432,-6.2224345,-7.352319,04 Barahona,2015,1,train
-13.584758,-4.690293,-6.692925,04 Barahona,2015,2,train
-13.267199,-2.9804776,-6.0243354,04 Barahona,2015,3,train
-14.003591,-2.718283,-5.95102,04 Barahona,2015,4,train
-13.878123,0.39721173,-3.6902218,04 Barahona,2015,5,train
-14.664006,1.7960684,-3.5614974,04 Barahona,2015,6,train
-13.9517,2.5092704,-2.6869345,04 Barahona,2015,7,train
-15.699782,3.7262323,-1.4681139,04 Barahona,2015,8,train
-16.755013,4.4252143,-0.4987115,04 Barahona,2015,9,train
-18.75255,4.4098635,1.2159083,04 Barahona,2015,10,train
-18.963474,4.9811745,2.4660954,04 Barahona,2015,11,train
-16.122116,6.596058,3.3259661,04 Barahona,2015,12,train
-16.242676,8.434231,4.9088306,04 Barahona,2015,13,train
-16.470287,9.056515,4.785951,04 Barahona,2015,14,train
-18.489944,10.326626,5.9354434,04 Barahona,2015,15,train
-17.258451,10.211613,6.855902,04 Barahona,2015,16,train
-3.1749048,10.158607,9.361565,04 Barahona,2015,17,train
-3.2763548,10.585043,10.051132,04 Barahona,2015,18,train
-3.3934681,11.839417,10.4671,04 Barahona,2015,19,train
-3.3762226,12.49616,11.30468,04 Barahona,2015,20,train
-2.698161,12.153238,10.830061,04 Barahona,2015,21,train
-0.25248948,11.159251,8.835676,04 Barahona,2015,22,train
0.68146616,11.484317,8.887899,04 Barahona,2015,23,train
1.8346093,11.257999,9.589479,04 Barahona,2015,24,train
3.0456364,11.162111,9.402716,04 Barahona,2015,25,train
3.7042809,10.4037695,9.181176,04 Barahona,2015,26,train
14.934731,3.1778274,4.7492366,04 Barahona,2015,27,train
13.853885,3.1990285,4.184728,04 Barahona,2015,28,train
14.27827,3.4758961,3.7968585,04 Barahona,2015,29,train
13.660987,2.7089276,4.756247,04 Barahona,2015,30,train
14.732102,3.0328887,4.846894,04 Barahona,2015,31,train
14.965886,2.9735076,4.416549,04 Barahona,2015,32,train
14.4676485,2.6046736,4.482137,04 Barahona,2015,33,train
13.993498,2.3169422,4.0310345,04 Barahona,2015,34,train
18.011532,12.037208,-17.667303,04 Barahona,2015,35,train
13.308038,-7.9991374,-4.563829,04 Barahona,2015,36,train
14.207668,-8.586989,-4.394624,04 Barahona,2015,37,train
13.3449,-8.946278,-5.007343,04 Barahona,2015,38,train
13.003617,-9.488891,-5.3702865,04 Barahona,2015,39,train
11.992365,-10.713782,-5.3101535,04 Barahona,2015,40,train
12.111177,-11.97957,-6.0480595,04 Barahona,2015,41,train
11.100048,-12.065335,-6.6370935,04 Barahona,2015,42,train
9.697905,-11.556754,-6.2904806,04 Barahona,2015,43,train
8.796415,-11.581212,-6.527006,04 Barahona,2015,44,train
7.227013,-12.123099,-7.6254444,04 Barahona,2015,45,train
6.7644043,-12.186455,-8.015441,04 Barahona,2015,46,train
5.273693,-11.538222,-7.685624,04 Barahona,2015,47,train
-4.79601,-12.640691,-9.559532,04 Barahona,2015,48,train
-6.2051735,-12.848548,-11.364605,04 Barahona,2015,49,train
-6.366139,-11.659219,-10.528935,04 Barahona,2015,50,train
-6.768696,-11.2842865,-10.441678,04 Barahona,2015,51,train
-13.312723,-7.089355,-7.294672,04 Barahona,2015,52,train
-13.693986,-3.9157493,-4.715615,04 Barahona,2016,1,train
-14.910191,-3.682073,-4.622884,04 Barahona,2016,2,train
-14.363854,-3.32284,-3.9912739,04 Barahona,2016,3,train
-15.823217,-3.3052711,-4.4847817,04 Barahona,2016,4,train
-15.809431,-1.3686275,-2.5115955,04 Barahona,2016,5,train
-16.910894,-0.961537,-2.3719764,04 Barahona,2016,6,train
-16.711128,-0.32343864,-1.8284999,04 Barahona,2016,7,train
-16.875507,0.4828257,-1.2282739,04 Barahona,2016,8,train
-16.470995,0.8295044,-1.213367,04 Barahona,2016,9,train
-16.1249,4.5021834,1.0719066,04 Barahona,2016,10,train
-15.973934,5.2545695,1.442409,04 Barahona,2016,11,train
-17.871412,7.255333,3.4276776,04 Barahona,2016,12,train
-15.512326,8.826123,4.547089,04 Barahona,2016,13,train
-14.584667,9.821082,5.9745917,04 Barahona,2016,14,train
-14.347289,9.941398,6.560455,04 Barahona,2016,15,train
-13.5514,11.8253355,7.000131,04 Barahona,2016,16,train
-5.0446057,26.507572,-6.8678374,04 Barahona,2016,17,train
-7.133025,25.91327,-6.901355,04 Barahona,2016,18,train
-1.7095443,14.374152,6.829425,04 Barahona,2016,19,train
-1.2779758,13.227886,8.319534,04 Barahona,2016,20,train
-0.20091222,14.303086,7.079685,04 Barahona,2016,21,train
0.7678573,14.095156,5.8590245,04 Barahona,2016,22,train
1.8528064,13.027781,7.0371685,04 Barahona,2016,23,train
2.4841874,10.5952635,8.839854,04 Barahona,2016,24,train
3.621362,12.201114,6.580244,04 Barahona,2016,25,train
4.217541,11.408826,7.2376313,04 Barahona,2016,26,train
11.055752,6.216961,5.9519067,04 Barahona,2016,27,train
10.638326,6.1728635,6.342743,04 Barahona,2016,28,train
9.810558,6.720337,5.19801,04 Barahona,2016,29,train
10.421723,6.610827,6.5499134,04 Barahona,2016,30,train
10.613698,8.02505,4.418973,04 Barahona,2016,31,train
9.282062,7.550297,5.872191,04 Barahona,2016,32,train
9.668426,6.9318037,6.808356,04 Barahona,2016,33,train
12.386855,20.265738,-6.4543543,04 Barahona,2016,34,train
13.824707,-3.6633115,-8.719928,04 Barahona,2016,35,train
14.005267,-2.880281,-9.5723505,04 Barahona,2016,36,train
14.984728,-3.0143385,-8.952195,04 Barahona,2016,37,train
13.755729,-3.4115486,-9.90993,04 Barahona,2016,38,train
14.203563,-4.4074593,-11.228325,04 Barahona,2016,39,train
12.0844965,9.02614,-26.944225,04 Barahona,2016,40,train
9.222115,-4.3662972,-13.304972,04 Barahona,2016,41,train
8.885134,6.0348487,-24.21951,04 Barahona,2016,42,train
7.638279,-4.5178595,-14.418836,04 Barahona,2016,43,train
6.918142,-4.9571805,-13.727996,04 Barahona,2016,44,train
6.51444,-5.4035635,-14.639525,04 Barahona,2016,45,train
5.435087,-3.9596024,-15.068572,04 Barahona,2016,46,train
4.60387,-5.619179,-15.248474,04 Barahona,2016,47,train
3.7461789,-6.988515,-12.987496,04 Barahona,2016,48,train
4.027881,-7.005778,-13.500472,04 Barahona,2016,49,train
3.8211198,-6.6762667,-13.758928,04 Barahona,2016,50,train
3.4507625,-7.1800823,-11.989678,04 Barahona,2016,51,train
-9.392963,-1.2046951,-11.414546,04 Barahona,2016,52,train
-9.483732,-1.1811922,-10.41334,04 Barahona,2017,1,train
-8.651759,-7.0937834,-0.108337425,04 Barahona,2017,2,train
-9.769471,-0.6851867,-7.132564,04 Barahona,2017,3,train
-10.611033,0.6940322,-8.505376,04 Barahona,2017,4,train
-12.736446,4.6457176,-7.8135386,04 Barahona,2017,5,train
-13.138522,4.016179,-6.487413,04 Barahona,2017,6,train
-11.996369,4.887117,-5.67424,04 Barahona,2017,7,train
-12.741806,6.614819,-5.424484,04 Barahona,2017,8,train
-15.521426,8.237311,-4.907895,04 Barahona,2017,9,train
-15.28952,9.002357,-3.754665,04 Barahona,2017,10,train
-14.079405,8.8740225,-1.7162634,04 Barahona,2017,11,train
-12.670661,10.3199415,-1.2623138,04 Barahona,2017,12,train
-13.628073,11.2928,0.46386963,04 Barahona,2017,13,train
-13.087851,13.195889,4.2561846,04 Barahona,2017,14,train
-12.484112,9.596765,6.7879243,04 Barahona,2017,15,train
-11.443659,23.935358,-7.313693,04 Barahona,2017,16,train
-8.507444,16.701376,7.319904,04 Barahona,2017,17,train
0.013041451,22.441496,-1.8579537,04 Barahona,2017,18,train
-1.4672517,12.800287,6.0421615,04 Barahona,2017,19,train
-1.1884315,15.678207,6.1822762,04 Barahona,2017,20,train
-0.17504534,14.220078,8.1794815,04 Barahona,2017,21,train
0.7397522,13.771195,8.316098,04 Barahona,2017,22,train
1.5408041,12.540161,8.341738,04 Barahona,2017,23,train
2.7521348,13.328096,7.0136395,04 Barahona,2017,24,train
3.5764165,12.339586,8.292268,04 Barahona,2017,25,train
4.164915,11.126777,8.285906,04 Barahona,2017,26,train
10.25312,6.8464775,7.3017907,04 Barahona,2017,27,train
8.6414385,7.6596923,4.9036045,04 Barahona,2017,28,train
10.21635,6.9540925,7.9998517,04 Barahona,2017,29,train
9.37565,7.302333,6.390099,04 Barahona,2017,30,train
9.75439,7.479402,7.1919155,04 Barahona,2017,31,train
8.576722,7.483195,5.710928,04 Barahona,2017,32,train
9.375082,6.8132963,7.460524,04 Barahona,2017,33,train
8.987178,6.826493,6.744303,04 Barahona,2017,34,train
13.495267,-3.7524717,-8.511133,04 Barahona,2017,35,train
14.469993,-2.8559017,-8.641456,04 Barahona,2017,36,train
12.10342,-3.5201614,-11.041428,04 Barahona,2017,37,train
15.165468,-3.3393602,-8.615604,04 Barahona,2017,38,train
12.246106,-5.4319663,-11.780208,04 Barahona,2017,39,train
10.510182,-4.829679,-12.04677,04 Barahona,2017,40,train
9.458976,-6.255304,-11.308966,04 Barahona,2017,41,train
10.005624,-6.94237,-14.846282,04 Barahona,2017,42,train
7.6572833,-7.4359837,-11.7039795,04 Barahona,2017,43,train
6.9344993,-7.534706,-12.156797,04 Barahona,2017,44,train
6.3516817,8.304875,-28.54199,04 Barahona,2017,45,train
5.1120143,5.5097733,-25.531029,04 Barahona,2017,46,train
4.7725344,-6.672471,-13.112648,04 Barahona,2017,47,train
4.3589444,-7.363853,-12.094689,04 Barahona,2017,48,train
-4.1037483,-6.774102,-17.842472,04 Barahona,2017,49,train
-3.55877,-6.2180285,-15.506409,04 Barahona,2017,50,train
-4.3011765,-5.9807415,-15.746731,04 Barahona,2017,51,train
-9.393495,-0.30842406,-12.276121,04 Barahona,2017,52,train
-8.751839,-0.34424976,-11.464642,04 Barahona,2018,1,train
-8.872621,12.951412,-27.572458,04 Barahona,2018,2,train
-10.5865,1.257968,-12.01852,04 Barahona,2018,3,train
-12.27926,1.8332614,-12.738188,04 Barahona,2018,4,train
-13.143339,5.17623,-7.728313,04 Barahona,2018,5,train
-15.401195,6.8518853,-8.682524,04 Barahona,2018,6,train
-15.436239,7.806726,-7.8210273,04 Barahona,2018,7,train
-16.132666,8.4531555,-7.069325,04 Barahona,2018,8,train
-12.977866,7.7928567,-5.0122905,04 Barahona,2018,9,train
-14.61445,9.725763,-3.8144727,04 Barahona,2018,10,train
-14.318948,8.839167,-1.0580198,04 Barahona,2018,11,train
-13.318851,9.806535,-0.712556,04 Barahona,2018,12,train
-14.161746,11.593007,-1.3451482,04 Barahona,2018,13,train
-13.325108,11.276038,2.2186556,04 Barahona,2018,14,train
-14.925146,12.116359,4.243629,04 Barahona,2018,15,train
-14.533336,11.942283,4.5381827,04 Barahona,2018,16,train
-13.903092,12.363291,5.527299,04 Barahona,2018,17,train
-10.589382,23.169376,-4.8462167,04 Barahona,2018,18,train
0.18415596,24.235493,-3.9983695,04 Barahona,2018,19,train
-1.675134,14.47299,7.892958,04 Barahona,2018,20,train
-0.8846101,13.585316,8.430436,04 Barahona,2018,21,train
0.36173496,13.449939,7.9945264,04 Barahona,2018,22,train
1.0198854,12.608382,8.685386,04 Barahona,2018,23,train
2.1810422,12.425241,7.9158297,04 Barahona,2018,24,train
2.8480222,11.976636,7.16234,04 Barahona,2018,25,train
3.4508767,10.657256,8.474295,04 Barahona,2018,26,train
12.380187,5.3981137,5.3388033,04 Barahona,2018,27,train
12.25365,5.481979,4.6382194,04 Barahona,2018,28,train
12.369362,5.556063,4.6800594,04 Barahona,2018,29,train
12.145245,6.16709,3.716701,04 Barahona,2018,30,train
12.793353,5.155753,5.5880547,04 Barahona,2018,31,train
12.673134,5.1752567,4.3497276,04 Barahona,2018,32,train
13.08277,4.700061,5.48381,04 Barahona,2018,33,train
12.29156,5.033091,4.0189624,04 Barahona,2018,34,train
12.562448,-6.859352,-5.741684,04 Barahona,2018,35,train
12.964469,-7.1651587,-5.6168795,04 Barahona,2018,36,train
13.325184,-6.832551,-5.444164,04 Barahona,2018,37,train
12.770215,-8.2949295,-6.500305,04 Barahona,2018,38,train
12.936288,-8.495734,-6.7095947,04 Barahona,2018,39,train
8.894339,-8.716929,-7.632709,04 Barahona,2018,40,train
8.736274,-9.263985,-7.8660073,04 Barahona,2018,41,train
7.8402514,-10.019672,-9.076019,04 Barahona,2018,42,train
7.2344275,-10.07195,-9.099288,04 Barahona,2018,43,train
6.4989266,-10.472822,-9.332395,04 Barahona,2018,44,train
5.5926175,-10.337499,-9.144817,04 Barahona,2018,45,train
5.6343045,-11.025797,-9.1359625,04 Barahona,2018,46,train
4.0712757,-10.218015,-8.491092,04 Barahona,2018,47,train
-4.2669873,-11.42186,-11.02409,04 Barahona,2018,48,train
-4.323373,-10.918549,-11.993255,04 Barahona,2018,49,train
-5.0129614,-10.393977,-11.728668,04 Barahona,2018,50,train
-4.691478,-9.194299,-10.93489,04 Barahona,2018,51,train
-13.366244,-6.817938,-8.92798,04 Barahona,2018,52,train
-11.797727,-4.879935,-7.5640316,04 Barahona,2019,1,train
-10.963022,-4.3325987,-5.126109,04 Barahona,2019,2,train
-12.377165,-2.9294534,-6.7544637,04 Barahona,2019,3,train
-13.590926,-2.5594347,-6.7110415,04 Barahona,2019,4,train
-14.413163,0.9360081,-3.9687295,04 Barahona,2019,5,train
-14.906238,0.13680588,-2.1868637,04 Barahona,2019,6,train
-16.433943,0.65164423,-2.4336586,04 Barahona,2019,7,train
-18.692968,2.1792862,0.05245422,04 Barahona,2019,8,train
-16.883825,2.1616507,-0.41359714,04 Barahona,2019,9,train
-15.827436,4.7449145,0.487064,04 Barahona,2019,10,train
-16.117792,4.5240207,3.2340744,04 Barahona,2019,11,train
-15.409471,6.109097,3.6016333,04 Barahona,2019,12,train
-12.872588,9.574549,4.343931,04 Barahona,2019,13,train
-15.697459,10.465106,5.357165,04 Barahona,2019,14,train
-15.352253,10.8817215,5.2576256,04 Barahona,2019,15,train
-15.104052,11.082232,5.789034,04 Barahona,2019,16,train
-12.54931,10.706698,5.646203,04 Barahona,2019,17,train
-2.5044153,13.074463,8.151588,04 Barahona,2019,18,train
-2.329654,11.735587,8.788049,04 Barahona,2019,19,train
-1.4091325,11.484771,8.685827,04 Barahona,2019,20,train
-0.67853165,12.370548,7.259232,04 Barahona,2019,21,train
2.7978039,23.315828,-2.6353002,04 Barahona,2019,22,train
1.2200758,11.626152,7.532024,04 Barahona,2019,23,train
2.314805,10.846438,8.632408,04 Barahona,2019,24,train
3.2947354,10.561739,8.452998,04 Barahona,2019,25,train
3.6764166,9.217632,8.784701,04 Barahona,2019,26,train
15.510741,0.27793786,2.1219583,04 Barahona,2019,27,train
16.215233,1.0797678,1.8157713,04 Barahona,2019,28,train
16.880135,0.07454925,2.171232,04 Barahona,2019,29,train
16.69183,-0.4186081,2.2129536,04 Barahona,2019,30,train
16.539433,0.25570858,1.730579,04 Barahona,2019,31,train
16.28041,0.63373774,1.520309,04 Barahona,2019,32,train
16.271206,0.5901878,1.6080356,04 Barahona,2019,33,train
15.442543,1.1018467,1.5436968,04 Barahona,2019,34,train
14.713851,-5.305941,-2.1897016,04 Barahona,2019,35,train
13.836778,-7.24964,-3.396762,04 Barahona,2019,36,train
13.889794,-8.221679,-4.3275256,04 Barahona,2019,37,train
17.858713,15.461558,-21.20893,04 Barahona,2019,38,train
11.167056,-9.17647,-5.8139224,04 Barahona,2019,39,train
9.990405,-9.451386,-6.5820446,04 Barahona,2019,40,train
9.954415,-10.443212,-7.5282774,04 Barahona,2019,41,train
8.602654,-10.578304,-7.7927713,04 Barahona,2019,42,train
7.8887644,-11.281918,-8.458657,04 Barahona,2019,43,train
6.4682865,-12.455088,-7.752827,04 Barahona,2019,44,train
6.0296035,-11.516086,-8.477496,04 Barahona,2019,45,train
5.0067215,-10.754445,-8.190707,04 Barahona,2019,46,train
3.7885454,-11.624442,-6.807966,04 Barahona,2019,47,train
3.0859356,-11.926678,-5.801685,04 Barahona,2019,48,train
-5.208526,-11.888176,-10.69999,04 Barahona,2019,49,train
-5.960309,-12.333951,-11.114497,04 Barahona,2019,50,train
-7.3660116,-11.2996645,-11.322009,04 Barahona,2019,51,train
-11.412968,-5.9845395,-7.0118966,04 Barahona,2019,52,train
-11.275385,-5.6687865,-6.912147,04 Barahona,2020,1,val
-12.688985,-6.397707,-5.458457,04 Barahona,2020,2,val
-13.7562,-6.4593387,-5.3359375,04 Barahona,2020,3,val
-11.698265,-2.3984468,-5.8044786,04 Barahona,2020,4,val
-13.213147,1.1443594,-3.1746829,04 Barahona,2020,5,val
-15.356455,1.297373,-3.1910527,04 Barahona,2020,6,val
-17.072935,2.3759537,-1.798188,04 Barahona,2020,7,val
-15.393354,2.5760338,-1.7090578,04 Barahona,2020,8,val
-14.922497,3.2828784,-0.74052155,04 Barahona,2020,9,val
-14.629026,3.8706563,-0.42713505,04 Barahona,2020,10,val
-15.088231,4.956687,1.9929239,04 Barahona,2020,11,val
-14.960007,5.3543787,5.2282195,04 Barahona,2020,12,val
-15.140282,9.09119,5.3158836,04 Barahona,2020,13,val
-14.005047,9.737056,5.2007375,04 Barahona,2020,14,val
-13.496868,12.723508,7.0334535,04 Barahona,2020,15,val
-15.225898,12.15905,8.116057,04 Barahona,2020,16,val
-13.037803,13.366682,7.886214,04 Barahona,2020,17,val
-12.179118,13.555434,8.06276,04 Barahona,2020,18,val
-1.4828147,14.54461,6.727222,04 Barahona,2020,19,val
-0.78694576,14.898149,6.6941676,04 Barahona,2020,20,val
0.11983204,13.940318,7.039588,04 Barahona,2020,21,val
0.9879717,14.050489,6.5890837,04 Barahona,2020,22,val
1.6112294,13.090455,7.795033,04 Barahona,2020,23,val
2.501114,12.406412,6.366753,04 Barahona,2020,24,val
3.7129657,12.929898,6.9245563,04 Barahona,2020,25,val
4.2976117,10.7657995,9.081879,04 Barahona,2020,26,val
9.127194,6.2691994,6.7668486,04 Barahona,2020,27,val
9.393409,6.9300585,6.841674,04 Barahona,2020,28,val
9.283343,7.566076,6.3857474,04 Barahona,2020,29,val
9.562553,7.3474913,7.409625,04 Barahona,2020,30,val
9.065919,6.1564956,8.203827,04 Barahona,2020,31,val
9.144138,8.726283,6.1198783,04 Barahona,2020,32,val
9.438397,7.273383,7.7391324,04 Barahona,2020,33,val
12.131966,19.48116,-5.1354384,04 Barahona,2020,34,val
13.140516,-2.36782,-10.038923,04 Barahona,2020,35,val
12.6170845,-2.101229,-12.20172,04 Barahona,2020,36,val
12.08068,-2.0841365,-11.282015,04 Barahona,2020,37,val
13.321495,-2.3245773,-10.38311,04 Barahona,2020,38,val
14.496024,-2.7583258,-9.71429,04 Barahona,2020,39,val
13.1679125,4.4631658,-21.829632,04 Barahona,2020,40,val
9.96899,-4.772998,-13.808644,04 Barahona,2020,41,val
9.258542,-4.6915016,-15.0318,04 Barahona,2020,42,val
8.285614,-4.7870774,-15.374898,04 Barahona,2020,43,val
8.142584,-6.0232067,-16.361893,04 Barahona,2020,44,val
6.3077483,5.0702667,-26.454363,04 Barahona,2020,45,val
5.3877425,-4.3352766,-16.513622,04 Barahona,2020,46,val
4.806695,-5.209961,-15.61737,04 Barahona,2020,47,val
3.6323385,-7.245182,-12.592857,04 Barahona,2020,48,val
-2.8942637,-5.299428,-17.086546,04 Barahona,2020,49,val
-3.3228524,-4.530664,-16.265009,04 Barahona,2020,50,val
-4.357671,-4.42402,-16.118874,04 Barahona,2020,51,val
-8.511827,0.1317188,-12.134013,04 Barahona,2020,52,val
-8.61072,0.7530639,-12.092033,04 Barahona,2021,1,val
-8.953985,1.5581137,-12.543412,04 Barahona,2021,2,val
-9.454608,2.4079323,-12.585799,04 Barahona,2021,3,val
-9.879788,3.34219,-12.347545,04 Barahona,2021,4,val
-12.054373,5.4547796,-7.957251,04 Barahona,2021,5,val
-13.629156,6.3616524,-7.532646,04 Barahona,2021,6,val
-13.709288,7.684924,-6.722678,04 Barahona,2021,7,val
-14.521724,8.829979,-6.600358,04 Barahona,2021,8,val
-12.701214,8.608073,-4.273385,04 Barahona,2021,9,val
-13.113914,8.383306,-4.3536763,04 Barahona,2021,10,val
-14.807492,10.169535,-3.4973567,04 Barahona,2021,11,val
-14.331755,10.34239,-1.3185862,04 Barahona,2021,12,val
-13.880182,12.212968,0.9667657,04 Barahona,2021,13,val
-11.898759,13.291467,2.8761249,04 Barahona,2021,14,val
-12.676528,12.874998,2.2628548,04 Barahona,2021,15,val
-13.239421,13.659811,4.56849,04 Barahona,2021,16,val
-11.992484,13.697865,4.3378415,04 Barahona,2021,17,val
-1.8405043,12.075629,7.1058226,04 Barahona,2021,18,val
-1.6554868,13.767247,6.959843,04 Barahona,2021,19,val
-1.2840952,13.574733,6.8946414,04 Barahona,2021,20,val
-0.44168407,12.53611,8.068327,04 Barahona,2021,21,val
0.623725,13.88723,8.838169,04 Barahona,2021,22,val
1.5546257,12.759017,7.2341943,04 Barahona,2021,23,val
2.679782,13.019587,7.707699,04 Barahona,2021,24,val
3.2962322,11.803062,7.2645984,04 Barahona,2021,25,val
5.4993973,20.617662,-5.2688413,04 Barahona,2021,26,val
9.520802,7.1621203,6.502418,04 Barahona,2021,27,val
9.773377,7.960959,6.421378,04 Barahona,2021,28,val
9.366563,7.716784,6.066634,04 Barahona,2021,29,val
9.4946785,8.113957,5.8105903,04 Barahona,2021,30,val
9.182525,7.195303,5.93152,04 Barahona,2021,31,val
9.071206,6.8567047,5.1945186,04 Barahona,2021,32,val
13.661557,24.048256,-15.867565,04 Barahona,2021,33,val
9.794372,6.4715457,5.94911,04 Barahona,2021,34,val
12.4386835,-2.2556512,-8.442795,04 Barahona,2021,35,val
15.153165,-2.4242394,-9.706729,04 Barahona,2021,36,val
14.748492,-2.2714577,-10.076178,04 Barahona,2021,37,val
14.906302,-1.961761,-8.919406,04 Barahona,2021,38,val
12.597322,-2.4959824,-10.406614,04 Barahona,2021,39,val
12.16536,-3.7766979,-12.861487,04 Barahona,2021,40,val
9.028625,-4.0522923,-13.435453,04 Barahona,2021,41,val
8.945701,-5.9281673,-13.232952,04 Barahona,2021,42,val
8.169042,-6.465387,-12.915639,04 Barahona,2021,43,val
6.8764787,-6.1141586,-13.210093,04 Barahona,2021,44,val
6.270182,-8.13952,-12.129054,04 Barahona,2021,45,val
5.438135,-8.6339035,-11.620529,04 Barahona,2021,46,val
4.4209037,-7.152199,-11.860618,04 Barahona,2021,47,val
-2.865027,-6.785526,-16.723934,04 Barahona,2021,48,val
-3.3852684,-6.211886,-16.885767,04 Barahona,2021,49,val
-4.4167547,-6.2280965,-17.515364,04 Barahona,2021,50,val
-4.199975,-4.865454,-15.17328,04 Barahona,2021,51,val
-9.177548,0.12480125,-12.421591,04 Barahona,2021,52,val
-15.159263,-8.214383,-3.739854,05 Dajabón,2015,1,train
-14.44429,-7.0967984,-2.0964282,05 Dajabón,2015,2,train
-15.531528,-6.3699336,-2.8597052,05 Dajabón,2015,3,train
-15.453433,-6.055891,-1.8622681,05 Dajabón,2015,4,train
-13.89236,17.582554,-22.975027,05 Dajabón,2015,5,train
-15.92705,0.8530678,-2.8252332,05 Dajabón,2015,6,train
-15.816033,2.023995,-4.02466,05 Dajabón,2015,7,train
-17.145706,1.2547172,-0.9053757,05 Dajabón,2015,8,train
-18.240475,2.6453521,1.3038726,05 Dajabón,2015,9,train
-18.295881,1.7250042,3.8129642,05 Dajabón,2015,10,train
-20.055077,2.9974337,4.439545,05 Dajabón,2015,11,train
-20.114841,6.3312197,4.4070415,05 Dajabón,2015,12,train
-18.431664,7.207807,7.7595906,05 Dajabón,2015,13,train
-19.49253,7.528981,7.01617,05 Dajabón,2015,14,train
-19.32005,8.384585,10.251638,05 Dajabón,2015,15,train
-18.67719,9.506613,11.535089,05 Dajabón,2015,16,train
-17.388657,11.108914,11.830629,05 Dajabón,2015,17,train
-15.245329,9.055001,14.999616,05 Dajabón,2015,18,train
-15.525191,10.035722,14.180281,05 Dajabón,2015,19,train
-3.4376855,9.985021,14.864417,05 Dajabón,2015,20,train
-1.5310112,10.842872,13.809812,05 Dajabón,2015,21,train
-0.68271375,11.504801,12.744291,05 Dajabón,2015,22,train
0.66840124,11.085276,12.310087,05 Dajabón,2015,23,train
1.463151,9.805349,13.3068695,05 Dajabón,2015,24,train
2.6413906,8.989908,14.173979,05 Dajabón,2015,25,train
2.5558314,5.081624,14.289987,05 Dajabón,2015,26,train
14.187339,-1.356696,10.705137,05 Dajabón,2015,27,train
14.499562,0.06606371,9.150169,05 Dajabón,2015,28,train
14.364776,-0.2679231,8.559756,05 Dajabón,2015,29,train
14.173079,-0.91797787,8.798396,05 Dajabón,2015,30,train
15.098232,-1.3593562,10.227361,05 Dajabón,2015,31,train
15.108542,-0.7509238,9.625904,05 Dajabón,2015,32,train
16.248312,0.17999402,8.787905,05 Dajabón,2015,33,train
16.716444,-0.16561422,7.9213734,05 Dajabón,2015,34,train
18.735725,-10.466485,-0.7323799,05 Dajabón,2015,35,train
16.92214,-10.477928,-3.2088864,05 Dajabón,2015,36,train
16.887512,-12.003469,-1.7041599,05 Dajabón,2015,37,train
16.926075,-12.159993,-3.6298993,05 Dajabón,2015,38,train
15.533726,-12.349606,-4.1619177,05 Dajabón,2015,39,train
13.837537,-15.577501,-3.8103077,05 Dajabón,2015,40,train
13.504547,-15.096762,-4.787421,05 Dajabón,2015,41,train
13.376921,-15.335826,-5.7904077,05 Dajabón,2015,42,train
10.64529,-13.772813,-7.3395348,05 Dajabón,2015,43,train
10.175006,-14.774511,-7.949352,05 Dajabón,2015,44,train
8.621201,-16.25238,-7.7971244,05 Dajabón,2015,45,train
7.599108,-16.262346,-7.0376945,05 Dajabón,2015,46,train
4.515081,-15.380164,-6.529449,05 Dajabón,2015,47,train
2.8868823,-14.01089,-7.710903,05 Dajabón,2015,48,train
3.1796594,-14.757468,-8.171852,05 Dajabón,2015,49,train
2.560719,-13.945994,-7.700753,05 Dajabón,2015,50,train
2.2168567,-13.623797,-6.5712934,05 Dajabón,2015,51,train
-0.3586031,-4.361551,2.1689665,05 Dajabón,2015,52,train
-16.61514,-5.424947,-3.1150656,05 Dajabón,2016,1,train
-17.043434,-5.5293365,-2.436627,05 Dajabón,2016,2,train
-17.338888,-5.187129,-2.9365475,05 Dajabón,2016,3,train
-17.563229,-4.84453,-3.081336,05 Dajabón,2016,4,train
-16.85303,-3.1797993,-0.57812697,05 Dajabón,2016,5,train
-18.58786,-2.0313096,-2.204887,05 Dajabón,2016,6,train
-18.551447,-1.9437184,-1.4069892,05 Dajabón,2016,7,train
-18.106073,-1.497684,-0.7524365,05 Dajabón,2016,8,train
-19.455141,-0.22856216,-0.99909806,05 Dajabón,2016,9,train
-18.499592,1.5291132,3.8963358,05 Dajabón,2016,10,train
-18.503824,3.7626507,5.997019,05 Dajabón,2016,11,train
-18.47781,5.9569154,10.206112,05 Dajabón,2016,12,train
-18.496521,7.6111403,10.569239,05 Dajabón,2016,13,train
-17.781237,9.199654,9.085454,05 Dajabón,2016,14,train
-18.764498,9.293293,8.519418,05 Dajabón,2016,15,train
-17.364796,11.189695,9.482587,05 Dajabón,2016,16,train
-7.8305736,27.985386,-2.1368763,05 Dajabón,2016,17,train
-2.7260654,10.815324,10.2456875,05 Dajabón,2016,18,train
-2.1216729,14.732108,9.235969,05 Dajabón,2016,19,train
-1.7050705,10.782593,12.983025,05 Dajabón,2016,20,train
2.7924726,27.45361,-3.991856,05 Dajabón,2016,21,train
3.0448034,23.637548,0.12675549,05 Dajabón,2016,22,train
1.3168745,10.908581,10.666782,05 Dajabón,2016,23,train
2.0954013,9.142227,11.7194,05 Dajabón,2016,24,train
3.497407,9.567995,12.234628,05 Dajabón,2016,25,train
4.054845,8.155632,12.750518,05 Dajabón,2016,26,train
11.222281,3.0969467,10.931805,05 Dajabón,2016,27,train
11.722806,4.5283914,11.116551,05 Dajabón,2016,28,train
11.004947,4.5411983,10.957641,05 Dajabón,2016,29,train
10.617703,3.7168689,11.253472,05 Dajabón,2016,30,train
10.683103,3.2274444,11.946306,05 Dajabón,2016,31,train
10.763541,5.261269,11.603417,05 Dajabón,2016,32,train
9.947563,3.1583414,12.024935,05 Dajabón,2016,33,train
9.756448,6.20861,9.226823,05 Dajabón,2016,34,train
19.825197,-3.3565772,-4.801032,05 Dajabón,2016,35,train
20.426954,-1.3642302,-9.559038,05 Dajabón,2016,36,train
22.063889,-0.26892167,-9.650469,05 Dajabón,2016,37,train
20.686749,-1.9207196,-9.584267,05 Dajabón,2016,38,train
22.229307,-1.4933028,-10.243696,05 Dajabón,2016,39,train
15.19491,-7.7053466,-14.011072,05 Dajabón,2016,40,train
11.992977,-7.69755,-15.233019,05 Dajabón,2016,41,train
10.464313,6.2948294,-28.753538,05 Dajabón,2016,42,train
9.089226,-6.737332,-18.033306,05 Dajabón,2016,43,train
7.3718276,-7.541154,-18.195507,05 Dajabón,2016,44,train
7.321461,-6.03263,-20.886316,05 Dajabón,2016,45,train
6.0902805,2.9877028,-29.0491,05 Dajabón,2016,46,train
4.361166,-7.0602818,-18.819756,05 Dajabón,2016,47,train
4.379894,-7.2950373,-17.63682,05 Dajabón,2016,48,train
3.9417815,-9.250517,-15.0925455,05 Dajabón,2016,49,train
3.5173693,-9.39541,-13.752964,05 Dajabón,2016,50,train
3.4786894,-9.077736,-13.487501,05 Dajabón,2016,51,train
-0.5165791,-3.155594,1.5891945,05 Dajabón,2016,52,train
-1.6851467,-5.183223,3.097284,05 Dajabón,2017,1,train
-1.3366196,-2.4933488,1.4228032,05 Dajabón,2017,2,train
-2.0191288,-3.2454531,2.0227437,05 Dajabón,2017,3,train
-10.576214,-6.6437783,1.288017,05 Dajabón,2017,4,train
-14.714246,-4.3997564,2.8521593,05 Dajabón,2017,5,train
-16.681295,-2.3621829,1.3413293,05 Dajabón,2017,6,train
-16.095331,2.0085049,-2.2860172,05 Dajabón,2017,7,train
-14.803413,-2.073508,4.401039,05 Dajabón,2017,8,train
-17.575348,-1.4968525,6.380058,05 Dajabón,2017,9,train
-16.580336,-0.04319111,6.158945,05 Dajabón,2017,10,train
-17.370722,2.6697042,7.3239264,05 Dajabón,2017,11,train
-15.883924,23.654774,-14.336211,05 Dajabón,2017,12,train
-16.638773,13.134652,-0.77043325,05 Dajabón,2017,13,train
-16.520012,12.930497,5.750882,05 Dajabón,2017,14,train
-16.563194,15.425858,2.6137295,05 Dajabón,2017,15,train
-13.697555,17.890234,5.910899,05 Dajabón,2017,16,train
-12.278706,19.13138,7.483587,05 Dajabón,2017,17,train
-7.7781353,26.743683,-1.8298011,05 Dajabón,2017,18,train
-12.90149,17.183466,7.4959884,05 Dajabón,2017,19,train
-12.111382,19.989851,10.189431,05 Dajabón,2017,20,train
-12.824291,13.744552,14.214419,05 Dajabón,2017,21,train
0.17651883,10.142372,13.988949,05 Dajabón,2017,22,train
1.338067,10.693997,13.715323,05 Dajabón,2017,23,train
2.4099193,8.840439,14.231488,05 Dajabón,2017,24,train
3.543133,8.651813,14.845378,05 Dajabón,2017,25,train
4.413078,7.8616796,14.269919,05 Dajabón,2017,26,train
11.135604,4.1844797,12.855353,05 Dajabón,2017,27,train
10.512475,7.259681,8.83463,05 Dajabón,2017,28,train
10.8980255,4.9042153,12.258783,05 Dajabón,2017,29,train
10.466428,5.6007457,11.685962,05 Dajabón,2017,30,train
12.3624,5.4092627,13.707001,05 Dajabón,2017,31,train
10.516002,5.869788,11.758925,05 Dajabón,2017,32,train
10.799839,3.9369385,13.207706,05 Dajabón,2017,33,train
10.5793915,5.661011,11.344221,05 Dajabón,2017,34,train
21.315378,-2.806882,-6.754488,05 Dajabón,2017,35,train
19.931522,6.198094,-21.179495,05 Dajabón,2017,36,train
15.727811,-5.4284577,-12.228607,05 Dajabón,2017,37,train
19.720516,4.950204,-21.081621,05 Dajabón,2017,38,train
17.39353,-4.966445,-10.034024,05 Dajabón,2017,39,train
14.073365,-6.935631,-13.627637,05 Dajabón,2017,40,train
11.293248,-8.551041,-13.997906,05 Dajabón,2017,41,train
10.734914,-9.789311,-14.539573,05 Dajabón,2017,42,train
9.377138,-10.477801,-15.138654,05 Dajabón,2017,43,train
8.200594,-11.170915,-15.343207,05 Dajabón,2017,44,train
7.069713,-8.242654,-17.482315,05 Dajabón,2017,45,train
5.720283,5.7898607,-29.696724,05 Dajabón,2017,46,train
5.371309,-8.715391,-16.313362,05 Dajabón,2017,47,train
4.423146,-10.045856,-14.879473,05 Dajabón,2017,48,train
4.283639,-10.089499,-15.910489,05 Dajabón,2017,49,train
3.8451936,-9.219895,-14.846583,05 Dajabón,2017,50,train
-4.669933,-7.744572,-19.274221,05 Dajabón,2017,51,train
-11.117728,-0.5246073,-11.783193,05 Dajabón,2017,52,train
-11.127948,0.45702788,-13.543532,05 Dajabón,2018,1,train
-11.9441185,0.9057907,-13.339729,05 Dajabón,2018,2,train
-13.554664,2.1904092,-14.386345,05 Dajabón,2018,3,train
-15.412133,2.943079,-15.362849,05 Dajabón,2018,4,train
-14.700484,3.3828287,-5.5575953,05 Dajabón,2018,5,train
-15.883665,-4.063369,3.691761,05 Dajabón,2018,6,train
-16.776703,-2.8385057,4.0421553,05 Dajabón,2018,7,train
-17.61768,-1.4363599,3.6937459,05 Dajabón,2018,8,train
-16.2,-0.42309493,4.596615,05 Dajabón,2018,9,train
-14.374673,0.51714796,7.1842,05 Dajabón,2018,10,train
-15.279481,1.6169024,9.031049,05 Dajabón,2018,11,train
-16.85183,6.9104476,4.403562,05 Dajabón,2018,12,train
-14.8115635,2.2393775,9.152424,05 Dajabón,2018,13,train
-17.083796,14.522689,1.396535,05 Dajabón,2018,14,train
-17.47182,8.505699,11.0569105,05 Dajabón,2018,15,train
-16.470264,9.23917,12.947851,05 Dajabón,2018,16,train
-16.285713,10.288121,13.095549,05 Dajabón,2018,17,train
-15.624974,15.29213,8.22085,05 Dajabón,2018,18,train
-15.565191,12.63809,12.113521,05 Dajabón,2018,19,train
-14.65071,12.292592,16.96173,05 Dajabón,2018,20,train
-13.186607,12.692912,18.366907,05 Dajabón,2018,21,train
-12.022821,13.684809,18.270033,05 Dajabón,2018,22,train
-11.593673,13.798173,19.365532,05 Dajabón,2018,23,train
0.7492623,5.6027274,15.717147,05 Dajabón,2018,24,train
2.3203502,7.9657216,14.449046,05 Dajabón,2018,25,train
2.6421254,5.817155,16.227285,05 Dajabón,2018,26,train
11.91903,0.026163543,12.18222,05 Dajabón,2018,27,train
12.397119,0.2870105,12.2125435,05 Dajabón,2018,28,train
13.372994,0.71340716,12.441319,05 Dajabón,2018,29,train
12.571806,1.3535831,11.664064,05 Dajabón,2018,30,train
13.413742,1.8891582,11.69427,05 Dajabón,2018,31,train
12.704028,1.0668057,11.073065,05 Dajabón,2018,32,train
14.085294,1.6615541,11.734296,05 Dajabón,2018,33,train
12.469312,0.02396566,11.666426,05 Dajabón,2018,34,train
16.786694,-10.911989,3.0348842,05 Dajabón,2018,35,train
17.167234,-6.4682217,-3.9262571,05 Dajabón,2018,36,train
19.240097,-9.608662,-1.6849166,05 Dajabón,2018,37,train
16.7487,-11.2455225,1.4091369,05 Dajabón,2018,38,train
16.085945,-12.309415,1.8362334,05 Dajabón,2018,39,train
10.82234,-9.738309,-9.35861,05 Dajabón,2018,40,train
9.962577,-11.385176,-10.54226,05 Dajabón,2018,41,train
7.95054,-15.45853,-7.6729116,05 Dajabón,2018,42,train
6.733543,-17.207022,-4.9979534,05 Dajabón,2018,43,train
6.31042,-16.548939,-6.9861913,05 Dajabón,2018,44,train
4.245421,-16.767206,-4.8977866,05 Dajabón,2018,45,train
4.8974733,-17.540154,-6.6136656,05 Dajabón,2018,46,train
3.1739576,-16.461441,-3.6713846,05 Dajabón,2018,47,train
-5.7724223,-18.25626,-8.719241,05 Dajabón,2018,48,train
-6.4386973,-18.630138,-6.324388,05 Dajabón,2018,49,train
-6.480429,-17.641678,-4.6510735,05 Dajabón,2018,50,train
-6.629374,-16.932358,-4.1048336,05 Dajabón,2018,51,train
-15.352189,-11.634381,-3.349547,05 Dajabón,2018,52,train
-14.658066,-10.494735,-1.5804077,05 Dajabón,2019,1,train
-13.9263115,-8.753762,-1.070422,05 Dajabón,2019,2,train
-13.985905,-8.002725,-0.54363334,05 Dajabón,2019,3,train
-15.609946,-8.070671,-0.7066955,05 Dajabón,2019,4,train
-16.77316,-4.0094275,2.850178,05 Dajabón,2019,5,train
-17.96852,-2.5112157,0.40589583,05 Dajabón,2019,6,train
-17.855862,-2.1012344,1.6203394,05 Dajabón,2019,7,train
-19.824436,-1.4370066,3.3727386,05 Dajabón,2019,8,train
-19.57451,-0.7954058,3.6386359,05 Dajabón,2019,9,train
-20.02676,1.9762179,6.394246,05 Dajabón,2019,10,train
-19.792852,3.2381315,7.2129574,05 Dajabón,2019,11,train
-17.44965,5.1019073,8.834966,05 Dajabón,2019,12,train
-17.794565,8.496046,6.985952,05 Dajabón,2019,13,train
-17.987566,7.229576,10.842992,05 Dajabón,2019,14,train
-16.595896,7.907808,12.893378,05 Dajabón,2019,15,train
-16.72726,8.555505,14.737526,05 Dajabón,2019,16,train
-16.6878,10.134192,12.549328,05 Dajabón,2019,17,train
-3.3750277,6.6253242,13.718291,05 Dajabón,2019,18,train
-2.8561804,9.206819,14.664841,05 Dajabón,2019,19,train
-1.9574178,8.806335,14.216055,05 Dajabón,2019,20,train
-0.8470909,13.58651,10.282309,05 Dajabón,2019,21,train
2.7820368,23.732004,0.16770615,05 Dajabón,2019,22,train
1.0461746,11.828165,11.067835,05 Dajabón,2019,23,train
1.852856,8.505562,13.287361,05 Dajabón,2019,24,train
2.8197281,7.0554953,13.9228,05 Dajabón,2019,25,train
3.581085,6.428532,13.884895,05 Dajabón,2019,26,train
15.531702,-3.4902248,6.7989864,05 Dajabón,2019,27,train
16.694021,-4.275669,7.3862405,05 Dajabón,2019,28,train
17.892487,-4.5298743,7.8788123,05 Dajabón,2019,29,train
18.285984,-4.103707,7.013434,05 Dajabón,2019,30,train
18.076878,-2.7968996,4.737274,05 Dajabón,2019,31,train
17.423859,-4.0962434,6.4934106,05 Dajabón,2019,32,train
16.821693,-4.067726,6.3162475,05 Dajabón,2019,33,train
16.733023,-2.9014914,5.571773,05 Dajabón,2019,34,train
19.074003,-8.688461,0.56195503,05 Dajabón,2019,35,train
18.569565,-10.988745,0.14360029,05 Dajabón,2019,36,train
17.983725,-9.969759,-2.0297594,05 Dajabón,2019,37,train
21.36514,11.478346,-18.673052,05 Dajabón,2019,38,train
19.008291,10.876853,-19.97393,05 Dajabón,2019,39,train
18.807405,9.655168,-19.87795,05 Dajabón,2019,40,train
11.800701,-13.546648,-7.4445333,05 Dajabón,2019,41,train
9.202997,-14.90787,-6.271008,05 Dajabón,2019,42,train
7.8995004,-15.441232,-7.150815,05 Dajabón,2019,43,train
6.97005,-16.602816,-7.159053,05 Dajabón,2019,44,train
6.3951945,-16.128887,-6.2903,05 Dajabón,2019,45,train
5.073496,-15.142416,-8.635502,05 Dajabón,2019,46,train
2.8432138,-14.196247,-7.807818,05 Dajabón,2019,47,train
2.6739695,-14.222192,-7.274229,05 Dajabón,2019,48,train
-4.619644,-14.7121935,-11.386796,05 Dajabón,2019,49,train
-6.438403,-16.280441,-10.353272,05 Dajabón,2019,50,train
-7.277682,-16.124598,-8.965993,05 Dajabón,2019,51,train
-13.607725,-9.200503,-2.6437364,05 Dajabón,2019,52,train
-14.112601,-8.793349,-3.7445958,05 Dajabón,2020,1,val
-16.100046,-9.005354,-3.963707,05 Dajabón,2020,2,val
-15.613723,-8.0338,-2.6091218,05 Dajabón,2020,3,val
-13.627771,-6.3229237,-1.3172247,05 Dajabón,2020,4,val
-14.792818,-2.7734756,1.3807046,05 Dajabón,2020,5,val
-15.935347,-2.6155312,1.8737248,05 Dajabón,2020,6,val
-18.189325,-1.743903,3.1533535,05 Dajabón,2020,7,val
-18.164825,-0.5651947,3.0798047,05 Dajabón,2020,8,val
-17.81229,0.69019204,2.9293356,05 Dajabón,2020,9,val
-18.36982,1.9597855,2.8097725,05 Dajabón,2020,10,val
-18.78263,3.761762,3.001036,05 Dajabón,2020,11,val
-18.616415,4.2192407,5.7965646,05 Dajabón,2020,12,val
-16.873001,5.8800263,8.894494,05 Dajabón,2020,13,val
-16.23969,7.372781,10.26022,05 Dajabón,2020,14,val
-16.197382,8.816265,13.313456,05 Dajabón,2020,15,val
-17.078688,10.867907,14.55305,05 Dajabón,2020,16,val
-16.153742,10.647779,15.4510765,05 Dajabón,2020,17,val
-16.320187,11.879279,15.752728,05 Dajabón,2020,18,val
-14.465305,13.148229,13.49598,05 Dajabón,2020,19,val
-14.187051,13.588027,14.315443,05 Dajabón,2020,20,val
-12.629254,15.597727,15.733289,05 Dajabón,2020,21,val
-11.300714,14.776547,15.337671,05 Dajabón,2020,22,val
-11.346621,14.107991,18.81315,05 Dajabón,2020,23,val
-11.12256,14.536053,18.27974,05 Dajabón,2020,24,val
-10.91959,15.813972,17.14689,05 Dajabón,2020,25,val
-10.445749,14.0126295,19.18626,05 Dajabón,2020,26,val
8.907479,5.454024,11.208184,05 Dajabón,2020,27,val
9.569711,4.7535973,12.270695,05 Dajabón,2020,28,val
9.226291,4.3836045,12.364897,05 Dajabón,2020,29,val
9.987639,4.939512,12.234268,05 Dajabón,2020,30,val
11.276914,7.018742,12.128068,05 Dajabón,2020,31,val
9.806735,4.2729554,12.989775,05 Dajabón,2020,32,val
11.448911,5.493774,13.372405,05 Dajabón,2020,33,val
12.935828,18.414755,-4.5539885,05 Dajabón,2020,34,val
16.80928,-3.1098819,-7.9958143,05 Dajabón,2020,35,val
18.006119,-2.4404366,-9.129451,05 Dajabón,2020,36,val
17.224436,-2.3376255,-9.304085,05 Dajabón,2020,37,val
16.552153,-2.9327233,-10.796075,05 Dajabón,2020,38,val
17.9892,-2.0381057,-9.2934,05 Dajabón,2020,39,val
15.640144,-3.2573266,-6.947615,05 Dajabón,2020,40,val
13.10127,-6.92985,-6.082582,05 Dajabón,2020,41,val
9.820896,-5.6350846,-14.544606,05 Dajabón,2020,42,val
6.0885434,-7.1003246,-15.779114,05 Dajabón,2020,43,val
3.4973786,-9.816055,-16.955606,05 Dajabón,2020,44,val
0.23971744,1.5791206,-28.978943,05 Dajabón,2020,45,val
-0.28561687,-8.549198,-20.78928,05 Dajabón,2020,46,val
-1.6123949,1.2391629,-29.787014,05 Dajabón,2020,47,val
-1.7921596,-8.030459,-20.350903,05 Dajabón,2020,48,val
-1.7004007,-7.289987,-18.029272,05 Dajabón,2020,49,val
-2.2485452,-6.4746428,-18.794836,05 Dajabón,2020,50,val
-2.9160216,-6.4489126,-17.145992,05 Dajabón,2020,51,val
-10.351374,0.5254728,-13.584384,05 Dajabón,2020,52,val
-7.5957537,-0.88501906,-8.158332,05 Dajabón,2021,1,val
-10.274766,0.38289088,-11.029544,05 Dajabón,2021,2,val
-11.891736,2.4151638,-13.453118,05 Dajabón,2021,3,val
-10.227818,-2.1679318,-4.9798255,05 Dajabón,2021,4,val
-12.006412,5.27664,-8.168987,05 Dajabón,2021,5,val
-14.511394,7.727576,-8.166078,05 Dajabón,2021,6,val
-13.3220005,-3.4923546,6.608305,05 Dajabón,2021,7,val
-14.7003,-2.0432074,6.736436,05 Dajabón,2021,8,val
-13.856254,4.1655526,1.595288,05 Dajabón,2021,9,val
-17.723633,8.937215,-6.4601774,05 Dajabón,2021,10,val
-14.806878,3.318148,4.144786,05 Dajabón,2021,11,val
-16.603315,6.6326504,4.7341723,05 Dajabón,2021,12,val
-17.311098,10.051293,4.853245,05 Dajabón,2021,13,val
-16.427153,15.418959,1.1217737,05 Dajabón,2021,14,val
-14.069822,7.9891014,7.6074758,05 Dajabón,2021,15,val
-14.877884,8.948176,12.11274,05 Dajabón,2021,16,val
-16.119616,11.163878,12.489419,05 Dajabón,2021,17,val
-2.7276025,7.9630446,13.016248,05 Dajabón,2021,18,val
-2.5817688,7.9634423,14.237473,05 Dajabón,2021,19,val
-1.7417635,10.946743,12.006157,05 Dajabón,2021,20,val
-0.9753326,11.906716,12.955619,05 Dajabón,2021,21,val
0.036809612,10.217875,13.743256,05 Dajabón,2021,22,val
1.0112307,9.546867,12.504461,05 Dajabón,2021,23,val
2.1324062,7.9487696,14.798869,05 Dajabón,2021,24,val
3.2379272,8.049117,13.847711,05 Dajabón,2021,25,val
3.8470707,7.250671,13.79454,05 Dajabón,2021,26,val
9.600489,0.87491065,13.909857,05 Dajabón,2021,27,val
10.548803,2.8099747,13.300923,05 Dajabón,2021,28,val
10.2923765,3.165249,12.995572,05 Dajabón,2021,29,val
9.962635,3.268872,12.65342,05 Dajabón,2021,30,val
10.953156,4.2960505,12.656874,05 Dajabón,2021,31,val
10.972267,5.3236065,11.2443285,05 Dajabón,2021,32,val
10.291441,3.5424557,11.781278,05 Dajabón,2021,33,val
10.887433,1.3665615,13.552911,05 Dajabón,2021,34,val
19.645538,-7.2958145,0.36815032,05 Dajabón,2021,35,val
21.32754,-9.138101,1.6955378,05 Dajabón,2021,36,val
21.09384,-0.4527583,-10.709337,05 Dajabón,2021,37,val
19.769344,-2.0838094,-10.462181,05 Dajabón,2021,38,val
17.8828,-2.8536944,-10.759159,05 Dajabón,2021,39,val
19.720957,-2.8307412,-11.616242,05 Dajabón,2021,40,val
12.18156,-6.7991962,-14.305299,05 Dajabón,2021,41,val
10.533627,-8.544659,-15.600107,05 Dajabón,2021,42,val
9.414095,-8.507464,-14.809531,05 Dajabón,2021,43,val
8.240559,-9.373626,-15.028703,05 Dajabón,2021,44,val
6.5797176,-9.358145,-14.25485,05 Dajabón,2021,45,val
5.9367776,-13.058901,-11.237703,05 Dajabón,2021,46,val
3.8634584,-9.112242,-13.75002,05 Dajabón,2021,47,val
-1.6647239,-8.370639,-18.804956,05 Dajabón,2021,48,val
-1.8789912,-8.231003,-17.379534,05 Dajabón,2021,49,val
-3.5664365,-8.063212,-18.781008,05 Dajabón,2021,50,val
-2.9686763,-6.657519,-17.408825,05 Dajabón,2021,51,val
-9.905866,-7.9282465,-2.1436524,05 Dajabón,2021,52,val
-6.1938467,-2.8075666,-3.7355225,06 Duarte,2015,1,train
-5.9914446,-1.998073,-3.0596282,06 Duarte,2015,2,train
-7.0623746,-1.7004724,-3.3259006,06 Duarte,2015,3,train
-6.7363086,-1.3123302,-2.8114753,06 Duarte,2015,4,train
-7.3514295,0.24927564,-1.8793341,06 Duarte,2015,5,train
-7.3310285,1.0297292,-1.4944844,06 Duarte,2015,6,train
-7.553485,1.2404178,-1.3669479,06 Duarte,2015,7,train
-7.397737,17.49468,-17.201565,06 Duarte,2015,8,train
-7.6661887,2.5855942,0.13809936,06 Duarte,2015,9,train
-7.8528633,2.4806988,0.58630407,06 Duarte,2015,10,train
-7.813734,3.139168,1.1772991,06 Duarte,2015,11,train
-8.04048,4.014903,2.4295197,06 Duarte,2015,12,train
-9.453423,5.971926,4.497327,06 Duarte,2015,13,train
-6.863455,5.573178,2.798164,06 Duarte,2015,14,train
-7.4079466,6.1431937,3.4463236,06 Duarte,2015,15,train
-7.6849117,6.1771317,4.803398,06 Duarte,2015,16,train
-2.4539235,5.7386518,5.9341216,06 Duarte,2015,17,train
-2.2531018,5.744537,6.610803,06 Duarte,2015,18,train
-1.9157542,5.5397983,6.8726897,06 Duarte,2015,19,train
-1.191407,5.603289,5.534838,06 Duarte,2015,20,train
-0.7008157,6.246996,4.055786,06 Duarte,2015,21,train
-0.17498657,6.5958705,3.2608852,06 Duarte,2015,22,train
0.27336818,5.721375,4.405763,06 Duarte,2015,23,train
0.9085381,5.3635035,5.028392,06 Duarte,2015,24,train
1.4071172,5.259853,4.3048077,06 Duarte,2015,25,train
1.6300337,4.728902,4.5799394,06 Duarte,2015,26,train
8.200151,1.3359638,2.1973395,06 Duarte,2015,27,train
7.6295276,1.0339818,1.756823,06 Duarte,2015,28,train
8.033897,0.83313906,1.9877754,06 Duarte,2015,29,train
8.6823015,0.8137119,2.7234404,06 Duarte,2015,30,train
9.057514,0.6408727,2.6787045,06 Duarte,2015,31,train
8.960123,0.672309,2.4209132,06 Duarte,2015,32,train
9.7203245,0.53900546,2.5395722,06 Duarte,2015,33,train
9.739121,0.26695257,2.7680779,06 Duarte,2015,34,train
13.143195,13.642147,-15.722076,06 Duarte,2015,35,train
8.482768,-4.0672455,-1.1439339,06 Duarte,2015,36,train
7.897912,-4.050004,-1.1983757,06 Duarte,2015,37,train
6.8656793,-4.2951756,-1.7674087,06 Duarte,2015,38,train
7.514945,-5.1372714,-2.1414132,06 Duarte,2015,39,train
7.824689,-7.077695,-2.3604739,06 Duarte,2015,40,train
7.422193,-6.967654,-2.6507573,06 Duarte,2015,41,train
6.831602,-6.9767933,-3.1907222,06 Duarte,2015,42,train
5.1718254,-5.94547,-2.8430068,06 Duarte,2015,43,train
4.827223,-6.163607,-3.2802997,06 Duarte,2015,44,train
4.217522,-6.1454706,-3.9759598,06 Duarte,2015,45,train
3.7422404,-6.3394423,-4.037078,06 Duarte,2015,46,train
1.9804724,-5.3572927,-3.322683,06 Duarte,2015,47,train
-2.7603748,-7.612298,-5.8259664,06 Duarte,2015,48,train
-3.285636,-8.1038,-6.8904586,06 Duarte,2015,49,train
-3.6684358,-7.7300677,-6.636849,06 Duarte,2015,50,train
-3.5499585,-7.2504964,-6.441337,06 Duarte,2015,51,train
-6.2965407,-3.9689555,-4.1452847,06 Duarte,2015,52,train
-8.081517,-2.566828,-2.6602032,06 Duarte,2016,1,train
-8.236727,-2.3980834,-2.3154292,06 Duarte,2016,2,train
-8.38035,-2.2968743,-2.3507721,06 Duarte,2016,3,train
-8.622373,-2.0529685,-2.5436022,06 Duarte,2016,4,train
-8.664979,-0.67870826,-1.215084,06 Duarte,2016,5,train
-9.549662,-0.57110023,-1.3168368,06 Duarte,2016,6,train
-8.935218,-0.29115018,-0.87632775,06 Duarte,2016,7,train
-10.071283,0.3292535,-0.43179098,06 Duarte,2016,8,train
-10.33609,0.71048754,-0.26579252,06 Duarte,2016,9,train
-8.086572,2.5317867,0.5290962,06 Duarte,2016,10,train
-9.525015,3.5952911,2.5813568,06 Duarte,2016,11,train
-10.180515,5.178935,4.140248,06 Duarte,2016,12,train
-9.372038,5.842582,4.3362856,06 Duarte,2016,13,train
-9.370707,6.5471616,4.8075094,06 Duarte,2016,14,train
-8.7447195,5.7437816,4.6740775,06 Duarte,2016,15,train
-6.2380643,8.204216,3.9710307,06 Duarte,2016,16,train
-1.8908638,26.238115,-13.716518,06 Duarte,2016,17,train
-1.8270417,7.4694695,4.1018233,06 Duarte,2016,18,train
-1.1771044,7.922345,3.2702916,06 Duarte,2016,19,train
-0.7124102,6.70712,4.8285775,06 Duarte,2016,20,train
-0.15452574,7.1738915,3.2745826,06 Duarte,2016,21,train
0.2529931,7.018858,2.7549639,06 Duarte,2016,22,train
0.77028096,5.9168773,4.8304553,06 Duarte,2016,23,train
1.3982191,5.555298,5.611527,06 Duarte,2016,24,train
1.6683421,5.7682257,2.3970609,06 Duarte,2016,25,train
2.0355983,5.180785,3.2977939,06 Duarte,2016,26,train
5.483395,3.2426562,3.0774932,06 Duarte,2016,27,train
4.912777,3.0472412,2.8342469,06 Duarte,2016,28,train
5.1333237,3.341076,2.9110615,06 Duarte,2016,29,train
4.8066125,3.8750918,1.8186666,06 Duarte,2016,30,train
9.807997,19.496136,-11.170544,06 Duarte,2016,31,train
4.777172,3.9181027,3.0821571,06 Duarte,2016,32,train
4.9299192,3.5767775,3.6372967,06 Duarte,2016,33,train
4.47217,4.089441,1.9044454,06 Duarte,2016,34,train
8.177542,-0.4682208,-3.864093,06 Duarte,2016,35,train
7.4399586,-0.55145127,-5.3951273,06 Duarte,2016,36,train
6.686863,-0.4806619,-4.671253,06 Duarte,2016,37,train
7.104708,-0.6458182,-5.0050225,06 Duarte,2016,38,train
6.69211,-1.0525419,-6.3077464,06 Duarte,2016,39,train
5.735254,-1.3978236,-7.736768,06 Duarte,2016,40,train
5.5584993,-1.7360337,-7.3166666,06 Duarte,2016,41,train
4.874231,-1.6816115,-8.3455515,06 Duarte,2016,42,train
4.472559,-1.6691028,-8.619065,06 Duarte,2016,43,train
3.7666435,-0.5427776,-9.770232,06 Duarte,2016,44,train
3.4876494,-0.29825073,-11.248372,06 Duarte,2016,45,train
3.050221,-0.8270939,-10.843903,06 Duarte,2016,46,train
2.1105235,-0.78835845,-10.255963,06 Duarte,2016,47,train
-1.3725895,-2.999989,-9.949167,06 Duarte,2016,48,train
-1.8526907,-3.3418202,-8.839231,06 Duarte,2016,49,train
-1.9537435,-3.3059378,-8.900076,06 Duarte,2016,50,train
-1.6139709,-2.7604005,-8.225337,06 Duarte,2016,51,train
-3.761134,-1.1573405,-5.320377,06 Duarte,2016,52,train
-4.567809,-1.1359462,-5.283376,06 Duarte,2017,1,train
-3.9101112,-0.2852262,-4.1292405,06 Duarte,2017,2,train
-3.2219691,-0.38250738,-2.3093019,06 Duarte,2017,3,train
-3.7712154,-1.9090325,-0.30048618,06 Duarte,2017,4,train
-6.250572,1.8043343,-3.2240536,06 Duarte,2017,5,train
-6.384752,1.8112694,-2.7775147,06 Duarte,2017,6,train
-6.396527,1.982403,-2.288845,06 Duarte,2017,7,train
-5.527307,1.2440553,0.61248636,06 Duarte,2017,8,train
-6.508899,3.3017032,-1.3593366,06 Duarte,2017,9,train
-4.965761,2.976384,-0.62182665,06 Duarte,2017,10,train
-7.127779,5.101284,-0.31620687,06 Duarte,2017,11,train
-4.638461,4.842215,0.68929213,06 Duarte,2017,12,train
-5.8981075,5.696736,0.9485705,06 Duarte,2017,13,train
-6.9027705,6.5363445,3.358737,06 Duarte,2017,14,train
-5.3406844,4.8021555,3.3032103,06 Duarte,2017,15,train
-6.113805,19.810745,-9.863174,06 Duarte,2017,16,train
-5.1044383,21.724365,-11.919841,06 Duarte,2017,17,train
1.7258563,22.885244,-11.204578,06 Duarte,2017,18,train
-1.2117195,5.639324,2.7352064,06 Duarte,2017,19,train
-0.5573498,7.236663,2.780297,06 Duarte,2017,20,train
-0.23242825,5.6497355,4.7685328,06 Duarte,2017,21,train
2.8762023,19.527693,-7.6706696,06 Duarte,2017,22,train
0.60521656,5.398693,4.924517,06 Duarte,2017,23,train
1.06334,5.4587975,3.318022,06 Duarte,2017,24,train
1.5841514,5.5102663,2.5703251,06 Duarte,2017,25,train
2.092174,5.5664897,2.7307065,06 Duarte,2017,26,train
4.077358,3.6605227,1.8518615,06 Duarte,2017,27,train
4.0324664,3.4716516,2.0410619,06 Duarte,2017,28,train
4.596607,3.8333766,2.3792527,06 Duarte,2017,29,train
4.7404,4.0014014,2.470419,06 Duarte,2017,30,train
4.7548003,4.071637,2.3857696,06 Duarte,2017,31,train
4.416625,3.6188412,2.6298747,06 Duarte,2017,32,train
4.6801925,4.245652,2.1790073,06 Duarte,2017,33,train
4.7191086,4.005563,2.562361,06 Duarte,2017,34,train
7.6143603,-1.2765645,-4.8883624,06 Duarte,2017,35,train
9.704798,9.447164,-18.154806,06 Duarte,2017,36,train
6.953697,-1.1775525,-4.7950926,06 Duarte,2017,37,train
9.5936575,9.856587,-18.522606,06 Duarte,2017,38,train
6.4609027,-1.7938603,-5.2939544,06 Duarte,2017,39,train
5.6919703,-1.3814476,-6.5306387,06 Duarte,2017,40,train
4.866741,-1.9397272,-6.214766,06 Duarte,2017,41,train
4.6240635,-2.6845567,-6.0352793,06 Duarte,2017,42,train
4.190353,-2.6565084,-6.232683,06 Duarte,2017,43,train
3.7590213,-2.736306,-6.681489,06 Duarte,2017,44,train
4.2120705,16.512405,-26.139027,06 Duarte,2017,45,train
2.834737,-0.71466297,-9.961141,06 Duarte,2017,46,train
2.1947744,-2.1259882,-6.936639,06 Duarte,2017,47,train
2.1402235,-2.6404479,-7.1517406,06 Duarte,2017,48,train
1.4761105,-1.712794,-7.9804106,06 Duarte,2017,49,train
0.88510716,-2.1260104,-6.2797556,06 Duarte,2017,50,train
1.115828,-1.3788743,-7.607249,06 Duarte,2017,51,train
-0.72387785,-0.21563667,-2.2652228,06 Duarte,2017,52,train
-0.76883805,-0.11280214,-2.211875,06 Duarte,2018,1,train
-0.91133857,-0.00019199637,-1.801616,06 Duarte,2018,2,train
-3.9663997,0.31276733,-4.722691,06 Duarte,2018,3,train
-4.3815017,0.67428285,-4.582868,06 Duarte,2018,4,train
-5.040186,1.9646535,-2.974179,06 Duarte,2018,5,train
-5.7496715,1.9195037,-2.8419342,06 Duarte,2018,6,train
-5.3676324,2.03679,-2.167091,06 Duarte,2018,7,train
-5.315255,2.329694,-1.6909618,06 Duarte,2018,8,train
-4.2178717,1.5505769,0.7186274,06 Duarte,2018,9,train
-4.739148,3.5853713,-0.117579006,06 Duarte,2018,10,train
-7.675697,5.9484396,-0.72936356,06 Duarte,2018,11,train
-6.9899592,5.873139,-0.10078977,06 Duarte,2018,12,train
-4.776066,4.703239,0.49350595,06 Duarte,2018,13,train
-6.083152,5.9824123,1.9071413,06 Duarte,2018,14,train
-6.0519843,6.288708,2.272862,06 Duarte,2018,15,train
-5.985742,6.4595413,2.778083,06 Duarte,2018,16,train
-6.160231,7.043254,4.2077026,06 Duarte,2018,17,train
-5.277755,7.0845585,3.8287377,06 Duarte,2018,18,train
-1.5784464,4.3546343,3.1858048,06 Duarte,2018,19,train
-1.2857455,4.8559566,2.7653286,06 Duarte,2018,20,train
-0.70761716,3.7511876,3.5660677,06 Duarte,2018,21,train
-0.26916134,4.665534,3.821726,06 Duarte,2018,22,train
0.17177996,4.7878866,4.746796,06 Duarte,2018,23,train
0.5814418,4.3859954,4.4026628,06 Duarte,2018,24,train
1.0456823,4.223147,3.178705,06 Duarte,2018,25,train
1.5089066,4.3831177,3.9722178,06 Duarte,2018,26,train
5.591894,1.9247323,2.544981,06 Duarte,2018,27,train
5.373785,1.9359994,2.070888,06 Duarte,2018,28,train
6.040066,2.5384703,1.9045829,06 Duarte,2018,29,train
5.575005,1.9292502,2.3325412,06 Duarte,2018,30,train
5.8294425,2.2812755,1.8890787,06 Duarte,2018,31,train
5.8207183,1.864919,1.9014592,06 Duarte,2018,32,train
6.1176863,2.3202155,1.4457365,06 Duarte,2018,33,train
6.1679974,2.0201936,1.7681844,06 Duarte,2018,34,train
9.0062065,11.851072,-17.766504,06 Duarte,2018,35,train
6.405447,-2.6294656,-2.3446834,06 Duarte,2018,36,train
6.5565886,-3.1857018,-2.8653836,06 Duarte,2018,37,train
6.5474477,-3.3363307,-2.9650264,06 Duarte,2018,38,train
5.81939,-3.1970263,-2.8517232,06 Duarte,2018,39,train
4.863123,-3.7303479,-3.7246454,06 Duarte,2018,40,train
4.456601,-3.8171387,-3.7272234,06 Duarte,2018,41,train
4.433678,-4.5008407,-4.267401,06 Duarte,2018,42,train
3.873538,-4.3212266,-4.1837664,06 Duarte,2018,43,train
3.2003305,-4.161118,-4.0333076,06 Duarte,2018,44,train
3.0865765,-4.6392794,-4.237021,06 Duarte,2018,45,train
2.6777856,-4.8620296,-4.4689007,06 Duarte,2018,46,train
1.759037,-4.320868,-4.0817966,06 Duarte,2018,47,train
1.2317592,-4.4104466,-4.2104964,06 Duarte,2018,48,train
0.9752163,-4.0799556,-4.1275034,06 Duarte,2018,49,train
-2.0922954,-5.2944627,-6.145672,06 Duarte,2018,50,train
-1.8170387,-4.8388667,-5.605335,06 Duarte,2018,51,train
-5.0120096,-3.0535512,-4.383767,06 Duarte,2018,52,train
-5.195902,-2.6684937,-3.7084398,06 Duarte,2019,1,train
-5.065387,-1.8645554,-3.0889988,06 Duarte,2019,2,train
-4.704448,-1.8370996,-1.9423153,06 Duarte,2019,3,train
-5.1106935,-1.8472464,-1.571347,06 Duarte,2019,4,train
-6.8395624,0.6800638,-1.6052316,06 Duarte,2019,5,train
-7.0882583,-0.018689835,-0.78498155,06 Duarte,2019,6,train
-7.928365,0.53148496,-0.93922883,06 Duarte,2019,7,train
-8.415914,0.9518685,0.39275354,06 Duarte,2019,8,train
-8.443651,1.3248168,0.7386563,06 Duarte,2019,9,train
-7.6020894,2.4606774,1.6880009,06 Duarte,2019,10,train
-7.112092,3.2080333,1.4580258,06 Duarte,2019,11,train
-7.3442183,3.3431113,3.241838,06 Duarte,2019,12,train
-6.06158,19.870583,-12.115549,06 Duarte,2019,13,train
-7.106497,5.9017625,2.8803551,06 Duarte,2019,14,train
-6.904241,5.4630485,3.7974446,06 Duarte,2019,15,train
-6.725452,5.6420436,4.501748,06 Duarte,2019,16,train
-6.013833,5.928013,4.6638694,06 Duarte,2019,17,train
-1.85872,5.269363,3.725656,06 Duarte,2019,18,train
-1.5119417,5.7373548,4.460897,06 Duarte,2019,19,train
-0.8241392,5.7251687,5.6658216,06 Duarte,2019,20,train
-0.50740093,6.036993,3.2721848,06 Duarte,2019,21,train
-0.13685313,5.682841,3.0591378,06 Duarte,2019,22,train
0.4257536,6.07742,3.491482,06 Duarte,2019,23,train
0.94436526,5.3011885,4.6265063,06 Duarte,2019,24,train
1.6775224,4.878065,5.15028,06 Duarte,2019,25,train
1.8705122,4.944983,4.271315,06 Duarte,2019,26,train
7.146216,0.33262303,2.202702,06 Duarte,2019,27,train
7.732326,0.4833831,1.214875,06 Duarte,2019,28,train
8.456513,0.55372894,0.7474262,06 Duarte,2019,29,train
8.595413,-0.18601207,1.1060381,06 Duarte,2019,30,train
8.880115,0.4678435,0.59191215,06 Duarte,2019,31,train
9.483878,-0.046271462,0.9093962,06 Duarte,2019,32,train
9.350257,0.007848046,0.8932716,06 Duarte,2019,33,train
9.164574,0.24305192,0.7059137,06 Duarte,2019,34,train
9.300493,-2.7432048,-0.13462482,06 Duarte,2019,35,train
7.999349,-3.2027106,-0.5204835,06 Duarte,2019,36,train
7.3628473,-3.3936212,-1.0033239,06 Duarte,2019,37,train
12.766007,13.646061,-16.251743,06 Duarte,2019,38,train
12.637455,15.376264,-18.051752,06 Duarte,2019,39,train
5.6944137,-4.037905,-2.4055603,06 Duarte,2019,40,train
5.2047315,-4.2786484,-2.6378508,06 Duarte,2019,41,train
4.4526834,-4.791875,-2.0277674,06 Duarte,2019,42,train
4.1930475,-4.9992647,-3.561415,06 Duarte,2019,43,train
3.7979462,-5.3027554,-3.8777788,06 Duarte,2019,44,train
2.9777963,-5.0897493,-3.593534,06 Duarte,2019,45,train
2.7035704,-5.239937,-3.7382762,06 Duarte,2019,46,train
1.3905193,-5.0399146,-2.6844637,06 Duarte,2019,47,train
1.2920611,-5.5403085,-2.7033923,06 Duarte,2019,48,train
-3.1777842,-7.505996,-6.3726745,06 Duarte,2019,49,train
-2.968726,-6.979595,-6.123594,06 Duarte,2019,50,train
-3.0808961,-6.9428916,-6.1283026,06 Duarte,2019,51,train
-6.006211,-3.980147,-4.0447683,06 Duarte,2019,52,train
-5.804466,-3.5999198,-4.155555,06 Duarte,2020,1,val
-5.749959,-2.8273587,-3.552662,06 Duarte,2020,2,val
-6.0405664,-2.2152145,-3.313224,06 Duarte,2020,3,val
-6.1230073,-1.8236312,-2.6352615,06 Duarte,2020,4,val
-7.1749473,-0.04549188,-0.62083113,06 Duarte,2020,5,val
-7.537085,0.4641636,-0.9833267,06 Duarte,2020,6,val
-7.5622654,1.1298497,-0.92533565,06 Duarte,2020,7,val
-7.749331,1.4653332,-0.4979593,06 Duarte,2020,8,val
-7.546882,1.6977946,0.4593692,06 Duarte,2020,9,val
-6.9347587,2.5050402,0.10207902,06 Duarte,2020,10,val
-6.227721,3.2332194,0.5856198,06 Duarte,2020,11,val
-6.6952553,3.5875273,1.2130353,06 Duarte,2020,12,val
-6.586729,4.9316044,2.574829,06 Duarte,2020,13,val
-6.41248,5.35255,3.3493645,06 Duarte,2020,14,val
-7.493668,7.4435554,5.0140796,06 Duarte,2020,15,val
-6.8125515,7.4046917,4.123595,06 Duarte,2020,16,val
-7.2955933,6.7862363,6.5927124,06 Duarte,2020,17,val
-1.6475058,5.0251265,5.493238,06 Duarte,2020,18,val
-0.97949785,6.071835,4.47723,06 Duarte,2020,19,val
-0.6582391,5.4484897,4.6833262,06 Duarte,2020,20,val
-0.17124772,5.9771647,4.449554,06 Duarte,2020,21,val
0.10053191,5.172633,4.301433,06 Duarte,2020,22,val
0.6406275,5.317347,4.9080825,06 Duarte,2020,23,val
1.215796,5.16538,4.6963387,06 Duarte,2020,24,val
1.8642544,4.91255,5.254118,06 Duarte,2020,25,val
2.2765818,4.936459,4.5701494,06 Duarte,2020,26,val
4.580871,3.4370534,3.6184714,06 Duarte,2020,27,val
4.717467,3.8273973,3.1960545,06 Duarte,2020,28,val
4.836841,3.5102239,3.780744,06 Duarte,2020,29,val
4.4187274,3.833626,2.2788558,06 Duarte,2020,30,val
9.137725,20.183952,-10.656365,06 Duarte,2020,31,val
5.0386405,4.081975,3.9718258,06 Duarte,2020,32,val
4.694624,4.262953,2.883535,06 Duarte,2020,33,val
9.104479,19.870726,-10.850337,06 Duarte,2020,34,val
7.6183925,-0.0029000517,-5.638515,06 Duarte,2020,35,val
6.3942223,0.11067543,-6.5994434,06 Duarte,2020,36,val
7.120306,0.010224688,-5.6031713,06 Duarte,2020,37,val
6.912462,-0.26026753,-6.262945,06 Duarte,2020,38,val
6.969247,-0.11000739,-5.0914803,06 Duarte,2020,39,val
7.4100604,12.748919,-20.724602,06 Duarte,2020,40,val
5.089723,-1.0104276,-7.223267,06 Duarte,2020,41,val
5.092401,-1.1117222,-8.315782,06 Duarte,2020,42,val
4.5123825,-2.246168,-7.1635833,06 Duarte,2020,43,val
4.005265,-0.74273276,-9.935563,06 Duarte,2020,44,val
3.185511,-0.18837431,-9.751847,06 Duarte,2020,45,val
2.8988304,-0.24055776,-10.552372,06 Duarte,2020,46,val
2.427424,-0.57204795,-9.883533,06 Duarte,2020,47,val
1.5501709,-1.5619085,-7.481517,06 Duarte,2020,48,val
1.2043407,-1.9464834,-6.2553763,06 Duarte,2020,49,val
-1.3104043,-1.6647159,-9.64237,06 Duarte,2020,50,val
-1.4324938,-1.042655,-9.828702,06 Duarte,2020,51,val
-3.3757572,0.072461605,-6.635329,06 Duarte,2020,52,val
-2.7837121,0.14226268,-5.4466286,06 Duarte,2021,1,val
-3.3565829,0.5431661,-5.9241376,06 Duarte,2021,2,val
-4.012298,0.99239796,-6.0660543,06 Duarte,2021,3,val
-3.261844,1.169711,-4.534193,06 Duarte,2021,4,val
-5.3607874,3.2044199,-4.467107,06 Duarte,2021,5,val
-5.171939,3.3192732,-3.318697,06 Duarte,2021,6,val
-5.9736576,3.9822347,-3.4059985,06 Duarte,2021,7,val
-4.7436047,3.837473,-2.220981,06 Duarte,2021,8,val
-5.386282,4.8800898,-2.0438337,06 Duarte,2021,9,val
-4.654548,3.7022774,-1.321189,06 Duarte,2021,10,val
-4.857806,4.3232036,-0.74556404,06 Duarte,2021,11,val
-5.4460053,5.5175805,-0.19682033,06 Duarte,2021,12,val
-5.223283,6.072171,0.072395384,06 Duarte,2021,13,val
-4.679555,5.904375,0.8138336,06 Duarte,2021,14,val
-4.8049746,3.7554388,4.2792797,06 Duarte,2021,15,val
-5.851156,7.6844296,2.2712924,06 Duarte,2021,16,val
-4.666942,7.025711,1.9756063,06 Duarte,2021,17,val
-1.4957368,4.421145,3.3399005,06 Duarte,2021,18,val
-1.199334,5.2276597,3.528164,06 Duarte,2021,19,val
-1.0079278,4.1757665,2.439034,06 Duarte,2021,20,val
-0.2667896,5.751355,2.4323888,06 Duarte,2021,21,val
0.2126947,6.142607,2.2163277,06 Duarte,2021,22,val
3.03622,18.393787,-8.299564,06 Duarte,2021,23,val
1.2513679,5.8095803,3.3107486,06 Duarte,2021,24,val
1.4325255,4.838074,1.8988141,06 Duarte,2021,25,val
1.8439882,4.875074,2.5817409,06 Duarte,2021,26,val
4.0815234,3.3864639,2.2932408,06 Duarte,2021,27,val
3.7579908,3.632407,1.51153,06 Duarte,2021,28,val
4.341105,3.2436514,2.9507551,06 Duarte,2021,29,val
4.411327,3.669588,2.3666222,06 Duarte,2021,30,val
4.3775415,3.6479495,2.11339,06 Duarte,2021,31,val
9.0647955,20.712025,-13.159383,06 Duarte,2021,32,val
4.4929066,3.60502,1.6767536,06 Duarte,2021,33,val
5.39269,3.4504237,3.1556406,06 Duarte,2021,34,val
9.01051,-0.036188547,-3.540876,06 Duarte,2021,35,val
8.987995,0.35659438,-4.8130937,06 Duarte,2021,36,val
6.201892,-0.06560541,-6.2945056,06 Duarte,2021,37,val
6.473009,-0.17817391,-6.277715,06 Duarte,2021,38,val
5.438756,-0.3728574,-5.4041753,06 Duarte,2021,39,val
6.013311,-0.9939495,-6.249842,06 Duarte,2021,40,val
4.774424,-0.58769894,-7.2391,06 Duarte,2021,41,val
4.5441957,-1.676698,-6.6352134,06 Duarte,2021,42,val
4.0847387,-2.4579222,-6.147471,06 Duarte,2021,43,val
3.7853649,-2.2794974,-6.988061,06 Duarte,2021,44,val
3.385758,-3.287039,-6.7094088,06 Duarte,2021,45,val
3.0129507,-3.1622589,-6.8260393,06 Duarte,2021,46,val
1.8495461,-2.2387187,-6.273815,06 Duarte,2021,47,val
-1.7926737,-3.6280525,-9.268754,06 Duarte,2021,48,val
-1.6795022,-2.7679627,-8.984334,06 Duarte,2021,49,val
-1.3007544,-2.167462,-8.56224,06 Duarte,2021,50,val
-1.7431695,-2.4453096,-8.601334,06 Duarte,2021,51,val
-3.0803835,-0.5931575,-5.244039,06 Duarte,2021,52,val
-10.078743,-7.1312156,0.029018907,07 Elías Piña,2015,1,train
-10.35945,-6.4434752,0.52638197,07 Elías Piña,2015,2,train
-11.411723,-5.638102,-0.38870335,07 Elías Piña,2015,3,train
-11.630576,-5.049353,-0.63867277,07 Elías Piña,2015,4,train
-10.815815,-2.0506608,0.24125478,07 Elías Piña,2015,5,train
-10.740531,-2.403248,2.271271,07 Elías Piña,2015,6,train
-10.991977,-0.8872037,1.4549271,07 Elías Piña,2015,7,train
-12.330486,-0.24159615,2.9122312,07 Elías Piña,2015,8,train
-13.141845,0.39051312,4.048977,07 Elías Piña,2015,9,train
-13.663559,0.5789031,5.309105,07 Elías Piña,2015,10,train
-14.621126,1.6649183,5.926749,07 Elías Piña,2015,11,train
-15.031056,4.063689,4.577658,07 Elías Piña,2015,12,train
-14.454649,5.1756625,6.585963,07 Elías Piña,2015,13,train
-13.8112,5.326929,5.3286705,07 Elías Piña,2015,14,train
-13.496213,5.579913,9.012464,07 Elías Piña,2015,15,train
-13.259984,6.3107986,10.766824,07 Elías Piña,2015,16,train
-13.410362,8.319154,11.668636,07 Elías Piña,2015,17,train
-12.164536,6.4849596,13.14094,07 Elías Piña,2015,18,train
-11.807695,7.017734,10.88218,07 Elías Piña,2015,19,train
-11.638443,8.318557,11.4059925,07 Elías Piña,2015,20,train
-10.036154,10.337527,10.658311,07 Elías Piña,2015,21,train
-8.383842,11.543253,7.996531,07 Elías Piña,2015,22,train
-8.61508,11.958518,11.646013,07 Elías Piña,2015,23,train
-8.690702,10.639627,13.044556,07 Elías Piña,2015,24,train
1.1409093,3.0183249,9.81471,07 Elías Piña,2015,25,train
1.590206,2.8475528,9.358391,07 Elías Piña,2015,26,train
8.821455,-2.886445,8.243923,07 Elías Piña,2015,27,train
9.958319,-2.1517656,8.050955,07 Elías Piña,2015,28,train
10.099718,-1.9567611,7.80493,07 Elías Piña,2015,29,train
11.317918,-1.7436737,8.190048,07 Elías Piña,2015,30,train
9.783535,-3.2481852,8.817455,07 Elías Piña,2015,31,train
11.386442,-1.8688649,8.158446,07 Elías Piña,2015,32,train
12.065803,-1.8369149,8.513595,07 Elías Piña,2015,33,train
10.5509,-1.2968602,6.834859,07 Elías Piña,2015,34,train
11.383008,-8.437413,1.6177437,07 Elías Piña,2015,35,train
10.493358,-7.581988,0.2967805,07 Elías Piña,2015,36,train
11.77697,-9.448301,0.543384,07 Elías Piña,2015,37,train
10.546342,-8.677445,-0.45385733,07 Elías Piña,2015,38,train
10.494364,-9.008164,-1.8128688,07 Elías Piña,2015,39,train
10.305369,-11.041129,-2.6085773,07 Elías Piña,2015,40,train
10.508462,-12.200436,-1.8334141,07 Elías Piña,2015,41,train
10.130149,-12.064152,-3.1069655,07 Elías Piña,2015,42,train
7.1558366,-9.69506,-4.457145,07 Elías Piña,2015,43,train
7.524911,-10.935427,-5.0731764,07 Elías Piña,2015,44,train
6.023778,-11.901244,-5.0350533,07 Elías Piña,2015,45,train
5.0386095,-11.468589,-4.551079,07 Elías Piña,2015,46,train
2.6694078,-11.142511,-3.7344992,07 Elías Piña,2015,47,train
-3.8264997,-12.236625,-6.835568,07 Elías Piña,2015,48,train
-4.350875,-12.7213125,-7.8487525,07 Elías Piña,2015,49,train
-4.224721,-11.839739,-6.093707,07 Elías Piña,2015,50,train
-4.7750754,-11.585272,-5.9513817,07 Elías Piña,2015,51,train
-10.328381,-6.5869136,-1.9258685,07 Elías Piña,2015,52,train
-12.739912,-4.702789,-1.8340352,07 Elías Piña,2016,1,train
-13.20446,-4.8073726,-1.3955714,07 Elías Piña,2016,2,train
-13.97906,-4.3629313,-2.0345693,07 Elías Piña,2016,3,train
-13.925424,-4.2359314,-1.8031214,07 Elías Piña,2016,4,train
-13.368775,-2.6596782,-0.07996931,07 Elías Piña,2016,5,train
-14.703442,-2.1949425,-0.43481904,07 Elías Piña,2016,6,train
-14.310632,-1.967654,0.119236395,07 Elías Piña,2016,7,train
-14.348899,-1.1967987,1.0444167,07 Elías Piña,2016,8,train
-15.05192,0.29712898,-0.5952773,07 Elías Piña,2016,9,train
-11.148855,1.2688144,3.3824425,07 Elías Piña,2016,10,train
-14.16809,2.9048352,4.780914,07 Elías Piña,2016,11,train
-14.152757,3.6500869,6.875463,07 Elías Piña,2016,12,train
-14.116805,5.415689,8.552847,07 Elías Piña,2016,13,train
-14.383592,7.131562,7.166802,07 Elías Piña,2016,14,train
-13.59929,6.0470448,6.9748716,07 Elías Piña,2016,15,train
-13.540412,7.8969803,7.175643,07 Elías Piña,2016,16,train
-7.27828,14.32233,4.069419,07 Elías Piña,2016,17,train
-10.413382,12.290933,5.2324038,07 Elías Piña,2016,18,train
-10.078638,13.097515,5.595764,07 Elías Piña,2016,19,train
-11.442134,9.863003,9.979584,07 Elías Piña,2016,20,train
-8.981601,20.42442,-2.4787421,07 Elías Piña,2016,21,train
-7.8963757,13.990902,7.9198213,07 Elías Piña,2016,22,train
0.6267992,6.8905735,9.196171,07 Elías Piña,2016,23,train
1.0129199,4.429122,9.743702,07 Elías Piña,2016,24,train
1.7477516,4.7627726,7.758182,07 Elías Piña,2016,25,train
2.4185855,4.412782,8.348,07 Elías Piña,2016,26,train
6.749887,0.66602534,7.4221334,07 Elías Piña,2016,27,train
6.7845335,0.8133371,8.195327,07 Elías Piña,2016,28,train
6.9454374,0.6758424,8.896994,07 Elías Piña,2016,29,train
6.511167,1.7858754,7.26745,07 Elías Piña,2016,30,train
6.545965,1.5534072,7.451782,07 Elías Piña,2016,31,train
6.1701107,2.334887,7.460572,07 Elías Piña,2016,32,train
5.467072,-0.45171696,8.751255,07 Elías Piña,2016,33,train
5.7857337,2.6646101,5.780049,07 Elías Piña,2016,34,train
10.046804,-7.4618063,4.155145,07 Elías Piña,2016,35,train
13.596739,-0.8357918,-4.0599384,07 Elías Piña,2016,36,train
15.157542,1.1220646,-7.0533037,07 Elías Piña,2016,37,train
14.287325,0.7541934,-6.714279,07 Elías Piña,2016,38,train
14.382336,0.038397443,-6.1342597,07 Elías Piña,2016,39,train
8.41767,-4.704607,-12.637257,07 Elías Piña,2016,40,train
8.209076,-4.808046,-12.044639,07 Elías Piña,2016,41,train
6.3895774,-3.9167042,-13.233485,07 Elías Piña,2016,42,train
5.984518,-4.7856407,-12.636174,07 Elías Piña,2016,43,train
3.795216,-5.437471,-10.6003065,07 Elías Piña,2016,44,train
4.9020433,-5.349425,-14.103131,07 Elías Piña,2016,45,train
3.4546845,-4.0075006,-14.203848,07 Elías Piña,2016,46,train
2.4919343,-5.3421288,-11.918857,07 Elías Piña,2016,47,train
1.8118812,-5.258956,-9.590543,07 Elías Piña,2016,48,train
1.8450379,-6.1141148,-9.285927,07 Elías Piña,2016,49,train
-1.50578,-7.522084,-10.212087,07 Elías Piña,2016,50,train
-3.280099,-12.029637,-2.1878073,07 Elías Piña,2016,51,train
-6.3511934,-6.9836144,0.4148565,07 Elías Piña,2016,52,train
-7.394046,-7.7129493,1.8111628,07 Elías Piña,2017,1,train
-5.6185946,-4.9367056,1.0640817,07 Elías Piña,2017,2,train
-5.9992743,-5.3587594,2.2093587,07 Elías Piña,2017,3,train
-6.7272067,-5.5482574,2.4028091,07 Elías Piña,2017,4,train
-9.175171,-4.9147134,4.340159,07 Elías Piña,2017,5,train
-10.691411,-3.7478054,3.5620239,07 Elías Piña,2017,6,train
-10.02675,-2.4595568,3.2581384,07 Elías Piña,2017,7,train
-10.258255,-1.9357212,4.0411143,07 Elías Piña,2017,8,train
-11.431769,-2.5691347,7.0579476,07 Elías Piña,2017,9,train
-9.304942,-0.90433216,6.20058,07 Elías Piña,2017,10,train
-11.63925,0.37694517,7.54385,07 Elías Piña,2017,11,train
-12.715167,21.173326,-13.324053,07 Elías Piña,2017,12,train
-9.511353,2.5946484,6.5230355,07 Elías Piña,2017,13,train
-12.142065,4.929709,8.518483,07 Elías Piña,2017,14,train
-9.8800745,4.096195,5.9301105,07 Elías Piña,2017,15,train
-7.2098336,23.24986,-6.9117203,07 Elías Piña,2017,16,train
-10.404466,20.873951,-5.426929,07 Elías Piña,2017,17,train
-10.489081,20.68845,-7.3681355,07 Elías Piña,2017,18,train
-9.699557,12.544991,3.8493338,07 Elías Piña,2017,19,train
-10.991215,13.657669,7.7693353,07 Elías Piña,2017,20,train
-9.799783,9.245596,11.778973,07 Elías Piña,2017,21,train
-8.762982,9.509891,12.065929,07 Elías Piña,2017,22,train
0.35696152,4.7196617,10.78165,07 Elías Piña,2017,23,train
1.1342549,4.892438,9.8310795,07 Elías Piña,2017,24,train
2.1038709,4.687773,10.399582,07 Elías Piña,2017,25,train
2.6891065,3.7514932,10.797708,07 Elías Piña,2017,26,train
6.9527006,0.3884949,9.530096,07 Elías Piña,2017,27,train
6.504305,2.94571,7.363436,07 Elías Piña,2017,28,train
6.3530545,0.15308347,9.650001,07 Elías Piña,2017,29,train
6.4940877,1.8740494,8.4722595,07 Elías Piña,2017,30,train
6.945544,1.4951491,9.199176,07 Elías Piña,2017,31,train
6.3365617,1.4732287,8.564986,07 Elías Piña,2017,32,train
6.53122,0.28072575,9.760616,07 Elías Piña,2017,33,train
6.895483,1.5097603,9.034815,07 Elías Piña,2017,34,train
11.976832,-9.249291,4.5117717,07 Elías Piña,2017,35,train
13.945489,0.004805079,-6.8371263,07 Elías Piña,2017,36,train
15.229695,6.4208956,-17.415281,07 Elías Piña,2017,37,train
12.334268,-3.9957213,-8.781797,07 Elías Piña,2017,38,train
13.346177,-0.9934027,-4.849775,07 Elías Piña,2017,39,train
13.548353,-0.9491444,-7.9064236,07 Elías Piña,2017,40,train
8.243652,-5.746745,-9.349983,07 Elías Piña,2017,41,train
4.7147303,-11.6257105,0.13521653,07 Elías Piña,2017,42,train
3.338387,-12.678054,1.3033893,07 Elías Piña,2017,43,train
5.1514435,-7.5659585,-9.725484,07 Elías Piña,2017,44,train
4.015146,-6.999823,-11.930253,07 Elías Piña,2017,45,train
3.668788,5.337597,-26.54613,07 Elías Piña,2017,46,train
2.5954554,-6.6728797,-10.047505,07 Elías Piña,2017,47,train
2.1659043,-6.430415,-9.410423,07 Elías Piña,2017,48,train
-1.9077059,-10.103285,-8.05093,07 Elías Piña,2017,49,train
-3.4295204,-13.33786,-2.507946,07 Elías Piña,2017,50,train
-3.721998,-12.27046,-1.4242916,07 Elías Piña,2017,51,train
-6.7179465,-7.9050045,1.3993917,07 Elías Piña,2017,52,train
-7.3429527,11.782914,-24.332964,07 Elías Piña,2018,1,train
-6.287853,-5.9917927,0.16572876,07 Elías Piña,2018,2,train
-6.796086,-5.8174686,0.8501809,07 Elías Piña,2018,3,train
-7.2531843,-6.3853035,2.2672637,07 Elías Piña,2018,4,train
-7.449751,-4.2832556,4.5560927,07 Elías Piña,2018,5,train
-10.205217,-4.086426,4.3081965,07 Elías Piña,2018,6,train
-9.749726,-3.3301477,4.7330227,07 Elías Piña,2018,7,train
-9.722847,-2.996038,5.8435736,07 Elías Piña,2018,8,train
-8.932755,-1.2364156,4.9486065,07 Elías Piña,2018,9,train
-8.784475,-1.5240202,7.8219457,07 Elías Piña,2018,10,train
-9.977655,0.03116614,8.19191,07 Elías Piña,2018,11,train
-9.730518,0.54469997,8.005054,07 Elías Piña,2018,12,train
-7.941385,0.5682153,7.9293885,07 Elías Piña,2018,13,train
-11.0032625,7.213119,2.8749585,07 Elías Piña,2018,14,train
-10.423411,3.2724423,8.984297,07 Elías Piña,2018,15,train
-10.311872,3.615281,10.863941,07 Elías Piña,2018,16,train
-11.478224,6.737388,9.442917,07 Elías Piña,2018,17,train
-10.695984,6.201836,10.485491,07 Elías Piña,2018,18,train
-10.798099,7.4391775,11.538431,07 Elías Piña,2018,19,train
-10.4771385,7.6316056,12.750223,07 Elías Piña,2018,20,train
-9.381297,7.931575,15.099289,07 Elías Piña,2018,21,train
-9.192898,9.408565,15.746356,07 Elías Piña,2018,22,train
-9.584506,9.05959,17.038996,07 Elías Piña,2018,23,train
0.037514385,2.192696,11.585736,07 Elías Piña,2018,24,train
0.8546187,1.9405186,9.316076,07 Elías Piña,2018,25,train
1.38642,0.63453007,11.252771,07 Elías Piña,2018,26,train
6.7086043,-2.8260403,10.030711,07 Elías Piña,2018,27,train
7.2066054,-2.221622,9.701116,07 Elías Piña,2018,28,train
7.2815795,-1.843226,9.49145,07 Elías Piña,2018,29,train
6.7375817,-1.7106988,8.726856,07 Elías Piña,2018,30,train
6.971127,-1.964555,9.169534,07 Elías Piña,2018,31,train
7.1002154,-2.3350198,8.919751,07 Elías Piña,2018,32,train
7.1702423,-1.2785835,7.965266,07 Elías Piña,2018,33,train
7.5189886,-0.43242553,6.9579515,07 Elías Piña,2018,34,train
6.9417567,-7.1675367,4.1309547,07 Elías Piña,2018,35,train
7.7327724,-7.9518294,3.8671658,07 Elías Piña,2018,36,train
8.794006,-8.218538,2.8322616,07 Elías Piña,2018,37,train
7.268776,-8.938174,3.9733894,07 Elías Piña,2018,38,train
7.0867324,-8.96113,3.9404752,07 Elías Piña,2018,39,train
5.9964676,-5.461172,-6.20378,07 Elías Piña,2018,40,train
5.745116,-6.1837482,-6.461448,07 Elías Piña,2018,41,train
3.901119,-10.261358,-0.7077319,07 Elías Piña,2018,42,train
3.7036054,-11.67533,0.23426437,07 Elías Piña,2018,43,train
2.5150983,-10.982549,-0.08954407,07 Elías Piña,2018,44,train
1.8374184,-10.725582,-1.5283484,07 Elías Piña,2018,45,train
1.786069,-11.9453335,-2.078443,07 Elías Piña,2018,46,train
1.3234329,-11.407258,-1.2512549,07 Elías Piña,2018,47,train
-4.525034,-13.399271,-4.6001067,07 Elías Piña,2018,48,train
-5.107853,-14.641787,-2.175871,07 Elías Piña,2018,49,train
-4.9387794,-13.538215,-2.0698607,07 Elías Piña,2018,50,train
-4.754502,-12.816184,-1.7349781,07 Elías Piña,2018,51,train
-8.878486,-8.684,0.45361757,07 Elías Piña,2018,52,train
-9.732272,-7.8018603,0.6410482,07 Elías Piña,2019,1,train
-9.423179,-6.532762,0.5778031,07 Elías Piña,2019,2,train
-10.1151905,-6.4404407,0.8629925,07 Elías Piña,2019,3,train
-11.039551,-6.746036,1.4093429,07 Elías Piña,2019,4,train
-11.133668,-3.2214985,2.3887172,07 Elías Piña,2019,5,train
-12.415316,-2.402173,1.2450019,07 Elías Piña,2019,6,train
-12.84976,-2.4910982,2.2190905,07 Elías Piña,2019,7,train
-13.489603,-2.0202727,4.1097016,07 Elías Piña,2019,8,train
-14.082417,-0.9193475,3.6360524,07 Elías Piña,2019,9,train
-14.029454,0.80776393,5.3401856,07 Elías Piña,2019,10,train
-13.537535,1.8117623,5.4736023,07 Elías Piña,2019,11,train
-13.296332,2.6330228,6.7981224,07 Elías Piña,2019,12,train
-11.700434,22.515606,-14.339592,07 Elías Piña,2019,13,train
-13.029417,5.24895,5.861596,07 Elías Piña,2019,14,train
-12.887546,5.3861914,8.151461,07 Elías Piña,2019,15,train
-12.306786,5.446892,9.5228405,07 Elías Piña,2019,16,train
-11.227647,5.9387355,7.555893,07 Elías Piña,2019,17,train
-11.53615,6.7036896,9.981029,07 Elías Piña,2019,18,train
-12.026498,8.4568405,11.118018,07 Elías Piña,2019,19,train
-2.0158179,4.8204603,10.541375,07 Elías Piña,2019,20,train
2.2632928,23.697102,-6.0490365,07 Elías Piña,2019,21,train
3.104485,24.59619,-8.505727,07 Elías Piña,2019,22,train
0.29377002,8.529709,7.168745,07 Elías Piña,2019,23,train
0.9774824,6.687778,8.950222,07 Elías Piña,2019,24,train
1.5778146,3.8803265,11.033736,07 Elías Piña,2019,25,train
2.1477582,3.8948815,9.930419,07 Elías Piña,2019,26,train
11.009709,-3.4574893,5.312808,07 Elías Piña,2019,27,train
12.267757,-3.733474,6.052879,07 Elías Piña,2019,28,train
12.853892,-4.132475,6.345775,07 Elías Piña,2019,29,train
13.936291,-3.9109309,6.119515,07 Elías Piña,2019,30,train
13.266135,-2.759066,4.131381,07 Elías Piña,2019,31,train
13.54479,-3.399476,4.778423,07 Elías Piña,2019,32,train
13.203813,-3.9310384,5.9887156,07 Elías Piña,2019,33,train
12.8387785,-2.8642356,4.2025433,07 Elías Piña,2019,34,train
11.768299,-7.136133,2.6336439,07 Elías Piña,2019,35,train
11.36122,-7.7824407,1.1761737,07 Elías Piña,2019,36,train
19.926655,11.892402,-15.081509,07 Elías Piña,2019,37,train
9.677927,-7.687797,-2.2244086,07 Elías Piña,2019,38,train
15.341687,13.332598,-18.142525,07 Elías Piña,2019,39,train
15.455699,12.253559,-17.481787,07 Elías Piña,2019,40,train
5.9770036,-9.561563,-1.9170609,07 Elías Piña,2019,41,train
5.280429,-10.394321,-3.0926917,07 Elías Piña,2019,42,train
4.355473,-10.434576,-3.570182,07 Elías Piña,2019,43,train
4.1498184,-11.393189,-4.909199,07 Elías Piña,2019,44,train
3.3572364,-10.745178,-2.82303,07 Elías Piña,2019,45,train
2.8923128,-10.696549,-6.062186,07 Elías Piña,2019,46,train
1.2515154,-9.56776,-4.4818254,07 Elías Piña,2019,47,train
0.4426148,-8.984344,-2.626432,07 Elías Piña,2019,48,train
1.5468311,-9.540529,-5.8489885,07 Elías Piña,2019,49,train
0.37014976,-9.755153,-3.6316366,07 Elías Piña,2019,50,train
0.2845422,-9.843014,-3.5883412,07 Elías Piña,2019,51,train
-1.2334982,-4.0995097,0.7303032,07 Elías Piña,2019,52,train
-1.5851539,-3.9332278,1.0608087,07 Elías Piña,2020,1,val
-2.4036877,-4.6527624,2.0028818,07 Elías Piña,2020,2,val
-10.310518,-6.1096406,0.04241697,07 Elías Piña,2020,3,val
-9.187318,-4.960023,0.15073837,07 Elías Piña,2020,4,val
-11.099505,-3.2003615,2.368947,07 Elías Piña,2020,5,val
-12.126651,-2.4431279,2.268004,07 Elías Piña,2020,6,val
-11.907613,-2.764501,3.7546098,07 Elías Piña,2020,7,val
-13.163905,-0.9900725,3.3307638,07 Elías Piña,2020,8,val
-13.195577,0.40432745,3.3775208,07 Elías Piña,2020,9,val
-12.984019,1.0316522,3.6152198,07 Elías Piña,2020,10,val
-11.562368,1.6264201,3.8633833,07 Elías Piña,2020,11,val
-11.6139765,1.9445158,5.501306,07 Elías Piña,2020,12,val
-12.749524,4.3680344,6.999005,07 Elías Piña,2020,13,val
-12.546236,5.2384977,9.290904,07 Elías Piña,2020,14,val
-12.93316,6.3628073,10.829278,07 Elías Piña,2020,15,val
-12.2853985,6.261862,11.798907,07 Elías Piña,2020,16,val
-12.287887,6.843203,12.313128,07 Elías Piña,2020,17,val
-11.821003,7.4769044,12.57458,07 Elías Piña,2020,18,val
-11.6471815,20.38923,-3.0861728,07 Elías Piña,2020,19,val
-10.186416,7.989605,11.762016,07 Elías Piña,2020,20,val
-9.642119,9.162863,11.95508,07 Elías Piña,2020,21,val
-8.480078,8.909484,12.053393,07 Elías Piña,2020,22,val
-8.626989,10.279897,12.751816,07 Elías Piña,2020,23,val
-8.605713,11.066521,12.525333,07 Elías Piña,2020,24,val
-8.69974,11.618055,12.320951,07 Elías Piña,2020,25,val
-8.620313,8.950575,14.344125,07 Elías Piña,2020,26,val
5.8044024,2.3252742,7.4174814,07 Elías Piña,2020,27,val
6.252891,1.4076169,9.14904,07 Elías Piña,2020,28,val
6.123554,1.7676752,9.071323,07 Elías Piña,2020,29,val
6.3903356,2.2605393,8.480532,07 Elías Piña,2020,30,val
7.488969,3.1956487,9.7475395,07 Elías Piña,2020,31,val
6.6718297,1.2419993,10.77436,07 Elías Piña,2020,32,val
8.459959,2.8856769,10.811832,07 Elías Piña,2020,33,val
11.661101,16.329872,-7.116869,07 Elías Piña,2020,34,val
12.75845,-0.8392949,-7.2025375,07 Elías Piña,2020,35,val
12.168897,-0.37542817,-6.3732457,07 Elías Piña,2020,36,val
12.233102,-1.2321057,-7.6191435,07 Elías Piña,2020,37,val
13.700809,-0.52187246,-7.3239164,07 Elías Piña,2020,38,val
13.667225,0.2810247,-7.254168,07 Elías Piña,2020,39,val
12.946024,-1.0241208,-8.633332,07 Elías Piña,2020,40,val
11.300299,-1.3417165,-8.092981,07 Elías Piña,2020,41,val
8.192981,-4.9252415,-10.806541,07 Elías Piña,2020,42,val
6.4066944,-5.810686,-11.026888,07 Elías Piña,2020,43,val
5.6741066,-6.638406,-11.462598,07 Elías Piña,2020,44,val
3.1356945,-5.666407,-10.5707855,07 Elías Piña,2020,45,val
2.9038165,-6.013506,-11.160321,07 Elías Piña,2020,46,val
2.6358893,-6.05528,-10.9169035,07 Elías Piña,2020,47,val
2.3202662,-5.880206,-10.031239,07 Elías Piña,2020,48,val
2.06875,-5.9608965,-8.898569,07 Elías Piña,2020,49,val
-1.0166076,-5.0914702,-12.466216,07 Elías Piña,2020,50,val
-1.0207498,-4.822252,-11.133053,07 Elías Piña,2020,51,val
-4.6521797,-5.2462535,-0.86224735,07 Elías Piña,2020,52,val
-3.8151672,-2.490831,-2.827487,07 Elías Piña,2021,1,val
-4.9574723,-6.5665545,2.6574526,07 Elías Piña,2021,2,val
-5.411153,-2.68606,-1.9102042,07 Elías Piña,2021,3,val
-5.2877793,-5.603844,2.7713172,07 Elías Piña,2021,4,val
-5.2626243,-1.088398,1.5408154,07 Elías Piña,2021,5,val
-7.3917274,-3.5493176,5.021307,07 Elías Piña,2021,6,val
-7.553316,-3.9642675,6.487311,07 Elías Piña,2021,7,val
-7.297442,-3.1183784,6.6724024,07 Elías Piña,2021,8,val
-7.4066424,-1.7813741,6.7642426,07 Elías Piña,2021,9,val
-8.706309,6.2991505,-3.5509477,07 Elías Piña,2021,10,val
-7.318329,0.09489204,5.6528077,07 Elías Piña,2021,11,val
-12.3879595,19.124456,-11.026011,07 Elías Piña,2021,12,val
-9.110735,2.298476,6.6302085,07 Elías Piña,2021,13,val
-11.349879,10.891738,0.12543173,07 Elías Piña,2021,14,val
-7.9184856,1.8921422,8.028444,07 Elías Piña,2021,15,val
-9.477276,3.6626244,9.611957,07 Elías Piña,2021,16,val
-9.545862,6.1249957,7.419494,07 Elías Piña,2021,17,val
-9.5956135,5.8178644,10.619824,07 Elías Piña,2021,18,val
-10.037145,6.7025476,11.706077,07 Elías Piña,2021,19,val
-8.48014,6.506637,10.159672,07 Elías Piña,2021,20,val
-10.505843,20.381258,-4.014064,07 Elías Piña,2021,21,val
-0.32471806,6.9041157,6.170438,07 Elías Piña,2021,22,val
2.8847113,18.750837,-4.4525065,07 Elías Piña,2021,23,val
1.1871617,4.7238593,9.663205,07 Elías Piña,2021,24,val
1.9025354,5.58891,6.202623,07 Elías Piña,2021,25,val
2.5222862,4.3264832,8.980794,07 Elías Piña,2021,26,val
5.566889,-0.59366363,9.536934,07 Elías Piña,2021,27,val
5.1006336,0.32609794,8.294715,07 Elías Piña,2021,28,val
6.2597823,0.68042845,9.13168,07 Elías Piña,2021,29,val
6.5629125,1.2251878,8.932879,07 Elías Piña,2021,30,val
6.386261,1.0662078,8.7188225,07 Elías Piña,2021,31,val
6.567912,1.6805415,7.8227925,07 Elías Piña,2021,32,val
12.776752,19.76551,-8.092158,07 Elías Piña,2021,33,val
6.071223,0.23361132,8.015818,07 Elías Piña,2021,34,val
11.665421,-8.885541,4.7116094,07 Elías Piña,2021,35,val
12.654316,-8.546156,4.371297,07 Elías Piña,2021,36,val
14.36253,1.612318,-7.03342,07 Elías Piña,2021,37,val
16.35662,0.8643655,-7.8219547,07 Elías Piña,2021,38,val
13.060246,-1.228549,-7.4895916,07 Elías Piña,2021,39,val
13.841053,0.50459045,-7.638901,07 Elías Piña,2021,40,val
10.145152,6.0821066,-21.774685,07 Elías Piña,2021,41,val
6.031689,-5.5132484,-10.026022,07 Elías Piña,2021,42,val
5.110604,-3.868513,-8.811585,07 Elías Piña,2021,43,val
4.2920866,-5.5146914,-9.782232,07 Elías Piña,2021,44,val
3.564461,-7.042504,-8.162649,07 Elías Piña,2021,45,val
1.0665344,-11.92271,-0.20918843,07 Elías Piña,2021,46,val
2.0121012,-6.3513,-9.045599,07 Elías Piña,2021,47,val
-0.94993246,-7.0410223,-12.685321,07 Elías Piña,2021,48,val
-2.7006047,-11.843875,-2.4758277,07 Elías Piña,2021,49,val
-3.0572002,-11.43031,-1.7841899,07 Elías Piña,2021,50,val
-1.7578433,-8.516938,-6.0349216,07 Elías Piña,2021,51,val
-5.4966874,-7.2324963,2.0622022,07 Elías Piña,2021,52,val
-17.48967,-7.0355034,-9.540196,08 El Seibo,2015,1,train
-17.287943,-5.607241,-8.686363,08 El Seibo,2015,2,train
-16.086647,-3.5448241,-7.358511,08 El Seibo,2015,3,train
-15.89124,-2.633951,-6.93617,08 El Seibo,2015,4,train
-16.743155,0.21023348,-4.641225,08 El Seibo,2015,5,train
-17.519815,1.7693092,-4.281208,08 El Seibo,2015,6,train
-17.094067,1.7628188,-3.9378672,08 El Seibo,2015,7,train
-18.539627,3.0056627,-2.958832,08 El Seibo,2015,8,train
-20.811243,4.7294326,-1.4786528,08 El Seibo,2015,9,train
-22.967987,4.6287785,-0.43125212,08 El Seibo,2015,10,train
-23.68087,5.7516913,0.9285824,08 El Seibo,2015,11,train
-19.549297,6.9834037,3.1392844,08 El Seibo,2015,12,train
-18.951437,9.048193,5.6238604,08 El Seibo,2015,13,train
-20.66858,10.118689,5.1292453,08 El Seibo,2015,14,train
-21.454903,12.326744,6.1746564,08 El Seibo,2015,15,train
-19.876486,11.869975,7.1810226,08 El Seibo,2015,16,train
-17.376642,11.490135,9.115744,08 El Seibo,2015,17,train
-17.828568,12.831011,10.775331,08 El Seibo,2015,18,train
-17.582315,13.997181,10.921759,08 El Seibo,2015,19,train
-16.3722,15.5617285,11.542064,08 El Seibo,2015,20,train
-11.457133,16.579817,10.803482,08 El Seibo,2015,21,train
-9.7409725,15.947082,10.354747,08 El Seibo,2015,22,train
-9.071326,16.675089,12.479201,08 El Seibo,2015,23,train
-9.080473,16.743807,13.187816,08 El Seibo,2015,24,train
-8.823244,17.456284,13.40552,08 El Seibo,2015,25,train
4.500361,12.676573,10.249744,08 El Seibo,2015,26,train
18.315762,4.832682,4.874264,08 El Seibo,2015,27,train
16.982286,4.5343037,3.8440106,08 El Seibo,2015,28,train
17.302746,4.0458627,4.5822477,08 El Seibo,2015,29,train
16.590134,3.7449763,4.474472,08 El Seibo,2015,30,train
18.417917,3.7729018,5.514667,08 El Seibo,2015,31,train
17.297424,3.058666,4.707519,08 El Seibo,2015,32,train
16.796652,2.7794144,5.0688076,08 El Seibo,2015,33,train
16.164516,2.531552,4.2162623,08 El Seibo,2015,34,train
16.66921,-10.250546,-6.4217815,08 El Seibo,2015,35,train
15.525509,-9.4829235,-5.245843,08 El Seibo,2015,36,train
16.95686,-11.265695,-6.4580812,08 El Seibo,2015,37,train
14.996318,-11.431411,-7.235528,08 El Seibo,2015,38,train
14.577628,-10.902532,-6.2720375,08 El Seibo,2015,39,train
15.028763,-13.303815,-7.5096264,08 El Seibo,2015,40,train
13.578957,-13.284912,-7.2082953,08 El Seibo,2015,41,train
12.170786,-13.703945,-8.004646,08 El Seibo,2015,42,train
9.748217,-12.194352,-7.3004155,08 El Seibo,2015,43,train
9.186625,-13.028074,-8.558039,08 El Seibo,2015,44,train
8.19954,-13.571004,-9.699747,08 El Seibo,2015,45,train
7.5577674,-14.802168,-10.489833,08 El Seibo,2015,46,train
5.165985,-13.80349,-10.140288,08 El Seibo,2015,47,train
-4.534325,-13.392336,-11.716434,08 El Seibo,2015,48,train
-6.6249394,-14.609692,-13.291896,08 El Seibo,2015,49,train
-7.2367773,-13.512611,-12.581231,08 El Seibo,2015,50,train
-9.161624,-13.568697,-13.170913,08 El Seibo,2015,51,train
-17.028069,-8.059732,-9.399543,08 El Seibo,2015,52,train
-15.197426,-4.15084,-5.5766983,08 El Seibo,2016,1,train
-16.705845,-4.3097196,-5.3378296,08 El Seibo,2016,2,train
-17.349558,-4.0162244,-5.216989,08 El Seibo,2016,3,train
-18.363934,-3.7250288,-5.6044226,08 El Seibo,2016,4,train
-18.313015,-1.3072556,-3.5405564,08 El Seibo,2016,5,train
-18.894148,-0.78170866,-2.9346967,08 El Seibo,2016,6,train
-20.258307,-0.45740986,-2.9722164,08 El Seibo,2016,7,train
-19.660183,0.4579604,-1.6466955,08 El Seibo,2016,8,train
-19.863432,1.012886,-1.655518,08 El Seibo,2016,9,train
-22.220318,4.7407556,-0.16489764,08 El Seibo,2016,10,train
-19.308592,5.9525967,1.811552,08 El Seibo,2016,11,train
-20.922443,7.9753594,3.7586157,08 El Seibo,2016,12,train
-19.71011,9.907216,5.3834877,08 El Seibo,2016,13,train
-17.393738,10.427679,6.732874,08 El Seibo,2016,14,train
-17.30214,10.503131,6.9073076,08 El Seibo,2016,15,train
-14.958008,14.102061,7.0525475,08 El Seibo,2016,16,train
-5.0063934,31.838753,-10.0038185,08 El Seibo,2016,17,train
-0.08571943,26.43151,-1.698139,08 El Seibo,2016,18,train
-1.9474127,16.883938,7.911871,08 El Seibo,2016,19,train
-1.468659,16.16795,10.659572,08 El Seibo,2016,20,train
-0.11126315,15.705942,8.520164,08 El Seibo,2016,21,train
3.9113247,28.66789,-6.5028524,08 El Seibo,2016,22,train
2.0925374,14.50118,8.722773,08 El Seibo,2016,23,train
3.0545788,13.502905,9.588766,08 El Seibo,2016,24,train
4.4338346,15.820927,8.290622,08 El Seibo,2016,25,train
4.829487,13.749919,8.674342,08 El Seibo,2016,26,train
13.382865,8.716355,6.685504,08 El Seibo,2016,27,train
12.960431,8.67943,6.836436,08 El Seibo,2016,28,train
12.98733,8.6690855,7.0129247,08 El Seibo,2016,29,train
13.029268,9.983244,6.1963806,08 El Seibo,2016,30,train
15.660479,20.941334,-4.0971465,08 El Seibo,2016,31,train
11.411864,10.067187,6.712804,08 El Seibo,2016,32,train
11.505643,8.870838,7.7793818,08 El Seibo,2016,33,train
13.00825,24.103838,-9.069716,08 El Seibo,2016,34,train
15.91726,-5.776796,-10.775034,08 El Seibo,2016,35,train
15.304663,-4.9059377,-13.187454,08 El Seibo,2016,36,train
15.022711,-5.5212607,-13.280702,08 El Seibo,2016,37,train
14.594965,-5.3332505,-12.33027,08 El Seibo,2016,38,train
15.845752,-6.9368505,-15.139965,08 El Seibo,2016,39,train
12.10854,-5.7720942,-16.604315,08 El Seibo,2016,40,train
10.995337,-5.9581404,-15.494863,08 El Seibo,2016,41,train
10.01562,-5.8816037,-17.503826,08 El Seibo,2016,42,train
9.121279,-6.156715,-16.550869,08 El Seibo,2016,43,train
8.942206,3.4411862,-27.581522,08 El Seibo,2016,44,train
7.801661,3.3858624,-27.352493,08 El Seibo,2016,45,train
6.408705,5.8135743,-29.0145,08 El Seibo,2016,46,train
5.2725487,-4.661804,-20.27671,08 El Seibo,2016,47,train
4.4915376,-5.8915744,-16.75702,08 El Seibo,2016,48,train
4.641886,-7.7436795,-17.268711,08 El Seibo,2016,49,train
4.4349885,-7.9454813,-16.601135,08 El Seibo,2016,50,train
4.112256,-7.1038737,-16.10964,08 El Seibo,2016,51,train
-0.08298566,-1.3863053,0.57157385,08 El Seibo,2016,52,train
-0.59946847,-2.5058625,1.5593584,08 El Seibo,2017,1,train
-0.8906013,-2.2561917,1.6044897,08 El Seibo,2017,2,train
-1.7397575,-2.454886,1.376296,08 El Seibo,2017,3,train
-1.7381624,-2.6280124,1.9055676,08 El Seibo,2017,4,train
-1.7293856,-1.3940163,3.2385118,08 El Seibo,2017,5,train
-1.6261674,-1.0300839,3.1682074,08 El Seibo,2017,6,train
-1.756389,-0.7611803,2.9378786,08 El Seibo,2017,7,train
-2.0367346,-0.8334057,3.4148576,08 El Seibo,2017,8,train
-1.8593923,-0.79280114,4.0604396,08 El Seibo,2017,9,train
-1.8512485,-0.35876873,3.5515175,08 El Seibo,2017,10,train
-2.1478271,-0.13226622,4.4638586,08 El Seibo,2017,11,train
-1.8391627,0.52784306,3.4290707,08 El Seibo,2017,12,train
-2.5030844,0.563269,5.278563,08 El Seibo,2017,13,train
-16.311914,9.993854,6.701727,08 El Seibo,2017,14,train
-16.867592,14.119187,4.138788,08 El Seibo,2017,15,train
-13.868899,17.734102,5.835004,08 El Seibo,2017,16,train
-11.351386,19.456778,7.5070553,08 El Seibo,2017,17,train
-12.209905,17.439358,7.427151,08 El Seibo,2017,18,train
-12.4557705,15.708817,8.057546,08 El Seibo,2017,19,train
-12.402039,17.718327,10.541707,08 El Seibo,2017,20,train
-12.306849,16.846355,11.954794,08 El Seibo,2017,21,train
-10.059472,18.57837,11.880683,08 El Seibo,2017,22,train
-10.427605,17.677536,14.3382635,08 El Seibo,2017,23,train
-9.942295,18.310175,14.129878,08 El Seibo,2017,24,train
-9.783412,18.696955,14.177832,08 El Seibo,2017,25,train
-9.753459,18.474213,14.048801,08 El Seibo,2017,26,train
11.983505,7.9325056,8.560994,08 El Seibo,2017,27,train
9.583907,8.482006,7.030062,08 El Seibo,2017,28,train
12.454816,9.020791,8.415599,08 El Seibo,2017,29,train
11.054872,7.9886518,8.121385,08 El Seibo,2017,30,train
12.521526,8.433477,9.479901,08 El Seibo,2017,31,train
11.262881,8.448932,8.177597,08 El Seibo,2017,32,train
12.399046,9.905272,7.595749,08 El Seibo,2017,33,train
11.355841,9.013574,6.6329093,08 El Seibo,2017,34,train
15.2937355,-6.301267,-8.46628,08 El Seibo,2017,35,train
16.600298,4.940011,-22.089758,08 El Seibo,2017,36,train
12.59554,-6.029598,-9.2939,08 El Seibo,2017,37,train
16.724533,8.436549,-28.525623,08 El Seibo,2017,38,train
14.127196,-7.4443545,-12.53728,08 El Seibo,2017,39,train
11.842926,-6.6530104,-13.826414,08 El Seibo,2017,40,train
12.509653,3.1539292,-23.723896,08 El Seibo,2017,41,train
11.226547,-10.235962,-16.009806,08 El Seibo,2017,42,train
9.127321,-8.597125,-14.736756,08 El Seibo,2017,43,train
7.9724493,-9.312867,-14.266007,08 El Seibo,2017,44,train
6.213926,-4.532619,-18.343985,08 El Seibo,2017,45,train
5.9638963,7.222893,-30.735283,08 El Seibo,2017,46,train
4.3627853,-7.0785604,-14.912522,08 El Seibo,2017,47,train
4.3406563,-8.6608715,-14.254861,08 El Seibo,2017,48,train
-4.6702404,-8.041761,-20.71678,08 El Seibo,2017,49,train
-4.0715203,-6.926422,-18.074492,08 El Seibo,2017,50,train
-7.092854,-6.65574,-20.733526,08 El Seibo,2017,51,train
-12.591918,-0.7970792,-14.406027,08 El Seibo,2017,52,train
-11.050429,-0.54275155,-13.031742,08 El Seibo,2018,1,train
-13.190599,-0.45981625,-14.036754,08 El Seibo,2018,2,train
-13.443757,0.3842585,-13.188944,08 El Seibo,2018,3,train
-15.9221735,1.473732,-14.969786,08 El Seibo,2018,4,train
-16.046843,5.4099064,-9.525951,08 El Seibo,2018,5,train
-19.72588,5.4051113,-9.6849,08 El Seibo,2018,6,train
-19.389767,6.0379972,-8.688079,08 El Seibo,2018,7,train
-19.163141,8.693215,-8.845306,08 El Seibo,2018,8,train
-13.937468,7.887904,-5.9208627,08 El Seibo,2018,9,train
-15.41558,10.3576145,-4.837484,08 El Seibo,2018,10,train
-16.17154,11.703646,-3.5507894,08 El Seibo,2018,11,train
-16.444256,12.413313,-3.1196492,08 El Seibo,2018,12,train
-18.143244,12.085101,-2.1797862,08 El Seibo,2018,13,train
-16.534262,12.749131,0.5908113,08 El Seibo,2018,14,train
-18.942945,14.363559,2.8897283,08 El Seibo,2018,15,train
-17.77342,14.310613,4.1056767,08 El Seibo,2018,16,train
-16.222315,13.792023,6.3896217,08 El Seibo,2018,17,train
-15.748451,14.820013,6.343096,08 El Seibo,2018,18,train
-16.326975,14.522153,8.8272505,08 El Seibo,2018,19,train
-16.649973,16.367971,9.042292,08 El Seibo,2018,20,train
-13.168428,14.960619,12.123806,08 El Seibo,2018,21,train
-11.17359,16.214144,12.070936,08 El Seibo,2018,22,train
-10.227372,16.191095,14.72995,08 El Seibo,2018,23,train
-9.468699,16.81796,14.047683,08 El Seibo,2018,24,train
3.1124802,12.327013,9.379831,08 El Seibo,2018,25,train
3.9723125,12.034006,11.289998,08 El Seibo,2018,26,train
14.295093,5.6355767,7.5191092,08 El Seibo,2018,27,train
14.223359,6.655767,5.9925876,08 El Seibo,2018,28,train
14.464791,6.5318274,6.5002313,08 El Seibo,2018,29,train
13.703082,5.5407033,7.198055,08 El Seibo,2018,30,train
14.725734,6.3097425,6.9001074,08 El Seibo,2018,31,train
13.467054,5.2078815,6.5134835,08 El Seibo,2018,32,train
14.727066,6.1222014,6.3462634,08 El Seibo,2018,33,train
13.940903,5.585419,6.2975583,08 El Seibo,2018,34,train
14.628639,-8.825586,-7.7321405,08 El Seibo,2018,35,train
14.387909,-8.365522,-6.8399515,08 El Seibo,2018,36,train
14.823472,-9.569094,-7.8323975,08 El Seibo,2018,37,train
14.615669,-9.657087,-8.035799,08 El Seibo,2018,38,train
14.804906,-11.053773,-9.103814,08 El Seibo,2018,39,train
9.349295,-9.464542,-8.695724,08 El Seibo,2018,40,train
9.740081,-11.315494,-9.851611,08 El Seibo,2018,41,train
10.157787,-13.3102255,-11.54198,08 El Seibo,2018,42,train
8.429004,-12.047107,-10.736413,08 El Seibo,2018,43,train
6.594951,-11.8500595,-10.999689,08 El Seibo,2018,44,train
6.5305953,-12.346481,-10.672374,08 El Seibo,2018,45,train
6.1008816,-13.284565,-11.45784,08 El Seibo,2018,46,train
4.213781,-11.595442,-10.49565,08 El Seibo,2018,47,train
3.0807602,-10.750861,-10.2175665,08 El Seibo,2018,48,train
3.8124042,-12.00079,-11.226142,08 El Seibo,2018,49,train
3.052684,-10.702557,-10.511068,08 El Seibo,2018,50,train
2.4119883,-9.393931,-9.402674,08 El Seibo,2018,51,train
-0.32018542,-2.3929691,0.8659325,08 El Seibo,2018,52,train
-0.4930579,-2.7744002,1.3079605,08 El Seibo,2019,1,train
-0.92559105,-1.7275084,0.5233352,08 El Seibo,2019,2,train
-1.2336327,-2.095488,1.0737021,08 El Seibo,2019,3,train
-1.2110822,-2.2438574,1.7597374,08 El Seibo,2019,4,train
-1.7404991,-1.0187802,2.6101186,08 El Seibo,2019,5,train
-1.6879039,-0.9155164,2.7276845,08 El Seibo,2019,6,train
-1.6665382,-0.7910203,3.0175312,08 El Seibo,2019,7,train
-1.720924,-0.6447968,3.4071953,08 El Seibo,2019,8,train
-2.0530193,-0.60137653,4.036131,08 El Seibo,2019,9,train
-2.054636,-0.26443085,4.1159177,08 El Seibo,2019,10,train
-2.1995025,0.22803853,4.246137,08 El Seibo,2019,11,train
-2.4307213,0.6693811,4.8605347,08 El Seibo,2019,12,train
-15.25019,10.521044,3.7823262,08 El Seibo,2019,13,train
-19.057085,11.217652,4.073059,08 El Seibo,2019,14,train
-18.749079,11.323419,5.9675283,08 El Seibo,2019,15,train
-18.906933,11.864052,7.728071,08 El Seibo,2019,16,train
-15.688097,11.036333,7.6083603,08 El Seibo,2019,17,train
-2.9253373,12.899348,10.282348,08 El Seibo,2019,18,train
-2.7136917,13.522079,10.124833,08 El Seibo,2019,19,train
-1.6906575,12.237495,10.329047,08 El Seibo,2019,20,train
-0.90826124,15.436471,7.574118,08 El Seibo,2019,21,train
2.7628906,24.468372,-1.0154634,08 El Seibo,2019,22,train
1.2622782,13.719006,7.6570086,08 El Seibo,2019,23,train
2.5394707,13.098659,10.834675,08 El Seibo,2019,24,train
3.8390803,11.699251,11.351128,08 El Seibo,2019,25,train
4.6029644,11.774902,10.551681,08 El Seibo,2019,26,train
14.7848425,4.222532,5.433056,08 El Seibo,2019,27,train
17.361797,3.1872864,3.9755468,08 El Seibo,2019,28,train
18.881107,2.1467988,3.2165098,08 El Seibo,2019,29,train
19.745623,0.2184922,3.0973902,08 El Seibo,2019,30,train
18.715954,2.1535327,1.6631268,08 El Seibo,2019,31,train
18.31092,1.2013439,1.8642684,08 El Seibo,2019,32,train
17.98552,0.93923205,2.3493183,08 El Seibo,2019,33,train
17.52331,0.9562873,1.9587557,08 El Seibo,2019,34,train
16.842175,-6.0333724,-2.4839156,08 El Seibo,2019,35,train
16.6278,-8.579299,-4.063041,08 El Seibo,2019,36,train
16.307259,-9.216066,-4.9943748,08 El Seibo,2019,37,train
19.332666,14.299283,-21.114264,08 El Seibo,2019,38,train
19.835663,12.068306,-17.709242,08 El Seibo,2019,39,train
11.330414,-10.937802,-7.6674294,08 El Seibo,2019,40,train
11.253048,-12.687721,-7.86453,08 El Seibo,2019,41,train
9.674295,-13.053519,-8.22759,08 El Seibo,2019,42,train
9.197705,-13.352418,-9.850167,08 El Seibo,2019,43,train
7.541297,-14.073312,-10.446703,08 El Seibo,2019,44,train
6.253006,-14.154948,-9.788608,08 El Seibo,2019,45,train
5.030947,-12.400293,-9.312679,08 El Seibo,2019,46,train
3.4007819,-13.003196,-8.046855,08 El Seibo,2019,47,train
3.2488742,-13.128354,-8.290172,08 El Seibo,2019,48,train
-5.1768355,-13.215252,-11.947462,08 El Seibo,2019,49,train
-8.371982,-13.940236,-13.430158,08 El Seibo,2019,50,train
-8.625793,-13.661354,-13.23489,08 El Seibo,2019,51,train
-13.3244295,-6.6174126,-7.502547,08 El Seibo,2019,52,train
-13.999444,-6.4107885,-8.591439,08 El Seibo,2020,1,val
-16.565462,-5.966609,-9.666003,08 El Seibo,2020,2,val
-17.329601,-4.910031,-9.83592,08 El Seibo,2020,3,val
-14.178258,-2.747827,-7.396585,08 El Seibo,2020,4,val
-14.855881,1.1807753,-3.6538832,08 El Seibo,2020,5,val
-18.214611,1.545087,-4.0684686,08 El Seibo,2020,6,val
-20.395508,2.491374,-3.2903476,08 El Seibo,2020,7,val
-17.926718,3.0919669,-2.4884477,08 El Seibo,2020,8,val
-17.418903,3.8175838,-0.938346,08 El Seibo,2020,9,val
-18.377012,4.556347,-0.9030046,08 El Seibo,2020,10,val
-17.517267,5.3756475,-0.27361706,08 El Seibo,2020,11,val
-20.0593,6.9698906,1.5051886,08 El Seibo,2020,12,val
-17.411215,9.598446,3.899049,08 El Seibo,2020,13,val
-14.96022,8.490328,6.2678833,08 El Seibo,2020,14,val
-14.971432,13.385313,6.403714,08 El Seibo,2020,15,val
-16.948889,13.870481,8.889335,08 El Seibo,2020,16,val
-16.519844,13.018437,10.456425,08 El Seibo,2020,17,val
-15.357925,13.157462,10.8266735,08 El Seibo,2020,18,val
-13.265968,16.225647,9.424389,08 El Seibo,2020,19,val
-13.520303,16.254591,10.539745,08 El Seibo,2020,20,val
-10.067559,16.864502,10.908983,08 El Seibo,2020,21,val
-9.196005,16.993587,11.04454,08 El Seibo,2020,22,val
-10.179577,18.498526,14.098364,08 El Seibo,2020,23,val
-9.014949,16.874968,12.5478325,08 El Seibo,2020,24,val
-10.232732,18.357815,14.945794,08 El Seibo,2020,25,val
5.022585,13.0208025,10.736141,08 El Seibo,2020,26,val
10.585999,7.1494627,8.839748,08 El Seibo,2020,27,val
11.692676,8.4078245,8.904195,08 El Seibo,2020,28,val
11.277327,8.557991,8.317217,08 El Seibo,2020,29,val
11.848559,9.006565,8.850069,08 El Seibo,2020,30,val
15.086304,23.46283,-5.2935877,08 El Seibo,2020,31,val
10.581342,8.603175,8.754589,08 El Seibo,2020,32,val
10.823671,8.710722,9.035653,08 El Seibo,2020,33,val
14.15102,20.90823,-3.4340093,08 El Seibo,2020,34,val
17.11685,-3.952418,-10.79762,08 El Seibo,2020,35,val
16.29756,-4.466739,-13.885805,08 El Seibo,2020,36,val
14.733243,-3.9265802,-13.455031,08 El Seibo,2020,37,val
16.472525,-3.755745,-11.606332,08 El Seibo,2020,38,val
15.418351,-4.2254076,-12.369818,08 El Seibo,2020,39,val
12.325218,-5.697163,-17.938698,08 El Seibo,2020,40,val
11.904373,-6.365662,-16.482283,08 El Seibo,2020,41,val
10.290049,-6.052746,-17.232637,08 El Seibo,2020,42,val
9.125161,-7.8645315,-15.54753,08 El Seibo,2020,43,val
9.56195,-9.291374,-20.109442,08 El Seibo,2020,44,val
7.138625,3.4770024,-29.741488,08 El Seibo,2020,45,val
6.076395,-5.832012,-20.145138,08 El Seibo,2020,46,val
4.7846384,-6.2540917,-18.030487,08 El Seibo,2020,47,val
3.8768096,-6.62728,-15.912535,08 El Seibo,2020,48,val
3.5193284,-8.480995,-12.943794,08 El Seibo,2020,49,val
3.6512666,-6.8143554,-13.725976,08 El Seibo,2020,50,val
3.456878,-7.667391,-12.696605,08 El Seibo,2020,51,val
-0.16370241,-0.85450953,-0.17751142,08 El Seibo,2020,52,val
-0.5603494,-1.32085,0.07863821,08 El Seibo,2021,1,val
-0.48616636,-1.31526,0.6469897,08 El Seibo,2021,2,val
-0.7008121,-1.3606504,0.91348207,08 El Seibo,2021,3,val
-1.0440515,-1.7607162,1.5289025,08 El Seibo,2021,4,val
-1.094112,0.15408628,1.1677724,08 El Seibo,2021,5,val
-1.2906922,-0.07842684,2.0996718,08 El Seibo,2021,6,val
-1.5663018,-0.33657765,2.8741527,08 El Seibo,2021,7,val
-1.4957883,0.024418354,2.663671,08 El Seibo,2021,8,val
-1.8033655,-0.005379855,3.0931916,08 El Seibo,2021,9,val
-1.6157659,0.15862678,2.7531393,08 El Seibo,2021,10,val
-16.690922,11.21862,-5.4843483,08 El Seibo,2021,11,val
-17.341787,11.873145,-3.1507905,08 El Seibo,2021,12,val
-17.245188,13.8307295,-0.99832064,08 El Seibo,2021,13,val
-15.657569,14.064225,-0.10774729,08 El Seibo,2021,14,val
-13.616097,13.893892,1.0964435,08 El Seibo,2021,15,val
-16.007133,15.330586,4.7133636,08 El Seibo,2021,16,val
-15.214063,15.800662,4.3087087,08 El Seibo,2021,17,val
-15.469499,16.05564,6.6811943,08 El Seibo,2021,18,val
-14.403989,16.301554,8.406925,08 El Seibo,2021,19,val
-13.080899,16.119047,8.544296,08 El Seibo,2021,20,val
-12.516181,16.730951,10.028847,08 El Seibo,2021,21,val
-11.0964775,19.016865,11.275532,08 El Seibo,2021,22,val
-8.483951,18.346807,10.845559,08 El Seibo,2021,23,val
-9.907714,18.674526,13.773285,08 El Seibo,2021,24,val
-8.856383,18.245796,12.310849,08 El Seibo,2021,25,val
-9.483139,17.97961,13.344294,08 El Seibo,2021,26,val
12.231916,8.798285,8.306843,08 El Seibo,2021,27,val
11.67773,9.5575075,7.250426,08 El Seibo,2021,28,val
11.69596,8.622475,7.7736573,08 El Seibo,2021,29,val
11.301979,8.96521,7.493683,08 El Seibo,2021,30,val
11.131789,9.273578,6.8010163,08 El Seibo,2021,31,val
14.779547,21.261057,-5.367402,08 El Seibo,2021,32,val
11.945439,9.950429,6.0003395,08 El Seibo,2021,33,val
11.814557,7.597605,7.8704185,08 El Seibo,2021,34,val
17.161764,-2.3829005,-7.620726,08 El Seibo,2021,35,val
16.775982,-4.0289946,-12.347421,08 El Seibo,2021,36,val
14.872666,-4.0571976,-13.969335,08 El Seibo,2021,37,val
15.530722,-3.8270323,-11.981872,08 El Seibo,2021,38,val
13.350195,-3.7290833,-12.489858,08 El Seibo,2021,39,val
15.768119,-6.1940775,-14.75483,08 El Seibo,2021,40,val
9.424752,-4.8512836,-14.520444,08 El Seibo,2021,41,val
10.093678,-7.0858793,-15.744532,08 El Seibo,2021,42,val
9.069162,-8.803653,-14.567085,08 El Seibo,2021,43,val
8.098302,-8.846755,-15.459721,08 El Seibo,2021,44,val
6.6436806,-9.890866,-14.723147,08 El Seibo,2021,45,val
6.705867,-11.314328,-15.820096,08 El Seibo,2021,46,val
4.6665993,-9.4484625,-14.669911,08 El Seibo,2021,47,val
4.457432,-9.64094,-14.860201,08 El Seibo,2021,48,val
4.565457,-10.411473,-15.427812,08 El Seibo,2021,49,val
4.312088,-9.696168,-15.605992,08 El Seibo,2021,50,val
3.1059334,-7.045046,-11.674675,08 El Seibo,2021,51,val
-0.48553714,-2.177419,0.86604786,08 El Seibo,2021,52,val
-9.458354,-4.327677,-5.7782865,09 Espaillat,2015,1,train
-9.662368,-3.1796184,-5.1308103,09 Espaillat,2015,2,train
-10.221655,-2.563383,-4.90571,09 Espaillat,2015,3,train
-10.1093445,-1.8984207,-4.418728,09 Espaillat,2015,4,train
-8.751907,17.956766,-21.762268,09 Espaillat,2015,5,train
-10.880991,1.1538218,-2.6006694,09 Espaillat,2015,6,train
-10.971455,1.4713018,-2.3049123,09 Espaillat,2015,7,train
-9.741687,19.208828,-19.003553,09 Espaillat,2015,8,train
-12.587076,3.64417,-0.3474927,09 Espaillat,2015,9,train
-12.927282,3.2884376,0.20223173,09 Espaillat,2015,10,train
-12.327747,4.2354646,0.9699684,09 Espaillat,2015,11,train
-11.518491,5.63715,2.526182,09 Espaillat,2015,12,train
-12.170786,7.770572,4.740146,09 Espaillat,2015,13,train
-8.85984,8.574041,4.0511804,09 Espaillat,2015,14,train
-11.088717,8.890245,4.6421485,09 Espaillat,2015,15,train
-11.172528,8.4347105,5.3947177,09 Espaillat,2015,16,train
-10.285885,9.203132,7.3223195,09 Espaillat,2015,17,train
-2.4716513,7.2885575,8.422774,09 Espaillat,2015,18,train
-2.2852645,8.6900625,8.316222,09 Espaillat,2015,19,train
-1.3697586,9.142275,6.5457497,09 Espaillat,2015,20,train
-0.50161767,9.765939,5.7455416,09 Espaillat,2015,21,train
0.047040347,9.63958,4.6381774,09 Espaillat,2015,22,train
0.72464335,8.480453,6.2622824,09 Espaillat,2015,23,train
1.4600116,8.107985,6.6909986,09 Espaillat,2015,24,train
2.2304103,8.323225,5.587789,09 Espaillat,2015,25,train
2.7205675,7.6603937,6.243693,09 Espaillat,2015,26,train
11.430098,2.7667513,2.7242396,09 Espaillat,2015,27,train
11.175929,2.723507,2.3632958,09 Espaillat,2015,28,train
11.627848,2.3842852,2.697307,09 Espaillat,2015,29,train
11.726781,1.8010693,3.509043,09 Espaillat,2015,30,train
12.294907,1.9054736,3.1731825,09 Espaillat,2015,31,train
12.176838,1.787406,3.122623,09 Espaillat,2015,32,train
12.470143,1.6643534,3.088287,09 Espaillat,2015,33,train
12.40378,1.3510065,3.297823,09 Espaillat,2015,34,train
10.789364,-5.79612,-3.0784922,09 Espaillat,2015,35,train
11.883323,-6.30623,-2.5797966,09 Espaillat,2015,36,train
11.820171,-6.882642,-3.2944489,09 Espaillat,2015,37,train
10.798776,-7.3584113,-3.8739867,09 Espaillat,2015,38,train
10.599893,-7.6091914,-3.710896,09 Espaillat,2015,39,train
10.241197,-9.189489,-3.9426923,09 Espaillat,2015,40,train
10.390414,-9.758599,-4.429551,09 Espaillat,2015,41,train
9.758147,-9.990964,-5.1767926,09 Espaillat,2015,42,train
7.152914,-8.241332,-4.603568,09 Espaillat,2015,43,train
7.113531,-9.290012,-5.45161,09 Espaillat,2015,44,train
6.1795835,-9.285076,-6.1225266,09 Espaillat,2015,45,train
5.796838,-9.535755,-6.3018117,09 Espaillat,2015,46,train
3.97088,-8.855443,-5.9045606,09 Espaillat,2015,47,train
-3.5607708,-9.961976,-8.105804,09 Espaillat,2015,48,train
-5.4842324,-10.986349,-9.542959,09 Espaillat,2015,49,train
-5.665531,-10.272148,-8.951062,09 Espaillat,2015,50,train
-6.0071964,-9.802518,-9.000723,09 Espaillat,2015,51,train
-9.1984005,-5.3385477,-5.8105826,09 Espaillat,2015,52,train
-11.401019,-3.443143,-4.120614,09 Espaillat,2016,1,train
-11.349564,-3.025441,-3.419249,09 Espaillat,2016,2,train
-10.957452,-2.7325141,-3.5226417,09 Espaillat,2016,3,train
-11.759244,-2.5571494,-3.594996,09 Espaillat,2016,4,train
-12.463602,-0.8378458,-2.0776548,09 Espaillat,2016,5,train
-12.4649315,-0.6203242,-1.9799145,09 Espaillat,2016,6,train
-12.440532,-0.40380362,-1.8056145,09 Espaillat,2016,7,train
-13.854478,0.35719308,-1.2839801,09 Espaillat,2016,8,train
-13.125376,0.76183856,-0.959891,09 Espaillat,2016,9,train
-12.24411,3.2292447,0.17476884,09 Espaillat,2016,10,train
-13.115508,4.974115,2.4629636,09 Espaillat,2016,11,train
-13.163157,7.104768,4.1179476,09 Espaillat,2016,12,train
-12.371279,7.765993,4.8884444,09 Espaillat,2016,13,train
-11.855341,8.023686,5.4296517,09 Espaillat,2016,14,train
-11.199983,7.629857,4.9561048,09 Espaillat,2016,15,train
-6.1582313,11.790812,4.0078754,09 Espaillat,2016,16,train
-4.7782536,13.720148,3.9623754,09 Espaillat,2016,17,train
-2.0527227,10.133192,4.9403462,09 Espaillat,2016,18,train
-1.1130297,11.704895,4.745633,09 Espaillat,2016,19,train
-0.5805053,10.026666,6.5360746,09 Espaillat,2016,20,train
0.085574605,10.255223,4.641948,09 Espaillat,2016,21,train
0.85228705,10.958173,4.3002863,09 Espaillat,2016,22,train
1.331486,8.392195,7.448813,09 Espaillat,2016,23,train
2.2390907,8.085018,7.6035833,09 Espaillat,2016,24,train
2.9148755,9.813254,4.41135,09 Espaillat,2016,25,train
3.460434,8.852437,4.952178,09 Espaillat,2016,26,train
8.042883,5.024687,4.1993017,09 Espaillat,2016,27,train
7.5201616,5.231652,3.5294905,09 Espaillat,2016,28,train
7.5420594,5.3164315,3.9006932,09 Espaillat,2016,29,train
7.5211496,5.9491696,2.9801698,09 Espaillat,2016,30,train
7.6714153,5.830289,3.24161,09 Espaillat,2016,31,train
6.9893985,5.866979,4.4726396,09 Espaillat,2016,32,train
7.092216,5.4274826,4.758701,09 Espaillat,2016,33,train
7.012217,6.783439,3.0683465,09 Espaillat,2016,34,train
10.487188,-1.9195417,-7.20661,09 Espaillat,2016,35,train
10.2379265,-1.2268656,-8.750953,09 Espaillat,2016,36,train
10.319865,-1.8156676,-7.985143,09 Espaillat,2016,37,train
9.931498,-1.7358892,-8.539973,09 Espaillat,2016,38,train
9.99806,-2.1489236,-10.0264,09 Espaillat,2016,39,train
8.621413,-2.1435895,-11.982709,09 Espaillat,2016,40,train
7.6279716,-2.1662438,-11.270496,09 Espaillat,2016,41,train
6.6476974,-1.4817346,-12.565592,09 Espaillat,2016,42,train
7.309474,9.10892,-23.590406,09 Espaillat,2016,43,train
5.3464046,-1.2837973,-13.341772,09 Espaillat,2016,44,train
5.434046,10.182246,-25.537405,09 Espaillat,2016,45,train
4.2494106,-0.89559525,-14.744049,09 Espaillat,2016,46,train
3.376385,-1.3374746,-13.8940115,09 Espaillat,2016,47,train
3.2112498,-1.7582582,-12.78679,09 Espaillat,2016,48,train
-2.8952408,-4.842014,-13.226216,09 Espaillat,2016,49,train
-3.332692,-4.613713,-13.270263,09 Espaillat,2016,50,train
-2.5645642,-3.5713134,-12.21921,09 Espaillat,2016,51,train
-6.061229,-1.7161971,-7.5690117,09 Espaillat,2016,52,train
-7.5606174,-1.4647483,-8.585883,09 Espaillat,2017,1,train
-6.0355263,16.480732,-26.797554,09 Espaillat,2017,2,train
-5.3403745,-0.0024295053,-4.518961,09 Espaillat,2017,3,train
-6.9170966,0.9180601,-6.2946215,09 Espaillat,2017,4,train
-9.275179,2.5657775,-5.091397,09 Espaillat,2017,5,train
-9.228036,2.6831698,-4.515543,09 Espaillat,2017,6,train
-8.811734,2.487087,-3.3967345,09 Espaillat,2017,7,train
-9.835345,4.1866508,-3.2009892,09 Espaillat,2017,8,train
-9.901812,3.997317,-2.3649004,09 Espaillat,2017,9,train
-8.789046,4.258218,-1.6721216,09 Espaillat,2017,10,train
-10.907874,6.690556,-0.5181034,09 Espaillat,2017,11,train
-8.676081,22.32831,-15.506443,09 Espaillat,2017,12,train
-9.211619,7.617056,1.0726298,09 Espaillat,2017,13,train
-9.359915,9.790755,3.1643546,09 Espaillat,2017,14,train
-7.543279,9.015233,3.1214068,09 Espaillat,2017,15,train
-5.689897,12.602879,4.1002817,09 Espaillat,2017,16,train
-7.1072764,23.573072,-10.750851,09 Espaillat,2017,17,train
-1.5215889,9.107281,3.2950518,09 Espaillat,2017,18,train
-1.4094537,8.05193,3.4912388,09 Espaillat,2017,19,train
-0.58089143,10.786871,3.8609915,09 Espaillat,2017,20,train
-0.09084751,8.440398,6.3831935,09 Espaillat,2017,21,train
0.67102265,9.39769,4.7706795,09 Espaillat,2017,22,train
1.2352042,7.904791,7.933618,09 Espaillat,2017,23,train
2.1487234,9.51543,5.355129,09 Espaillat,2017,24,train
2.9091747,9.580701,4.9421697,09 Espaillat,2017,25,train
3.3890297,9.183711,4.53814,09 Espaillat,2017,26,train
7.3108807,6.345014,3.985427,09 Espaillat,2017,27,train
6.169281,5.9452724,2.726234,09 Espaillat,2017,28,train
7.2663016,6.102689,4.257345,09 Espaillat,2017,29,train
6.918611,5.68826,4.459255,09 Espaillat,2017,30,train
7.26099,6.212031,4.4285536,09 Espaillat,2017,31,train
6.29613,5.66607,3.836474,09 Espaillat,2017,32,train
6.9077067,6.617763,3.5984507,09 Espaillat,2017,33,train
7.09016,6.2128854,4.1612134,09 Espaillat,2017,34,train
10.12557,-2.3898013,-7.5090613,09 Espaillat,2017,35,train
12.299869,10.097769,-22.192352,09 Espaillat,2017,36,train
9.573163,-2.3309681,-8.118243,09 Espaillat,2017,37,train
12.9460745,9.059784,-21.136833,09 Espaillat,2017,38,train
9.92366,-3.125583,-7.843623,09 Espaillat,2017,39,train
8.516201,-3.0881317,-8.962608,09 Espaillat,2017,40,train
7.1237235,-3.3469834,-9.404925,09 Espaillat,2017,41,train
7.3810062,-5.030696,-10.185294,09 Espaillat,2017,42,train
6.1663694,-5.006311,-9.202782,09 Espaillat,2017,43,train
5.6797147,-3.5948148,-10.919788,09 Espaillat,2017,44,train
5.4704905,7.1585326,-23.668491,09 Espaillat,2017,45,train
4.167258,-1.2103301,-13.221601,09 Espaillat,2017,46,train
3.6822262,-4.2643867,-10.109935,09 Espaillat,2017,47,train
-1.9565203,-4.3260775,-13.153721,09 Espaillat,2017,48,train
-2.2759902,-3.5046904,-14.433023,09 Espaillat,2017,49,train
-2.851582,-4.0432544,-12.859671,09 Espaillat,2017,50,train
-2.7364945,-2.6046898,-14.114824,09 Espaillat,2017,51,train
-5.7648726,-0.57058203,-8.427666,09 Espaillat,2017,52,train
-5.780223,12.801046,-24.766796,09 Espaillat,2018,1,train
-6.704139,-0.58000416,-8.151002,09 Espaillat,2018,2,train
-5.903182,0.07449952,-6.5008125,09 Espaillat,2018,3,train
-6.7945805,0.6425304,-6.6405745,09 Espaillat,2018,4,train
-8.795444,2.8456657,-5.0721107,09 Espaillat,2018,5,train
-9.370302,2.3026977,-4.4144015,09 Espaillat,2018,6,train
-9.055389,2.6630793,-3.612199,09 Espaillat,2018,7,train
-8.908407,3.1937408,-3.0259233,09 Espaillat,2018,8,train
-7.685445,3.2998734,-1.6652428,09 Espaillat,2018,9,train
-8.752816,5.626918,-1.309251,09 Espaillat,2018,10,train
-9.882299,7.514396,-1.438932,09 Espaillat,2018,11,train
-9.264832,7.253203,-0.34593457,09 Espaillat,2018,12,train
-9.270244,7.1261935,0.46300393,09 Espaillat,2018,13,train
-8.902483,7.9515314,2.2370007,09 Espaillat,2018,14,train
-11.4991255,9.138586,3.1829166,09 Espaillat,2018,15,train
-10.625901,9.698049,3.8681645,09 Espaillat,2018,16,train
-10.107451,9.856158,5.08332,09 Espaillat,2018,17,train
-9.011363,10.858439,4.984224,09 Espaillat,2018,18,train
-9.952643,10.456826,6.5232096,09 Espaillat,2018,19,train
-1.5950943,9.811461,6.369022,09 Espaillat,2018,20,train
-0.8284791,8.290661,6.90993,09 Espaillat,2018,21,train
0.037561342,8.108354,7.5420456,09 Espaillat,2018,22,train
0.531137,8.314475,8.242987,09 Espaillat,2018,23,train
1.4073128,8.607124,7.7818513,09 Espaillat,2018,24,train
2.1457224,7.638279,6.461874,09 Espaillat,2018,25,train
2.7191732,8.341614,6.878771,09 Espaillat,2018,26,train
9.441483,3.6092372,4.6390357,09 Espaillat,2018,27,train
8.730227,3.5874043,3.6854846,09 Espaillat,2018,28,train
9.778697,4.304089,3.6797378,09 Espaillat,2018,29,train
9.62748,3.8419409,4.4524875,09 Espaillat,2018,30,train
9.863347,4.0704865,3.9978514,09 Espaillat,2018,31,train
9.627127,3.6238148,3.6925159,09 Espaillat,2018,32,train
9.394241,4.042976,2.8148503,09 Espaillat,2018,33,train
10.05342,3.756538,3.6397648,09 Espaillat,2018,34,train
9.117954,-5.128979,-4.507747,09 Espaillat,2018,35,train
9.709374,-5.263603,-4.317523,09 Espaillat,2018,36,train
9.748235,-5.6144824,-4.63537,09 Espaillat,2018,37,train
10.420181,-5.9408517,-4.8083777,09 Espaillat,2018,38,train
9.255683,-6.0084457,-4.8866076,09 Espaillat,2018,39,train
6.8020215,-5.887872,-5.413772,09 Espaillat,2018,40,train
6.9029326,-6.7565136,-6.141356,09 Espaillat,2018,41,train
6.5215893,-7.1372976,-6.252441,09 Espaillat,2018,42,train
5.7582655,-7.080439,-6.430456,09 Espaillat,2018,43,train
4.8364964,-6.8616376,-6.1674113,09 Espaillat,2018,44,train
4.415282,-6.962139,-6.0749803,09 Espaillat,2018,45,train
4.3642836,-7.632405,-6.6055202,09 Espaillat,2018,46,train
3.4685063,-7.27512,-6.531212,09 Espaillat,2018,47,train
2.9592016,-7.352688,-6.5672917,09 Espaillat,2018,48,train
-3.7017,-8.368974,-9.39996,09 Espaillat,2018,49,train
-3.695951,-8.116189,-9.44727,09 Espaillat,2018,50,train
-3.597998,-7.5307884,-8.884997,09 Espaillat,2018,51,train
-8.24058,-4.2604246,-6.399717,09 Espaillat,2018,52,train
-8.833172,-4.0973864,-5.9975567,09 Espaillat,2019,1,train
-8.145618,-2.580171,-4.900207,09 Espaillat,2019,2,train
-8.050281,-1.7697529,-4.416868,09 Espaillat,2019,3,train
-10.1257925,-1.8454859,-5.3802476,09 Espaillat,2019,4,train
-11.268411,1.2761629,-3.0406015,09 Espaillat,2019,5,train
-10.5241375,0.21395354,-2.1051724,09 Espaillat,2019,6,train
-11.377748,0.6931024,-1.6784201,09 Espaillat,2019,7,train
-13.866607,1.737604,-0.6159174,09 Espaillat,2019,8,train
-13.35007,2.1589005,-0.00554438,09 Espaillat,2019,9,train
-12.122476,4.1707973,0.6874647,09 Espaillat,2019,10,train
-10.95708,4.271237,0.9434562,09 Espaillat,2019,11,train
-10.853107,5.00062,3.3699806,09 Espaillat,2019,12,train
-6.9624486,9.426499,3.7932343,09 Espaillat,2019,13,train
-10.845257,8.60601,3.9157043,09 Espaillat,2019,14,train
-11.3067465,8.143648,5.1764116,09 Espaillat,2019,15,train
-11.579845,8.55292,5.425887,09 Espaillat,2019,16,train
-9.494194,8.602282,5.1629944,09 Espaillat,2019,17,train
-10.08433,9.946677,5.688928,09 Espaillat,2019,18,train
-1.9461378,9.027276,6.6723595,09 Espaillat,2019,19,train
-1.1015935,7.080877,8.319895,09 Espaillat,2019,20,train
-0.45119518,9.124368,4.635956,09 Espaillat,2019,21,train
0.288851,9.094521,5.151521,09 Espaillat,2019,22,train
0.82120913,7.7228413,5.740706,09 Espaillat,2019,23,train
1.7537789,7.3755827,7.7625685,09 Espaillat,2019,24,train
2.7120633,7.430805,7.6283135,09 Espaillat,2019,25,train
3.1576228,7.972147,6.160847,09 Espaillat,2019,26,train
10.732838,1.7282175,3.1813245,09 Espaillat,2019,27,train
11.564012,1.135125,2.6931965,09 Espaillat,2019,28,train
12.200789,1.1276046,1.4386507,09 Espaillat,2019,29,train
12.950882,0.3059115,1.6879466,09 Espaillat,2019,30,train
12.330012,0.90544283,1.2100487,09 Espaillat,2019,31,train
13.357131,-0.21056384,1.8486418,09 Espaillat,2019,32,train
13.167241,0.08616447,1.5264354,09 Espaillat,2019,33,train
13.482333,0.23699808,1.5112444,09 Espaillat,2019,34,train
12.723985,-3.969242,-1.2654947,09 Espaillat,2019,35,train
11.934288,-5.3980355,-1.9258652,09 Espaillat,2019,36,train
11.201805,-5.8999314,-2.7459338,09 Espaillat,2019,37,train
10.491749,-6.845899,-3.8018904,09 Espaillat,2019,38,train
12.856617,17.557531,-21.095415,09 Espaillat,2019,39,train
13.479449,14.849715,-18.692215,09 Espaillat,2019,40,train
8.395019,-8.096013,-5.6516533,09 Espaillat,2019,41,train
7.4678907,-8.090824,-5.713338,09 Espaillat,2019,42,train
6.4104776,-7.9893746,-5.757472,09 Espaillat,2019,43,train
5.5432434,-7.8185005,-5.632523,09 Espaillat,2019,44,train
4.724342,-8.749834,-6.1333046,09 Espaillat,2019,45,train
4.4388313,-8.272037,-6.0357122,09 Espaillat,2019,46,train
2.9389155,-7.4723434,-5.3190255,09 Espaillat,2019,47,train
2.7959173,-7.6698937,-5.165999,09 Espaillat,2019,48,train
-4.058142,-9.286066,-8.079112,09 Espaillat,2019,49,train
-4.822922,-9.420088,-8.479879,09 Espaillat,2019,50,train
-5.3449125,-9.446942,-8.374652,09 Espaillat,2019,51,train
-8.601376,-5.2000937,-5.056696,09 Espaillat,2019,52,train
-7.862294,-4.481189,-5.2772903,09 Espaillat,2020,1,val
-8.706339,-4.087935,-5.198432,09 Espaillat,2020,2,val
-8.355257,-3.2786624,-4.658305,09 Espaillat,2020,3,val
-7.8122926,-2.1957057,-3.7917717,09 Espaillat,2020,4,val
-10.108595,0.6097702,-2.242405,09 Espaillat,2020,5,val
-10.888428,0.7195937,-2.1772811,09 Espaillat,2020,6,val
-11.840477,1.2064078,-1.7115544,09 Espaillat,2020,7,val
-10.973271,1.708209,-1.3116093,09 Espaillat,2020,8,val
-10.225466,2.445962,-0.6674559,09 Espaillat,2020,9,val
-9.354983,21.467762,-18.106144,09 Espaillat,2020,10,val
-7.0784264,4.5493445,0.80697715,09 Espaillat,2020,11,val
-10.194838,4.9616003,1.4652977,09 Espaillat,2020,12,val
-9.132435,7.5308747,3.1938398,09 Espaillat,2020,13,val
-8.377211,8.152951,3.3370428,09 Espaillat,2020,14,val
-8.160375,10.379322,4.748592,09 Espaillat,2020,15,val
-10.244175,10.3975725,5.6497993,09 Espaillat,2020,16,val
-10.22516,10.143318,6.8514194,09 Espaillat,2020,17,val
-10.198127,10.381732,7.415058,09 Espaillat,2020,18,val
-8.922389,11.223939,7.9374337,09 Espaillat,2020,19,val
-9.045974,11.370075,8.507837,09 Espaillat,2020,20,val
-7.2077017,12.880825,8.521539,09 Espaillat,2020,21,val
-7.154132,12.040738,9.03818,09 Espaillat,2020,22,val
-7.681066,13.633136,10.281722,09 Espaillat,2020,23,val
-7.1543837,12.798212,9.390392,09 Espaillat,2020,24,val
-7.8220406,13.730764,10.875747,09 Espaillat,2020,25,val
-7.4442797,13.42421,10.423644,09 Espaillat,2020,26,val
6.9963117,6.183186,5.5641665,09 Espaillat,2020,27,val
7.5307364,5.974634,6.2840285,09 Espaillat,2020,28,val
7.3311415,6.123804,5.4606757,09 Espaillat,2020,29,val
6.7863607,6.0296636,4.210824,09 Espaillat,2020,30,val
10.621722,20.94791,-9.12008,09 Espaillat,2020,31,val
6.8349047,5.8468895,5.380501,09 Espaillat,2020,32,val
6.95122,7.105965,4.145252,09 Espaillat,2020,33,val
10.023341,19.78969,-8.419866,09 Espaillat,2020,34,val
9.930857,-0.63466173,-8.864586,09 Espaillat,2020,35,val
9.558936,-0.3921826,-10.654555,09 Espaillat,2020,36,val
9.939452,-0.8429698,-9.298217,09 Espaillat,2020,37,val
9.600179,-0.93068767,-10.0529175,09 Espaillat,2020,38,val
8.954557,-1.008353,-10.030234,09 Espaillat,2020,39,val
8.315361,-1.2925515,-12.478342,09 Espaillat,2020,40,val
7.7622795,-2.1693425,-11.777462,09 Espaillat,2020,41,val
7.454976,-2.123502,-12.699274,09 Espaillat,2020,42,val
6.618242,-4.077587,-10.679549,09 Espaillat,2020,43,val
5.966859,-2.3635516,-13.924359,09 Espaillat,2020,44,val
4.8055463,-1.9817171,-13.424891,09 Espaillat,2020,45,val
4.3351293,-1.6412638,-14.188942,09 Espaillat,2020,46,val
3.6392252,-2.004574,-12.905984,09 Espaillat,2020,47,val
2.9170768,-2.349239,-12.040439,09 Espaillat,2020,48,val
-2.0469844,-3.0822127,-13.40164,09 Espaillat,2020,49,val
-1.6732394,9.584944,-29.619917,09 Espaillat,2020,50,val
-2.0621655,-1.333125,-13.071878,09 Espaillat,2020,51,val
-5.2714505,0.27124223,-9.149476,09 Espaillat,2020,52,val
-4.6276717,0.5475714,-8.041333,09 Espaillat,2021,1,val
-5.4539914,1.1755105,-8.907242,09 Espaillat,2021,2,val
-5.834277,1.2255869,-8.271701,09 Espaillat,2021,3,val
-5.4240527,1.762389,-7.183153,09 Espaillat,2021,4,val
-7.835363,4.3668942,-6.5391135,09 Espaillat,2021,5,val
-10.249414,5.420273,-6.649567,09 Espaillat,2021,6,val
-10.024838,5.669966,-5.7974296,09 Espaillat,2021,7,val
-9.711097,6.19175,-4.538472,09 Espaillat,2021,8,val
-8.6983595,6.832162,-3.5511801,09 Espaillat,2021,9,val
-9.209825,21.214394,-18.230314,09 Espaillat,2021,10,val
-9.942127,6.616731,-1.9791399,09 Espaillat,2021,11,val
-9.942012,8.323461,-1.1774263,09 Espaillat,2021,12,val
-9.107454,9.682705,-0.87076163,09 Espaillat,2021,13,val
-9.580225,22.010387,-13.562425,09 Espaillat,2021,14,val
-8.008925,9.576976,0.9296955,09 Espaillat,2021,15,val
-9.817438,11.084304,3.5250192,09 Espaillat,2021,16,val
-7.7448783,10.76551,3.3430128,09 Espaillat,2021,17,val
-1.5991167,8.448169,5.552081,09 Espaillat,2021,18,val
-1.4627972,9.654484,5.9489408,09 Espaillat,2021,19,val
1.5743755,19.90636,-6.356752,09 Espaillat,2021,20,val
-0.25752452,9.8410845,4.155223,09 Espaillat,2021,21,val
0.6950742,11.506429,4.6663117,09 Espaillat,2021,22,val
1.108046,8.675826,3.6380763,09 Espaillat,2021,23,val
2.3137815,9.981322,5.672269,09 Espaillat,2021,24,val
2.7110245,9.328205,3.884231,09 Espaillat,2021,25,val
3.320979,8.595739,5.407271,09 Espaillat,2021,26,val
6.8619103,5.961491,3.9659522,09 Espaillat,2021,27,val
6.359968,5.9226656,3.2419636,09 Espaillat,2021,28,val
6.7435117,5.6908355,4.42953,09 Espaillat,2021,29,val
7.1647925,6.167884,4.497716,09 Espaillat,2021,30,val
7.0712366,5.8972764,4.363375,09 Espaillat,2021,31,val
6.6796913,5.259613,2.9316854,09 Espaillat,2021,32,val
7.49355,6.4113626,3.344007,09 Espaillat,2021,33,val
7.971473,5.5648885,4.2699137,09 Espaillat,2021,34,val
10.856945,-1.1598285,-6.1961684,09 Espaillat,2021,35,val
10.451576,-0.7528671,-9.018613,09 Espaillat,2021,36,val
9.339831,-0.65181863,-9.72033,09 Espaillat,2021,37,val
8.805396,-0.4525169,-10.986562,09 Espaillat,2021,38,val
8.345547,-1.0249025,-9.818287,09 Espaillat,2021,39,val
8.800048,-1.845077,-10.987845,09 Espaillat,2021,40,val
7.3213773,-1.3000193,-12.176476,09 Espaillat,2021,41,val
7.1968713,-2.769072,-11.610091,09 Espaillat,2021,42,val
6.7289267,-4.9122505,-10.072128,09 Espaillat,2021,43,val
5.8930373,-4.3206396,-10.682428,09 Espaillat,2021,44,val
5.150604,-4.762812,-10.375082,09 Espaillat,2021,45,val
4.8938212,-5.0745716,-10.926217,09 Espaillat,2021,46,val
2.9490469,-3.7609615,-9.502314,09 Espaillat,2021,47,val
-2.3716893,-4.086843,-13.913387,09 Espaillat,2021,48,val
-2.2174437,-3.478544,-13.846174,09 Espaillat,2021,49,val
-2.3146694,-2.9352617,-13.253667,09 Espaillat,2021,50,val
-2.7380302,-3.458325,-12.1056185,09 Espaillat,2021,51,val
-6.4046407,-0.24637444,-9.44314,09 Espaillat,2021,52,val
-17.009657,-9.350694,-5.2490783,10 Independencia,2015,1,train
-16.7635,-8.334521,-3.814034,10 Independencia,2015,2,train
-17.313805,-7.1780195,-3.6777647,10 Independencia,2015,3,train
-17.071503,-6.4489965,-2.7474954,10 Independencia,2015,4,train
-17.035604,-2.717038,-0.36359468,10 Independencia,2015,5,train
-18.14435,-1.8618265,1.4878424,10 Independencia,2015,6,train
-17.391304,2.2693896,-3.587356,10 Independencia,2015,7,train
-18.476374,0.27066138,2.6522667,10 Independencia,2015,8,train
-20.069645,2.206186,3.9290252,10 Independencia,2015,9,train
-20.896904,3.0349767,4.5775537,10 Independencia,2015,10,train
-20.99097,4.2427816,5.7542505,10 Independencia,2015,11,train
-18.615545,8.337948,6.446007,10 Independencia,2015,12,train
-18.840641,9.928977,9.024908,10 Independencia,2015,13,train
-19.046385,10.623856,8.104296,10 Independencia,2015,14,train
-19.48712,10.329864,10.720537,10 Independencia,2015,15,train
-18.79225,10.685984,12.613814,10 Independencia,2015,16,train
-17.917555,11.736042,12.9731245,10 Independencia,2015,17,train
-17.629372,11.592072,14.699145,10 Independencia,2015,18,train
-17.797142,11.251445,12.568707,10 Independencia,2015,19,train
-16.207048,12.47491,14.34542,10 Independencia,2015,20,train
-13.758259,14.692276,14.607171,10 Independencia,2015,21,train
-0.6644786,11.578732,12.646303,10 Independencia,2015,22,train
0.27141064,11.477648,13.4717245,10 Independencia,2015,23,train
1.256448,9.655007,14.309953,10 Independencia,2015,24,train
2.5531483,9.08741,14.1020565,10 Independencia,2015,25,train
3.1064425,9.556898,13.778417,10 Independencia,2015,26,train
14.7845955,0.25744474,8.709919,10 Independencia,2015,27,train
14.201202,0.3983859,9.058513,10 Independencia,2015,28,train
14.981352,1.1715145,8.503918,10 Independencia,2015,29,train
15.81263,1.4181587,8.598252,10 Independencia,2015,30,train
14.261437,-0.6700086,9.643441,10 Independencia,2015,31,train
15.518729,0.79492825,8.678518,10 Independencia,2015,32,train
16.900871,1.047002,9.125849,10 Independencia,2015,33,train
15.314782,0.6143883,8.142318,10 Independencia,2015,34,train
25.360043,11.628956,-16.979845,10 Independencia,2015,35,train
17.576405,-10.89009,-3.0265186,10 Independencia,2015,36,train
18.08091,-12.203106,-2.0874486,10 Independencia,2015,37,train
16.869745,-12.246451,-3.1360874,10 Independencia,2015,38,train
16.44649,-12.544367,-5.4833813,10 Independencia,2015,39,train
14.343003,-14.20459,-5.9605217,10 Independencia,2015,40,train
14.4772,-15.635198,-5.8511953,10 Independencia,2015,41,train
13.829912,-15.690745,-7.3517804,10 Independencia,2015,42,train
11.716666,-14.44125,-7.7762527,10 Independencia,2015,43,train
11.239324,-14.827196,-8.070998,10 Independencia,2015,44,train
9.620043,-16.125893,-8.374841,10 Independencia,2015,45,train
8.528587,-16.3829,-9.104337,10 Independencia,2015,46,train
6.345966,-15.679221,-8.064322,10 Independencia,2015,47,train
4.8966827,-15.349376,-7.889119,10 Independencia,2015,48,train
4.238655,-14.920224,-10.237319,10 Independencia,2015,49,train
-6.869512,-16.1896,-11.849546,10 Independencia,2015,50,train
-7.2585454,-15.056809,-11.219997,10 Independencia,2015,51,train
-16.144016,-8.547538,-6.4718437,10 Independencia,2015,52,train
-17.831322,-5.8805885,-4.051702,10 Independencia,2016,1,train
-18.423702,-5.5385566,-3.498152,10 Independencia,2016,2,train
-18.83941,-5.5493565,-3.2373488,10 Independencia,2016,3,train
-19.107924,-5.1318173,-3.493948,10 Independencia,2016,4,train
-18.874325,-3.3760476,-0.9242223,10 Independencia,2016,5,train
-20.8767,-2.4647415,-1.207776,10 Independencia,2016,6,train
-19.091547,-1.933444,-0.65980077,10 Independencia,2016,7,train
-20.470074,-1.191993,0.34054357,10 Independencia,2016,8,train
-13.393444,16.470852,-16.11077,10 Independencia,2016,9,train
-18.673325,2.8616784,4.2159805,10 Independencia,2016,10,train
-19.218603,5.2144103,5.540755,10 Independencia,2016,11,train
-19.715256,6.6089816,8.529252,10 Independencia,2016,12,train
-19.142826,9.078971,9.710652,10 Independencia,2016,13,train
-18.188677,11.231449,9.564451,10 Independencia,2016,14,train
-17.912352,11.7272835,9.648832,10 Independencia,2016,15,train
-11.389461,25.355196,-1.8260031,10 Independencia,2016,16,train
-8.28272,30.203865,-5.316822,10 Independencia,2016,17,train
-0.21588734,27.039558,-0.6536681,10 Independencia,2016,18,train
-1.7184945,16.641676,8.556186,10 Independencia,2016,19,train
-1.7335157,14.208654,12.210436,10 Independencia,2016,20,train
1.9180877,24.791155,1.0989885,10 Independencia,2016,21,train
0.6230495,17.39462,8.452083,10 Independencia,2016,22,train
1.3057866,11.185194,13.081514,10 Independencia,2016,23,train
2.0841582,9.776465,13.34017,10 Independencia,2016,24,train
3.4946806,9.80213,12.116158,10 Independencia,2016,25,train
4.553235,10.425509,12.044356,10 Independencia,2016,26,train
11.908757,4.4738884,10.34733,10 Independencia,2016,27,train
11.947467,4.9559603,11.030086,10 Independencia,2016,28,train
11.792315,4.985775,11.056476,10 Independencia,2016,29,train
12.846747,5.444829,11.692608,10 Independencia,2016,30,train
11.824126,6.5565896,9.675911,10 Independencia,2016,31,train
10.467182,6.1031523,10.592315,10 Independencia,2016,32,train
11.194273,4.3814464,12.314047,10 Independencia,2016,33,train
14.880166,21.698448,-4.686243,10 Independencia,2016,34,train
21.549383,-1.3889998,-8.991962,10 Independencia,2016,35,train
21.406088,-1.29647,-9.17235,10 Independencia,2016,36,train
21.347311,-1.6159018,-8.702807,10 Independencia,2016,37,train
20.363844,-2.427042,-9.61911,10 Independencia,2016,38,train
22.32244,-1.0704448,-10.206777,10 Independencia,2016,39,train
14.738853,6.8715973,-29.369616,10 Independencia,2016,40,train
11.93793,-7.284634,-16.559538,10 Independencia,2016,41,train
10.647583,1.8992493,-26.158932,10 Independencia,2016,42,train
9.443164,-7.6009383,-17.311407,10 Independencia,2016,43,train
8.743118,-8.811467,-17.00152,10 Independencia,2016,44,train
7.8045573,-8.115948,-17.697561,10 Independencia,2016,45,train
6.342789,-6.28903,-18.382393,10 Independencia,2016,46,train
4.9641094,-9.086804,-17.096544,10 Independencia,2016,47,train
4.670097,-9.822316,-16.09911,10 Independencia,2016,48,train
4.8739433,-10.581578,-15.2198515,10 Independencia,2016,49,train
4.7784133,-10.2552595,-15.180769,10 Independencia,2016,50,train
4.231404,-10.266273,-13.960944,10 Independencia,2016,51,train
-0.5756784,-4.601707,3.0737424,10 Independencia,2016,52,train
-1.8973123,-6.132028,3.9684575,10 Independencia,2017,1,train
-2.8590682,-6.5237985,4.4835563,10 Independencia,2017,2,train
-3.685008,-7.670341,5.7001143,10 Independencia,2017,3,train
-2.8130703,-5.407795,4.2500396,10 Independencia,2017,4,train
-3.431032,-4.5669293,6.2206473,10 Independencia,2017,5,train
-3.0427034,-3.8118587,6.0378695,10 Independencia,2017,6,train
-2.6798313,-2.6036167,5.085699,10 Independencia,2017,7,train
-3.1771505,-2.8276966,6.079433,10 Independencia,2017,8,train
-3.608617,-3.0087817,7.5517173,10 Independencia,2017,9,train
-3.3248336,-2.133815,6.9955897,10 Independencia,2017,10,train
-2.8646238,-1.4978988,6.608223,10 Independencia,2017,11,train
-2.3412516,-0.50187236,5.426578,10 Independencia,2017,12,train
-3.6894865,-1.0882776,8.911904,10 Independencia,2017,13,train
-3.3472183,2.0007617,8.710854,10 Independencia,2017,14,train
-3.7499154,2.1487198,9.85077,10 Independencia,2017,15,train
-0.5468442,23.897799,-1.1770989,10 Independencia,2017,16,train
-2.1818352,15.182169,7.2452435,10 Independencia,2017,17,train
-2.0458422,14.340959,8.660144,10 Independencia,2017,18,train
-2.2390022,10.878129,11.514112,10 Independencia,2017,19,train
-1.814343,14.1540365,11.826726,10 Independencia,2017,20,train
-1.0649786,11.18426,15.25849,10 Independencia,2017,21,train
-0.023382286,11.062681,15.211931,10 Independencia,2017,22,train
0.9331732,10.518114,15.344578,10 Independencia,2017,23,train
2.2621388,10.48208,14.584548,10 Independencia,2017,24,train
3.6273656,10.4102,15.162505,10 Independencia,2017,25,train
4.364343,9.061369,14.742692,10 Independencia,2017,26,train
12.254105,4.2331305,12.5449915,10 Independencia,2017,27,train
10.509714,4.1427712,12.101913,10 Independencia,2017,28,train
12.063149,4.662859,13.270706,10 Independencia,2017,29,train
11.421502,4.9340506,12.766437,10 Independencia,2017,30,train
11.884999,5.0713983,13.051997,10 Independencia,2017,31,train
10.944195,5.5232234,12.2801485,10 Independencia,2017,32,train
11.316184,4.653734,12.859031,10 Independencia,2017,33,train
11.22531,3.943152,13.107671,10 Independencia,2017,34,train
20.415716,-9.39996,0.86468315,10 Independencia,2017,35,train
22.478384,-1.9886478,-8.212507,10 Independencia,2017,36,train
21.040556,-2.483105,-9.992679,10 Independencia,2017,37,train
23.35561,-1.735784,-9.36248,10 Independencia,2017,38,train
22.120264,-3.319601,-11.170909,10 Independencia,2017,39,train
18.554861,-4.8369083,-11.336395,10 Independencia,2017,40,train
14.695934,-6.7438135,-12.77004,10 Independencia,2017,41,train
12.501002,-11.865833,-16.25674,10 Independencia,2017,42,train
9.979987,-9.403812,-16.13886,10 Independencia,2017,43,train
8.363788,-10.131875,-15.411434,10 Independencia,2017,44,train
6.439976,2.0565891,-28.341602,10 Independencia,2017,45,train
5.655626,2.62257,-29.185501,10 Independencia,2017,46,train
5.4322805,-10.217246,-16.367584,10 Independencia,2017,47,train
4.721551,-10.823638,-15.379771,10 Independencia,2017,48,train
4.8001385,-10.686518,-16.901789,10 Independencia,2017,49,train
2.3280876,-16.051498,-6.902385,10 Independencia,2017,50,train
0.9238813,-16.935562,-1.481789,10 Independencia,2017,51,train
-1.9109802,-7.0821385,4.4399796,10 Independencia,2017,52,train
-0.74849916,15.46106,-21.682278,10 Independencia,2018,1,train
-0.75087625,-2.1629746,1.451279,10 Independencia,2018,2,train
-1.63384,-4.3576064,3.4901223,10 Independencia,2018,3,train
-1.637043,-3.9877872,3.4630375,10 Independencia,2018,4,train
-3.521544,-4.936048,6.9354386,10 Independencia,2018,5,train
-3.181609,-4.068792,6.502555,10 Independencia,2018,6,train
-3.3572617,-3.7068436,6.6448693,10 Independencia,2018,7,train
-3.8430681,-4.5187078,8.360073,10 Independencia,2018,8,train
-16.383259,-2.961606,7.469726,10 Independencia,2018,9,train
-17.216398,-0.17315972,8.623467,10 Independencia,2018,10,train
-18.185163,1.9329107,9.035639,10 Independencia,2018,11,train
-17.982006,2.6317878,10.581261,10 Independencia,2018,12,train
-14.6917515,0.6389822,13.29744,10 Independencia,2018,13,train
-18.033018,5.764749,11.548708,10 Independencia,2018,14,train
-19.106367,7.890368,11.6937065,10 Independencia,2018,15,train
-19.248783,9.062379,12.634659,10 Independencia,2018,16,train
-18.77308,11.045187,12.640416,10 Independencia,2018,17,train
-16.338987,15.415149,7.627782,10 Independencia,2018,18,train
-17.270828,15.807689,9.295043,10 Independencia,2018,19,train
-16.900568,14.495025,13.909181,10 Independencia,2018,20,train
-15.030109,14.472884,16.50691,10 Independencia,2018,21,train
-13.298503,15.572665,17.771122,10 Independencia,2018,22,train
-12.212655,15.610117,19.050434,10 Independencia,2018,23,train
-11.273568,16.422707,17.510267,10 Independencia,2018,24,train
-10.757476,16.408546,17.378677,10 Independencia,2018,25,train
2.9509945,9.022923,15.314292,10 Independencia,2018,26,train
14.374882,1.1634454,11.864136,10 Independencia,2018,27,train
13.1143465,3.084841,10.026001,10 Independencia,2018,28,train
13.36466,2.8962357,10.195548,10 Independencia,2018,29,train
14.092588,3.8695247,9.679966,10 Independencia,2018,30,train
14.050588,2.266833,11.134547,10 Independencia,2018,31,train
13.626847,1.7310487,10.293041,10 Independencia,2018,32,train
14.249696,2.5565898,9.521723,10 Independencia,2018,33,train
15.95272,2.7634878,10.337239,10 Independencia,2018,34,train
17.570314,-9.846266,1.2027043,10 Independencia,2018,35,train
18.424728,-11.404299,0.9467204,10 Independencia,2018,36,train
17.447044,-10.979098,0.9952645,10 Independencia,2018,37,train
19.082655,-8.405207,-5.4883676,10 Independencia,2018,38,train
17.246061,-10.153883,-1.6963598,10 Independencia,2018,39,train
10.724667,-11.254511,-10.559062,10 Independencia,2018,40,train
10.29055,-12.508677,-11.327787,10 Independencia,2018,41,train
7.6369953,-17.656652,-3.143447,10 Independencia,2018,42,train
7.265026,-18.635546,-2.5946817,10 Independencia,2018,43,train
6.142721,-17.813265,-5.7402287,10 Independencia,2018,44,train
5.360251,-17.570751,-3.697447,10 Independencia,2018,45,train
5.0173173,-16.836494,-8.2689295,10 Independencia,2018,46,train
3.6069245,-16.50844,-6.077285,10 Independencia,2018,47,train
-5.8067994,-17.47284,-8.815849,10 Independencia,2018,48,train
-6.8518996,-18.66612,-6.327561,10 Independencia,2018,49,train
-6.465863,-17.609041,-7.815825,10 Independencia,2018,50,train
-6.9855,-17.162828,-6.4069686,10 Independencia,2018,51,train
-14.670407,-10.985925,-3.341667,10 Independencia,2018,52,train
-14.63944,-9.051566,-3.3647685,10 Independencia,2019,1,train
-14.471506,-9.159082,-0.94088507,10 Independencia,2019,2,train
-15.035507,-8.093364,-1.2465577,10 Independencia,2019,3,train
-16.086563,-8.432841,-0.27683958,10 Independencia,2019,4,train
-16.600601,-1.0342764,-0.93056136,10 Independencia,2019,5,train
-17.177248,-2.7754188,1.2649386,10 Independencia,2019,6,train
-18.63015,-0.9209294,0.45183164,10 Independencia,2019,7,train
-19.893085,-0.19439326,2.1223602,10 Independencia,2019,8,train
-19.445639,0.42322633,2.4348054,10 Independencia,2019,9,train
-17.826298,2.1083832,4.4553814,10 Independencia,2019,10,train
-17.703829,2.682414,6.500509,10 Independencia,2019,11,train
-18.024233,4.356456,7.171004,10 Independencia,2019,12,train
-15.273839,21.024988,-8.54639,10 Independencia,2019,13,train
-18.055824,8.388916,8.506283,10 Independencia,2019,14,train
-19.319721,9.781352,9.212238,10 Independencia,2019,15,train
-18.002098,9.201879,9.882243,10 Independencia,2019,16,train
-14.714767,22.083225,-4.9588323,10 Independencia,2019,17,train
-3.0539083,12.998433,12.307775,10 Independencia,2019,18,train
-3.3047469,10.272941,13.747894,10 Independencia,2019,19,train
-2.6535962,9.410001,15.41467,10 Independencia,2019,20,train
-1.336358,11.017763,12.229782,10 Independencia,2019,21,train
-0.06568378,16.586895,7.517625,10 Independencia,2019,22,train
0.67661715,13.246195,11.945139,10 Independencia,2019,23,train
1.9490843,10.524208,13.940482,10 Independencia,2019,24,train
3.525491,10.610174,15.793444,10 Independencia,2019,25,train
3.953925,8.432456,14.983873,10 Independencia,2019,26,train
18.19769,-3.5057993,6.6596484,10 Independencia,2019,27,train
19.179646,-2.3803253,5.015785,10 Independencia,2019,28,train
18.646618,-3.270963,5.28134,10 Independencia,2019,29,train
17.901638,-3.6447582,5.47221,10 Independencia,2019,30,train
18.790333,-2.2854004,4.3447976,10 Independencia,2019,31,train
19.151918,-2.6613553,4.522518,10 Independencia,2019,32,train
19.24994,-3.3327029,5.9664493,10 Independencia,2019,33,train
18.499544,-2.427404,4.455861,10 Independencia,2019,34,train
19.234108,-9.402038,0.757273,10 Independencia,2019,35,train
17.463217,-10.04348,-0.956062,10 Independencia,2019,36,train
18.539604,-10.474251,-1.5496944,10 Independencia,2019,37,train
15.403562,-11.307214,-2.9705727,10 Independencia,2019,38,train
22.938051,10.710767,-17.822706,10 Independencia,2019,39,train
13.528624,-12.232163,-8.214533,10 Independencia,2019,40,train
11.747812,-15.66082,-2.949737,10 Independencia,2019,41,train
9.524086,-17.03573,-3.4496682,10 Independencia,2019,42,train
8.376275,-17.728868,-6.073748,10 Independencia,2019,43,train
7.635548,-18.06894,-4.9536057,10 Independencia,2019,44,train
6.985929,-17.325476,-6.2415967,10 Independencia,2019,45,train
5.6157646,-15.957864,-8.432655,10 Independencia,2019,46,train
4.7963457,-16.565607,-7.430756,10 Independencia,2019,47,train
3.4873734,-16.468431,-4.5359917,10 Independencia,2019,48,train
-5.7303495,-17.11647,-10.28049,10 Independencia,2019,49,train
-7.1363535,-17.239206,-10.147552,10 Independencia,2019,50,train
-7.3925514,-15.548945,-11.422738,10 Independencia,2019,51,train
-14.774174,-9.150209,-4.8040886,10 Independencia,2019,52,train
-14.440732,-10.003018,-2.2404056,10 Independencia,2020,1,val
-15.814816,-9.931174,-1.7370559,10 Independencia,2020,2,val
-16.52178,-9.646984,-1.664945,10 Independencia,2020,3,val
-15.791749,-7.252716,-2.0154424,10 Independencia,2020,4,val
-17.030237,-3.5415576,1.853178,10 Independencia,2020,5,val
-18.569677,-2.5240018,1.6731619,10 Independencia,2020,6,val
-19.245152,-1.7431843,2.6882968,10 Independencia,2020,7,val
-18.209902,-0.36141074,2.6718512,10 Independencia,2020,8,val
-17.671846,0.7688231,2.595807,10 Independencia,2020,9,val
-18.966827,2.2131143,3.072674,10 Independencia,2020,10,val
-17.376757,2.4177988,6.0024486,10 Independencia,2020,11,val
-16.656809,3.4141848,8.897697,10 Independencia,2020,12,val
-17.227776,6.7683077,8.546201,10 Independencia,2020,13,val
-16.16772,6.764691,11.024194,10 Independencia,2020,14,val
-17.344484,10.155164,12.776892,10 Independencia,2020,15,val
-17.219284,10.24093,12.712677,10 Independencia,2020,16,val
-17.250393,11.446996,13.415263,10 Independencia,2020,17,val
-16.921244,11.735847,13.578435,10 Independencia,2020,18,val
-15.842639,15.075919,12.600552,10 Independencia,2020,19,val
-15.065324,14.804911,13.12112,10 Independencia,2020,20,val
-13.554873,13.85843,15.642637,10 Independencia,2020,21,val
-12.289718,14.235617,15.068011,10 Independencia,2020,22,val
1.3011446,11.025113,14.616015,10 Independencia,2020,23,val
2.169056,8.634388,13.711211,10 Independencia,2020,24,val
3.7039652,10.147812,14.361786,10 Independencia,2020,25,val
3.9876914,7.026628,14.808605,10 Independencia,2020,26,val
10.060238,4.5573435,10.766675,10 Independencia,2020,27,val
10.831135,4.3894806,12.159526,10 Independencia,2020,28,val
10.029942,4.8892984,11.394956,10 Independencia,2020,29,val
11.452992,5.2614083,12.8224945,10 Independencia,2020,30,val
10.290797,3.8624473,12.90323,10 Independencia,2020,31,val
11.13709,5.8025904,12.8914385,10 Independencia,2020,32,val
10.915948,5.452092,12.496717,10 Independencia,2020,33,val
15.326495,23.26528,-6.6190004,10 Independencia,2020,34,val
18.096415,-2.9535909,-9.798126,10 Independencia,2020,35,val
19.802736,-2.6315043,-10.728076,10 Independencia,2020,36,val
20.736706,-1.5640281,-10.384589,10 Independencia,2020,37,val
22.738716,0.58383596,-9.968191,10 Independencia,2020,38,val
22.202564,-0.19583207,-10.776552,10 Independencia,2020,39,val
20.058172,-3.0543196,-12.993622,10 Independencia,2020,40,val
13.051469,-7.3144693,-14.683553,10 Independencia,2020,41,val
12.07572,-8.50651,-15.742823,10 Independencia,2020,42,val
10.452498,-10.193262,-17.06354,10 Independencia,2020,43,val
9.483292,-10.374275,-17.891056,10 Independencia,2020,44,val
6.445139,1.2628808,-27.779055,10 Independencia,2020,45,val
6.0493116,-8.121254,-18.460716,10 Independencia,2020,46,val
5.1131134,-9.696858,-17.36303,10 Independencia,2020,47,val
4.546981,-10.4701,-15.723891,10 Independencia,2020,48,val
-1.7525983,-7.511549,-18.40975,10 Independencia,2020,49,val
-2.4993708,-7.1349154,-18.603422,10 Independencia,2020,50,val
-4.190366,-6.3596525,-18.123178,10 Independencia,2020,51,val
-10.716737,0.45183912,-13.867476,10 Independencia,2020,52,val
-10.176561,0.19327992,-11.689894,10 Independencia,2021,1,val
-10.780343,0.4884901,-11.400684,10 Independencia,2021,2,val
-11.564771,2.2025018,-12.885076,10 Independencia,2021,3,val
-10.284816,-8.471192,3.0568938,10 Independencia,2021,4,val
-13.560436,6.137307,-8.754919,10 Independencia,2021,5,val
-15.530788,7.882475,-8.89067,10 Independencia,2021,6,val
-15.062323,6.7347174,-5.207591,10 Independencia,2021,7,val
-15.672751,4.543986,-1.3591545,10 Independencia,2021,8,val
-14.556031,4.48999,1.0858088,10 Independencia,2021,9,val
-16.038523,18.742119,-13.156019,10 Independencia,2021,10,val
-15.037342,1.3589325,6.8952475,10 Independencia,2021,11,val
-16.760105,21.224625,-10.594423,10 Independencia,2021,12,val
-16.76061,13.404997,-0.52859133,10 Independencia,2021,13,val
-14.793302,14.55673,2.5004625,10 Independencia,2021,14,val
-15.032385,6.1774664,11.610502,10 Independencia,2021,15,val
-16.898878,10.090761,11.924283,10 Independencia,2021,16,val
-14.620576,15.449428,4.8191347,10 Independencia,2021,17,val
-2.4426198,9.450148,11.875015,10 Independencia,2021,18,val
-2.727342,9.902377,14.101057,10 Independencia,2021,19,val
-2.4875278,8.282735,13.328757,10 Independencia,2021,20,val
-0.9706874,9.219419,12.670945,10 Independencia,2021,21,val
-0.22514574,11.165419,14.064345,10 Independencia,2021,22,val
0.8406013,9.981325,13.473511,10 Independencia,2021,23,val
2.1646333,10.168543,15.684594,10 Independencia,2021,24,val
3.091475,9.974666,12.557415,10 Independencia,2021,25,val
4.510042,10.693313,11.653236,10 Independencia,2021,26,val
11.190476,5.287398,11.499862,10 Independencia,2021,27,val
10.63698,5.4283943,10.972594,10 Independencia,2021,28,val
11.067862,5.7221365,11.332081,10 Independencia,2021,29,val
11.976896,5.369597,12.728873,10 Independencia,2021,30,val
11.180902,4.247843,12.385719,10 Independencia,2021,31,val
15.635975,20.582403,-4.9316587,10 Independencia,2021,32,val
14.487454,23.291718,-9.224858,10 Independencia,2021,33,val
11.7994795,5.7471337,10.646159,10 Independencia,2021,34,val
21.024862,-0.97776335,-7.759281,10 Independencia,2021,35,val
22.985033,-0.033198472,-9.947114,10 Independencia,2021,36,val
22.718777,0.33586127,-10.133853,10 Independencia,2021,37,val
22.274725,0.18356441,-9.8149395,10 Independencia,2021,38,val
21.303026,-0.29548946,-10.75822,10 Independencia,2021,39,val
20.88084,-0.9387601,-11.797845,10 Independencia,2021,40,val
13.58565,-6.4725924,-14.151727,10 Independencia,2021,41,val
13.797792,-7.982926,-16.43738,10 Independencia,2021,42,val
9.991233,-8.044647,-15.633626,10 Independencia,2021,43,val
8.83225,-9.827812,-16.66184,10 Independencia,2021,44,val
7.5426097,-10.115624,-15.916935,10 Independencia,2021,45,val
5.168621,-16.584295,-7.233964,10 Independencia,2021,46,val
4.9523034,-10.711647,-15.159039,10 Independencia,2021,47,val
4.3022537,-12.147685,-13.64074,10 Independencia,2021,48,val
2.8824666,-14.895881,-7.4928746,10 Independencia,2021,49,val
-4.183418,-11.312605,-13.433542,10 Independencia,2021,50,val
-3.9011712,-7.228964,-16.631569,10 Independencia,2021,51,val
-10.694561,-10.588341,0.6707511,10 Independencia,2021,52,val
-20.070644,-7.5658517,-10.761718,11 La Altagracia,2015,1,train
-19.834206,-5.9406357,-9.840309,11 La Altagracia,2015,2,train
-18.266233,-3.7163014,-8.17481,11 La Altagracia,2015,3,train
-18.991325,-3.3573823,-8.081273,11 La Altagracia,2015,4,train
-18.887657,-0.0038883106,-5.421981,11 La Altagracia,2015,5,train
-19.465055,1.5713432,-5.1031785,11 La Altagracia,2015,6,train
-19.583685,1.5678623,-4.8688016,11 La Altagracia,2015,7,train
-21.20812,3.069444,-3.334277,11 La Altagracia,2015,8,train
-23.425758,4.592824,-1.8952385,11 La Altagracia,2015,9,train
-25.412018,4.9228,-0.6212355,11 La Altagracia,2015,10,train
-26.651937,6.3657193,0.9137998,11 La Altagracia,2015,11,train
-22.361122,7.551063,2.9628012,11 La Altagracia,2015,12,train
-21.658443,10.236994,5.262295,11 La Altagracia,2015,13,train
-24.109043,10.897915,5.3640976,11 La Altagracia,2015,14,train
-23.11832,13.44431,6.515912,11 La Altagracia,2015,15,train
-21.894169,13.566566,7.2517166,11 La Altagracia,2015,16,train
-20.276196,13.247073,8.664193,11 La Altagracia,2015,17,train
-3.529231,14.86609,13.169885,11 La Altagracia,2015,18,train
-3.3899746,16.129807,12.89607,11 La Altagracia,2015,19,train
-3.2069194,17.370623,13.409774,11 La Altagracia,2015,20,train
-1.4827034,16.92993,11.497101,11 La Altagracia,2015,21,train
-0.56030196,16.853806,10.258806,11 La Altagracia,2015,22,train
0.85893583,15.488611,11.803708,11 La Altagracia,2015,23,train
2.0735962,14.778075,11.958694,11 La Altagracia,2015,24,train
3.6791666,14.849929,11.573741,11 La Altagracia,2015,25,train
4.7965546,14.579744,11.3009205,11 La Altagracia,2015,26,train
20.158728,6.463409,5.3298883,11 La Altagracia,2015,27,train
18.598667,6.44056,3.7005968,11 La Altagracia,2015,28,train
19.286518,5.396193,4.8984957,11 La Altagracia,2015,29,train
18.19769,4.884968,4.7387605,11 La Altagracia,2015,30,train
20.448263,5.223262,6.0345445,11 La Altagracia,2015,31,train
19.02584,4.7530074,5.1579804,11 La Altagracia,2015,32,train
18.307465,4.284328,5.256624,11 La Altagracia,2015,33,train
17.440693,3.7179217,4.6282206,11 La Altagracia,2015,34,train
18.77336,-12.190984,-8.244125,11 La Altagracia,2015,35,train
16.972126,-11.036698,-6.643642,11 La Altagracia,2015,36,train
17.957087,-12.628607,-7.899483,11 La Altagracia,2015,37,train
16.396444,-12.841565,-8.414625,11 La Altagracia,2015,38,train
15.587697,-12.31105,-7.8382807,11 La Altagracia,2015,39,train
16.013165,-14.6879,-9.027212,11 La Altagracia,2015,40,train
14.728694,-15.392625,-9.4608345,11 La Altagracia,2015,41,train
13.300757,-14.967721,-8.953747,11 La Altagracia,2015,42,train
11.152119,-14.077853,-8.6242485,11 La Altagracia,2015,43,train
10.315579,-15.044014,-9.997443,11 La Altagracia,2015,44,train
9.486591,-15.325362,-11.0114155,11 La Altagracia,2015,45,train
8.3871355,-16.205235,-11.7956915,11 La Altagracia,2015,46,train
5.9867864,-15.722397,-11.696122,11 La Altagracia,2015,47,train
-5.1301136,-15.008528,-13.221461,11 La Altagracia,2015,48,train
-8.036803,-15.954215,-14.648254,11 La Altagracia,2015,49,train
-9.081004,-15.151074,-14.269384,11 La Altagracia,2015,50,train
-9.523614,-14.324441,-13.989793,11 La Altagracia,2015,51,train
-18.169136,-8.0460615,-9.918289,11 La Altagracia,2015,52,train
-17.068144,-4.306887,-6.1379952,11 La Altagracia,2016,1,train
-19.53999,-4.593452,-6.5393476,11 La Altagracia,2016,2,train
-19.446213,-4.123675,-5.906261,11 La Altagracia,2016,3,train
-20.779305,-4.0436344,-6.4278865,11 La Altagracia,2016,4,train
-20.206396,-1.4658201,-4.0026565,11 La Altagracia,2016,5,train
-21.422829,-0.9761781,-3.5544126,11 La Altagracia,2016,6,train
-21.819153,-0.62862355,-3.593431,11 La Altagracia,2016,7,train
-21.457693,0.33014575,-2.3722873,11 La Altagracia,2016,8,train
-21.583609,0.9157588,-2.067914,11 La Altagracia,2016,9,train
-25.696573,5.146687,-0.63080317,11 La Altagracia,2016,10,train
-22.279276,6.5940113,1.6945698,11 La Altagracia,2016,11,train
-24.004192,9.379936,4.043134,11 La Altagracia,2016,12,train
-21.603476,10.9169855,5.5057425,11 La Altagracia,2016,13,train
-19.637346,11.565015,7.0457077,11 La Altagracia,2016,14,train
-19.542873,12.39606,7.5978527,11 La Altagracia,2016,15,train
-17.8799,16.234407,8.313341,11 La Altagracia,2016,16,train
-7.6977973,30.835915,-5.5321155,11 La Altagracia,2016,17,train
0.37426788,28.71546,-3.3156288,11 La Altagracia,2016,18,train
-2.001626,18.596695,9.8635025,11 La Altagracia,2016,19,train
-1.4542134,17.94348,11.375225,11 La Altagracia,2016,20,train
-0.33546376,18.59938,9.042088,11 La Altagracia,2016,21,train
0.75963813,19.19138,8.158794,11 La Altagracia,2016,22,train
2.1146152,17.013931,9.446597,11 La Altagracia,2016,23,train
3.389811,16.390312,10.060701,11 La Altagracia,2016,24,train
4.653132,17.11921,9.625528,11 La Altagracia,2016,25,train
5.249538,15.878634,9.121969,11 La Altagracia,2016,26,train
15.289097,10.691234,6.875664,11 La Altagracia,2016,27,train
15.019834,10.40966,7.3507566,11 La Altagracia,2016,28,train
14.584029,10.4069195,6.935791,11 La Altagracia,2016,29,train
14.896049,11.469746,6.7487373,11 La Altagracia,2016,30,train
16.848558,21.72146,-3.6096942,11 La Altagracia,2016,31,train
12.77715,11.632621,6.878086,11 La Altagracia,2016,32,train
13.408437,10.645772,8.408156,11 La Altagracia,2016,33,train
11.873688,11.5676,5.9280066,11 La Altagracia,2016,34,train
17.241238,-6.769936,-13.15832,11 La Altagracia,2016,35,train
16.65513,-5.851125,-15.332964,11 La Altagracia,2016,36,train
17.223658,-6.7279706,-14.405431,11 La Altagracia,2016,37,train
16.003326,-5.9711123,-13.989874,11 La Altagracia,2016,38,train
17.958805,-7.861459,-16.546904,11 La Altagracia,2016,39,train
13.40042,-6.807861,-18.618624,11 La Altagracia,2016,40,train
12.274555,-7.130586,-17.338524,11 La Altagracia,2016,41,train
11.075408,-6.9927964,-19.424969,11 La Altagracia,2016,42,train
10.177596,-7.582593,-18.676775,11 La Altagracia,2016,43,train
8.857869,-6.346304,-20.479969,11 La Altagracia,2016,44,train
7.660189,-6.029976,-20.071215,11 La Altagracia,2016,45,train
6.6919765,4.4628153,-31.056799,11 La Altagracia,2016,46,train
6.214742,6.77591,-34.33009,11 La Altagracia,2016,47,train
5.1271343,-6.9294343,-18.557562,11 La Altagracia,2016,48,train
5.3430314,-8.337189,-19.185266,11 La Altagracia,2016,49,train
5.2257338,-8.84583,-18.56553,11 La Altagracia,2016,50,train
-8.051898,-8.361071,-22.955795,11 La Altagracia,2016,51,train
-14.022024,-2.3932593,-14.389918,11 La Altagracia,2016,52,train
-13.427045,-0.04261214,-14.163291,11 La Altagracia,2017,1,train
-17.29374,1.0681714,-16.836914,11 La Altagracia,2017,2,train
-14.765899,2.8841517,-13.817279,11 La Altagracia,2017,3,train
-14.978318,3.6375234,-14.2570715,11 La Altagracia,2017,4,train
-17.324463,4.5232587,-9.812526,11 La Altagracia,2017,5,train
-18.021563,4.4080443,-8.733852,11 La Altagracia,2017,6,train
-15.507881,5.0383224,-7.685489,11 La Altagracia,2017,7,train
-17.180582,7.0469475,-6.794272,11 La Altagracia,2017,8,train
-21.77674,8.089244,-6.8908057,11 La Altagracia,2017,9,train
-21.093678,9.3948765,-6.1581893,11 La Altagracia,2017,10,train
-18.653322,11.230322,-3.384924,11 La Altagracia,2017,11,train
-16.737429,12.283749,-1.6919484,11 La Altagracia,2017,12,train
-18.37595,13.840441,-0.6171179,11 La Altagracia,2017,13,train
-18.77206,15.637813,2.6150055,11 La Altagracia,2017,14,train
-18.780333,16.59475,3.8255115,11 La Altagracia,2017,15,train
-16.263018,19.383205,6.2091856,11 La Altagracia,2017,16,train
-13.68685,21.324343,8.031357,11 La Altagracia,2017,17,train
-13.481173,19.278519,7.812182,11 La Altagracia,2017,18,train
-13.632793,18.47272,8.851629,11 La Altagracia,2017,19,train
-13.023988,20.438713,11.22222,11 La Altagracia,2017,20,train
-12.932831,19.080553,11.829548,11 La Altagracia,2017,21,train
-10.066585,20.872622,11.95174,11 La Altagracia,2017,22,train
-10.566695,19.481453,14.019654,11 La Altagracia,2017,23,train
-10.037142,19.914145,13.980842,11 La Altagracia,2017,24,train
-9.815247,20.322475,14.061438,11 La Altagracia,2017,25,train
-9.463902,19.788458,13.984311,11 La Altagracia,2017,26,train
13.35393,11.265518,6.844961,11 La Altagracia,2017,27,train
11.669977,9.990026,6.222576,11 La Altagracia,2017,28,train
13.594588,11.556154,7.4493265,11 La Altagracia,2017,29,train
12.408011,10.494194,6.841065,11 La Altagracia,2017,30,train
13.592666,11.676803,7.6892924,11 La Altagracia,2017,31,train
12.058593,11.321487,6.7555485,11 La Altagracia,2017,32,train
15.216785,23.685598,-4.768058,11 La Altagracia,2017,33,train
11.763091,11.049379,6.2379675,11 La Altagracia,2017,34,train
16.773575,-6.103354,-11.4823885,11 La Altagracia,2017,35,train
16.928686,-6.9487696,-15.381184,11 La Altagracia,2017,36,train
14.448149,-5.551863,-13.507884,11 La Altagracia,2017,37,train
17.971638,8.148104,-32.02111,11 La Altagracia,2017,38,train
14.984627,-7.6058006,-14.794956,11 La Altagracia,2017,39,train
13.2022085,-7.071958,-15.059501,11 La Altagracia,2017,40,train
11.495762,-7.24809,-16.990204,11 La Altagracia,2017,41,train
12.120202,-10.205361,-17.838896,11 La Altagracia,2017,42,train
9.7652855,-9.267627,-16.718786,11 La Altagracia,2017,43,train
8.617185,-9.679637,-16.289433,11 La Altagracia,2017,44,train
6.903313,6.539522,-31.83117,11 La Altagracia,2017,45,train
6.4974003,7.4588933,-33.57872,11 La Altagracia,2017,46,train
5.572659,-8.092288,-17.67829,11 La Altagracia,2017,47,train
4.929428,-9.359798,-16.68477,11 La Altagracia,2017,48,train
-4.212845,-8.206476,-22.779646,11 La Altagracia,2017,49,train
-4.3806114,-8.095327,-20.528399,11 La Altagracia,2017,50,train
-7.007785,-7.2850246,-22.881788,11 La Altagracia,2017,51,train
-13.495982,-0.50043803,-15.138671,11 La Altagracia,2017,52,train
-12.413399,0.04845633,-14.311191,11 La Altagracia,2018,1,train
-14.354155,0.13284878,-14.792839,11 La Altagracia,2018,2,train
-14.762444,0.90600324,-13.905805,11 La Altagracia,2018,3,train
-17.33824,1.6108035,-15.080559,11 La Altagracia,2018,4,train
-18.234266,5.3531604,-10.340536,11 La Altagracia,2018,5,train
-20.056145,4.9350996,-10.297412,11 La Altagracia,2018,6,train
-20.858988,5.838149,-9.621776,11 La Altagracia,2018,7,train
-21.626942,7.341526,-9.034729,11 La Altagracia,2018,8,train
-17.304762,8.098956,-7.294116,11 La Altagracia,2018,9,train
-18.360899,10.042117,-4.8239465,11 La Altagracia,2018,10,train
-18.831324,11.385319,-2.9032886,11 La Altagracia,2018,11,train
-18.38535,12.214956,-2.2359295,11 La Altagracia,2018,12,train
-21.745905,12.767999,-1.1383985,11 La Altagracia,2018,13,train
-18.34337,14.026311,1.5579333,11 La Altagracia,2018,14,train
-20.541428,15.642642,2.4311547,11 La Altagracia,2018,15,train
-19.60736,16.00331,3.6804798,11 La Altagracia,2018,16,train
-19.220179,16.404694,4.679604,11 La Altagracia,2018,17,train
-18.211517,17.11449,5.482391,11 La Altagracia,2018,18,train
-18.540222,15.614706,7.5197716,11 La Altagracia,2018,19,train
-17.983952,17.185886,8.673606,11 La Altagracia,2018,20,train
-15.043712,16.935177,10.357391,11 La Altagracia,2018,21,train
-0.34209,15.561082,10.877963,11 La Altagracia,2018,22,train
0.659118,14.819427,12.469427,11 La Altagracia,2018,23,train
1.7036662,14.540428,12.055179,11 La Altagracia,2018,24,train
3.1933124,15.03768,9.728294,11 La Altagracia,2018,25,train
4.3825445,15.002175,11.578237,11 La Altagracia,2018,26,train
16.189405,8.054411,6.520816,11 La Altagracia,2018,27,train
16.155748,9.09485,4.704953,11 La Altagracia,2018,28,train
15.85784,8.359476,5.078668,11 La Altagracia,2018,29,train
15.053628,6.9702816,6.3594093,11 La Altagracia,2018,30,train
16.297632,8.450786,5.3921733,11 La Altagracia,2018,31,train
15.129556,7.021038,5.4361777,11 La Altagracia,2018,32,train
15.901322,7.590026,5.2529054,11 La Altagracia,2018,33,train
15.001671,6.830473,5.633078,11 La Altagracia,2018,34,train
17.58971,7.7756777,-22.781998,11 La Altagracia,2018,35,train
15.160229,-9.411209,-7.6609178,11 La Altagracia,2018,36,train
16.374165,-11.152658,-9.097855,11 La Altagracia,2018,37,train
15.727885,-10.960946,-9.0501175,11 La Altagracia,2018,38,train
14.810525,-11.987444,-9.72798,11 La Altagracia,2018,39,train
10.813261,-11.455176,-10.180296,11 La Altagracia,2018,40,train
10.4921,-12.306731,-10.646625,11 La Altagracia,2018,41,train
11.255847,-14.560012,-12.39586,11 La Altagracia,2018,42,train
9.440567,-13.641322,-11.913748,11 La Altagracia,2018,43,train
7.6544113,-13.744803,-12.259947,11 La Altagracia,2018,44,train
7.366314,-13.589745,-11.609489,11 La Altagracia,2018,45,train
6.5071125,-13.966324,-12.014911,11 La Altagracia,2018,46,train
4.525685,-12.736743,-11.407672,11 La Altagracia,2018,47,train
3.7809815,-12.620323,-11.627397,11 La Altagracia,2018,48,train
4.258183,-13.326233,-12.253319,11 La Altagracia,2018,49,train
3.7118268,-12.287806,-11.524842,11 La Altagracia,2018,50,train
2.8434076,-10.611344,-10.2687,11 La Altagracia,2018,51,train
-17.241222,-6.724887,-11.57335,11 La Altagracia,2018,52,train
-16.661787,-5.376012,-10.325871,11 La Altagracia,2019,1,train
-15.523829,-3.1334786,-8.746491,11 La Altagracia,2019,2,train
-16.11842,-2.3555865,-8.610252,11 La Altagracia,2019,3,train
-18.371172,-2.1381993,-9.597713,11 La Altagracia,2019,4,train
-18.239748,1.4139147,-5.887862,11 La Altagracia,2019,5,train
-19.826105,0.26445666,-4.747551,11 La Altagracia,2019,6,train
-20.434109,0.7166652,-4.0823455,11 La Altagracia,2019,7,train
-22.582935,1.9384892,-3.285399,11 La Altagracia,2019,8,train
-22.913189,3.117151,-1.1698352,11 La Altagracia,2019,9,train
-20.719217,6.03267,-1.5384761,11 La Altagracia,2019,10,train
-21.888603,7.717552,-0.7486943,11 La Altagracia,2019,11,train
-19.2073,9.054846,1.0438064,11 La Altagracia,2019,12,train
-18.029789,11.347046,2.8532166,11 La Altagracia,2019,13,train
-21.957434,13.149735,4.302488,11 La Altagracia,2019,14,train
-20.94472,13.948386,4.6312604,11 La Altagracia,2019,15,train
-21.48778,14.646047,6.0909805,11 La Altagracia,2019,16,train
-18.225235,14.50399,5.9645166,11 La Altagracia,2019,17,train
-19.15912,17.184683,7.5463758,11 La Altagracia,2019,18,train
-2.5607328,15.521628,10.7549925,11 La Altagracia,2019,19,train
-2.0353413,14.963375,11.406345,11 La Altagracia,2019,20,train
-1.0146083,18.585678,8.370345,11 La Altagracia,2019,21,train
2.7217333,26.67254,-2.24879,11 La Altagracia,2019,22,train
1.1036357,16.188057,8.643924,11 La Altagracia,2019,23,train
2.2959979,15.44932,10.735914,11 La Altagracia,2019,24,train
3.9990294,14.859443,11.013068,11 La Altagracia,2019,25,train
4.6373644,13.7722845,10.041585,11 La Altagracia,2019,26,train
16.044819,5.354368,5.485689,11 La Altagracia,2019,27,train
18.847336,5.614255,3.1343756,11 La Altagracia,2019,28,train
20.10393,4.3664827,2.7057867,11 La Altagracia,2019,29,train
21.444952,2.602408,1.9151547,11 La Altagracia,2019,30,train
20.716434,21.601526,-10.941115,11 La Altagracia,2019,31,train
20.051037,2.4368765,1.1406492,11 La Altagracia,2019,32,train
19.851454,2.4105406,1.3602757,11 La Altagracia,2019,33,train
19.045815,2.1016912,1.0946118,11 La Altagracia,2019,34,train
17.59193,-7.902878,-4.301059,11 La Altagracia,2019,35,train
16.985638,-9.965694,-5.4355474,11 La Altagracia,2019,36,train
17.22521,-10.516186,-5.826655,11 La Altagracia,2019,37,train
19.732525,13.624666,-22.702864,11 La Altagracia,2019,38,train
14.787062,-12.193469,-8.121032,11 La Altagracia,2019,39,train
12.160546,-12.405299,-8.945619,11 La Altagracia,2019,40,train
12.28316,-13.795781,-9.981245,11 La Altagracia,2019,41,train
10.761633,-13.788608,-10.190692,11 La Altagracia,2019,42,train
9.96171,-14.369509,-10.671634,11 La Altagracia,2019,43,train
8.577606,-15.2786255,-11.646373,11 La Altagracia,2019,44,train
7.3572197,-15.118104,-11.562104,11 La Altagracia,2019,45,train
5.437366,-13.907171,-10.588305,11 La Altagracia,2019,46,train
4.222701,-14.429724,-9.797512,11 La Altagracia,2019,47,train
3.9852448,-14.881145,-10.072404,11 La Altagracia,2019,48,train
-6.231665,-14.289399,-13.235211,11 La Altagracia,2019,49,train
-8.238323,-14.057375,-14.137446,11 La Altagracia,2019,50,train
-9.6051445,-13.660538,-14.64813,11 La Altagracia,2019,51,train
-15.563998,-6.601262,-8.987265,11 La Altagracia,2019,52,train
-16.29013,-5.9005184,-10.006766,11 La Altagracia,2020,1,val
-18.8881,-5.3326387,-10.934538,11 La Altagracia,2020,2,val
-19.513142,-4.158741,-10.915436,11 La Altagracia,2020,3,val
-15.9732685,-2.113193,-8.313923,11 La Altagracia,2020,4,val
-16.667282,1.3475167,-5.2366757,11 La Altagracia,2020,5,val
-19.377815,1.269016,-5.2417765,11 La Altagracia,2020,6,val
-21.222027,2.295704,-4.453613,11 La Altagracia,2020,7,val
-20.181093,2.967384,-3.7025208,11 La Altagracia,2020,8,val
-19.403984,3.9553525,-2.4242008,11 La Altagracia,2020,9,val
-19.622246,4.9401135,-1.3644122,11 La Altagracia,2020,10,val
-19.937029,5.7408457,-1.0963126,11 La Altagracia,2020,11,val
-22.480112,8.590961,1.3519671,11 La Altagracia,2020,12,val
-19.750637,11.393244,3.9756515,11 La Altagracia,2020,13,val
-16.874914,13.422804,2.590596,11 La Altagracia,2020,14,val
-16.238226,16.612606,5.84315,11 La Altagracia,2020,15,val
-19.271315,16.140352,8.223538,11 La Altagracia,2020,16,val
-18.578686,16.249077,8.942311,11 La Altagracia,2020,17,val
-17.097445,15.647376,9.661386,11 La Altagracia,2020,18,val
-16.117197,18.905827,9.879292,11 La Altagracia,2020,19,val
-1.6773531,16.31594,10.742362,11 La Altagracia,2020,20,val
-0.5936989,16.061392,10.578859,11 La Altagracia,2020,21,val
0.4417676,15.893423,9.986114,11 La Altagracia,2020,22,val
1.2517723,15.782669,11.185882,11 La Altagracia,2020,23,val
2.592829,15.123652,9.425467,11 La Altagracia,2020,24,val
4.1413126,14.275753,11.378894,11 La Altagracia,2020,25,val
5.2950153,15.661185,10.077413,11 La Altagracia,2020,26,val
12.032791,8.699964,8.740511,11 La Altagracia,2020,27,val
13.019367,10.885798,7.45785,11 La Altagracia,2020,28,val
12.402558,10.063997,7.8019547,11 La Altagracia,2020,29,val
12.968625,11.10933,7.46468,11 La Altagracia,2020,30,val
16.231663,23.588913,-3.4143887,11 La Altagracia,2020,31,val
12.009525,10.608139,8.713394,11 La Altagracia,2020,32,val
11.984559,11.08937,8.287593,11 La Altagracia,2020,33,val
12.088614,12.038205,7.324512,11 La Altagracia,2020,34,val
17.966818,-5.170719,-12.856986,11 La Altagracia,2020,35,val
15.800386,-5.190047,-15.654792,11 La Altagracia,2020,36,val
16.064968,-4.68463,-13.852736,11 La Altagracia,2020,37,val
17.011665,-4.8693557,-13.43309,11 La Altagracia,2020,38,val
16.954891,-4.9610353,-13.422909,11 La Altagracia,2020,39,val
13.808036,5.7090325,-27.837646,11 La Altagracia,2020,40,val
12.23377,-6.989335,-18.472912,11 La Altagracia,2020,41,val
10.693869,-6.998334,-17.79429,11 La Altagracia,2020,42,val
9.667573,-8.578138,-17.813738,11 La Altagracia,2020,43,val
9.7095,-8.796239,-21.26081,11 La Altagracia,2020,44,val
7.529483,2.6158004,-30.149584,11 La Altagracia,2020,45,val
6.577582,4.489066,-32.19599,11 La Altagracia,2020,46,val
5.4946737,-7.4555817,-19.681932,11 La Altagracia,2020,47,val
4.9714046,-6.614161,-19.62592,11 La Altagracia,2020,48,val
4.492685,-9.38216,-16.217033,11 La Altagracia,2020,49,val
-3.2016013,-6.1532836,-19.589994,11 La Altagracia,2020,50,val
-4.7891207,-6.0272727,-20.495117,11 La Altagracia,2020,51,val
-11.853077,0.05711187,-14.875884,11 La Altagracia,2020,52,val
-11.055174,0.9351477,-13.94396,11 La Altagracia,2021,1,val
-12.55536,1.5186577,-15.074727,11 La Altagracia,2021,2,val
-13.140876,1.9735004,-14.31355,11 La Altagracia,2021,3,val
-14.295841,3.038034,-14.4859495,11 La Altagracia,2021,4,val
-15.016077,5.724916,-9.488333,11 La Altagracia,2021,5,val
-17.398289,6.7053604,-9.855264,11 La Altagracia,2021,6,val
-17.977575,7.7879944,-8.997022,11 La Altagracia,2021,7,val
-19.99148,8.893523,-8.069159,11 La Altagracia,2021,8,val
-17.133308,9.745616,-5.981284,11 La Altagracia,2021,9,val
-19.025799,9.793809,-5.7546387,11 La Altagracia,2021,10,val
-19.886806,11.270644,-5.094384,11 La Altagracia,2021,11,val
-20.161716,12.944789,-2.601961,11 La Altagracia,2021,12,val
-19.487347,15.078048,-0.9051088,11 La Altagracia,2021,13,val
-18.207542,15.743462,1.1278514,11 La Altagracia,2021,14,val
-16.599678,15.5473385,1.6337941,11 La Altagracia,2021,15,val
-18.202084,16.83105,4.422098,11 La Altagracia,2021,16,val
-1.925601,12.185657,8.646232,11 La Altagracia,2021,17,val
-2.1380982,13.554718,10.381231,11 La Altagracia,2021,18,val
-2.0479255,16.300625,9.855876,11 La Altagracia,2021,19,val
-1.7684836,16.668997,9.712849,11 La Altagracia,2021,20,val
-1.0053682,16.929525,10.767887,11 La Altagracia,2021,21,val
-0.06876729,18.28398,10.093637,11 La Altagracia,2021,22,val
1.0366645,17.115013,8.276166,11 La Altagracia,2021,23,val
2.83674,17.150343,10.04399,11 La Altagracia,2021,24,val
3.776203,16.358541,9.779938,11 La Altagracia,2021,25,val
4.9174685,16.182255,9.122997,11 La Altagracia,2021,26,val
12.92037,11.022447,6.7647777,11 La Altagracia,2021,27,val
12.635509,10.979488,6.6539245,11 La Altagracia,2021,28,val
12.573609,10.7258835,6.9378963,11 La Altagracia,2021,29,val
12.621767,11.017602,7.0085316,11 La Altagracia,2021,30,val
12.285615,10.77217,6.7529573,11 La Altagracia,2021,31,val
14.812764,22.472528,-6.4938893,11 La Altagracia,2021,32,val
13.250852,11.705604,5.842257,11 La Altagracia,2021,33,val
13.094065,9.975951,7.040225,11 La Altagracia,2021,34,val
17.928902,-3.142341,-9.182834,11 La Altagracia,2021,35,val
17.386076,-4.5883007,-13.417622,11 La Altagracia,2021,36,val
14.729168,-4.7447,-15.87945,11 La Altagracia,2021,37,val
15.518911,-5.0016427,-14.516782,11 La Altagracia,2021,38,val
13.685817,-5.0821123,-15.060528,11 La Altagracia,2021,39,val
16.93624,-6.913229,-15.2131815,11 La Altagracia,2021,40,val
11.143656,-6.4269223,-16.724182,11 La Altagracia,2021,41,val
11.067786,-8.609082,-17.210135,11 La Altagracia,2021,42,val
9.806624,-10.057087,-16.34395,11 La Altagracia,2021,43,val
8.574944,-9.91221,-17.231415,11 La Altagracia,2021,44,val
7.2521815,-11.478624,-16.353014,11 La Altagracia,2021,45,val
6.858041,-11.478238,-17.794138,11 La Altagracia,2021,46,val
5.359006,-10.065602,-16.652935,11 La Altagracia,2021,47,val
5.2898297,-9.872139,-17.356432,11 La Altagracia,2021,48,val
-4.699629,-8.668036,-22.367502,11 La Altagracia,2021,49,val
-4.9909706,-7.4060082,-22.58187,11 La Altagracia,2021,50,val
-4.0162067,-5.9477134,-19.121986,11 La Altagracia,2021,51,val
-13.5084505,0.0898019,-16.168364,11 La Altagracia,2021,52,val
-17.48517,-7.6755953,-9.011665,12 La Romana,2015,1,train
-17.601122,-7.233946,-7.89745,12 La Romana,2015,2,train
-16.734756,-4.247447,-7.6430745,12 La Romana,2015,3,train
-16.790693,-4.317981,-5.8897405,12 La Romana,2015,4,train
-17.644217,0.35236356,-4.793031,12 La Romana,2015,5,train
-17.476667,2.3554845,-4.1433115,12 La Romana,2015,6,train
-18.3681,2.1033635,-4.0314937,12 La Romana,2015,7,train
-18.872768,3.584446,-2.880819,12 La Romana,2015,8,train
-21.043036,4.4641805,0.27562565,12 La Romana,2015,9,train
-23.086584,4.1984944,1.9722056,12 La Romana,2015,10,train
-23.831326,5.31087,3.2504323,12 La Romana,2015,11,train
-19.572742,6.5555606,5.0408154,12 La Romana,2015,12,train
-19.369852,9.2211485,6.556326,12 La Romana,2015,13,train
-20.590199,9.286655,7.2667475,12 La Romana,2015,14,train
-21.876175,11.950077,7.954514,12 La Romana,2015,15,train
-20.55344,11.577975,8.599998,12 La Romana,2015,16,train
-3.5171957,11.461614,11.468405,12 La Romana,2015,17,train
-3.696812,13.470864,12.762341,12 La Romana,2015,18,train
-3.8055763,13.524956,12.939786,12 La Romana,2015,19,train
-3.7400334,14.353943,13.852888,12 La Romana,2015,20,train
-3.0690465,13.997378,13.185626,12 La Romana,2015,21,train
-0.56714785,12.741856,11.77641,12 La Romana,2015,22,train
0.9214489,12.707524,11.083171,12 La Romana,2015,23,train
1.957729,11.967467,12.111392,12 La Romana,2015,24,train
3.35761,12.162477,12.258754,12 La Romana,2015,25,train
4.3212523,12.0870285,11.270735,12 La Romana,2015,26,train
18.018269,3.8639002,6.29247,12 La Romana,2015,27,train
16.446419,3.3541558,5.5669694,12 La Romana,2015,28,train
16.661058,3.2423506,5.8468432,12 La Romana,2015,29,train
16.075712,3.085848,5.753138,12 La Romana,2015,30,train
17.924444,3.4176357,6.736489,12 La Romana,2015,31,train
16.670507,2.8591602,5.787841,12 La Romana,2015,32,train
16.112797,2.5314097,5.7244,12 La Romana,2015,33,train
15.507756,2.2705364,4.986072,12 La Romana,2015,34,train
18.412605,-10.518621,-5.7314677,12 La Romana,2015,35,train
15.858784,-9.663802,-4.847158,12 La Romana,2015,36,train
17.68785,-10.8403635,-4.6052184,12 La Romana,2015,37,train
15.545867,-11.594143,-6.7339416,12 La Romana,2015,38,train
14.858309,-11.181524,-6.146753,12 La Romana,2015,39,train
15.279312,-13.6603365,-7.515924,12 La Romana,2015,40,train
14.199642,-14.350265,-7.4196963,12 La Romana,2015,41,train
12.805686,-14.328291,-7.2790813,12 La Romana,2015,42,train
10.508275,-13.053815,-7.3300505,12 La Romana,2015,43,train
9.530741,-13.688373,-8.574464,12 La Romana,2015,44,train
8.216677,-14.485596,-10.180434,12 La Romana,2015,45,train
7.472234,-15.141623,-10.337399,12 La Romana,2015,46,train
5.203069,-14.715452,-9.769024,12 La Romana,2015,47,train
-4.6956816,-14.324813,-11.44757,12 La Romana,2015,48,train
-7.1595826,-14.714735,-13.158784,12 La Romana,2015,49,train
-7.6807737,-14.503525,-12.138465,12 La Romana,2015,50,train
-8.753824,-13.520113,-12.416147,12 La Romana,2015,51,train
-16.847927,-8.82547,-8.369757,12 La Romana,2015,52,train
-15.739401,-4.504931,-5.635535,12 La Romana,2016,1,train
-17.125107,-4.640512,-5.2219787,12 La Romana,2016,2,train
-17.268564,-4.5163074,-4.464551,12 La Romana,2016,3,train
-18.678146,-4.4287953,-5.008673,12 La Romana,2016,4,train
-18.790419,-1.7634753,-2.8549478,12 La Romana,2016,5,train
-19.622993,-1.1052697,-2.0942328,12 La Romana,2016,6,train
-20.89177,-0.63322383,-2.3640325,12 La Romana,2016,7,train
-19.494234,0.07590731,-0.9918903,12 La Romana,2016,8,train
-20.296675,0.87982845,-0.92291456,12 La Romana,2016,9,train
-23.76857,4.1919355,2.073555,12 La Romana,2016,10,train
-19.6443,5.777257,3.0840101,12 La Romana,2016,11,train
-21.500622,8.095314,5.4246063,12 La Romana,2016,12,train
-19.783974,9.645288,6.6507564,12 La Romana,2016,13,train
-17.338066,9.769279,7.4397492,12 La Romana,2016,14,train
-17.722424,10.156973,8.249945,12 La Romana,2016,15,train
-17.461634,13.335456,8.828785,12 La Romana,2016,16,train
-6.16623,29.069958,-6.731002,12 La Romana,2016,17,train
-9.431692,26.957314,-1.1286948,12 La Romana,2016,18,train
-12.622167,17.964827,9.936756,12 La Romana,2016,19,train
-13.464136,17.018103,11.034354,12 La Romana,2016,20,train
-0.0938998,16.454157,8.933889,12 La Romana,2016,21,train
3.352011,25.552416,-1.8653547,12 La Romana,2016,22,train
2.003437,14.930827,8.381602,12 La Romana,2016,23,train
2.9668784,13.638663,9.536209,12 La Romana,2016,24,train
4.3462667,14.909423,8.964307,12 La Romana,2016,25,train
4.829112,13.268807,9.0189705,12 La Romana,2016,26,train
13.293951,7.8989453,7.7533016,12 La Romana,2016,27,train
13.101851,7.73742,8.59789,12 La Romana,2016,28,train
12.851167,7.2187676,8.793775,12 La Romana,2016,29,train
12.793188,8.571012,7.9639063,12 La Romana,2016,30,train
12.84314,9.200843,7.072404,12 La Romana,2016,31,train
11.26386,9.251145,7.417185,12 La Romana,2016,32,train
11.407137,7.540424,9.286446,12 La Romana,2016,33,train
10.442618,9.765522,5.55727,12 La Romana,2016,34,train
17.10528,-5.249238,-10.372448,12 La Romana,2016,35,train
15.97292,-4.494856,-12.546237,12 La Romana,2016,36,train
16.848671,-4.839878,-11.923536,12 La Romana,2016,37,train
16.546974,-4.267448,-11.515934,12 La Romana,2016,38,train
19.081268,-5.9772773,-13.264424,12 La Romana,2016,39,train
12.872467,-6.046028,-16.749704,12 La Romana,2016,40,train
11.367615,-6.388257,-15.193166,12 La Romana,2016,41,train
10.158322,-5.837609,-17.72172,12 La Romana,2016,42,train
9.456493,-6.8239536,-16.496439,12 La Romana,2016,43,train
8.508771,-6.060753,-18.50304,12 La Romana,2016,44,train
7.4711695,-5.343248,-18.07911,12 La Romana,2016,45,train
6.37623,3.3454633,-26.721992,12 La Romana,2016,46,train
5.1417303,-5.15654,-19.963963,12 La Romana,2016,47,train
-3.0730295,-7.359978,-19.08579,12 La Romana,2016,48,train
-5.171737,-8.619396,-20.318796,12 La Romana,2016,49,train
-6.1829267,-8.175409,-20.12341,12 La Romana,2016,50,train
-7.8635592,-7.670384,-20.634794,12 La Romana,2016,51,train
-12.142812,-1.4222325,-13.772317,12 La Romana,2016,52,train
-11.481695,-0.64116377,-12.762535,12 La Romana,2017,1,train
-15.382634,1.2179592,-16.1906,12 La Romana,2017,2,train
-12.101597,2.4202044,-11.676557,12 La Romana,2017,3,train
-13.580763,3.264191,-13.482439,12 La Romana,2017,4,train
-15.746867,4.7936516,-9.345157,12 La Romana,2017,5,train
-16.786448,5.406708,-8.710209,12 La Romana,2017,6,train
-14.480805,4.03755,-5.979746,12 La Romana,2017,7,train
-15.215032,7.3281207,-6.255603,12 La Romana,2017,8,train
-20.41407,9.27413,-6.955665,12 La Romana,2017,9,train
-19.87868,9.750785,-5.9362364,12 La Romana,2017,10,train
-17.464367,11.585066,-3.4288974,12 La Romana,2017,11,train
-15.658029,11.627896,-1.0355475,12 La Romana,2017,12,train
-16.53993,13.390016,-0.65408057,12 La Romana,2017,13,train
-16.915241,13.199117,4.131186,12 La Romana,2017,14,train
-17.580692,14.093667,5.1248174,12 La Romana,2017,15,train
-14.048129,18.316076,6.6542006,12 La Romana,2017,16,train
-11.934004,19.689638,8.075661,12 La Romana,2017,17,train
-12.3928385,17.02468,7.7048225,12 La Romana,2017,18,train
-12.662158,16.359781,8.512154,12 La Romana,2017,19,train
-12.308215,18.775928,10.9610195,12 La Romana,2017,20,train
-12.349304,17.114628,12.051412,12 La Romana,2017,21,train
-10.312186,18.631416,12.33098,12 La Romana,2017,22,train
-10.203828,18.308155,14.359849,12 La Romana,2017,23,train
-10.2414665,18.001959,14.813567,12 La Romana,2017,24,train
-10.043177,18.854935,14.757813,12 La Romana,2017,25,train
-10.155993,18.608244,14.901357,12 La Romana,2017,26,train
11.702135,8.04481,8.639969,12 La Romana,2017,27,train
10.335446,8.609817,6.6100903,12 La Romana,2017,28,train
12.257516,8.225005,9.54526,12 La Romana,2017,29,train
11.046732,7.6105056,8.96446,12 La Romana,2017,30,train
12.347268,8.084705,10.431963,12 La Romana,2017,31,train
11.023305,7.6949587,9.238464,12 La Romana,2017,32,train
12.253747,9.128576,8.765395,12 La Romana,2017,33,train
11.115462,9.03275,6.9412427,12 La Romana,2017,34,train
15.569756,-5.1199217,-7.6250806,12 La Romana,2017,35,train
15.672974,-6.6673236,-10.753709,12 La Romana,2017,36,train
13.058988,-4.746261,-12.605586,12 La Romana,2017,37,train
17.136925,6.7557936,-28.626438,12 La Romana,2017,38,train
13.776259,-6.6947656,-13.518945,12 La Romana,2017,39,train
12.072278,-5.9384823,-14.3904085,12 La Romana,2017,40,train
12.361448,3.5414805,-23.661768,12 La Romana,2017,41,train
11.298788,-9.024644,-16.774414,12 La Romana,2017,42,train
9.283313,-8.462636,-15.007841,12 La Romana,2017,43,train
8.101471,-8.100296,-14.818715,12 La Romana,2017,44,train
6.022932,13.771401,-31.96024,12 La Romana,2017,45,train
6.3304844,8.17665,-32.258667,12 La Romana,2017,46,train
5.391252,-6.237208,-16.170586,12 La Romana,2017,47,train
4.7897754,-7.5718956,-15.3441925,12 La Romana,2017,48,train
4.5638366,-7.740069,-17.412674,12 La Romana,2017,49,train
3.8793406,-8.292371,-14.965836,12 La Romana,2017,50,train
4.181819,-7.5740576,-16.552135,12 La Romana,2017,51,train
-0.2909803,-2.3273773,1.4596933,12 La Romana,2017,52,train
-0.30030066,-0.8195573,-0.2412419,12 La Romana,2018,1,train
-0.32920957,-0.75202626,0.01928967,12 La Romana,2018,2,train
-0.43087593,-0.8206402,0.3929272,12 La Romana,2018,3,train
-0.6560658,-1.2717124,1.1756709,12 La Romana,2018,4,train
-1.4205629,-0.71695036,2.3871074,12 La Romana,2018,5,train
-1.5243,-1.3037125,3.3343914,12 La Romana,2018,6,train
-20.24933,7.157193,-9.486722,12 La Romana,2018,7,train
-19.964941,9.152938,-9.279402,12 La Romana,2018,8,train
-15.652974,7.9583507,-6.2123785,12 La Romana,2018,9,train
-16.684742,10.386722,-4.4991875,12 La Romana,2018,10,train
-17.246565,10.909913,-2.0826452,12 La Romana,2018,11,train
-16.938354,11.551649,-1.3093133,12 La Romana,2018,12,train
-19.549109,13.135927,-2.556108,12 La Romana,2018,13,train
-16.812243,12.516777,1.8886403,12 La Romana,2018,14,train
-18.685825,14.588937,2.7155256,12 La Romana,2018,15,train
-17.97374,14.845318,4.160934,12 La Romana,2018,16,train
-17.310297,14.721177,5.8699584,12 La Romana,2018,17,train
-16.229115,15.407698,6.2575545,12 La Romana,2018,18,train
-16.096369,14.838875,8.311781,12 La Romana,2018,19,train
-16.255745,16.054823,9.33787,12 La Romana,2018,20,train
-1.6064084,12.524242,11.78519,12 La Romana,2018,21,train
-0.20724748,13.4120035,11.026509,12 La Romana,2018,22,train
0.46079284,12.201267,12.486407,12 La Romana,2018,23,train
1.6220974,12.366238,12.20548,12 La Romana,2018,24,train
3.1808522,13.283672,9.769464,12 La Romana,2018,25,train
4.038928,12.218713,11.858121,12 La Romana,2018,26,train
14.697905,5.582577,7.9979744,12 La Romana,2018,27,train
14.538815,7.5456433,5.1263995,12 La Romana,2018,28,train
14.582754,7.007652,5.7616277,12 La Romana,2018,29,train
13.7110615,5.5029116,7.177932,12 La Romana,2018,30,train
14.098213,5.3062196,8.1230135,12 La Romana,2018,31,train
13.264219,4.6553845,7.304001,12 La Romana,2018,32,train
14.350079,5.4235525,6.8889194,12 La Romana,2018,33,train
13.706193,4.5519485,7.2234225,12 La Romana,2018,34,train
15.501879,-7.642821,-6.7102666,12 La Romana,2018,35,train
14.073983,-8.461285,-6.7782397,12 La Romana,2018,36,train
15.381899,-9.77305,-7.896842,12 La Romana,2018,37,train
14.986471,-9.884888,-8.025606,12 La Romana,2018,38,train
14.371895,-10.73708,-8.67928,12 La Romana,2018,39,train
12.398393,6.5677786,-22.68245,12 La Romana,2018,40,train
9.91279,-11.047575,-9.445218,12 La Romana,2018,41,train
10.302325,-13.21188,-11.355236,12 La Romana,2018,42,train
8.782703,-12.173749,-10.553531,12 La Romana,2018,43,train
7.475972,-12.303391,-10.931345,12 La Romana,2018,44,train
6.9805284,-12.45253,-10.662037,12 La Romana,2018,45,train
6.357245,-12.620848,-10.732732,12 La Romana,2018,46,train
4.5040503,-11.396925,-10.108712,12 La Romana,2018,47,train
3.4317217,-11.224359,-10.424587,12 La Romana,2018,48,train
3.9403927,-11.989426,-11.231733,12 La Romana,2018,49,train
3.2057402,-10.931911,-10.496809,12 La Romana,2018,50,train
-5.977855,-10.626543,-12.929667,12 La Romana,2018,51,train
-16.685343,-7.375557,-10.809509,12 La Romana,2018,52,train
-15.474293,-6.119793,-9.259449,12 La Romana,2019,1,train
-14.642159,-4.051898,-7.999968,12 La Romana,2019,2,train
-15.186881,-3.0595393,-7.957643,12 La Romana,2019,3,train
-17.370632,-2.539686,-9.232255,12 La Romana,2019,4,train
-17.681957,1.4764191,-5.2756467,12 La Romana,2019,5,train
-19.3554,0.028104724,-3.6817346,12 La Romana,2019,6,train
-20.342075,0.41473898,-2.6802766,12 La Romana,2019,7,train
-21.9712,0.79799986,-0.5723699,12 La Romana,2019,8,train
-21.86484,1.512843,0.99012023,12 La Romana,2019,9,train
-19.35785,6.1346593,-0.7249761,12 La Romana,2019,10,train
-19.699808,4.740073,3.2931685,12 La Romana,2019,11,train
-17.325657,7.5029807,2.1613007,12 La Romana,2019,12,train
-16.100418,10.533148,4.1760197,12 La Romana,2019,13,train
-19.794533,10.974706,6.0359726,12 La Romana,2019,14,train
-19.055435,11.022314,7.66563,12 La Romana,2019,15,train
-18.969555,10.97791,9.735186,12 La Romana,2019,16,train
-16.707083,12.385377,7.3377557,12 La Romana,2019,17,train
-3.0096602,11.660762,11.621108,12 La Romana,2019,18,train
-2.6994767,13.513978,10.472757,12 La Romana,2019,19,train
-1.8208917,13.958781,10.646226,12 La Romana,2019,20,train
-0.7587979,16.563122,7.910246,12 La Romana,2019,21,train
3.0293674,25.709051,-3.3913612,12 La Romana,2019,22,train
1.3661783,14.569135,7.574433,12 La Romana,2019,23,train
2.5144165,13.520552,10.587309,12 La Romana,2019,24,train
3.810706,12.727556,11.01346,12 La Romana,2019,25,train
4.4370794,11.345853,10.513585,12 La Romana,2019,26,train
15.031199,4.663355,5.206114,12 La Romana,2019,27,train
17.498194,3.4154537,3.9181125,12 La Romana,2019,28,train
18.666405,2.1155622,3.3579352,12 La Romana,2019,29,train
19.025238,0.07426998,3.567847,12 La Romana,2019,30,train
18.262476,2.6313324,1.5771486,12 La Romana,2019,31,train
17.988544,1.3636998,2.0110729,12 La Romana,2019,32,train
17.712393,0.38632718,2.8778772,12 La Romana,2019,33,train
17.36637,0.71429324,2.0846105,12 La Romana,2019,34,train
16.386856,-6.7977204,-3.4062176,12 La Romana,2019,35,train
16.791452,-8.82219,-3.9722185,12 La Romana,2019,36,train
17.26349,-8.963691,-3.7155824,12 La Romana,2019,37,train
19.55715,14.00734,-21.012932,12 La Romana,2019,38,train
13.098964,-10.847217,-7.1377077,12 La Romana,2019,39,train
11.234069,-11.082139,-7.80843,12 La Romana,2019,40,train
11.6113825,-12.448371,-8.820468,12 La Romana,2019,41,train
10.162496,-12.602889,-9.159898,12 La Romana,2019,42,train
9.3843155,-13.352924,-9.788221,12 La Romana,2019,43,train
8.055795,-14.33825,-10.611961,12 La Romana,2019,44,train
7.058688,-13.99786,-10.299835,12 La Romana,2019,45,train
5.481337,-12.537609,-9.35119,12 La Romana,2019,46,train
4.181605,-13.288467,-8.82119,12 La Romana,2019,47,train
3.7825272,-13.957914,-8.304306,12 La Romana,2019,48,train
-5.855994,-13.666117,-12.254633,12 La Romana,2019,49,train
-8.126725,-13.921233,-13.165821,12 La Romana,2019,50,train
-8.86197,-13.433764,-13.293266,12 La Romana,2019,51,train
-13.800558,-6.933321,-7.7102423,12 La Romana,2019,52,train
-14.60528,-6.6174,-8.981925,12 La Romana,2020,1,val
-16.77329,-6.5241337,-9.13877,12 La Romana,2020,2,val
-17.727058,-5.111642,-10.199479,12 La Romana,2020,3,val
-14.382532,-2.8504746,-7.59229,12 La Romana,2020,4,val
-15.192844,1.2969949,-3.997781,12 La Romana,2020,5,val
-18.317085,1.7262574,-3.6257827,12 La Romana,2020,6,val
-20.170757,2.5610201,-2.3409033,12 La Romana,2020,7,val
-18.89415,2.7665863,-1.2066925,12 La Romana,2020,8,val
-18.306847,3.6880834,-1.0944703,12 La Romana,2020,9,val
-18.780869,5.0594764,-0.7465078,12 La Romana,2020,10,val
-18.724182,5.61227,-0.04867399,12 La Romana,2020,11,val
-21.766592,7.9076447,1.7756306,12 La Romana,2020,12,val
-18.415386,10.501067,4.5640197,12 La Romana,2020,13,val
-15.688333,11.572975,3.8166406,12 La Romana,2020,14,val
-15.547722,14.327639,7.0465426,12 La Romana,2020,15,val
-17.42676,14.575577,9.213393,12 La Romana,2020,16,val
-17.21742,14.002102,10.680858,12 La Romana,2020,17,val
-15.676772,13.564027,10.96955,12 La Romana,2020,18,val
-2.1964717,14.077607,11.025069,12 La Romana,2020,19,val
-1.6746022,14.801572,10.873289,12 La Romana,2020,20,val
-0.3862297,15.79245,9.696478,12 La Romana,2020,21,val
0.6624619,14.820632,8.818599,12 La Romana,2020,22,val
1.59081,12.793572,11.877002,12 La Romana,2020,23,val
2.7439623,13.51822,8.858286,12 La Romana,2020,24,val
4.0271206,11.39217,12.945812,12 La Romana,2020,25,val
5.0478086,11.386621,13.031478,12 La Romana,2020,26,val
10.821814,7.5697675,8.6898775,12 La Romana,2020,27,val
11.34781,7.648196,9.648973,12 La Romana,2020,28,val
10.760233,7.0176644,9.871796,12 La Romana,2020,29,val
11.107667,7.2183127,10.325015,12 La Romana,2020,30,val
15.693395,24.019983,-6.5246034,12 La Romana,2020,31,val
10.715861,8.565638,9.066396,12 La Romana,2020,32,val
10.87096,8.807147,8.896243,12 La Romana,2020,33,val
13.586641,22.023617,-4.9467726,12 La Romana,2020,34,val
17.207771,-3.8889062,-11.054898,12 La Romana,2020,35,val
15.129361,-3.900929,-13.86676,12 La Romana,2020,36,val
13.578217,-3.317968,-13.820033,12 La Romana,2020,37,val
16.215282,-3.3926473,-11.50311,12 La Romana,2020,38,val
15.432641,-4.1459403,-12.419869,12 La Romana,2020,39,val
12.013897,-5.632629,-17.010126,12 La Romana,2020,40,val
11.740307,-6.1625695,-16.689331,12 La Romana,2020,41,val
10.21252,-5.8073463,-17.04999,12 La Romana,2020,42,val
9.422981,-8.160355,-15.777429,12 La Romana,2020,43,val
9.446631,-9.374377,-18.956282,12 La Romana,2020,44,val
7.1601377,3.2777212,-28.463293,12 La Romana,2020,45,val
6.1295657,4.9782968,-30.54453,12 La Romana,2020,46,val
5.3671794,-6.0970707,-18.268541,12 La Romana,2020,47,val
4.6419377,-6.330644,-17.360533,12 La Romana,2020,48,val
-3.0914135,-6.262827,-19.176205,12 La Romana,2020,49,val
-3.5914521,-5.2740164,-18.828104,12 La Romana,2020,50,val
-4.725226,-5.4455786,-18.609451,12 La Romana,2020,51,val
-10.896465,0.082168005,-14.4329605,12 La Romana,2020,52,val
-9.771906,0.9595212,-13.32865,12 La Romana,2021,1,val
-11.057846,1.3218007,-14.253957,12 La Romana,2021,2,val
-11.770779,2.033673,-13.845149,12 La Romana,2021,3,val
-13.067611,2.952538,-14.29607,12 La Romana,2021,4,val
-13.95726,6.069129,-8.819401,12 La Romana,2021,5,val
-16.546171,7.4745464,-9.147204,12 La Romana,2021,6,val
-16.51146,9.065165,-8.423453,12 La Romana,2021,7,val
-18.28164,9.594552,-7.544177,12 La Romana,2021,8,val
-15.850415,9.902111,-5.528623,12 La Romana,2021,9,val
-16.642345,9.822682,-5.528569,12 La Romana,2021,10,val
-17.146881,11.360014,-4.9735065,12 La Romana,2021,11,val
-17.89206,12.290233,-2.3990757,12 La Romana,2021,12,val
-17.389425,14.489807,-0.47721663,12 La Romana,2021,13,val
-16.106127,14.622749,0.6868282,12 La Romana,2021,14,val
-15.025739,14.186347,1.5650712,12 La Romana,2021,15,val
-16.2632,15.437274,4.7018647,12 La Romana,2021,16,val
-15.678528,16.00983,4.7612953,12 La Romana,2021,17,val
-2.3036358,11.3278475,10.821792,12 La Romana,2021,18,val
-2.1761441,13.754436,10.2318325,12 La Romana,2021,19,val
-1.8409717,13.025351,10.695983,12 La Romana,2021,20,val
-0.8342691,13.82825,11.139094,12 La Romana,2021,21,val
0.2095204,15.080358,10.887733,12 La Romana,2021,22,val
3.5902712,22.755028,-0.5693957,12 La Romana,2021,23,val
2.8724136,14.700166,10.324259,12 La Romana,2021,24,val
3.8805733,13.731155,9.889086,12 La Romana,2021,25,val
4.7243567,13.684266,9.737635,12 La Romana,2021,26,val
11.724291,8.145304,8.800481,12 La Romana,2021,27,val
11.366463,8.846682,7.5420785,12 La Romana,2021,28,val
11.078777,8.341476,8.116224,12 La Romana,2021,29,val
11.291691,8.71496,8.06956,12 La Romana,2021,30,val
10.875429,8.284548,7.910106,12 La Romana,2021,31,val
14.07147,22.506952,-7.379139,12 La Romana,2021,32,val
12.054323,10.527498,5.49252,12 La Romana,2021,33,val
11.537101,7.7696314,7.602053,12 La Romana,2021,34,val
16.071548,-2.5211673,-8.660278,12 La Romana,2021,35,val
17.602465,-3.2341542,-10.9350605,12 La Romana,2021,36,val
14.536631,-3.905061,-14.081354,12 La Romana,2021,37,val
13.727837,-3.775266,-13.511381,12 La Romana,2021,38,val
12.5076475,-3.9567502,-14.229532,12 La Romana,2021,39,val
16.260695,-5.7696624,-13.970132,12 La Romana,2021,40,val
10.366499,-4.4465513,-16.493053,12 La Romana,2021,41,val
10.47508,-7.1853337,-15.934663,12 La Romana,2021,42,val
9.421209,-8.115239,-15.532745,12 La Romana,2021,43,val
8.546081,-8.906538,-15.851431,12 La Romana,2021,44,val
7.2255187,-9.774604,-15.004893,12 La Romana,2021,45,val
7.1393156,-11.130804,-15.947087,12 La Romana,2021,46,val
5.285398,-9.872576,-14.436868,12 La Romana,2021,47,val
-3.2183442,-8.242047,-19.747946,12 La Romana,2021,48,val
-4.570811,-8.238405,-20.582748,12 La Romana,2021,49,val
-5.637271,-7.5837426,-21.14555,12 La Romana,2021,50,val
-3.8248188,-5.400086,-17.687874,12 La Romana,2021,51,val
-11.676928,0.28648525,-15.121015,12 La Romana,2021,52,val
-5.1088552,-2.4995544,-3.0090847,13 La Vega,2015,1,train
-4.938118,-1.9055326,-2.4618433,13 La Vega,2015,2,train
-5.8264074,-1.6462326,-2.587664,13 La Vega,2015,3,train
-5.2885075,-1.8879125,-1.1735795,13 La Vega,2015,4,train
-5.947577,0.18199167,-1.2431632,13 La Vega,2015,5,train
-5.468047,0.74569285,-0.78539807,13 La Vega,2015,6,train
-6.040247,1.0334065,-0.8700184,13 La Vega,2015,7,train
-6.7387266,18.362217,-18.372194,13 La Vega,2015,8,train
-6.091016,2.0713644,0.39372343,13 La Vega,2015,9,train
-6.240665,2.0753477,0.769897,13 La Vega,2015,10,train
-6.148096,2.4010375,1.043772,13 La Vega,2015,11,train
-6.9151535,3.1750164,2.201349,13 La Vega,2015,12,train
-7.947455,4.3479347,3.681124,13 La Vega,2015,13,train
-6.1802483,4.053951,2.2268727,13 La Vega,2015,14,train
-6.857793,4.8295083,2.9365342,13 La Vega,2015,15,train
-6.847534,4.95059,4.714486,13 La Vega,2015,16,train
-2.3682935,4.058126,6.119631,13 La Vega,2015,17,train
-2.243381,3.889415,7.583583,13 La Vega,2015,18,train
-1.9898263,4.0752673,5.891051,13 La Vega,2015,19,train
-1.7052505,4.065514,5.2900643,13 La Vega,2015,20,train
-0.7515868,4.8339343,3.9730113,13 La Vega,2015,21,train
-0.4309266,3.9804552,3.040314,13 La Vega,2015,22,train
0.012196737,4.133662,4.167396,13 La Vega,2015,23,train
0.3875409,3.1868744,5.033815,13 La Vega,2015,24,train
0.9005171,3.5470524,4.8014936,13 La Vega,2015,25,train
1.2248979,2.9531636,5.03301,13 La Vega,2015,26,train
7.171758,0.299673,2.9872794,13 La Vega,2015,27,train
5.5973744,0.03609916,1.9382756,13 La Vega,2015,28,train
5.925004,-0.19172533,2.291693,13 La Vega,2015,29,train
6.9557123,-0.47372347,3.3420215,13 La Vega,2015,30,train
6.954202,-0.575419,3.1694312,13 La Vega,2015,31,train
7.909983,-0.029904036,3.0198731,13 La Vega,2015,32,train
7.7203164,-0.44282767,3.0378876,13 La Vega,2015,33,train
7.985656,-0.6974308,3.5930326,13 La Vega,2015,34,train
6.210716,-2.818426,0.14879243,13 La Vega,2015,35,train
6.576025,-3.3142436,0.022693843,13 La Vega,2015,36,train
6.4025874,-3.534935,-0.06742943,13 La Vega,2015,37,train
5.9722533,-3.7368429,-0.5782718,13 La Vega,2015,38,train
6.1624026,-4.1446447,-0.6482781,13 La Vega,2015,39,train
6.205439,-5.5807533,-0.9830049,13 La Vega,2015,40,train
5.8936524,-5.5645247,-1.2239292,13 La Vega,2015,41,train
5.730395,-6.0646524,-1.8311942,13 La Vega,2015,42,train
4.1962233,-4.992931,-1.9494032,13 La Vega,2015,43,train
3.958409,-5.2467613,-2.254831,13 La Vega,2015,44,train
3.1541245,-5.3319798,-2.772655,13 La Vega,2015,45,train
2.577888,-5.1291804,-2.60543,13 La Vega,2015,46,train
1.3891946,-4.896107,-2.5106373,13 La Vega,2015,47,train
-2.7349803,-6.6370387,-4.387409,13 La Vega,2015,48,train
-3.3659246,-7.3588815,-5.526881,13 La Vega,2015,49,train
-2.9423344,-6.9344,-4.5858774,13 La Vega,2015,50,train
-2.958757,-6.6507726,-4.6591063,13 La Vega,2015,51,train
-5.4450216,-3.7519557,-3.6381547,13 La Vega,2015,52,train
-7.263388,-2.637528,-1.7253065,13 La Vega,2016,1,train
-7.6345034,-2.5846784,-1.615684,13 La Vega,2016,2,train
-8.027731,-2.5077047,-1.710406,13 La Vega,2016,3,train
-7.5233645,-2.0579224,-1.761277,13 La Vega,2016,4,train
-7.901962,-0.87099445,-0.6165753,13 La Vega,2016,5,train
-8.789543,-0.86075145,-0.44838828,13 La Vega,2016,6,train
-8.021348,-0.43660277,-0.36394837,13 La Vega,2016,7,train
-8.740827,0.18141864,0.17008871,13 La Vega,2016,8,train
-8.916701,0.6944533,0.16781126,13 La Vega,2016,9,train
-6.3630714,2.0554612,0.5818474,13 La Vega,2016,10,train
-7.852797,2.8369448,2.3773139,13 La Vega,2016,11,train
-9.294879,3.8961053,3.5267384,13 La Vega,2016,12,train
-8.36181,4.245417,4.286915,13 La Vega,2016,13,train
-8.474732,5.443526,4.5775776,13 La Vega,2016,14,train
-7.8961573,4.9211636,4.262275,13 La Vega,2016,15,train
-4.1900287,8.560353,2.7900658,13 La Vega,2016,16,train
-3.896036,9.348592,2.8323727,13 La Vega,2016,17,train
-1.7389201,6.1356215,3.4946277,13 La Vega,2016,18,train
-1.3701657,5.8115396,2.831991,13 La Vega,2016,19,train
-0.81165224,5.161523,5.050633,13 La Vega,2016,20,train
-0.51826197,5.381962,3.344153,13 La Vega,2016,21,train
-0.051117696,4.8645825,3.0176806,13 La Vega,2016,22,train
0.35824445,3.6454718,5.3193436,13 La Vega,2016,23,train
0.88764596,3.2443042,5.7720294,13 La Vega,2016,24,train
1.1929796,3.897918,3.1679792,13 La Vega,2016,25,train
1.5193243,3.4409847,3.9835374,13 La Vega,2016,26,train
4.553303,1.6904303,3.954508,13 La Vega,2016,27,train
3.920123,1.2867866,3.6960227,13 La Vega,2016,28,train
4.2725472,1.8967992,3.614997,13 La Vega,2016,29,train
3.8353112,2.0135388,2.5560706,13 La Vega,2016,30,train
3.7765875,1.96522,2.1923406,13 La Vega,2016,31,train
4.2241683,2.2635782,3.6966612,13 La Vega,2016,32,train
4.193047,1.474654,4.3318005,13 La Vega,2016,33,train
3.5514662,2.5111425,1.6927328,13 La Vega,2016,34,train
7.0790014,0.28749907,-2.7151384,13 La Vega,2016,35,train
7.4101133,0.51226765,-3.1052246,13 La Vega,2016,36,train
7.103046,0.72163934,-3.1728952,13 La Vega,2016,37,train
7.7464676,0.72500503,-3.3650002,13 La Vega,2016,38,train
6.4434085,-0.018777158,-3.4950273,13 La Vega,2016,39,train
4.226394,-1.0203224,-4.7732096,13 La Vega,2016,40,train
4.2685847,-1.3073632,-4.9392266,13 La Vega,2016,41,train
3.690699,-0.801092,-6.442448,13 La Vega,2016,42,train
3.3794127,-1.2309053,-6.3641524,13 La Vega,2016,43,train
2.586976,-0.83887506,-6.6209354,13 La Vega,2016,44,train
4.4077196,10.611345,-22.419704,13 La Vega,2016,45,train
3.5979564,10.144371,-22.56612,13 La Vega,2016,46,train
0.9818124,-0.7853091,-7.276432,13 La Vega,2016,47,train
-1.4887621,-2.2572267,-8.231627,13 La Vega,2016,48,train
-1.6193546,-2.7715304,-6.9090805,13 La Vega,2016,49,train
-1.6950537,-2.7550871,-7.20499,13 La Vega,2016,50,train
-1.5756499,-2.4007192,-7.157643,13 La Vega,2016,51,train
-2.8648963,-1.1404729,-3.9779375,13 La Vega,2016,52,train
-3.1928742,-1.2541882,-3.5203907,13 La Vega,2017,1,train
-4.78635,16.868431,-25.394495,13 La Vega,2017,2,train
-3.2139647,-1.0028332,-1.384257,13 La Vega,2017,3,train
-3.6632206,-1.7327697,-0.3342888,13 La Vega,2017,4,train
-4.502159,1.3740859,-2.0571406,13 La Vega,2017,5,train
-4.7121005,1.3357667,-1.5833747,13 La Vega,2017,6,train
-4.87593,1.6986169,-1.3838023,13 La Vega,2017,7,train
-4.7696633,0.5021985,1.4776504,13 La Vega,2017,8,train
-4.7282095,2.1737452,0.1932885,13 La Vega,2017,9,train
-4.1564074,2.4807365,-0.113540694,13 La Vega,2017,10,train
-5.602239,4.047909,0.09907934,13 La Vega,2017,11,train
-3.7193675,3.7908995,0.5833574,13 La Vega,2017,12,train
-4.450521,4.332544,1.4068354,13 La Vega,2017,13,train
-6.025694,5.4799814,2.9557545,13 La Vega,2017,14,train
-4.5562787,4.362026,2.239718,13 La Vega,2017,15,train
-4.721469,20.973646,-13.119737,13 La Vega,2017,16,train
-4.230348,21.633984,-13.150391,13 La Vega,2017,17,train
-1.4136862,5.206108,2.0497527,13 La Vega,2017,18,train
-1.168068,4.4644046,2.3321695,13 La Vega,2017,19,train
-0.77183074,6.367801,2.521752,13 La Vega,2017,20,train
-0.36867008,4.4163313,4.333299,13 La Vega,2017,21,train
-0.036370873,4.2842627,2.7297146,13 La Vega,2017,22,train
0.43296045,4.4231257,5.3060637,13 La Vega,2017,23,train
0.7389028,3.934256,3.800124,13 La Vega,2017,24,train
1.1844501,4.348952,2.4499102,13 La Vega,2017,25,train
1.578363,4.317881,2.481202,13 La Vega,2017,26,train
3.651967,3.0373917,1.6335307,13 La Vega,2017,27,train
3.501306,2.8882313,1.650655,13 La Vega,2017,28,train
3.7325635,2.7874014,2.1645923,13 La Vega,2017,29,train
4.13317,2.8594728,2.875462,13 La Vega,2017,30,train
4.085666,2.9685931,2.5458083,13 La Vega,2017,31,train
3.9109812,2.630356,2.663722,13 La Vega,2017,32,train
3.9490464,3.2408085,1.7366271,13 La Vega,2017,33,train
4.0913706,3.0438612,2.360357,13 La Vega,2017,34,train
6.5682564,-0.08850576,-3.1037211,13 La Vega,2017,35,train
5.5084267,-0.52427834,-3.924248,13 La Vega,2017,36,train
5.3169556,-0.19974692,-3.2879846,13 La Vega,2017,37,train
5.2692294,-0.4511874,-3.5211885,13 La Vega,2017,38,train
5.1252985,-0.6904628,-3.4927545,13 La Vega,2017,39,train
4.520688,-0.8109686,-4.318636,13 La Vega,2017,40,train
3.4030256,-0.9251143,-3.9579735,13 La Vega,2017,41,train
3.5747712,-1.4949024,-4.5978727,13 La Vega,2017,42,train
2.8219175,-1.3017628,-4.0193763,13 La Vega,2017,43,train
2.670883,-1.7972475,-4.666681,13 La Vega,2017,44,train
2.2972038,-0.79151803,-7.1913657,13 La Vega,2017,45,train
1.8461338,-0.89912933,-7.1705513,13 La Vega,2017,46,train
1.3130083,-1.5843331,-4.742378,13 La Vega,2017,47,train
1.3830653,-2.0497303,-5.1660647,13 La Vega,2017,48,train
-1.6386471,-2.3863778,-8.161508,13 La Vega,2017,49,train
-1.5234858,-2.831358,-6.9917526,13 La Vega,2017,50,train
-1.5205072,-1.9828873,-7.968771,13 La Vega,2017,51,train
-2.778042,-0.67164564,-4.368954,13 La Vega,2017,52,train
-2.857139,-0.6153818,-4.240384,13 La Vega,2018,1,train
-3.4424443,-0.3811031,-4.427536,13 La Vega,2018,2,train
-3.4802985,0.07811271,-3.8975947,13 La Vega,2018,3,train
-3.2743564,0.36703378,-3.3518724,13 La Vega,2018,4,train
-3.8036923,1.4743052,-1.9488299,13 La Vega,2018,5,train
-4.495437,1.6606005,-2.142691,13 La Vega,2018,6,train
-3.847959,1.5807604,-1.3274055,13 La Vega,2018,7,train
-4.0259137,1.8106912,-0.896842,13 La Vega,2018,8,train
-4.2892284,0.8156792,1.338117,13 La Vega,2018,9,train
-4.3271236,2.0401566,1.4434469,13 La Vega,2018,10,train
-4.9129066,2.5585299,2.3181615,13 La Vega,2018,11,train
-4.546801,4.142661,0.58947,13 La Vega,2018,12,train
-3.9903758,3.82432,0.91106474,13 La Vega,2018,13,train
-4.5437326,4.304324,2.0451114,13 La Vega,2018,14,train
-5.274093,5.1275744,2.5827622,13 La Vega,2018,15,train
-4.7328253,4.63256,3.3879201,13 La Vega,2018,16,train
-4.9908757,5.2753854,4.5505977,13 La Vega,2018,17,train
-1.7507051,3.319502,3.213086,13 La Vega,2018,18,train
-1.5963442,3.588491,3.8913307,13 La Vega,2018,19,train
-1.3035072,3.399053,2.7954793,13 La Vega,2018,20,train
-0.81232876,3.2597728,3.5724843,13 La Vega,2018,21,train
-0.34638643,3.4310489,4.19036,13 La Vega,2018,22,train
-0.024545977,2.3782434,5.5167804,13 La Vega,2018,23,train
0.4106958,3.0568323,5.175539,13 La Vega,2018,24,train
0.67913187,2.6205645,3.5210226,13 La Vega,2018,25,train
1.0894583,2.7120461,4.320798,13 La Vega,2018,26,train
4.5255494,0.5113554,3.3207493,13 La Vega,2018,27,train
4.375023,1.0129668,2.291404,13 La Vega,2018,28,train
4.923262,1.5486864,2.2614644,13 La Vega,2018,29,train
4.671662,0.7321903,3.1940732,13 La Vega,2018,30,train
4.5074997,1.1596681,2.024071,13 La Vega,2018,31,train
4.9389462,0.78922284,2.683459,13 La Vega,2018,32,train
4.5969505,1.3128358,0.9645688,13 La Vega,2018,33,train
5.1600113,1.0778192,2.1580126,13 La Vega,2018,34,train
4.3254642,-1.4602473,-1.4973425,13 La Vega,2018,35,train
4.7548704,-1.3352793,-1.1741681,13 La Vega,2018,36,train
5.155306,-1.836013,-1.6121405,13 La Vega,2018,37,train
4.870601,-1.7576647,-1.5686431,13 La Vega,2018,38,train
4.650339,-2.110168,-1.8899361,13 La Vega,2018,39,train
3.4426618,-2.1154535,-2.316015,13 La Vega,2018,40,train
3.278342,-2.4397748,-2.5413387,13 La Vega,2018,41,train
3.0382285,-2.733448,-2.6750216,13 La Vega,2018,42,train
2.7096264,-2.504072,-2.6141336,13 La Vega,2018,43,train
2.135298,-2.487152,-2.5448618,13 La Vega,2018,44,train
1.6090802,-2.5770857,-2.5108216,13 La Vega,2018,45,train
1.8980149,-3.7075498,-3.4425972,13 La Vega,2018,46,train
1.0835881,-3.2136047,-3.0551593,13 La Vega,2018,47,train
0.7140043,-3.5048044,-3.3465686,13 La Vega,2018,48,train
-1.916055,-4.608008,-5.2389812,13 La Vega,2018,49,train
-1.7655432,-4.452049,-4.66074,13 La Vega,2018,50,train
-2.1427886,-5.3783574,-3.4306798,13 La Vega,2018,51,train
-3.8716362,-2.694213,-3.398441,13 La Vega,2018,52,train
-3.7898216,-2.6254966,-2.1037502,13 La Vega,2019,1,train
-3.861112,-2.008059,-1.6298927,13 La Vega,2019,2,train
-4.201417,-1.941997,-0.9687573,13 La Vega,2019,3,train
-4.4788585,-1.8857294,-1.0320615,13 La Vega,2019,4,train
-5.5086718,-0.35608962,-0.0084770145,13 La Vega,2019,5,train
-6.341549,-0.35195723,-0.1597748,13 La Vega,2019,6,train
-6.2101445,0.34525105,-0.37780464,13 La Vega,2019,7,train
-7.657888,0.9452085,0.7570022,13 La Vega,2019,8,train
-7.582268,1.2580285,1.0117444,13 La Vega,2019,9,train
-6.5888243,1.8708254,2.0419917,13 La Vega,2019,10,train
-6.4562874,2.4528837,2.0477817,13 La Vega,2019,11,train
-7.183045,2.9093792,3.7726624,13 La Vega,2019,12,train
-2.8967345,22.43845,-14.873829,13 La Vega,2019,13,train
-5.457776,5.244208,2.512522,13 La Vega,2019,14,train
-6.007729,4.3115096,3.7477202,13 La Vega,2019,15,train
-6.2845345,4.8282967,4.5866194,13 La Vega,2019,16,train
-5.349979,4.7686844,4.325291,13 La Vega,2019,17,train
-5.769307,5.9792447,4.1182685,13 La Vega,2019,18,train
-1.5649792,4.5030336,4.808885,13 La Vega,2019,19,train
-1.0511608,4.0883026,5.84019,13 La Vega,2019,20,train
-0.5406536,4.607311,3.0913737,13 La Vega,2019,21,train
-0.11474375,4.7713876,2.5258622,13 La Vega,2019,22,train
0.13658799,4.128852,3.385273,13 La Vega,2019,23,train
0.71415776,4.2985106,4.7119603,13 La Vega,2019,24,train
1.3682421,3.7027645,5.7247577,13 La Vega,2019,25,train
1.4754053,3.5219004,4.6593175,13 La Vega,2019,26,train
6.1861105,-0.92438185,2.8223374,13 La Vega,2019,27,train
6.8092537,-0.4531219,1.6686782,13 La Vega,2019,28,train
7.2162223,-0.51587677,1.3654077,13 La Vega,2019,29,train
7.836104,-0.83929706,1.7883852,13 La Vega,2019,30,train
7.794296,-0.26215413,0.89115435,13 La Vega,2019,31,train
8.581799,-0.7456848,1.6270916,13 La Vega,2019,32,train
8.146618,-1.0409194,1.8967557,13 La Vega,2019,33,train
8.3997135,-0.7219651,1.528813,13 La Vega,2019,34,train
7.357587,-3.3029523,1.1268053,13 La Vega,2019,35,train
7.094411,-3.23339,0.33417916,13 La Vega,2019,36,train
6.58264,-2.9569654,-0.12443777,13 La Vega,2019,37,train
5.925347,-3.2143717,-1.2020053,13 La Vega,2019,38,train
5.040846,-3.0918493,-1.4438411,13 La Vega,2019,39,train
4.0524025,-2.9361682,-1.6380068,13 La Vega,2019,40,train
3.720366,-3.7481256,-0.33096722,13 La Vega,2019,41,train
3.3923156,-4.1578526,-0.24545811,13 La Vega,2019,42,train
2.9825962,-3.3036563,-2.1824937,13 La Vega,2019,43,train
2.779771,-3.7079887,-2.540024,13 La Vega,2019,44,train
2.0999138,-4.2482505,-1.5332174,13 La Vega,2019,45,train
1.8258132,-4.2699685,-2.0176854,13 La Vega,2019,46,train
1.2529312,-4.489431,-2.126602,13 La Vega,2019,47,train
0.9245166,-4.7586584,-2.1621091,13 La Vega,2019,48,train
-2.6918046,-6.261415,-4.7325463,13 La Vega,2019,49,train
-2.7387762,-6.0309744,-5.2230177,13 La Vega,2019,50,train
-2.602747,-5.824354,-4.851678,13 La Vega,2019,51,train
-5.026578,-3.7545338,-2.6988573,13 La Vega,2019,52,train
-4.56512,-3.3226175,-3.0320141,13 La Vega,2020,1,val
-4.730984,-2.7149277,-2.7359784,13 La Vega,2020,2,val
-4.599904,15.040618,-23.02008,13 La Vega,2020,3,val
-5.155545,-1.4704623,-2.3570936,13 La Vega,2020,4,val
-6.01603,-0.115581945,-0.16492955,13 La Vega,2020,5,val
-6.3514047,0.6770382,-0.9964431,13 La Vega,2020,6,val
-6.6327267,1.1324279,-0.6838464,13 La Vega,2020,7,val
-6.238852,1.4551862,-0.36466914,13 La Vega,2020,8,val
-6.5911,2.0323744,0.13320182,13 La Vega,2020,9,val
-7.4372535,18.786156,-16.416101,13 La Vega,2020,10,val
-6.4196877,20.39305,-16.731405,13 La Vega,2020,11,val
-5.6573086,3.2050912,1.1915369,13 La Vega,2020,12,val
-5.2710934,4.269333,1.8737836,13 La Vega,2020,13,val
-5.644267,5.351422,2.2897844,13 La Vega,2020,14,val
-6.243884,7.1314063,3.621315,13 La Vega,2020,15,val
-6.4565296,6.5881605,3.757378,13 La Vega,2020,16,val
-6.6289325,5.5932684,6.0086045,13 La Vega,2020,17,val
-6.5665655,5.933692,6.304246,13 La Vega,2020,18,val
-5.3909407,6.8497267,5.167079,13 La Vega,2020,19,val
-0.81262356,4.4283752,5.500732,13 La Vega,2020,20,val
-0.30156374,4.7473545,5.4576783,13 La Vega,2020,21,val
-0.20523737,2.975185,4.137169,13 La Vega,2020,22,val
0.4030319,3.8077705,5.013228,13 La Vega,2020,23,val
0.8992787,3.852547,4.8407855,13 La Vega,2020,24,val
1.5926759,3.8249247,5.613302,13 La Vega,2020,25,val
1.8982832,3.5635877,5.442928,13 La Vega,2020,26,val
3.9169507,1.9742731,4.0655804,13 La Vega,2020,27,val
4.279101,2.4484196,4.0419006,13 La Vega,2020,28,val
4.2930555,2.3058372,4.177406,13 La Vega,2020,29,val
3.724994,2.5009341,2.637213,13 La Vega,2020,30,val
9.139164,19.355951,-10.512406,13 La Vega,2020,31,val
4.385442,2.7779145,4.0067573,13 La Vega,2020,32,val
4.208788,3.0731041,3.0457127,13 La Vega,2020,33,val
8.809085,18.674515,-10.336036,13 La Vega,2020,34,val
6.4258833,0.38229543,-3.8698213,13 La Vega,2020,35,val
4.857295,0.24673426,-4.1620183,13 La Vega,2020,36,val
6.154921,0.51567143,-3.6738517,13 La Vega,2020,37,val
5.6862364,0.31314552,-3.8515146,13 La Vega,2020,38,val
5.276288,0.24298923,-3.8317428,13 La Vega,2020,39,val
3.6565719,-0.03308442,-4.760854,13 La Vega,2020,40,val
3.5252943,-0.3578388,-4.635391,13 La Vega,2020,41,val
3.9708595,-0.81007993,-5.674398,13 La Vega,2020,42,val
3.3050804,-1.1395677,-4.8634343,13 La Vega,2020,43,val
3.0187647,-0.692569,-7.1516128,13 La Vega,2020,44,val
2.4384546,-0.6770674,-7.2476754,13 La Vega,2020,45,val
1.9314433,-0.41171104,-7.4886103,13 La Vega,2020,46,val
1.3261374,-0.74728894,-6.6549063,13 La Vega,2020,47,val
0.7538148,-1.1930808,-5.540248,13 La Vega,2020,48,val
0.60690075,-1.4517086,-4.885135,13 La Vega,2020,49,val
-1.1502436,-1.2900469,-8.179451,13 La Vega,2020,50,val
-1.2230973,-1.1175339,-7.794125,13 La Vega,2020,51,val
-2.6765316,-0.035309188,-5.3401966,13 La Vega,2020,52,val
-2.4921646,-0.09559126,-4.178856,13 La Vega,2021,1,val
-2.7527804,0.13287805,-4.2233624,13 La Vega,2021,2,val
-2.9951856,0.72692245,-4.459975,13 La Vega,2021,3,val
-2.9593484,0.73732746,-3.686328,13 La Vega,2021,4,val
-3.6336474,2.3692162,-2.966869,13 La Vega,2021,5,val
-4.2898917,2.7495575,-2.7389474,13 La Vega,2021,6,val
-3.895829,2.6947825,-1.9258358,13 La Vega,2021,7,val
-3.7752573,2.9582136,-1.367971,13 La Vega,2021,8,val
-4.0278597,3.1496074,-0.28714293,13 La Vega,2021,9,val
-7.8284535,17.910854,-15.014923,13 La Vega,2021,10,val
-4.0987244,3.3662174,0.10019853,13 La Vega,2021,11,val
-4.6388865,4.374797,-0.011247154,13 La Vega,2021,12,val
-4.149715,4.610247,0.49218807,13 La Vega,2021,13,val
-7.30385,19.368212,-12.803495,13 La Vega,2021,14,val
-4.267728,3.1870522,3.763126,13 La Vega,2021,15,val
-4.398855,4.3421946,3.4266217,13 La Vega,2021,16,val
-3.934508,5.560561,1.6658347,13 La Vega,2021,17,val
-4.3722053,5.9643,2.7601123,13 La Vega,2021,18,val
-4.736878,6.4183373,4.3132095,13 La Vega,2021,19,val
-6.698052,17.603466,-8.01874,13 La Vega,2021,20,val
-0.5472483,4.115756,1.7282408,13 La Vega,2021,21,val
-0.034823492,4.5596266,1.4128255,13 La Vega,2021,22,val
0.12209436,3.3451688,1.4659752,13 La Vega,2021,23,val
0.8732675,4.5410585,3.1266294,13 La Vega,2021,24,val
0.88265723,3.3443983,1.4096259,13 La Vega,2021,25,val
1.3090624,3.855611,2.0719626,13 La Vega,2021,26,val
3.5329976,2.6771915,1.8718677,13 La Vega,2021,27,val
2.9358222,2.4275975,1.0301783,13 La Vega,2021,28,val
3.4175317,2.3730845,2.083941,13 La Vega,2021,29,val
3.513644,2.3816304,2.1274526,13 La Vega,2021,30,val
3.8449292,2.5782995,2.4469345,13 La Vega,2021,31,val
8.631459,20.128405,-13.083912,13 La Vega,2021,32,val
3.7978547,2.9277735,1.1172025,13 La Vega,2021,33,val
4.492161,2.5301862,2.7064285,13 La Vega,2021,34,val
8.279025,0.6980396,-3.103325,13 La Vega,2021,35,val
8.377177,0.8382435,-3.3172257,13 La Vega,2021,36,val
5.1004257,0.07316424,-3.8045745,13 La Vega,2021,37,val
5.873473,0.032468572,-4.0807915,13 La Vega,2021,38,val
4.373959,-0.0361317,-3.4623964,13 La Vega,2021,39,val
4.4397926,-0.22412223,-3.9198077,13 La Vega,2021,40,val
3.5593052,-0.35122856,-4.755342,13 La Vega,2021,41,val
3.4738095,-0.8802455,-5.0152416,13 La Vega,2021,42,val
2.8823378,-1.0755097,-4.385389,13 La Vega,2021,43,val
2.5842783,-1.3744247,-4.6899366,13 La Vega,2021,44,val
2.3467996,-1.8477513,-4.937987,13 La Vega,2021,45,val
1.8644551,-1.9821689,-4.9271226,13 La Vega,2021,46,val
1.06848,-1.7064562,-4.703987,13 La Vega,2021,47,val
-1.6145433,-2.9490423,-7.593585,13 La Vega,2021,48,val
-1.4976597,-2.1302524,-7.4292674,13 La Vega,2021,49,val
-1.3284317,-1.8409481,-7.2172832,13 La Vega,2021,50,val
-1.4447726,-2.0721598,-6.980004,13 La Vega,2021,51,val
-2.8746128,-1.61176,-3.0655217,13 La Vega,2021,52,val
-9.177349,-4.2416167,-5.487875,14 María Trinidad Sánchez,2015,1,train
-8.664105,-2.953501,-4.6674676,14 María Trinidad Sánchez,2015,2,train
-9.161039,-2.2983046,-4.422648,14 María Trinidad Sánchez,2015,3,train
-9.168604,-1.7755319,-4.053415,14 María Trinidad Sánchez,2015,4,train
-8.962874,0.25641847,-2.3205166,14 María Trinidad Sánchez,2015,5,train
-9.792083,1.1256007,-2.2410655,14 María Trinidad Sánchez,2015,6,train
-8.884572,1.4704837,-1.67953,14 María Trinidad Sánchez,2015,7,train
-10.094727,2.1864867,-1.2704915,14 María Trinidad Sánchez,2015,8,train
-11.394442,3.4125583,-0.24308293,14 María Trinidad Sánchez,2015,9,train
-11.741979,3.1916394,0.37367558,14 María Trinidad Sánchez,2015,10,train
-12.878811,4.140804,1.110312,14 María Trinidad Sánchez,2015,11,train
-11.087555,5.0939903,2.322016,14 María Trinidad Sánchez,2015,12,train
-11.834838,7.3058996,4.8309035,14 María Trinidad Sánchez,2015,13,train
-10.0775795,6.95949,3.3764503,14 María Trinidad Sánchez,2015,14,train
-10.824175,7.9168153,4.1954737,14 María Trinidad Sánchez,2015,15,train
-10.603801,8.057723,5.126573,14 María Trinidad Sánchez,2015,16,train
-9.788094,8.77757,7.0241075,14 María Trinidad Sánchez,2015,17,train
-2.443417,6.930095,7.6271815,14 María Trinidad Sánchez,2015,18,train
-2.2240107,8.384343,8.016309,14 María Trinidad Sánchez,2015,19,train
-1.8962743,8.948723,7.197066,14 María Trinidad Sánchez,2015,20,train
-0.47358716,8.878507,5.0593305,14 María Trinidad Sánchez,2015,21,train
-0.10026075,7.962716,4.1459355,14 María Trinidad Sánchez,2015,22,train
0.7883849,7.700366,5.195742,14 María Trinidad Sánchez,2015,23,train
1.3872066,7.6389356,6.0809374,14 María Trinidad Sánchez,2015,24,train
2.1274753,7.4303727,5.4895387,14 María Trinidad Sánchez,2015,25,train
2.4171839,7.128154,5.4437184,14 María Trinidad Sánchez,2015,26,train
10.618508,2.5717103,2.6552637,14 María Trinidad Sánchez,2015,27,train
10.170471,2.372813,2.2089589,14 María Trinidad Sánchez,2015,28,train
10.8305645,2.1542304,2.7526908,14 María Trinidad Sánchez,2015,29,train
10.864142,1.8418788,3.1409962,14 María Trinidad Sánchez,2015,30,train
11.565442,1.8067613,3.1623147,14 María Trinidad Sánchez,2015,31,train
11.213465,1.6925361,2.8890502,14 María Trinidad Sánchez,2015,32,train
11.513584,1.290414,2.8785462,14 María Trinidad Sánchez,2015,33,train
11.263987,1.3157904,2.8981698,14 María Trinidad Sánchez,2015,34,train
9.813326,-5.323827,-2.9507036,14 María Trinidad Sánchez,2015,35,train
10.496332,-5.427175,-2.330582,14 María Trinidad Sánchez,2015,36,train
10.685415,-6.241051,-3.1251779,14 María Trinidad Sánchez,2015,37,train
9.466397,-6.5706267,-3.7030764,14 María Trinidad Sánchez,2015,38,train
9.63935,-6.7261024,-3.5731053,14 María Trinidad Sánchez,2015,39,train
9.604571,-8.396443,-3.24219,14 María Trinidad Sánchez,2015,40,train
9.437404,-8.829959,-4.107739,14 María Trinidad Sánchez,2015,41,train
8.790306,-8.981865,-4.9834585,14 María Trinidad Sánchez,2015,42,train
6.3195047,-7.302128,-4.108055,14 María Trinidad Sánchez,2015,43,train
6.357566,-8.219242,-4.9597926,14 María Trinidad Sánchez,2015,44,train
5.376076,-8.142989,-5.4324923,14 María Trinidad Sánchez,2015,45,train
5.0491037,-8.440968,-5.6210666,14 María Trinidad Sánchez,2015,46,train
3.2307389,-7.481314,-5.0464053,14 María Trinidad Sánchez,2015,47,train
-3.3617995,-8.865773,-7.534786,14 María Trinidad Sánchez,2015,48,train
-4.5152593,-9.493491,-8.304751,14 María Trinidad Sánchez,2015,49,train
-5.3266225,-9.255433,-8.289327,14 María Trinidad Sánchez,2015,50,train
-5.476015,-9.0083275,-8.288988,14 María Trinidad Sánchez,2015,51,train
-9.20138,-5.4143343,-5.8362617,14 María Trinidad Sánchez,2015,52,train
-10.229342,-3.3246493,-3.931235,14 María Trinidad Sánchez,2016,1,train
-10.461461,-2.926953,-3.2743664,14 María Trinidad Sánchez,2016,2,train
-10.490874,-2.6500058,-3.4246686,14 María Trinidad Sánchez,2016,3,train
-11.017344,-2.4655933,-3.4521677,14 María Trinidad Sánchez,2016,4,train
-12.173281,-0.7924186,-2.0259733,14 María Trinidad Sánchez,2016,5,train
-12.023907,-0.45360446,-1.8266292,14 María Trinidad Sánchez,2016,6,train
-11.935152,-0.20479058,-1.5809141,14 María Trinidad Sánchez,2016,7,train
-12.850451,0.6662444,-0.8745037,14 María Trinidad Sánchez,2016,8,train
-12.579627,0.92868847,-0.79257816,14 María Trinidad Sánchez,2016,9,train
-11.497693,3.223946,0.41908005,14 María Trinidad Sánchez,2016,10,train
-12.323566,4.654455,2.1505883,14 María Trinidad Sánchez,2016,11,train
-12.735772,6.432616,3.6632009,14 María Trinidad Sánchez,2016,12,train
-11.705751,7.261968,4.304546,14 María Trinidad Sánchez,2016,13,train
-10.598326,7.6427307,4.814586,14 María Trinidad Sánchez,2016,14,train
-10.945383,7.156249,4.719531,14 María Trinidad Sánchez,2016,15,train
-7.802242,9.499118,4.46131,14 María Trinidad Sánchez,2016,16,train
-3.0598364,24.548016,-10.498416,14 María Trinidad Sánchez,2016,17,train
-1.9975252,9.207599,5.1087065,14 María Trinidad Sánchez,2016,18,train
-1.2501602,10.253907,4.394618,14 María Trinidad Sánchez,2016,19,train
-0.66807353,9.433622,6.1980414,14 María Trinidad Sánchez,2016,20,train
-0.052953225,8.622056,4.066175,14 María Trinidad Sánchez,2016,21,train
0.6164413,9.639092,3.7725213,14 María Trinidad Sánchez,2016,22,train
1.4075762,8.723455,5.680916,14 María Trinidad Sánchez,2016,23,train
2.1056275,7.9787636,6.4866366,14 María Trinidad Sánchez,2016,24,train
2.6474957,8.500308,4.334996,14 María Trinidad Sánchez,2016,25,train
3.0985794,7.939064,4.205921,14 María Trinidad Sánchez,2016,26,train
7.5972404,4.7273955,3.7310894,14 María Trinidad Sánchez,2016,27,train
6.993245,4.6351833,3.3962464,14 María Trinidad Sánchez,2016,28,train
6.9039316,4.777625,3.2240884,14 María Trinidad Sánchez,2016,29,train
6.6963253,5.1616244,2.5662131,14 María Trinidad Sánchez,2016,30,train
6.6969075,5.1486063,2.645963,14 María Trinidad Sánchez,2016,31,train
6.492343,5.487526,3.9467845,14 María Trinidad Sánchez,2016,32,train
6.531053,5.112445,4.1639743,14 María Trinidad Sánchez,2016,33,train
6.2481794,5.628249,2.9147606,14 María Trinidad Sánchez,2016,34,train
9.349702,-1.7823894,-6.3086896,14 María Trinidad Sánchez,2016,35,train
9.22482,-1.2699674,-8.135915,14 María Trinidad Sánchez,2016,36,train
8.842588,-1.5609016,-7.453404,14 María Trinidad Sánchez,2016,37,train
8.667372,-1.7086821,-7.095292,14 María Trinidad Sánchez,2016,38,train
9.006126,-1.9948772,-9.23604,14 María Trinidad Sánchez,2016,39,train
7.492839,-1.7585729,-10.598578,14 María Trinidad Sánchez,2016,40,train
6.679231,-2.013017,-9.314253,14 María Trinidad Sánchez,2016,41,train
6.0434837,-1.9143215,-10.530057,14 María Trinidad Sánchez,2016,42,train
5.4195433,-1.6876404,-10.829503,14 María Trinidad Sánchez,2016,43,train
4.8570523,-0.84611976,-12.243517,14 María Trinidad Sánchez,2016,44,train
4.3548317,-0.6418426,-12.985613,14 María Trinidad Sánchez,2016,45,train
3.786848,-0.645299,-13.05402,14 María Trinidad Sánchez,2016,46,train
2.9587607,-1.0226225,-12.855102,14 María Trinidad Sánchez,2016,47,train
2.9323776,-1.8541629,-11.367781,14 María Trinidad Sánchez,2016,48,train
-2.582169,-4.7672014,-11.49823,14 María Trinidad Sánchez,2016,49,train
-2.9198368,-4.436671,-11.5692425,14 María Trinidad Sánchez,2016,50,train
-2.553791,-3.9798095,-10.63367,14 María Trinidad Sánchez,2016,51,train
-5.32986,-1.6816796,-6.793756,14 María Trinidad Sánchez,2016,52,train
-6.3459315,-1.9046149,-6.7819915,14 María Trinidad Sánchez,2017,1,train
-6.30888,-0.95786196,-6.18575,14 María Trinidad Sánchez,2017,2,train
-5.940367,-0.24765149,-5.042368,14 María Trinidad Sánchez,2017,3,train
-5.939985,0.42781073,-5.1668816,14 María Trinidad Sánchez,2017,4,train
-8.061747,2.180233,-4.325032,14 María Trinidad Sánchez,2017,5,train
-8.801587,2.2199585,-3.8503952,14 María Trinidad Sánchez,2017,6,train
-8.407626,2.518443,-2.93484,14 María Trinidad Sánchez,2017,7,train
-9.241249,3.9561272,-2.6984482,14 María Trinidad Sánchez,2017,8,train
-8.92793,3.8384495,-1.6884819,14 María Trinidad Sánchez,2017,9,train
-8.066298,4.313951,-1.1153327,14 María Trinidad Sánchez,2017,10,train
-9.853587,6.0975785,-0.22064939,14 María Trinidad Sánchez,2017,11,train
-7.795696,21.530762,-14.339388,14 María Trinidad Sánchez,2017,12,train
-9.291197,7.756677,1.536603,14 María Trinidad Sánchez,2017,13,train
-9.544038,8.631659,3.7097316,14 María Trinidad Sánchez,2017,14,train
-8.152865,8.290518,3.4390166,14 María Trinidad Sánchez,2017,15,train
-5.4317164,11.52401,3.933989,14 María Trinidad Sánchez,2017,16,train
-3.4399455,27.436613,-15.551985,14 María Trinidad Sánchez,2017,17,train
-7.0231566,22.631182,-11.504841,14 María Trinidad Sánchez,2017,18,train
-5.9362135,10.725651,5.4151726,14 María Trinidad Sánchez,2017,19,train
-5.8444138,12.785433,6.695013,14 María Trinidad Sánchez,2017,20,train
-6.976373,11.610146,8.113895,14 María Trinidad Sánchez,2017,21,train
3.3996112,22.047293,-8.784761,14 María Trinidad Sánchez,2017,22,train
1.295157,8.594469,5.575083,14 María Trinidad Sánchez,2017,23,train
1.9015093,8.609058,4.1318693,14 María Trinidad Sánchez,2017,24,train
2.5900733,8.483213,4.009975,14 María Trinidad Sánchez,2017,25,train
2.9896202,8.007507,3.7312398,14 María Trinidad Sánchez,2017,26,train
5.9792747,5.869815,2.7437208,14 María Trinidad Sánchez,2017,27,train
5.403172,5.491134,2.3145697,14 María Trinidad Sánchez,2017,28,train
6.5131874,5.9678454,3.2887487,14 María Trinidad Sánchez,2017,29,train
6.5378385,5.6122184,3.3272395,14 María Trinidad Sánchez,2017,30,train
6.869636,5.9385543,3.2765727,14 María Trinidad Sánchez,2017,31,train
5.849164,5.24851,2.9190686,14 María Trinidad Sánchez,2017,32,train
9.901639,21.918352,-12.162324,14 María Trinidad Sánchez,2017,33,train
6.189989,5.614793,3.000268,14 María Trinidad Sánchez,2017,34,train
9.306399,-2.6983805,-6.328849,14 María Trinidad Sánchez,2017,35,train
10.856445,9.819118,-20.391823,14 María Trinidad Sánchez,2017,36,train
9.035568,-2.324897,-6.689317,14 María Trinidad Sánchez,2017,37,train
11.318106,9.883501,-22.072514,14 María Trinidad Sánchez,2017,38,train
8.552585,-2.977072,-7.5249763,14 María Trinidad Sánchez,2017,39,train
7.973794,-2.3670256,-8.760727,14 María Trinidad Sánchez,2017,40,train
6.7494226,-2.3084347,-9.452799,14 María Trinidad Sánchez,2017,41,train
6.7183423,-4.086116,-9.267321,14 María Trinidad Sánchez,2017,42,train
5.726467,-3.912559,-8.61079,14 María Trinidad Sánchez,2017,43,train
5.3241644,-3.3171043,-9.517335,14 María Trinidad Sánchez,2017,44,train
5.029125,15.511075,-27.26306,14 María Trinidad Sánchez,2017,45,train
4.552362,13.873541,-26.492016,14 María Trinidad Sánchez,2017,46,train
3.573866,-2.6222475,-10.28653,14 María Trinidad Sánchez,2017,47,train
3.3987625,-3.0145676,-10.128619,14 María Trinidad Sánchez,2017,48,train
2.9154184,-2.0332198,-11.546059,14 María Trinidad Sánchez,2017,49,train
2.240089,-3.5449717,-9.465071,14 María Trinidad Sánchez,2017,50,train
2.1859891,-1.7627236,-10.980872,14 María Trinidad Sánchez,2017,51,train
-0.41620162,0.03608688,-2.172394,14 María Trinidad Sánchez,2017,52,train
-0.57627076,-0.085851036,-1.9688625,14 María Trinidad Sánchez,2018,1,train
-0.57086015,-0.009253433,-1.3635268,14 María Trinidad Sánchez,2018,2,train
-5.7938514,-0.12224233,-6.420438,14 María Trinidad Sánchez,2018,3,train
-5.485398,16.015038,-24.99048,14 María Trinidad Sánchez,2018,4,train
-8.769518,2.7312057,-4.826965,14 María Trinidad Sánchez,2018,5,train
-9.080931,2.2718456,-3.9839017,14 María Trinidad Sánchez,2018,6,train
-8.549485,2.799136,-2.9305203,14 María Trinidad Sánchez,2018,7,train
-8.4364,3.1773272,-2.4700947,14 María Trinidad Sánchez,2018,8,train
-7.2491918,3.2816298,-1.3375635,14 María Trinidad Sánchez,2018,9,train
-8.187968,5.415728,-1.0936477,14 María Trinidad Sánchez,2018,10,train
-10.00846,7.1353436,-0.65665674,14 María Trinidad Sánchez,2018,11,train
-9.401137,7.2515306,0.18210809,14 María Trinidad Sánchez,2018,12,train
-9.21815,7.1733365,0.5700143,14 María Trinidad Sánchez,2018,13,train
-8.539676,8.062325,2.9144275,14 María Trinidad Sánchez,2018,14,train
-8.364615,8.779897,3.7013206,14 María Trinidad Sánchez,2018,15,train
-7.672182,9.333985,4.2166348,14 María Trinidad Sánchez,2018,16,train
-9.656377,9.334465,5.0222206,14 María Trinidad Sánchez,2018,17,train
-7.06719,10.608502,5.1085734,14 María Trinidad Sánchez,2018,18,train
-1.9178386,8.695838,5.896757,14 María Trinidad Sánchez,2018,19,train
-1.399883,8.718113,5.216795,14 María Trinidad Sánchez,2018,20,train
-0.56727386,8.485325,5.648632,14 María Trinidad Sánchez,2018,21,train
-0.025603358,6.977776,5.5046926,14 María Trinidad Sánchez,2018,22,train
0.5823699,8.007052,6.4901795,14 María Trinidad Sánchez,2018,23,train
1.4788754,8.573383,6.1475763,14 María Trinidad Sánchez,2018,24,train
1.9110711,7.6036325,4.659765,14 María Trinidad Sánchez,2018,25,train
2.604664,7.7951894,5.7032075,14 María Trinidad Sánchez,2018,26,train
8.371963,3.7865894,2.8592455,14 María Trinidad Sánchez,2018,27,train
7.8512807,3.627695,2.4732504,14 María Trinidad Sánchez,2018,28,train
8.707338,4.3958397,2.6370342,14 María Trinidad Sánchez,2018,29,train
8.408618,3.919489,2.77995,14 María Trinidad Sánchez,2018,30,train
8.75808,4.0869994,2.6094582,14 María Trinidad Sánchez,2018,31,train
8.175233,3.9429955,2.2135592,14 María Trinidad Sánchez,2018,32,train
8.640096,4.089088,2.3507452,14 María Trinidad Sánchez,2018,33,train
8.78182,3.855043,2.4841847,14 María Trinidad Sánchez,2018,34,train
9.971538,12.234948,-19.800598,14 María Trinidad Sánchez,2018,35,train
8.811944,-4.707573,-3.9186342,14 María Trinidad Sánchez,2018,36,train
8.933457,-5.3252935,-4.492596,14 María Trinidad Sánchez,2018,37,train
8.448568,-5.15962,-4.373318,14 María Trinidad Sánchez,2018,38,train
8.472227,-5.5683804,-4.6238046,14 María Trinidad Sánchez,2018,39,train
6.35599,-5.1750145,-4.835415,14 María Trinidad Sánchez,2018,40,train
6.125287,-5.814682,-5.213422,14 María Trinidad Sánchez,2018,41,train
6.4382486,-6.7525425,-5.899716,14 María Trinidad Sánchez,2018,42,train
5.6796994,-6.6473837,-5.9875093,14 María Trinidad Sánchez,2018,43,train
4.871544,-6.4197316,-5.744165,14 María Trinidad Sánchez,2018,44,train
4.468914,-6.6134925,-5.726119,14 María Trinidad Sánchez,2018,45,train
4.1561503,-6.905397,-6.0236773,14 María Trinidad Sánchez,2018,46,train
3.3570719,-6.5961328,-5.934031,14 María Trinidad Sánchez,2018,47,train
3.0413632,-6.5989685,-5.87152,14 María Trinidad Sánchez,2018,48,train
2.749377,-6.687591,-6.24266,14 María Trinidad Sánchez,2018,49,train
2.0468838,-6.3161263,-6.069506,14 María Trinidad Sánchez,2018,50,train
1.6113422,-5.808334,-5.6451178,14 María Trinidad Sánchez,2018,51,train
-8.27086,-4.3481126,-6.4245224,14 María Trinidad Sánchez,2018,52,train
-8.076398,-3.8935363,-5.580878,14 María Trinidad Sánchez,2019,1,train
-7.324528,-2.5613675,-4.573759,14 María Trinidad Sánchez,2019,2,train
-7.9727073,-1.957496,-4.4571753,14 María Trinidad Sánchez,2019,3,train
-9.282353,-1.7998625,-4.7667494,14 María Trinidad Sánchez,2019,4,train
-10.500333,0.8417377,-2.760668,14 María Trinidad Sánchez,2019,5,train
-10.673579,0.31962565,-1.9294863,14 María Trinidad Sánchez,2019,6,train
-11.372959,0.835694,-1.4661148,14 María Trinidad Sánchez,2019,7,train
-12.606687,1.6188716,-0.7144267,14 María Trinidad Sánchez,2019,8,train
-12.048374,2.0494778,-0.278697,14 María Trinidad Sánchez,2019,9,train
-11.341525,3.7664287,0.5070446,14 María Trinidad Sánchez,2019,10,train
-11.999322,4.57772,1.3073245,14 María Trinidad Sánchez,2019,11,train
-9.807362,5.305132,2.6087704,14 María Trinidad Sánchez,2019,12,train
-5.6996975,9.077081,3.4206216,14 María Trinidad Sánchez,2019,13,train
-9.642488,8.78012,4.299677,14 María Trinidad Sánchez,2019,14,train
-10.132667,7.8175454,4.500478,14 María Trinidad Sánchez,2019,15,train
-9.894478,8.517273,4.7086177,14 María Trinidad Sánchez,2019,16,train
-9.337584,8.493744,4.752955,14 María Trinidad Sánchez,2019,17,train
-2.1536348,8.633044,5.0543513,14 María Trinidad Sánchez,2019,18,train
-1.6605407,9.445741,5.2099237,14 María Trinidad Sánchez,2019,19,train
-0.85082173,7.18943,6.2962737,14 María Trinidad Sánchez,2019,20,train
-0.25765562,8.40017,3.8384407,14 María Trinidad Sánchez,2019,21,train
3.5423226,23.934582,-12.074866,14 María Trinidad Sánchez,2019,22,train
0.7758586,7.159231,4.767967,14 María Trinidad Sánchez,2019,23,train
1.4805448,7.1919203,5.9195304,14 María Trinidad Sánchez,2019,24,train
2.5013564,7.9891458,5.639248,14 María Trinidad Sánchez,2019,25,train
2.720183,7.5000377,4.8521557,14 María Trinidad Sánchez,2019,26,train
9.725869,2.2153342,2.0662556,14 María Trinidad Sánchez,2019,27,train
10.303414,2.236964,1.6514151,14 María Trinidad Sánchez,2019,28,train
11.046892,1.8411981,1.359539,14 María Trinidad Sánchez,2019,29,train
11.639304,1.1072958,1.4109757,14 María Trinidad Sánchez,2019,30,train
14.499617,21.02155,-14.98491,14 María Trinidad Sánchez,2019,31,train
11.769192,0.54798645,1.2235734,14 María Trinidad Sánchez,2019,32,train
11.210954,0.9241633,0.99396765,14 María Trinidad Sánchez,2019,33,train
11.341743,1.2037038,1.0458245,14 María Trinidad Sánchez,2019,34,train
10.789498,-4.048221,-1.7828158,14 María Trinidad Sánchez,2019,35,train
10.247363,-5.29397,-2.570917,14 María Trinidad Sánchez,2019,36,train
9.613649,-5.7078023,-3.1524377,14 María Trinidad Sánchez,2019,37,train
13.7431345,15.066302,-18.533592,14 María Trinidad Sánchez,2019,38,train
8.748068,-6.1861796,-3.7304125,14 María Trinidad Sánchez,2019,39,train
7.9486165,-6.6132965,-4.450277,14 María Trinidad Sánchez,2019,40,train
7.5483694,-7.193919,-5.008132,14 María Trinidad Sánchez,2019,41,train
6.8549266,-7.264867,-5.1454296,14 María Trinidad Sánchez,2019,42,train
5.8524714,-7.3348384,-5.2471237,14 María Trinidad Sánchez,2019,43,train
5.4290657,-7.5053983,-5.4526477,14 María Trinidad Sánchez,2019,44,train
5.07592,-8.001292,-5.74704,14 María Trinidad Sánchez,2019,45,train
4.3006573,-7.4814987,-5.45685,14 María Trinidad Sánchez,2019,46,train
3.2765236,-7.4543114,-5.310508,14 María Trinidad Sánchez,2019,47,train
3.0055711,-7.4823446,-5.2659044,14 María Trinidad Sánchez,2019,48,train
-4.2869697,-8.972007,-7.9705067,14 María Trinidad Sánchez,2019,49,train
-4.471409,-8.73189,-7.878143,14 María Trinidad Sánchez,2019,50,train
-4.8629856,-8.675483,-7.9136205,14 María Trinidad Sánchez,2019,51,train
-8.270666,-4.9995446,-5.298305,14 María Trinidad Sánchez,2019,52,train
-8.026723,-4.6920304,-5.5038376,14 María Trinidad Sánchez,2020,1,val
-8.958925,-4.559176,-5.5183253,14 María Trinidad Sánchez,2020,2,val
-7.911392,-3.2758012,-4.5797887,14 María Trinidad Sánchez,2020,3,val
-7.5025444,-2.446627,-3.643299,14 María Trinidad Sánchez,2020,4,val
-10.030674,0.57754505,-1.9235994,14 María Trinidad Sánchez,2020,5,val
-10.42951,0.65661883,-1.969001,14 María Trinidad Sánchez,2020,6,val
-10.729961,1.3355132,-1.3160311,14 María Trinidad Sánchez,2020,7,val
-11.051453,1.9197017,-0.8665436,14 María Trinidad Sánchez,2020,8,val
-10.239334,2.441941,-0.34375003,14 María Trinidad Sánchez,2020,9,val
-8.380216,19.955471,-15.832831,14 María Trinidad Sánchez,2020,10,val
-7.721813,4.2089562,0.5899911,14 María Trinidad Sánchez,2020,11,val
-10.004949,5.050931,1.8285704,14 María Trinidad Sánchez,2020,12,val
-8.255448,7.8017735,3.6497645,14 María Trinidad Sánchez,2020,13,val
-8.099709,7.238885,3.563081,14 María Trinidad Sánchez,2020,14,val
-8.1647005,9.400957,4.7220187,14 María Trinidad Sánchez,2020,15,val
-7.7679577,10.542726,5.5329356,14 María Trinidad Sánchez,2020,16,val
-9.128736,10.081106,6.178646,14 María Trinidad Sánchez,2020,17,val
-1.5130364,8.249573,5.6513944,14 María Trinidad Sánchez,2020,18,val
-1.0396682,7.6341324,5.509818,14 María Trinidad Sánchez,2020,19,val
-0.616373,8.328632,5.4195194,14 María Trinidad Sánchez,2020,20,val
0.36362782,10.3686495,4.4156156,14 María Trinidad Sánchez,2020,21,val
0.6141883,8.500066,4.363524,14 María Trinidad Sánchez,2020,22,val
1.5017532,9.477213,5.46763,14 María Trinidad Sánchez,2020,23,val
2.0804634,8.516822,4.7336774,14 María Trinidad Sánchez,2020,24,val
3.0618565,9.042953,5.099803,14 María Trinidad Sánchez,2020,25,val
3.3650708,8.699063,3.6145878,14 María Trinidad Sánchez,2020,26,val
6.3171597,5.7412243,3.418187,14 María Trinidad Sánchez,2020,27,val
6.307888,5.3821797,3.9499702,14 María Trinidad Sánchez,2020,28,val
6.1185346,5.3276525,3.7036226,14 María Trinidad Sánchez,2020,29,val
6.2618537,5.9902887,3.1462395,14 María Trinidad Sánchez,2020,30,val
10.194168,21.548222,-10.790505,14 María Trinidad Sánchez,2020,31,val
6.2580705,6.119801,3.8884978,14 María Trinidad Sánchez,2020,32,val
6.141302,6.4501576,3.394569,14 María Trinidad Sánchez,2020,33,val
9.708383,21.7361,-11.4888315,14 María Trinidad Sánchez,2020,34,val
9.223451,-0.44760987,-9.084396,14 María Trinidad Sánchez,2020,35,val
8.702511,-0.04744902,-10.461151,14 María Trinidad Sánchez,2020,36,val
8.712968,-0.49240863,-9.499924,14 María Trinidad Sánchez,2020,37,val
8.75106,-0.27397442,-10.451349,14 María Trinidad Sánchez,2020,38,val
8.777764,-1.260859,-8.421008,14 María Trinidad Sánchez,2020,39,val
7.193784,-0.26055312,-12.150943,14 María Trinidad Sánchez,2020,40,val
7.222765,-1.0778937,-11.883274,14 María Trinidad Sánchez,2020,41,val
6.710349,-0.89224964,-12.540662,14 María Trinidad Sánchez,2020,42,val
6.1400785,-2.425772,-10.847509,14 María Trinidad Sánchez,2020,43,val
5.7854004,-1.3449696,-13.4520035,14 María Trinidad Sánchez,2020,44,val
4.6134357,-0.80714196,-13.227636,14 María Trinidad Sánchez,2020,45,val
4.1686697,-0.6082002,-13.607232,14 María Trinidad Sánchez,2020,46,val
3.5653107,-0.9383671,-12.787367,14 María Trinidad Sánchez,2020,47,val
3.142326,-2.1756673,-11.240926,14 María Trinidad Sánchez,2020,48,val
2.6032734,-3.2415926,-9.511859,14 María Trinidad Sánchez,2020,49,val
-1.629882,-1.2672861,-12.979377,14 María Trinidad Sánchez,2020,50,val
-2.3914585,-1.2988768,-12.900555,14 María Trinidad Sánchez,2020,51,val
-5.223357,0.050233986,-8.969694,14 María Trinidad Sánchez,2020,52,val
-4.6377892,0.2942671,-7.8678617,14 María Trinidad Sánchez,2021,1,val
-5.179722,0.67079735,-8.372651,14 María Trinidad Sánchez,2021,2,val
-5.6851025,0.87035304,-8.094756,14 María Trinidad Sánchez,2021,3,val
-5.8104434,1.4807127,-7.4895344,14 María Trinidad Sánchez,2021,4,val
-7.532645,4.057247,-6.0685415,14 María Trinidad Sánchez,2021,5,val
-8.959915,4.80565,-5.73069,14 María Trinidad Sánchez,2021,6,val
-8.91613,5.002466,-4.937867,14 María Trinidad Sánchez,2021,7,val
-8.802767,5.6198373,-3.6005085,14 María Trinidad Sánchez,2021,8,val
-8.744881,6.635855,-3.24759,14 María Trinidad Sánchez,2021,9,val
-6.6365,4.796428,-1.7381765,14 María Trinidad Sánchez,2021,10,val
-9.719557,6.3597684,-1.5925913,14 María Trinidad Sánchez,2021,11,val
-8.886836,7.573461,-0.17002046,14 María Trinidad Sánchez,2021,12,val
-8.9173975,8.614255,-0.05332967,14 María Trinidad Sánchez,2021,13,val
-7.058984,8.720901,1.6529397,14 María Trinidad Sánchez,2021,14,val
-7.6023016,8.626191,1.6061093,14 María Trinidad Sánchez,2021,15,val
-8.453958,9.848618,3.7437806,14 María Trinidad Sánchez,2021,16,val
-1.5746219,7.5564313,3.6295648,14 María Trinidad Sánchez,2021,17,val
-1.4924037,8.460959,4.5306935,14 María Trinidad Sánchez,2021,18,val
-1.1123182,9.686409,4.5467377,14 María Trinidad Sánchez,2021,19,val
-0.77628815,7.9384255,3.1658413,14 María Trinidad Sánchez,2021,20,val
0.018638358,9.917896,4.30841,14 María Trinidad Sánchez,2021,21,val
0.57006174,9.696841,4.134701,14 María Trinidad Sánchez,2021,22,val
3.6580951,20.803436,-9.465109,14 María Trinidad Sánchez,2021,23,val
2.0956094,9.525285,4.255189,14 María Trinidad Sánchez,2021,24,val
2.3875937,8.688523,3.3853242,14 María Trinidad Sánchez,2021,25,val
2.9620779,7.961318,3.9749308,14 María Trinidad Sánchez,2021,26,val
6.1366806,6.001272,3.1576009,14 María Trinidad Sánchez,2021,27,val
5.4820933,5.4060435,2.5750422,14 María Trinidad Sánchez,2021,28,val
6.237408,5.6770787,3.3469107,14 María Trinidad Sánchez,2021,29,val
6.3475485,5.819693,3.2484276,14 María Trinidad Sánchez,2021,30,val
6.233816,5.5581455,3.0672393,14 María Trinidad Sánchez,2021,31,val
9.874414,21.653803,-13.194012,14 María Trinidad Sánchez,2021,32,val
6.7025223,5.623238,2.8246057,14 María Trinidad Sánchez,2021,33,val
7.408686,5.359989,3.5509021,14 María Trinidad Sánchez,2021,34,val
9.23259,-1.5093119,-6.474989,14 María Trinidad Sánchez,2021,35,val
9.205854,-0.30326775,-9.48856,14 María Trinidad Sánchez,2021,36,val
8.144923,-0.16321392,-9.97458,14 María Trinidad Sánchez,2021,37,val
8.261706,-0.091466695,-10.22161,14 María Trinidad Sánchez,2021,38,val
7.6398134,-0.5159473,-9.618626,14 María Trinidad Sánchez,2021,39,val
7.8782268,-1.2125261,-10.067251,14 María Trinidad Sánchez,2021,40,val
6.877701,-0.72707003,-11.493471,14 María Trinidad Sánchez,2021,41,val
6.5744457,-2.200472,-10.775419,14 María Trinidad Sánchez,2021,42,val
5.89292,-4.0713716,-8.792706,14 María Trinidad Sánchez,2021,43,val
5.3789907,-3.1795995,-10.244388,14 María Trinidad Sánchez,2021,44,val
5.002391,-3.3443694,-10.499877,14 María Trinidad Sánchez,2021,45,val
4.656258,-3.4863555,-10.971194,14 María Trinidad Sánchez,2021,46,val
3.0454862,-3.3412285,-8.658351,14 María Trinidad Sánchez,2021,47,val
3.261868,-2.5820415,-10.83897,14 María Trinidad Sánchez,2021,48,val
2.9009705,-3.154157,-10.129177,14 María Trinidad Sánchez,2021,49,val
2.1031926,-2.5333476,-9.598123,14 María Trinidad Sánchez,2021,50,val
1.8681266,-3.078092,-7.9177656,14 María Trinidad Sánchez,2021,51,val
-6.169062,-0.5003226,-9.03438,14 María Trinidad Sánchez,2021,52,val
-22.565477,-9.484327,-12.012962,15 Monte Cristi,2015,1,train
-22.329762,-8.213572,-11.272008,15 Monte Cristi,2015,2,train
-20.35781,-5.564032,-9.442733,15 Monte Cristi,2015,3,train
-20.500727,-3.9406574,-8.869964,15 Monte Cristi,2015,4,train
-17.683842,18.600237,-25.398733,15 Monte Cristi,2015,5,train
-23.054407,1.7918473,-5.620263,15 Monte Cristi,2015,6,train
-21.181175,2.6911278,-5.019892,15 Monte Cristi,2015,7,train
-21.195692,18.812777,-19.668118,15 Monte Cristi,2015,8,train
-26.495153,5.3504853,-1.776254,15 Monte Cristi,2015,9,train
-29.52074,5.264978,1.1963804,15 Monte Cristi,2015,10,train
-31.36792,7.277987,2.339534,15 Monte Cristi,2015,11,train
-25.301619,8.7516,3.7944486,15 Monte Cristi,2015,12,train
-22.846348,12.426083,7.802087,15 Monte Cristi,2015,13,train
-26.987553,14.148373,6.9722295,15 Monte Cristi,2015,14,train
-28.042812,16.258987,10.054752,15 Monte Cristi,2015,15,train
-26.085135,16.442617,10.726505,15 Monte Cristi,2015,16,train
-3.6081786,14.771064,13.39373,15 Monte Cristi,2015,17,train
-3.613373,15.075897,14.218547,15 Monte Cristi,2015,18,train
-4.1020727,18.226437,18.195826,15 Monte Cristi,2015,19,train
-3.494364,19.513977,17.575478,15 Monte Cristi,2015,20,train
-2.611257,18.922377,16.973444,15 Monte Cristi,2015,21,train
-0.577235,18.034355,15.406475,15 Monte Cristi,2015,22,train
1.7599066,17.245697,15.892897,15 Monte Cristi,2015,23,train
3.3769176,17.610954,16.540707,15 Monte Cristi,2015,24,train
5.070534,18.277744,17.224812,15 Monte Cristi,2015,25,train
6.1817174,17.649773,18.215492,15 Monte Cristi,2015,26,train
23.747694,5.7330217,9.650816,15 Monte Cristi,2015,27,train
23.2075,5.1610928,8.329652,15 Monte Cristi,2015,28,train
24.267988,4.615436,8.782697,15 Monte Cristi,2015,29,train
22.671694,3.6055586,8.225465,15 Monte Cristi,2015,30,train
25.328096,4.1421394,9.006509,15 Monte Cristi,2015,31,train
24.137135,4.016874,8.801877,15 Monte Cristi,2015,32,train
23.68601,3.9228642,8.392101,15 Monte Cristi,2015,33,train
24.560383,2.888949,7.313494,15 Monte Cristi,2015,34,train
25.844564,-13.033596,-6.048779,15 Monte Cristi,2015,35,train
22.123375,-12.985547,-6.3474207,15 Monte Cristi,2015,36,train
25.471872,-14.813045,-6.8117332,15 Monte Cristi,2015,37,train
21.6545,-14.751988,-7.2678876,15 Monte Cristi,2015,38,train
20.485464,-14.982487,-7.5604453,15 Monte Cristi,2015,39,train
17.994658,-17.619738,-7.8344865,15 Monte Cristi,2015,40,train
17.643326,-17.614193,-9.199843,15 Monte Cristi,2015,41,train
16.900097,-18.472845,-9.340415,15 Monte Cristi,2015,42,train
13.428686,-16.88581,-10.228389,15 Monte Cristi,2015,43,train
13.197057,-18.117199,-11.078533,15 Monte Cristi,2015,44,train
11.796772,-19.846169,-12.716201,15 Monte Cristi,2015,45,train
10.902642,-20.791286,-13.113103,15 Monte Cristi,2015,46,train
8.182705,-20.133728,-12.791708,15 Monte Cristi,2015,47,train
5.3370204,-17.037062,-11.594881,15 Monte Cristi,2015,48,train
-11.669656,-21.30157,-17.040672,15 Monte Cristi,2015,49,train
-10.199717,-19.32291,-14.143566,15 Monte Cristi,2015,50,train
-14.36965,-20.26675,-16.011934,15 Monte Cristi,2015,51,train
-22.726994,-11.355852,-11.120186,15 Monte Cristi,2015,52,train
-20.231527,-6.249092,-6.7694507,15 Monte Cristi,2016,1,train
-21.820423,-5.992405,-6.3393393,15 Monte Cristi,2016,2,train
-21.911789,-5.4900246,-7.032374,15 Monte Cristi,2016,3,train
-23.199238,-5.511532,-6.9655523,15 Monte Cristi,2016,4,train
-23.255486,-1.9605241,-3.105114,15 Monte Cristi,2016,5,train
-23.849314,-1.268456,-4.2408,15 Monte Cristi,2016,6,train
-25.816301,-0.73620814,-3.3342066,15 Monte Cristi,2016,7,train
-24.289108,0.10442693,-2.7076747,15 Monte Cristi,2016,8,train
-24.222664,0.9747374,-1.9409027,15 Monte Cristi,2016,9,train
-28.330992,4.726655,1.8599399,15 Monte Cristi,2016,10,train
-25.074568,6.594288,4.0920634,15 Monte Cristi,2016,11,train
-26.754791,10.914708,7.103332,15 Monte Cristi,2016,12,train
-25.729342,13.147514,9.098464,15 Monte Cristi,2016,13,train
-21.397717,14.477334,9.64318,15 Monte Cristi,2016,14,train
-23.003475,14.892477,10.0379095,15 Monte Cristi,2016,15,train
-22.526047,16.3526,11.307433,15 Monte Cristi,2016,16,train
-18.809942,18.408794,10.856226,15 Monte Cristi,2016,17,train
-18.281918,16.592686,12.455549,15 Monte Cristi,2016,18,train
-2.807182,18.108795,14.922165,15 Monte Cristi,2016,19,train
-1.6930456,17.697708,17.062277,15 Monte Cristi,2016,20,train
2.95558,27.829208,4.5574703,15 Monte Cristi,2016,21,train
1.119439,18.479807,13.722048,15 Monte Cristi,2016,22,train
2.1244445,15.408982,14.420206,15 Monte Cristi,2016,23,train
3.5509393,14.585438,15.364879,15 Monte Cristi,2016,24,train
5.6372457,16.79966,17.08741,15 Monte Cristi,2016,25,train
6.513621,16.555492,17.111284,15 Monte Cristi,2016,26,train
18.69474,9.214482,12.293422,15 Monte Cristi,2016,27,train
18.988132,9.401544,12.28391,15 Monte Cristi,2016,28,train
18.304235,9.357604,12.598085,15 Monte Cristi,2016,29,train
18.83987,9.707384,12.851096,15 Monte Cristi,2016,30,train
19.739395,10.004148,13.179803,15 Monte Cristi,2016,31,train
17.389282,10.281232,12.937635,15 Monte Cristi,2016,32,train
18.069109,9.785285,13.391777,15 Monte Cristi,2016,33,train
14.228406,11.605024,8.866949,15 Monte Cristi,2016,34,train
24.078737,-7.709061,-11.010911,15 Monte Cristi,2016,35,train
23.831902,-7.399023,-13.00345,15 Monte Cristi,2016,36,train
25.168098,-7.693242,-13.297659,15 Monte Cristi,2016,37,train
22.597471,-7.3562536,-14.047779,15 Monte Cristi,2016,38,train
25.548908,-8.567306,-14.630981,15 Monte Cristi,2016,39,train
17.725222,-10.304398,-18.452837,15 Monte Cristi,2016,40,train
15.161903,-10.172752,-17.784147,15 Monte Cristi,2016,41,train
12.831047,1.40855,-29.563238,15 Monte Cristi,2016,42,train
12.415246,0.14450441,-30.95884,15 Monte Cristi,2016,43,train
11.028211,-11.523423,-22.994131,15 Monte Cristi,2016,44,train
9.803164,3.0427995,-36.20518,15 Monte Cristi,2016,45,train
7.861699,-0.13706468,-32.97375,15 Monte Cristi,2016,46,train
7.1347632,-11.595853,-24.457157,15 Monte Cristi,2016,47,train
-6.4627333,-11.525172,-26.494064,15 Monte Cristi,2016,48,train
-8.1559305,-12.767809,-25.332565,15 Monte Cristi,2016,49,train
-9.057162,-11.784803,-25.25878,15 Monte Cristi,2016,50,train
-10.973493,-11.165159,-25.866882,15 Monte Cristi,2016,51,train
-16.285461,-2.6302733,-16.11375,15 Monte Cristi,2016,52,train
-16.508324,-1.5842156,-16.097532,15 Monte Cristi,2017,1,train
-20.398874,0.21391489,-19.380608,15 Monte Cristi,2017,2,train
-16.441408,2.5619066,-15.561089,15 Monte Cristi,2017,3,train
-17.042673,2.4963267,-14.732262,15 Monte Cristi,2017,4,train
-20.970476,5.0609655,-11.36886,15 Monte Cristi,2017,5,train
-20.55492,4.9580526,-10.107493,15 Monte Cristi,2017,6,train
-19.094866,5.5579057,-8.394887,15 Monte Cristi,2017,7,train
-19.352568,7.4604597,-7.1917195,15 Monte Cristi,2017,8,train
-26.160442,9.164271,-7.262505,15 Monte Cristi,2017,9,train
-25.504965,10.549759,-6.709734,15 Monte Cristi,2017,10,train
-21.768454,11.401593,-1.9527297,15 Monte Cristi,2017,11,train
-20.49943,25.21598,-14.254027,15 Monte Cristi,2017,12,train
-20.368677,14.8930435,1.6348928,15 Monte Cristi,2017,13,train
-20.324131,17.410952,6.838976,15 Monte Cristi,2017,14,train
-20.75835,17.624416,6.229928,15 Monte Cristi,2017,15,train
-19.734316,22.735233,9.447317,15 Monte Cristi,2017,16,train
-14.745174,22.943506,10.922118,15 Monte Cristi,2017,17,train
-15.447016,21.751083,10.596773,15 Monte Cristi,2017,18,train
-15.915762,20.029047,10.225493,15 Monte Cristi,2017,19,train
-1.7683696,22.676348,12.253034,15 Monte Cristi,2017,20,train
-0.77966005,17.510876,15.761568,15 Monte Cristi,2017,21,train
0.60199124,18.721395,16.480858,15 Monte Cristi,2017,22,train
1.9831514,17.078268,16.632574,15 Monte Cristi,2017,23,train
4.041083,17.11306,16.811329,15 Monte Cristi,2017,24,train
5.824342,18.788162,16.80152,15 Monte Cristi,2017,25,train
6.4174123,17.109041,15.431772,15 Monte Cristi,2017,26,train
16.821947,11.776438,12.1271925,15 Monte Cristi,2017,27,train
14.147726,11.307697,8.923319,15 Monte Cristi,2017,28,train
17.09847,11.427361,12.778881,15 Monte Cristi,2017,29,train
14.98884,10.872863,11.485757,15 Monte Cristi,2017,30,train
17.318163,12.001057,12.790438,15 Monte Cristi,2017,31,train
14.78164,10.59821,11.638261,15 Monte Cristi,2017,32,train
16.733957,11.207239,13.022498,15 Monte Cristi,2017,33,train
15.70224,10.512908,11.970915,15 Monte Cristi,2017,34,train
22.578016,-8.456334,-11.572215,15 Monte Cristi,2017,35,train
20.887886,5.2705398,-27.57476,15 Monte Cristi,2017,36,train
16.234634,-7.0402565,-14.148792,15 Monte Cristi,2017,37,train
21.285923,3.1365702,-25.06502,15 Monte Cristi,2017,38,train
17.498005,-8.727729,-15.58694,15 Monte Cristi,2017,39,train
16.509886,-9.155123,-16.774168,15 Monte Cristi,2017,40,train
14.935572,-11.152825,-17.45847,15 Monte Cristi,2017,41,train
14.668287,-13.920714,-18.70866,15 Monte Cristi,2017,42,train
12.236811,-13.806296,-18.775187,15 Monte Cristi,2017,43,train
10.713521,-11.832225,-20.068213,15 Monte Cristi,2017,44,train
9.45791,-11.097224,-23.172132,15 Monte Cristi,2017,45,train
7.3108363,1.0171747,-31.358238,15 Monte Cristi,2017,46,train
7.022413,-10.010975,-20.53065,15 Monte Cristi,2017,47,train
6.0459332,-9.992935,-19.90667,15 Monte Cristi,2017,48,train
6.321946,-12.793219,-21.366653,15 Monte Cristi,2017,49,train
5.3168955,-12.324788,-19.16648,15 Monte Cristi,2017,50,train
5.601695,-11.788481,-19.897429,15 Monte Cristi,2017,51,train
-0.3800846,-3.1846304,2.673515,15 Monte Cristi,2017,52,train
-12.894171,9.934354,-29.060848,15 Monte Cristi,2018,1,train
-17.963467,-0.5772617,-18.97705,15 Monte Cristi,2018,2,train
-18.38848,-0.47829774,-17.002747,15 Monte Cristi,2018,3,train
-20.977842,0.2432956,-18.434248,15 Monte Cristi,2018,4,train
-21.539097,6.3622866,-11.871103,15 Monte Cristi,2018,5,train
-25.027342,7.0254974,-12.310984,15 Monte Cristi,2018,6,train
-26.14844,7.6554313,-10.718247,15 Monte Cristi,2018,7,train
-27.085897,8.631357,-9.948883,15 Monte Cristi,2018,8,train
-22.47337,9.763233,-7.846778,15 Monte Cristi,2018,9,train
-20.504408,11.79395,-5.549702,15 Monte Cristi,2018,10,train
-20.781599,13.017461,-3.2139325,15 Monte Cristi,2018,11,train
-21.099247,14.019125,-0.8323611,15 Monte Cristi,2018,12,train
-25.683462,15.363927,-1.7871306,15 Monte Cristi,2018,13,train
-20.594208,16.533676,3.8709445,15 Monte Cristi,2018,14,train
-24.637154,18.324814,6.8705616,15 Monte Cristi,2018,15,train
-24.169424,18.85023,8.825343,15 Monte Cristi,2018,16,train
-20.642826,17.948608,10.010329,15 Monte Cristi,2018,17,train
-20.34237,20.444353,9.462898,15 Monte Cristi,2018,18,train
-23.135973,19.007738,13.376282,15 Monte Cristi,2018,19,train
-24.4296,21.407867,15.135181,15 Monte Cristi,2018,20,train
-1.7910672,19.148031,17.033632,15 Monte Cristi,2018,21,train
-0.116935186,19.03039,16.403572,15 Monte Cristi,2018,22,train
1.1551759,17.17845,16.232975,15 Monte Cristi,2018,23,train
2.6980236,17.387466,17.358099,15 Monte Cristi,2018,24,train
4.1631293,15.4454565,14.696356,15 Monte Cristi,2018,25,train
5.764112,17.245735,16.178654,15 Monte Cristi,2018,26,train
18.59915,8.2399235,10.192831,15 Monte Cristi,2018,27,train
19.252432,7.3176937,11.293412,15 Monte Cristi,2018,28,train
20.467424,8.354741,10.968117,15 Monte Cristi,2018,29,train
21.077847,8.249718,11.763681,15 Monte Cristi,2018,30,train
21.603403,8.888719,11.146614,15 Monte Cristi,2018,31,train
20.682203,7.2763977,10.174464,15 Monte Cristi,2018,32,train
21.485134,7.665164,10.2381525,15 Monte Cristi,2018,33,train
21.400314,7.0348206,11.08065,15 Monte Cristi,2018,34,train
23.265762,-11.468926,-9.323203,15 Monte Cristi,2018,35,train
21.09161,-11.29935,-8.806495,15 Monte Cristi,2018,36,train
22.802382,-12.450245,-9.75664,15 Monte Cristi,2018,37,train
22.941704,-11.776251,-9.235564,15 Monte Cristi,2018,38,train
23.42821,-13.844565,-11.128681,15 Monte Cristi,2018,39,train
14.8698225,-14.519933,-12.886661,15 Monte Cristi,2018,40,train
13.532015,-15.3712845,-13.648853,15 Monte Cristi,2018,41,train
13.320522,-18.386177,-16.36273,15 Monte Cristi,2018,42,train
10.583476,-16.705416,-15.114136,15 Monte Cristi,2018,43,train
10.096085,-17.698805,-15.663454,15 Monte Cristi,2018,44,train
8.474177,-17.609663,-15.585745,15 Monte Cristi,2018,45,train
8.145667,-18.20936,-15.861025,15 Monte Cristi,2018,46,train
6.52517,-16.659782,-14.387592,15 Monte Cristi,2018,47,train
5.8088975,-16.419538,-14.34323,15 Monte Cristi,2018,48,train
5.4214373,-17.435673,-14.83243,15 Monte Cristi,2018,49,train
-9.911173,-20.28248,-10.970406,15 Monte Cristi,2018,50,train
-9.24362,-17.333658,-12.107138,15 Monte Cristi,2018,51,train
-21.788504,-10.09441,-13.109427,15 Monte Cristi,2018,52,train
-19.869917,-11.270796,-7.4946246,15 Monte Cristi,2019,1,train
-19.538336,-9.199495,-7.223594,15 Monte Cristi,2019,2,train
-19.130852,-8.441089,-5.443565,15 Monte Cristi,2019,3,train
-21.67438,-8.603514,-6.558444,15 Monte Cristi,2019,4,train
-22.883898,-1.4456395,-1.9675013,15 Monte Cristi,2019,5,train
-24.654959,-0.07505928,-5.595757,15 Monte Cristi,2019,6,train
-23.141195,0.6386884,-3.122498,15 Monte Cristi,2019,7,train
-28.666103,2.1968994,-0.68806475,15 Monte Cristi,2019,8,train
-27.742174,2.5924764,0.12501402,15 Monte Cristi,2019,9,train
-25.657145,5.649248,0.885624,15 Monte Cristi,2019,10,train
-28.584068,6.8214016,3.08713,15 Monte Cristi,2019,11,train
-22.348465,8.830341,5.642946,15 Monte Cristi,2019,12,train
-20.647175,12.678951,5.737949,15 Monte Cristi,2019,13,train
-25.448713,16.309559,8.11617,15 Monte Cristi,2019,14,train
-23.325384,15.983514,10.457101,15 Monte Cristi,2019,15,train
-26.674334,17.57396,12.633045,15 Monte Cristi,2019,16,train
-22.801077,15.689041,11.909469,15 Monte Cristi,2019,17,train
-3.3484173,17.245802,15.36386,15 Monte Cristi,2019,18,train
-3.2144408,17.911636,15.234873,15 Monte Cristi,2019,19,train
-2.0600224,16.446634,14.593173,15 Monte Cristi,2019,20,train
-1.0625234,18.159388,12.887354,15 Monte Cristi,2019,21,train
0.07426655,18.582027,12.769058,15 Monte Cristi,2019,22,train
1.6803304,16.6665,13.670764,15 Monte Cristi,2019,23,train
3.4994478,16.68815,16.125322,15 Monte Cristi,2019,24,train
5.2027826,16.302336,17.099472,15 Monte Cristi,2019,25,train
6.299429,16.95353,16.522594,15 Monte Cristi,2019,26,train
21.548937,3.3034084,6.59616,15 Monte Cristi,2019,27,train
25.096199,2.1501656,6.457779,15 Monte Cristi,2019,28,train
26.24009,1.6508749,4.9629335,15 Monte Cristi,2019,29,train
26.330341,0.7786184,5.957663,15 Monte Cristi,2019,30,train
25.571024,0.70788246,4.2717414,15 Monte Cristi,2019,31,train
24.760763,0.16866054,4.955221,15 Monte Cristi,2019,32,train
26.17783,-0.34725553,5.5291953,15 Monte Cristi,2019,33,train
24.99558,-0.04953747,4.977109,15 Monte Cristi,2019,34,train
23.680353,-8.973318,-2.8444011,15 Monte Cristi,2019,35,train
25.617697,-12.422151,-4.73452,15 Monte Cristi,2019,36,train
21.739779,-12.245921,-6.4006324,15 Monte Cristi,2019,37,train
24.988758,9.817615,-20.251492,15 Monte Cristi,2019,38,train
20.253744,8.839263,-21.099712,15 Monte Cristi,2019,39,train
19.445305,8.300918,-23.083128,15 Monte Cristi,2019,40,train
15.647905,-16.761232,-12.744528,15 Monte Cristi,2019,41,train
13.864308,-17.103666,-12.715655,15 Monte Cristi,2019,42,train
13.109738,-18.985317,-14.353872,15 Monte Cristi,2019,43,train
11.094147,-19.814632,-14.356175,15 Monte Cristi,2019,44,train
9.6776285,-19.501354,-12.9260435,15 Monte Cristi,2019,45,train
7.7055826,-16.814167,-12.599505,15 Monte Cristi,2019,46,train
5.539413,-17.756344,-11.76182,15 Monte Cristi,2019,47,train
5.0543346,-17.618198,-11.305757,15 Monte Cristi,2019,48,train
-7.3576765,-17.071741,-14.49882,15 Monte Cristi,2019,49,train
-10.94586,-18.799728,-16.306942,15 Monte Cristi,2019,50,train
-11.60518,-17.988855,-14.957027,15 Monte Cristi,2019,51,train
-18.047255,-10.3715515,-6.763758,15 Monte Cristi,2019,52,train
-18.583958,-8.843321,-9.9471445,15 Monte Cristi,2020,1,val
-21.20164,-9.2194395,-10.054428,15 Monte Cristi,2020,2,val
-22.717058,-8.645362,-10.770121,15 Monte Cristi,2020,3,val
-17.678282,-4.083859,-8.247544,15 Monte Cristi,2020,4,val
-18.591835,0.08963638,-3.1016996,15 Monte Cristi,2020,5,val
-22.772116,0.6097307,-2.9894862,15 Monte Cristi,2020,6,val
-26.181181,2.8305097,-3.3212347,15 Monte Cristi,2020,7,val
-24.255314,3.7351758,-3.266816,15 Monte Cristi,2020,8,val
-23.033497,4.896717,-2.8675802,15 Monte Cristi,2020,9,val
-24.29904,5.9301925,-2.0124974,15 Monte Cristi,2020,10,val
-23.785223,6.8788004,0.13346022,15 Monte Cristi,2020,11,val
-27.128862,9.423264,3.36941,15 Monte Cristi,2020,12,val
-23.79899,12.406809,6.4806333,15 Monte Cristi,2020,13,val
-19.863853,14.846812,7.2411427,15 Monte Cristi,2020,14,val
-19.84246,15.964677,9.960953,15 Monte Cristi,2020,15,val
-23.615257,19.151985,12.438696,15 Monte Cristi,2020,16,val
-21.654427,18.637684,13.912808,15 Monte Cristi,2020,17,val
-21.177906,19.74571,14.2695875,15 Monte Cristi,2020,18,val
-17.248917,20.968187,13.978626,15 Monte Cristi,2020,19,val
-18.729073,20.104788,16.218468,15 Monte Cristi,2020,20,val
-14.716618,22.622211,16.080456,15 Monte Cristi,2020,21,val
-13.012699,21.096668,16.62896,15 Monte Cristi,2020,22,val
-14.287567,23.414635,20.169956,15 Monte Cristi,2020,23,val
3.6712563,16.16923,16.29364,15 Monte Cristi,2020,24,val
5.775735,17.53548,17.757141,15 Monte Cristi,2020,25,val
6.7334547,17.776283,16.853941,15 Monte Cristi,2020,26,val
15.688282,10.047868,12.52802,15 Monte Cristi,2020,27,val
16.927422,10.335199,13.367284,15 Monte Cristi,2020,28,val
17.60768,10.89112,13.380143,15 Monte Cristi,2020,29,val
18.474426,11.5471115,13.513358,15 Monte Cristi,2020,30,val
15.842906,11.641097,11.916502,15 Monte Cristi,2020,31,val
14.40308,11.274607,11.552765,15 Monte Cristi,2020,32,val
15.771749,12.240319,11.768666,15 Monte Cristi,2020,33,val
14.933062,12.755415,10.338533,15 Monte Cristi,2020,34,val
20.968504,-7.376335,-13.841616,15 Monte Cristi,2020,35,val
22.138006,-7.6856704,-16.099901,15 Monte Cristi,2020,36,val
21.662872,-6.497486,-14.579879,15 Monte Cristi,2020,37,val
20.12358,-6.4458065,-15.195199,15 Monte Cristi,2020,38,val
21.318834,-6.150498,-13.889081,15 Monte Cristi,2020,39,val
22.784756,-7.7182126,-16.354713,15 Monte Cristi,2020,40,val
19.330711,-10.287439,-18.405582,15 Monte Cristi,2020,41,val
15.173447,-12.238813,-20.746372,15 Monte Cristi,2020,42,val
12.723609,-11.021113,-18.168446,15 Monte Cristi,2020,43,val
13.079136,-14.88748,-22.493288,15 Monte Cristi,2020,44,val
9.254888,-0.9477362,-32.46795,15 Monte Cristi,2020,45,val
9.011579,-12.342306,-23.334621,15 Monte Cristi,2020,46,val
7.1335244,-10.956028,-22.078018,15 Monte Cristi,2020,47,val
6.0474744,-11.553637,-20.920359,15 Monte Cristi,2020,48,val
5.2419744,-12.783715,-18.264927,15 Monte Cristi,2020,49,val
4.68999,-10.771006,-17.737238,15 Monte Cristi,2020,50,val
4.7725906,-10.310805,-17.488352,15 Monte Cristi,2020,51,val
-0.18229741,-2.0548906,1.4422302,15 Monte Cristi,2020,52,val
-0.8297404,-3.2757304,2.3989484,15 Monte Cristi,2021,1,val
-15.129508,1.2020054,-17.769438,15 Monte Cristi,2021,2,val
-16.66793,1.0817249,-17.646463,15 Monte Cristi,2021,3,val
-18.107561,2.863317,-18.631153,15 Monte Cristi,2021,4,val
-17.82872,6.8325176,-11.825066,15 Monte Cristi,2021,5,val
-22.382538,8.054341,-11.311673,15 Monte Cristi,2021,6,val
-22.586735,9.861885,-10.378929,15 Monte Cristi,2021,7,val
-25.06021,10.608796,-9.607599,15 Monte Cristi,2021,8,val
-19.369911,10.685282,-6.2899065,15 Monte Cristi,2021,9,val
-23.520838,9.641365,-6.5708036,15 Monte Cristi,2021,10,val
-24.835543,12.806284,-5.2650642,15 Monte Cristi,2021,11,val
-23.434414,14.493722,-0.7865431,15 Monte Cristi,2021,12,val
-22.990013,17.672884,1.7868333,15 Monte Cristi,2021,13,val
-21.906166,18.338675,3.3934584,15 Monte Cristi,2021,14,val
-18.213371,16.54822,3.3671987,15 Monte Cristi,2021,15,val
-20.486008,18.619057,8.480005,15 Monte Cristi,2021,16,val
-22.38267,20.36185,8.920046,15 Monte Cristi,2021,17,val
-22.175049,20.746317,11.158238,15 Monte Cristi,2021,18,val
-21.339296,21.008387,13.221863,15 Monte Cristi,2021,19,val
-16.919641,21.665096,11.473846,15 Monte Cristi,2021,20,val
-16.96756,22.498499,13.301493,15 Monte Cristi,2021,21,val
-16.926228,24.073046,15.830577,15 Monte Cristi,2021,22,val
-12.790045,21.755983,16.129059,15 Monte Cristi,2021,23,val
3.8563473,17.356695,16.890966,15 Monte Cristi,2021,24,val
5.361549,18.933435,13.898247,15 Monte Cristi,2021,25,val
6.2544823,15.033019,16.741302,15 Monte Cristi,2021,26,val
16.659668,11.181025,13.084194,15 Monte Cristi,2021,27,val
16.387194,11.804943,11.998333,15 Monte Cristi,2021,28,val
15.98809,10.904926,12.369356,15 Monte Cristi,2021,29,val
16.08359,11.483316,11.940754,15 Monte Cristi,2021,30,val
16.922169,11.636523,12.377521,15 Monte Cristi,2021,31,val
16.13562,11.020043,11.216669,15 Monte Cristi,2021,32,val
16.690332,11.426821,11.379438,15 Monte Cristi,2021,33,val
16.627676,9.904349,12.160705,15 Monte Cristi,2021,34,val
21.923496,-4.6039634,-10.13014,15 Monte Cristi,2021,35,val
25.136024,-7.040459,-13.091814,15 Monte Cristi,2021,36,val
22.547379,-6.0304904,-13.7969885,15 Monte Cristi,2021,37,val
19.347736,-6.2729287,-15.118512,15 Monte Cristi,2021,38,val
19.43425,-6.1865053,-14.436052,15 Monte Cristi,2021,39,val
21.517834,-7.7170053,-15.827491,15 Monte Cristi,2021,40,val
13.856383,-8.858242,-18.162434,15 Monte Cristi,2021,41,val
13.396202,-11.303941,-19.174019,15 Monte Cristi,2021,42,val
11.074989,-11.347711,-17.201336,15 Monte Cristi,2021,43,val
10.2953615,-12.3116865,-18.70375,15 Monte Cristi,2021,44,val
9.186077,-13.617742,-19.452349,15 Monte Cristi,2021,45,val
8.332449,-14.701932,-20.381325,15 Monte Cristi,2021,46,val
5.931993,-11.845921,-18.931435,15 Monte Cristi,2021,47,val
-4.3526745,-9.653274,-25.392942,15 Monte Cristi,2021,48,val
-7.235576,-10.546842,-25.751366,15 Monte Cristi,2021,49,val
-9.524864,-11.026607,-27.231302,15 Monte Cristi,2021,50,val
-5.9669266,-8.079608,-22.067636,15 Monte Cristi,2021,51,val
-16.521883,-0.6040466,-18.842878,15 Monte Cristi,2021,52,val
-21.56964,-10.9041815,-8.105913,16 Pedernales,2015,1,train
-20.694906,-9.500261,-5.716384,16 Pedernales,2015,2,train
-20.636623,-7.2985106,-5.7850375,16 Pedernales,2015,3,train
-20.415873,-4.219356,-7.295398,16 Pedernales,2015,4,train
-21.133762,-1.1742347,-3.6756454,16 Pedernales,2015,5,train
-21.84872,-0.087774105,-1.9739059,16 Pedernales,2015,6,train
-19.853834,1.8986511,-4.2378907,16 Pedernales,2015,7,train
-22.489477,2.7043564,-0.076942295,16 Pedernales,2015,8,train
-25.078701,3.0444496,2.6847575,16 Pedernales,2015,9,train
-26.415464,3.7871513,4.1250157,16 Pedernales,2015,10,train
-27.81161,5.357891,5.751641,16 Pedernales,2015,11,train
-20.989351,8.126974,5.4904904,16 Pedernales,2015,12,train
-22.557728,10.427624,8.241581,16 Pedernales,2015,13,train
-23.58694,11.218219,10.163388,16 Pedernales,2015,14,train
-25.291077,13.677515,12.336926,16 Pedernales,2015,15,train
-24.564007,14.022144,13.030217,16 Pedernales,2015,16,train
-3.874763,13.265705,14.805321,16 Pedernales,2015,17,train
-4.285067,12.787528,16.634974,16 Pedernales,2015,18,train
-4.43849,16.672127,17.774845,16 Pedernales,2015,19,train
-4.0204334,16.273811,18.50719,16 Pedernales,2015,20,train
-2.924064,15.998271,17.81497,16 Pedernales,2015,21,train
-2.2489817,15.340939,17.093695,16 Pedernales,2015,22,train
-0.075603545,17.31431,18.029898,16 Pedernales,2015,23,train
1.4922988,16.010033,18.794336,16 Pedernales,2015,24,train
3.838929,16.63749,19.223173,16 Pedernales,2015,25,train
5.320408,16.418798,18.967434,16 Pedernales,2015,26,train
23.383444,2.786517,11.006411,16 Pedernales,2015,27,train
23.053139,2.668342,10.858857,16 Pedernales,2015,28,train
23.369982,3.3674915,10.3324795,16 Pedernales,2015,29,train
23.658726,2.8653078,11.005411,16 Pedernales,2015,30,train
24.367897,2.9619663,11.3888645,16 Pedernales,2015,31,train
25.178839,3.230799,11.265392,16 Pedernales,2015,32,train
23.418833,2.150125,11.063048,16 Pedernales,2015,33,train
23.832388,2.8374608,10.515474,16 Pedernales,2015,34,train
27.713549,10.012577,-19.00117,16 Pedernales,2015,35,train
21.740528,-13.087751,-6.4255505,16 Pedernales,2015,36,train
24.435936,-14.38987,-4.5265536,16 Pedernales,2015,37,train
21.451391,-14.662971,-4.4440336,16 Pedernales,2015,38,train
20.729908,-15.396661,-6.301411,16 Pedernales,2015,39,train
17.218845,-16.214006,-7.83915,16 Pedernales,2015,40,train
17.699322,-19.387302,-8.386748,16 Pedernales,2015,41,train
16.10875,-19.267145,-9.696581,16 Pedernales,2015,42,train
13.5438385,-17.034285,-9.579509,16 Pedernales,2015,43,train
12.462995,-16.668425,-9.720039,16 Pedernales,2015,44,train
10.626294,-19.318863,-11.641399,16 Pedernales,2015,45,train
9.914521,-20.365631,-12.451545,16 Pedernales,2015,46,train
8.134736,-19.35326,-11.464774,16 Pedernales,2015,47,train
-6.1395235,-18.78004,-13.16354,16 Pedernales,2015,48,train
-9.68641,-20.775644,-16.331251,16 Pedernales,2015,49,train
-10.47801,-20.124722,-14.992907,16 Pedernales,2015,50,train
-11.468137,-18.583237,-14.762272,16 Pedernales,2015,51,train
-21.761503,-11.050907,-9.218323,16 Pedernales,2015,52,train
-20.522259,-6.450145,-5.5726166,16 Pedernales,2016,1,train
-20.957205,-5.736398,-4.90806,16 Pedernales,2016,2,train
-20.969065,-5.2791023,-4.731092,16 Pedernales,2016,3,train
-23.728111,-6.119746,-5.1540627,16 Pedernales,2016,4,train
-22.909693,-3.1039681,-2.4653087,16 Pedernales,2016,5,train
-24.267208,-2.3568676,-2.1035655,16 Pedernales,2016,6,train
-24.340914,-1.9842403,-1.7003067,16 Pedernales,2016,7,train
-24.722101,-1.3770405,-1.0699767,16 Pedernales,2016,8,train
-22.782621,0.26422265,-0.18437847,16 Pedernales,2016,9,train
-23.299883,3.090944,3.981944,16 Pedernales,2016,10,train
-24.201899,5.852551,5.2619224,16 Pedernales,2016,11,train
-26.054747,8.632846,8.376256,16 Pedernales,2016,12,train
-24.771933,11.529315,10.383547,16 Pedernales,2016,13,train
-21.991,12.699221,10.42738,16 Pedernales,2016,14,train
-19.448185,13.395909,9.11381,16 Pedernales,2016,15,train
-20.860298,15.171478,11.667815,16 Pedernales,2016,16,train
-11.430828,29.76941,1.0597261,16 Pedernales,2016,17,train
-18.839699,19.61841,12.2971325,16 Pedernales,2016,18,train
-18.774294,20.96014,13.588454,16 Pedernales,2016,19,train
-20.145626,19.933056,16.99919,16 Pedernales,2016,20,train
-0.9035839,17.583412,16.991022,16 Pedernales,2016,21,train
0.59511375,18.032133,15.549864,16 Pedernales,2016,22,train
1.8913761,15.38054,17.632166,16 Pedernales,2016,23,train
3.4128551,14.402048,18.168867,16 Pedernales,2016,24,train
4.871863,14.688833,16.884047,16 Pedernales,2016,25,train
5.8341455,14.298315,17.280891,16 Pedernales,2016,26,train
17.478722,7.0066276,13.238185,16 Pedernales,2016,27,train
16.48207,6.9221215,13.595848,16 Pedernales,2016,28,train
16.676996,7.246072,13.141352,16 Pedernales,2016,29,train
17.391367,7.23941,13.997054,16 Pedernales,2016,30,train
16.73635,9.898358,11.593546,16 Pedernales,2016,31,train
14.848154,8.245238,14.178331,16 Pedernales,2016,32,train
14.949553,7.4818106,14.659385,16 Pedernales,2016,33,train
13.2926035,10.978709,9.104786,16 Pedernales,2016,34,train
25.813046,-4.8850923,-10.446133,16 Pedernales,2016,35,train
25.818367,-4.472436,-11.541387,16 Pedernales,2016,36,train
25.349674,-4.036143,-11.402973,16 Pedernales,2016,37,train
22.324232,-5.6701307,-12.288498,16 Pedernales,2016,38,train
25.556427,-6.3953705,-13.78235,16 Pedernales,2016,39,train
17.977203,6.187527,-34.65652,16 Pedernales,2016,40,train
14.129592,-9.597103,-18.098902,16 Pedernales,2016,41,train
12.626815,0.3082999,-29.090057,16 Pedernales,2016,42,train
11.002924,-9.130749,-19.826412,16 Pedernales,2016,43,train
10.211883,-10.106567,-19.763842,16 Pedernales,2016,44,train
9.183118,-9.8271265,-19.88392,16 Pedernales,2016,45,train
7.5662594,2.1209037,-30.322472,16 Pedernales,2016,46,train
7.1132364,-11.783015,-21.24958,16 Pedernales,2016,47,train
6.0894127,-10.941332,-19.943874,16 Pedernales,2016,48,train
5.7047944,-12.741896,-19.209526,16 Pedernales,2016,49,train
5.841073,-12.945084,-19.124489,16 Pedernales,2016,50,train
5.310256,-12.946706,-17.459463,16 Pedernales,2016,51,train
-0.45261875,-4.244507,3.5090613,16 Pedernales,2016,52,train
-1.3761923,-5.5218496,4.2237315,16 Pedernales,2017,1,train
-1.1203179,-3.8341799,3.2430756,16 Pedernales,2017,2,train
-1.5329576,-3.852092,3.318663,16 Pedernales,2017,3,train
-1.9061751,-4.441928,4.0090537,16 Pedernales,2017,4,train
-1.8704633,-2.7224739,4.6918874,16 Pedernales,2017,5,train
-2.4591422,-3.2455695,5.6817303,16 Pedernales,2017,6,train
-1.4439625,-1.4227564,3.4550085,16 Pedernales,2017,7,train
-1.569421,-1.5487049,4.0280557,16 Pedernales,2017,8,train
-2.7100732,-2.4958453,6.475342,16 Pedernales,2017,9,train
-2.2172496,-1.6415576,5.8567667,16 Pedernales,2017,10,train
-1.9124955,-0.99000025,5.045758,16 Pedernales,2017,11,train
-20.214949,12.922425,-0.44075245,16 Pedernales,2017,12,train
-20.870153,13.367874,2.9332814,16 Pedernales,2017,13,train
-21.195847,11.294381,12.554755,16 Pedernales,2017,14,train
-19.021626,15.919578,6.5378656,16 Pedernales,2017,15,train
-16.56875,28.475163,-0.98809147,16 Pedernales,2017,16,train
-21.410948,19.293743,12.306863,16 Pedernales,2017,17,train
-19.72022,16.973211,14.217272,16 Pedernales,2017,18,train
-16.755247,17.586897,11.989009,16 Pedernales,2017,19,train
-18.395197,17.159803,19.368183,16 Pedernales,2017,20,train
-1.4516492,11.302342,18.779337,16 Pedernales,2017,21,train
-0.07095926,12.703043,19.06349,16 Pedernales,2017,22,train
1.1109688,11.157901,19.472622,16 Pedernales,2017,23,train
2.521666,12.42037,19.097668,16 Pedernales,2017,24,train
4.35418,12.7207,18.950727,16 Pedernales,2017,25,train
5.119833,11.272333,18.136898,16 Pedernales,2017,26,train
15.014638,6.843225,13.649238,16 Pedernales,2017,27,train
13.301719,7.8037825,12.525508,16 Pedernales,2017,28,train
14.268091,7.719862,14.208871,16 Pedernales,2017,29,train
14.006997,7.213962,14.422132,16 Pedernales,2017,30,train
14.933716,7.28121,14.988137,16 Pedernales,2017,31,train
13.200542,7.9165177,13.165871,16 Pedernales,2017,32,train
14.0122175,8.206817,13.700889,16 Pedernales,2017,33,train
13.212657,8.499145,11.850021,16 Pedernales,2017,34,train
21.565527,-6.6659803,-11.305732,16 Pedernales,2017,35,train
22.188713,4.093759,-22.947214,16 Pedernales,2017,36,train
19.334146,-7.7158527,-14.571841,16 Pedernales,2017,37,train
21.354877,3.1203542,-24.751501,16 Pedernales,2017,38,train
23.304508,-8.263454,-14.246322,16 Pedernales,2017,39,train
17.008522,-9.62074,-15.968327,16 Pedernales,2017,40,train
16.239334,3.2160347,-27.82784,16 Pedernales,2017,41,train
14.725724,-14.913223,-19.873436,16 Pedernales,2017,42,train
11.384619,-13.945637,-18.47777,16 Pedernales,2017,43,train
10.231107,-13.65878,-18.609177,16 Pedernales,2017,44,train
9.12104,-11.805777,-22.868422,16 Pedernales,2017,45,train
6.496745,2.5078197,-33.899624,16 Pedernales,2017,46,train
6.704263,-12.107049,-20.255571,16 Pedernales,2017,47,train
5.9847775,-12.212655,-18.679054,16 Pedernales,2017,48,train
6.101397,-13.771182,-20.577917,16 Pedernales,2017,49,train
4.675691,-12.204659,-17.40608,16 Pedernales,2017,50,train
4.7504797,-12.114969,-17.181686,16 Pedernales,2017,51,train
-0.6669288,-4.5310364,3.5760186,16 Pedernales,2017,52,train
-0.57974565,-3.4041781,2.8785195,16 Pedernales,2018,1,train
-1.4591793,-5.485407,4.6526904,16 Pedernales,2018,2,train
-1.5269434,-5.1339383,4.5782733,16 Pedernales,2018,3,train
-1.4322861,-4.500587,4.4511204,16 Pedernales,2018,4,train
-2.6773548,-3.671457,5.749987,16 Pedernales,2018,5,train
-3.2509658,-4.3757973,6.941019,16 Pedernales,2018,6,train
-3.267286,-3.9173584,7.08579,16 Pedernales,2018,7,train
-3.3493745,-3.6868758,7.483535,16 Pedernales,2018,8,train
-1.9855424,-1.9928437,5.242749,16 Pedernales,2018,9,train
-20.052002,-0.6180159,9.277233,16 Pedernales,2018,10,train
-20.607231,1.9264944,10.066937,16 Pedernales,2018,11,train
-20.636477,13.703474,-0.9983956,16 Pedernales,2018,12,train
-21.562258,14.645064,0.34508413,16 Pedernales,2018,13,train
-20.87782,15.465942,3.6870868,16 Pedernales,2018,14,train
-23.19209,11.793488,12.027796,16 Pedernales,2018,15,train
-22.294022,12.35205,13.959573,16 Pedernales,2018,16,train
-21.73206,16.97091,10.480588,16 Pedernales,2018,17,train
-21.64722,17.079529,14.152479,16 Pedernales,2018,18,train
-3.4340765,14.41043,17.05399,16 Pedernales,2018,19,train
-3.5244358,13.352497,20.12868,16 Pedernales,2018,20,train
-2.7837994,12.286538,19.645409,16 Pedernales,2018,21,train
-1.5019566,12.807636,19.97718,16 Pedernales,2018,22,train
-0.5644065,11.917752,19.976778,16 Pedernales,2018,23,train
0.61741847,11.634034,21.306301,16 Pedernales,2018,24,train
3.607236,14.342481,16.469173,16 Pedernales,2018,25,train
3.961759,11.155916,17.633015,16 Pedernales,2018,26,train
15.11077,2.0259383,13.2588,16 Pedernales,2018,27,train
15.675784,2.1423512,13.247328,16 Pedernales,2018,28,train
17.25983,4.066127,13.214186,16 Pedernales,2018,29,train
16.694601,3.3109794,13.030208,16 Pedernales,2018,30,train
15.976185,4.2245665,12.342554,16 Pedernales,2018,31,train
15.784675,2.0011256,13.164497,16 Pedernales,2018,32,train
17.21361,5.0851107,10.780575,16 Pedernales,2018,33,train
16.635492,3.6799743,11.620062,16 Pedernales,2018,34,train
24.045364,-8.043587,-5.864042,16 Pedernales,2018,35,train
22.38366,-9.507023,-5.6320405,16 Pedernales,2018,36,train
20.124445,-11.352402,-9.218338,16 Pedernales,2018,37,train
21.418211,-14.325026,0.6748095,16 Pedernales,2018,38,train
22.072323,-10.84023,-6.920628,16 Pedernales,2018,39,train
13.916234,-15.15863,-13.290461,16 Pedernales,2018,40,train
12.973795,-15.840326,-14.014195,16 Pedernales,2018,41,train
11.669614,-15.990564,-14.0385685,16 Pedernales,2018,42,train
10.348308,-15.964076,-14.170182,16 Pedernales,2018,43,train
8.847531,-16.666765,-14.922406,16 Pedernales,2018,44,train
7.1466646,-15.821673,-13.809639,16 Pedernales,2018,45,train
7.0591216,-18.375671,-14.243211,16 Pedernales,2018,46,train
5.851249,-17.814562,-12.574512,16 Pedernales,2018,47,train
3.7306652,-17.981096,-10.211076,16 Pedernales,2018,48,train
-9.215395,-20.67762,-10.346438,16 Pedernales,2018,49,train
-10.945467,-20.662565,-8.092245,16 Pedernales,2018,50,train
-10.459325,-19.537277,-7.5462685,16 Pedernales,2018,51,train
-19.248041,-13.957577,-3.4997292,16 Pedernales,2018,52,train
-19.479652,-12.364134,-2.333417,16 Pedernales,2019,1,train
-19.061865,-9.421813,-4.058194,16 Pedernales,2019,2,train
-19.107067,-8.816901,-3.1609077,16 Pedernales,2019,3,train
-20.997313,-10.202706,-1.4454886,16 Pedernales,2019,4,train
-22.38654,-3.3051243,-0.38347363,16 Pedernales,2019,5,train
-20.96352,-1.1119521,-2.5133734,16 Pedernales,2019,6,train
-23.641298,-1.5595765,0.80522054,16 Pedernales,2019,7,train
-24.903143,-1.3976744,3.450179,16 Pedernales,2019,8,train
-24.275118,-0.1547996,3.3258414,16 Pedernales,2019,9,train
-22.4404,3.0235274,3.3247914,16 Pedernales,2019,10,train
-23.647219,4.643263,5.459412,16 Pedernales,2019,11,train
-22.915836,6.655858,6.490744,16 Pedernales,2019,12,train
-20.038055,10.480053,6.085621,16 Pedernales,2019,13,train
-22.394615,11.960361,6.9396667,16 Pedernales,2019,14,train
-23.291859,10.797371,11.964917,16 Pedernales,2019,15,train
-22.624813,11.804818,12.424018,16 Pedernales,2019,16,train
-19.729517,12.441668,10.493459,16 Pedernales,2019,17,train
-4.189423,11.194879,17.396027,16 Pedernales,2019,18,train
-3.077555,13.055643,15.301013,16 Pedernales,2019,19,train
-2.575958,11.286059,17.238968,16 Pedernales,2019,20,train
-1.1374236,14.747,13.823894,16 Pedernales,2019,21,train
0.2896042,18.13776,10.684421,16 Pedernales,2019,22,train
1.326352,15.210072,15.677432,16 Pedernales,2019,23,train
2.4379628,12.032127,17.150898,16 Pedernales,2019,24,train
4.135636,9.673925,18.411196,16 Pedernales,2019,25,train
4.9737296,9.690529,15.8373,16 Pedernales,2019,26,train
22.855745,-3.5179994,6.013399,16 Pedernales,2019,27,train
24.35483,-4.1761456,6.831575,16 Pedernales,2019,28,train
25.101248,-3.743433,6.210954,16 Pedernales,2019,29,train
23.34475,-3.4143765,5.3652096,16 Pedernales,2019,30,train
23.728323,-3.6562576,5.6209474,16 Pedernales,2019,31,train
23.954023,-3.5521526,5.4226804,16 Pedernales,2019,32,train
22.709581,-4.7625303,7.0338664,16 Pedernales,2019,33,train
23.117542,-3.4386365,5.790701,16 Pedernales,2019,34,train
22.623192,-9.47911,-1.9362133,16 Pedernales,2019,35,train
21.676609,-11.062522,-4.22372,16 Pedernales,2019,36,train
22.34515,-11.609264,-3.2932053,16 Pedernales,2019,37,train
24.89747,12.418758,-20.133818,16 Pedernales,2019,38,train
17.323591,-13.982771,-8.812552,16 Pedernales,2019,39,train
15.696707,-15.446458,-10.583538,16 Pedernales,2019,40,train
13.827497,-18.271378,-8.737253,16 Pedernales,2019,41,train
12.351549,-17.581059,-11.802861,16 Pedernales,2019,42,train
11.323298,-17.876205,-13.654555,16 Pedernales,2019,43,train
9.330312,-16.911816,-12.920404,16 Pedernales,2019,44,train
7.965032,-19.445002,-11.493552,16 Pedernales,2019,45,train
7.200874,-17.97306,-12.296246,16 Pedernales,2019,46,train
5.2356834,-17.35948,-11.00715,16 Pedernales,2019,47,train
4.292794,-17.92559,-10.492026,16 Pedernales,2019,48,train
4.1966653,-18.124292,-10.264003,16 Pedernales,2019,49,train
3.3235862,-18.042147,-9.486243,16 Pedernales,2019,50,train
3.416478,-18.443422,-9.268863,16 Pedernales,2019,51,train
-0.17768244,-4.615247,3.1290095,16 Pedernales,2019,52,train
-17.543736,-7.573415,-9.20618,16 Pedernales,2020,1,val
-19.56767,-11.007593,-3.7534468,16 Pedernales,2020,2,val
-21.142595,-11.482242,-3.8249176,16 Pedernales,2020,3,val
-19.034353,-7.468303,-5.0125914,16 Pedernales,2020,4,val
-20.0284,-3.6464078,1.5019025,16 Pedernales,2020,5,val
-22.119387,-3.491634,2.1321008,16 Pedernales,2020,6,val
-23.220531,-3.183835,3.7797346,16 Pedernales,2020,7,val
-21.629889,-1.0209572,3.1505716,16 Pedernales,2020,8,val
-21.149464,4.1307425,-2.0328403,16 Pedernales,2020,9,val
-22.598684,2.4321592,3.4385424,16 Pedernales,2020,10,val
-20.467052,6.785301,0.8717011,16 Pedernales,2020,11,val
-21.572735,8.840467,2.6516306,16 Pedernales,2020,12,val
-20.53233,12.195678,5.8121476,16 Pedernales,2020,13,val
-20.514095,13.451555,7.1446595,16 Pedernales,2020,14,val
-19.117552,17.15974,9.685214,16 Pedernales,2020,15,val
-21.907572,16.17559,11.573888,16 Pedernales,2020,16,val
-21.376244,15.337375,14.535793,16 Pedernales,2020,17,val
-20.859526,15.128048,14.75438,16 Pedernales,2020,18,val
-3.3717499,13.985415,18.049322,16 Pedernales,2020,19,val
-2.9095442,13.348644,18.055346,16 Pedernales,2020,20,val
-1.9629656,13.642737,18.524277,16 Pedernales,2020,21,val
3.4536016,25.932497,3.914846,16 Pedernales,2020,22,val
1.590052,13.594771,17.746588,16 Pedernales,2020,23,val
3.0189853,16.852493,12.237522,16 Pedernales,2020,24,val
4.7063217,12.987111,16.50216,16 Pedernales,2020,25,val
5.6544437,12.680524,17.384037,16 Pedernales,2020,26,val
14.064271,8.521144,11.959874,16 Pedernales,2020,27,val
13.965876,7.4923215,13.631627,16 Pedernales,2020,28,val
13.363499,7.9558005,12.807178,16 Pedernales,2020,29,val
14.005813,8.006642,13.689386,16 Pedernales,2020,30,val
14.178518,10.797016,10.551727,16 Pedernales,2020,31,val
13.484409,8.431109,14.217901,16 Pedernales,2020,32,val
13.272801,11.169094,10.189822,16 Pedernales,2020,33,val
16.317738,24.198055,-4.26352,16 Pedernales,2020,34,val
21.034935,-5.565782,-11.729107,16 Pedernales,2020,35,val
21.06113,-5.49903,-14.400826,16 Pedernales,2020,36,val
19.078232,-5.7916803,-14.791436,16 Pedernales,2020,37,val
18.27933,-6.484497,-15.309853,16 Pedernales,2020,38,val
19.833363,-6.3444204,-14.67852,16 Pedernales,2020,39,val
22.702982,-7.93438,-17.174658,16 Pedernales,2020,40,val
15.198544,-10.173578,-19.385046,16 Pedernales,2020,41,val
13.050596,-10.102117,-20.72792,16 Pedernales,2020,42,val
12.197642,-12.634916,-19.964209,16 Pedernales,2020,43,val
10.778415,-14.142196,-21.449436,16 Pedernales,2020,44,val
7.761303,-0.82415295,-31.919556,16 Pedernales,2020,45,val
7.346526,-11.83413,-22.044292,16 Pedernales,2020,46,val
6.5765557,-11.884926,-21.909216,16 Pedernales,2020,47,val
5.6722326,-11.328166,-18.978477,16 Pedernales,2020,48,val
5.2813153,-11.798698,-17.853214,16 Pedernales,2020,49,val
4.916134,-10.921821,-16.570602,16 Pedernales,2020,50,val
4.7295203,-11.348853,-15.073086,16 Pedernales,2020,51,val
-0.57809734,-3.8438225,2.6738608,16 Pedernales,2020,52,val
-0.7562362,-3.432479,2.5166698,16 Pedernales,2021,1,val
-1.5895388,-5.5503454,4.534618,16 Pedernales,2021,2,val
-0.8740637,-3.2593179,3.2378705,16 Pedernales,2021,3,val
-2.0566795,-5.0897646,4.660133,16 Pedernales,2021,4,val
-2.9058113,-3.9718127,6.2039275,16 Pedernales,2021,5,val
-3.2154531,-4.3705173,7.470404,16 Pedernales,2021,6,val
-3.4587967,-4.411655,7.9541087,16 Pedernales,2021,7,val
-3.333803,-3.6336114,7.818868,16 Pedernales,2021,8,val
-2.2691712,-1.9172599,5.7643404,16 Pedernales,2021,9,val
-1.5663656,-0.7452462,3.8146398,16 Pedernales,2021,10,val
-2.389433,-1.4849545,6.074064,16 Pedernales,2021,11,val
-2.687056,-1.0163087,6.8562837,16 Pedernales,2021,12,val
-3.2520008,0.30689168,8.488384,16 Pedernales,2021,13,val
-2.3875353,7.1993494,5.725585,16 Pedernales,2021,14,val
-2.823413,4.9224186,11.133632,16 Pedernales,2021,15,val
-3.1361594,7.445453,13.6826935,16 Pedernales,2021,16,val
-2.154128,14.262854,10.803148,16 Pedernales,2021,17,val
-2.4360497,14.134538,13.085848,16 Pedernales,2021,18,val
-2.8500462,12.805976,16.340427,16 Pedernales,2021,19,val
-2.5417593,12.256443,16.847324,16 Pedernales,2021,20,val
-0.94879293,16.169676,13.863878,16 Pedernales,2021,21,val
0.033604126,14.346531,16.45544,16 Pedernales,2021,22,val
1.6696438,16.37564,14.7135935,16 Pedernales,2021,23,val
2.6230433,11.632367,19.153402,16 Pedernales,2021,24,val
4.6819677,16.373665,13.715674,16 Pedernales,2021,25,val
8.363992,25.256912,3.3789423,16 Pedernales,2021,26,val
13.8750725,7.1289196,13.960205,16 Pedernales,2021,27,val
13.769639,8.500121,12.766673,16 Pedernales,2021,28,val
13.576855,7.39662,13.536522,16 Pedernales,2021,29,val
14.025541,7.29336,14.48724,16 Pedernales,2021,30,val
14.061854,8.309727,12.97127,16 Pedernales,2021,31,val
13.937346,9.507277,10.489631,16 Pedernales,2021,32,val
18.011833,25.508862,-8.283489,16 Pedernales,2021,33,val
14.318872,9.729704,9.730193,16 Pedernales,2021,34,val
18.472038,-5.6373167,-12.06628,16 Pedernales,2021,35,val
21.191057,-6.1703568,-13.903306,16 Pedernales,2021,36,val
21.493336,-5.980709,-13.597261,16 Pedernales,2021,37,val
17.40091,-6.3793087,-15.939909,16 Pedernales,2021,38,val
21.102226,-5.924774,-13.353086,16 Pedernales,2021,39,val
23.338814,-5.438169,-14.51924,16 Pedernales,2021,40,val
14.133999,-9.142252,-17.65358,16 Pedernales,2021,41,val
13.482518,-12.008301,-18.7488,16 Pedernales,2021,42,val
12.202075,-12.986409,-19.33224,16 Pedernales,2021,43,val
10.209207,-13.162311,-18.85956,16 Pedernales,2021,44,val
8.556602,-13.314141,-18.655241,16 Pedernales,2021,45,val
7.4355235,-13.789754,-18.819239,16 Pedernales,2021,46,val
6.592011,-12.560981,-18.02165,16 Pedernales,2021,47,val
5.8523803,-13.277336,-18.52539,16 Pedernales,2021,48,val
-3.8527715,-9.83407,-22.251692,16 Pedernales,2021,49,val
-6.112777,-15.559553,-15.125698,16 Pedernales,2021,50,val
-5.820117,-8.916618,-21.709143,16 Pedernales,2021,51,val
-14.405229,-9.2172985,-4.622991,16 Pedernales,2021,52,val
-11.227834,-5.927151,-5.9080496,17 Peravia,2015,1,train
-10.5133505,-5.2189956,-4.549527,17 Peravia,2015,2,train
-10.125559,-2.654678,-4.7312083,17 Peravia,2015,3,train
-9.793814,-3.3745146,-2.8011124,17 Peravia,2015,4,train
-10.524073,0.47683847,-2.5094905,17 Peravia,2015,5,train
-10.978135,1.9034988,-2.2488534,17 Peravia,2015,6,train
-11.110769,2.1500344,-1.7389463,17 Peravia,2015,7,train
-11.682106,2.7777925,-0.6749773,17 Peravia,2015,8,train
-13.588635,3.9877217,0.42026663,17 Peravia,2015,9,train
-15.022916,3.6711721,1.6916411,17 Peravia,2015,10,train
-14.643653,3.9797087,2.6203005,17 Peravia,2015,11,train
-13.051161,4.891815,3.5335946,17 Peravia,2015,12,train
-12.964748,6.80857,4.675291,17 Peravia,2015,13,train
-13.108657,6.6347713,4.698654,17 Peravia,2015,14,train
-14.427404,7.9408073,5.021905,17 Peravia,2015,15,train
-12.347835,7.7399464,6.0785246,17 Peravia,2015,16,train
-11.373008,8.34335,6.100206,17 Peravia,2015,17,train
-2.890335,7.30926,7.2598443,17 Peravia,2015,18,train
-3.0710447,9.107739,8.514304,17 Peravia,2015,19,train
-3.0376127,8.514666,8.85166,17 Peravia,2015,20,train
-2.3016224,9.037935,8.749065,17 Peravia,2015,21,train
-1.5767249,8.593399,8.238292,17 Peravia,2015,22,train
-0.3033096,8.806651,8.237695,17 Peravia,2015,23,train
0.56162477,8.007425,8.143081,17 Peravia,2015,24,train
1.652635,7.91995,8.543152,17 Peravia,2015,25,train
2.668301,7.4595866,7.021452,17 Peravia,2015,26,train
11.808002,2.0310194,4.315713,17 Peravia,2015,27,train
10.373674,1.5262792,3.7492943,17 Peravia,2015,28,train
11.222292,1.7264836,4.114942,17 Peravia,2015,29,train
10.995849,1.5771292,4.057921,17 Peravia,2015,30,train
12.129253,1.6296953,4.482006,17 Peravia,2015,31,train
12.525354,1.6063265,4.3367767,17 Peravia,2015,32,train
12.290673,1.3145411,4.303699,17 Peravia,2015,33,train
12.22921,1.3342143,4.0114202,17 Peravia,2015,34,train
15.193056,12.024018,-15.514595,17 Peravia,2015,35,train
10.271816,-5.5642815,-2.5609753,17 Peravia,2015,36,train
10.646352,-6.1794305,-2.425954,17 Peravia,2015,37,train
9.282926,-6.1818767,-2.8238003,17 Peravia,2015,38,train
9.548581,-6.7271543,-3.596626,17 Peravia,2015,39,train
9.121328,-7.7924356,-3.9580314,17 Peravia,2015,40,train
9.088419,-8.712,-3.851169,17 Peravia,2015,41,train
8.616169,-9.077524,-4.5212035,17 Peravia,2015,42,train
6.851656,-8.227721,-3.9902222,17 Peravia,2015,43,train
6.7658105,-8.961951,-4.811566,17 Peravia,2015,44,train
5.2553,-9.238773,-5.4718475,17 Peravia,2015,45,train
4.794111,-9.1714525,-5.6950064,17 Peravia,2015,46,train
3.2404668,-8.318353,-4.635623,17 Peravia,2015,47,train
-4.6424437,-9.975761,-7.3981085,17 Peravia,2015,48,train
-6.0785093,-10.709769,-9.151369,17 Peravia,2015,49,train
-5.985446,-9.662805,-8.270958,17 Peravia,2015,50,train
-5.710661,-9.475177,-8.108379,17 Peravia,2015,51,train
-10.849962,-6.3910646,-6.0376935,17 Peravia,2015,52,train
-10.389738,-3.3464952,-2.873413,17 Peravia,2016,1,train
-10.87545,-3.1374915,-2.7667754,17 Peravia,2016,2,train
-10.951601,-3.2271585,-2.3077438,17 Peravia,2016,3,train
-12.8227215,-3.0185027,-3.5441422,17 Peravia,2016,4,train
-11.898687,-1.3083948,-1.1861614,17 Peravia,2016,5,train
-13.460838,-0.67183155,-1.5525204,17 Peravia,2016,6,train
-12.707435,-0.111827455,-0.7577485,17 Peravia,2016,7,train
-13.658109,0.9253444,-0.16393952,17 Peravia,2016,8,train
-14.256493,1.2992314,-0.11624443,17 Peravia,2016,9,train
-12.053063,2.8428955,2.5334454,17 Peravia,2016,10,train
-12.673672,4.173644,2.7015326,17 Peravia,2016,11,train
-14.15358,5.836157,3.8013477,17 Peravia,2016,12,train
-12.807561,6.454449,4.485454,17 Peravia,2016,13,train
-11.713215,7.339492,4.799626,17 Peravia,2016,14,train
-11.882878,7.107672,5.6362576,17 Peravia,2016,15,train
-12.006071,8.218152,5.9578605,17 Peravia,2016,16,train
-5.0833855,11.778274,4.129921,17 Peravia,2016,17,train
-2.0953128,11.236067,3.9442494,17 Peravia,2016,18,train
-1.7164856,10.343583,5.524173,17 Peravia,2016,19,train
-1.0415987,10.158586,6.4424176,17 Peravia,2016,20,train
-0.14729662,10.050371,4.9678316,17 Peravia,2016,21,train
3.2614405,21.229977,-5.7130957,17 Peravia,2016,22,train
1.1111617,8.691117,4.940565,17 Peravia,2016,23,train
1.8476954,6.819931,6.782148,17 Peravia,2016,24,train
2.7172952,8.39821,4.920953,17 Peravia,2016,25,train
3.349794,8.333185,5.549212,17 Peravia,2016,26,train
8.574546,4.2597947,5.307483,17 Peravia,2016,27,train
8.536828,4.1983485,5.8115973,17 Peravia,2016,28,train
8.36704,4.4338307,5.4660015,17 Peravia,2016,29,train
8.507784,4.4350057,5.701214,17 Peravia,2016,30,train
7.4929385,4.9659195,3.9536526,17 Peravia,2016,31,train
7.1597514,4.8914375,5.4694014,17 Peravia,2016,32,train
7.6605706,4.353928,6.494313,17 Peravia,2016,33,train
5.95302,5.2659097,2.9788554,17 Peravia,2016,34,train
11.656607,-1.5328405,-6.1744194,17 Peravia,2016,35,train
10.568649,-1.2007341,-6.1585083,17 Peravia,2016,36,train
12.332351,-0.89392674,-6.744726,17 Peravia,2016,37,train
10.624403,-1.4351777,-7.144175,17 Peravia,2016,38,train
11.03104,-2.0958717,-8.263653,17 Peravia,2016,39,train
10.704295,10.317608,-24.315302,17 Peravia,2016,40,train
7.1434426,-2.595564,-9.747718,17 Peravia,2016,41,train
5.8652596,-1.7030575,-10.960163,17 Peravia,2016,42,train
6.078844,-3.983283,-10.118812,17 Peravia,2016,43,train
5.0591826,-3.3580275,-10.264788,17 Peravia,2016,44,train
4.9299307,-3.4509351,-11.388961,17 Peravia,2016,45,train
4.0789256,-2.6568747,-11.699547,17 Peravia,2016,46,train
3.1538837,-3.6872032,-12.250357,17 Peravia,2016,47,train
-2.7161841,-5.3000503,-12.954131,17 Peravia,2016,48,train
-3.6540961,-6.019294,-12.798836,17 Peravia,2016,49,train
-4.640354,-5.5964794,-13.421418,17 Peravia,2016,50,train
-5.0433164,-4.903481,-13.585138,17 Peravia,2016,51,train
-7.9091244,-1.1126149,-9.80438,17 Peravia,2016,52,train
-8.554912,-1.0654131,-10.062094,17 Peravia,2017,1,train
-8.617539,-5.735658,-2.9597573,17 Peravia,2017,2,train
-5.396804,-5.287998,1.7436432,17 Peravia,2017,3,train
-6.63035,-3.6858647,-0.8408967,17 Peravia,2017,4,train
-10.642118,1.3425702,-2.3896286,17 Peravia,2017,5,train
-11.608829,5.2944713,-6.781867,17 Peravia,2017,6,train
-9.936796,3.7998948,-3.927643,17 Peravia,2017,7,train
-9.353301,4.598266,-2.9736803,17 Peravia,2017,8,train
-12.10059,1.2879566,3.441923,17 Peravia,2017,9,train
-12.005168,7.602754,-3.386938,17 Peravia,2017,10,train
-11.981428,8.790078,-2.3003485,17 Peravia,2017,11,train
-9.823446,8.240961,-0.38039726,17 Peravia,2017,12,train
-10.3698015,8.313024,2.0391316,17 Peravia,2017,13,train
-11.258787,9.828905,4.0475626,17 Peravia,2017,14,train
-9.047935,5.0470843,8.658713,17 Peravia,2017,15,train
-9.331182,20.331615,-9.33801,17 Peravia,2017,16,train
-6.3881965,13.141155,5.1341395,17 Peravia,2017,17,train
-8.590842,11.296824,5.6796536,17 Peravia,2017,18,train
-9.574211,10.102813,7.424087,17 Peravia,2017,19,train
-0.78003657,11.560212,5.4681816,17 Peravia,2017,20,train
-0.18340135,9.030529,7.8701005,17 Peravia,2017,21,train
0.52175933,8.415016,8.019049,17 Peravia,2017,22,train
1.2475505,7.8018327,8.229128,17 Peravia,2017,23,train
1.9023061,6.738653,7.9566293,17 Peravia,2017,24,train
2.977811,7.6434216,8.110421,17 Peravia,2017,25,train
3.6036992,7.3770976,8.308762,17 Peravia,2017,26,train
8.10459,4.52882,6.7422843,17 Peravia,2017,27,train
7.3051453,4.7917366,5.7510743,17 Peravia,2017,28,train
8.320778,4.8144197,7.1848164,17 Peravia,2017,29,train
8.330321,4.8941035,6.8861785,17 Peravia,2017,30,train
8.356368,4.774973,7.3207254,17 Peravia,2017,31,train
7.3730817,4.607015,6.6604643,17 Peravia,2017,32,train
7.568843,4.320419,7.1801558,17 Peravia,2017,33,train
8.024698,4.227896,7.3938713,17 Peravia,2017,34,train
13.605606,-0.24623698,-5.7293983,17 Peravia,2017,35,train
12.398374,7.89605,-16.704054,17 Peravia,2017,36,train
8.711476,-1.850398,-8.016264,17 Peravia,2017,37,train
11.839377,7.5422583,-17.920366,17 Peravia,2017,38,train
8.830364,-3.0642889,-7.635873,17 Peravia,2017,39,train
7.88398,-3.110448,-8.278683,17 Peravia,2017,40,train
7.441998,-3.7552462,-8.739741,17 Peravia,2017,41,train
7.4526443,-4.3966174,-11.149124,17 Peravia,2017,42,train
6.181667,-5.045476,-9.012438,17 Peravia,2017,43,train
5.8339314,-5.943447,-9.526587,17 Peravia,2017,44,train
4.756878,10.130303,-23.78278,17 Peravia,2017,45,train
4.306581,10.272743,-25.13151,17 Peravia,2017,46,train
4.0352974,-4.8799872,-10.065167,17 Peravia,2017,47,train
3.4420903,-5.0559034,-9.023201,17 Peravia,2017,48,train
-4.1764717,-5.402968,-14.56822,17 Peravia,2017,49,train
-3.1431108,-4.6819673,-12.849318,17 Peravia,2017,50,train
-5.2536016,-4.7799144,-14.932844,17 Peravia,2017,51,train
-8.927303,-1.0378873,-11.345059,17 Peravia,2017,52,train
-7.1083636,-0.1308762,-10.078739,17 Peravia,2018,1,train
-7.4390683,-0.2742769,-9.092903,17 Peravia,2018,2,train
-9.056364,1.6268411,-12.025842,17 Peravia,2018,3,train
-10.025095,2.480869,-12.5715,17 Peravia,2018,4,train
-10.424435,5.81844,-7.4154916,17 Peravia,2018,5,train
-12.855707,6.487567,-7.942561,17 Peravia,2018,6,train
-13.105514,7.3855176,-7.3775177,17 Peravia,2018,7,train
-12.795781,3.7987673,-1.6094971,17 Peravia,2018,8,train
-8.569763,1.0438628,2.8743918,17 Peravia,2018,9,train
-8.894062,7.173382,-2.3852568,17 Peravia,2018,10,train
-11.565496,8.0636425,-1.3435302,17 Peravia,2018,11,train
-11.051466,9.989937,-2.6136289,17 Peravia,2018,12,train
-8.318119,2.8495474,7.047477,17 Peravia,2018,13,train
-10.673545,9.176021,1.7626253,17 Peravia,2018,14,train
-12.148992,9.705191,4.0071692,17 Peravia,2018,15,train
-10.552488,9.288842,4.315492,17 Peravia,2018,16,train
-9.987173,9.291099,5.591103,17 Peravia,2018,17,train
-8.936493,10.035737,4.41395,17 Peravia,2018,18,train
-9.240056,10.238304,5.8369327,17 Peravia,2018,19,train
-9.159045,11.009651,6.70286,17 Peravia,2018,20,train
-8.122323,10.919963,8.372948,17 Peravia,2018,21,train
-7.5772014,12.061108,9.210187,17 Peravia,2018,22,train
-7.285724,12.430152,10.181748,17 Peravia,2018,23,train
-7.31556,12.508629,9.90493,17 Peravia,2018,24,train
-6.9922047,12.684948,9.673383,17 Peravia,2018,25,train
-8.357495,13.125671,11.984146,17 Peravia,2018,26,train
9.125615,2.9954515,5.8774796,17 Peravia,2018,27,train
8.872338,3.6139133,4.755565,17 Peravia,2018,28,train
10.23605,3.9266164,5.2302723,17 Peravia,2018,29,train
9.751653,3.7546074,5.5539513,17 Peravia,2018,30,train
10.542941,3.591683,6.048724,17 Peravia,2018,31,train
10.801426,3.5432174,5.6320534,17 Peravia,2018,32,train
10.823304,3.7241888,5.675185,17 Peravia,2018,33,train
10.712442,3.5821557,5.4647884,17 Peravia,2018,34,train
11.901509,-4.3460484,-3.6791801,17 Peravia,2018,35,train
13.061866,-4.642157,-3.3289008,17 Peravia,2018,36,train
12.083788,-4.310037,-3.630967,17 Peravia,2018,37,train
12.445099,-4.968902,-3.9931946,17 Peravia,2018,38,train
11.847328,-4.8727527,-3.8094337,17 Peravia,2018,39,train
5.7755914,-4.895814,-4.8867397,17 Peravia,2018,40,train
8.343192,7.2024207,-18.019718,17 Peravia,2018,41,train
5.607535,-6.9527435,-6.3016386,17 Peravia,2018,42,train
5.4796233,-6.7254615,-6.673453,17 Peravia,2018,43,train
4.640761,-6.9408507,-6.9778466,17 Peravia,2018,44,train
3.5855272,-9.743011,-3.839383,17 Peravia,2018,45,train
3.972285,-7.7795963,-6.873952,17 Peravia,2018,46,train
2.8759677,-8.117085,-5.1865144,17 Peravia,2018,47,train
-4.7715163,-10.509806,-7.6860943,17 Peravia,2018,48,train
-5.6848063,-11.062235,-7.5856104,17 Peravia,2018,49,train
-5.1688566,-9.380545,-8.410351,17 Peravia,2018,50,train
-4.8393593,-9.796127,-6.005728,17 Peravia,2018,51,train
-10.855681,-7.195429,-5.8219595,17 Peravia,2018,52,train
-9.683333,-5.9531536,-4.7753444,17 Peravia,2019,1,train
-8.618925,-5.379912,-2.8550687,17 Peravia,2019,2,train
-9.0524845,-4.9486537,-2.500339,17 Peravia,2019,3,train
-10.509857,-3.0992222,-4.7390184,17 Peravia,2019,4,train
-11.005972,1.2209191,-2.8185883,17 Peravia,2019,5,train
-12.724953,0.122861594,-0.33422002,17 Peravia,2019,6,train
-13.030454,1.0638118,-0.9510298,17 Peravia,2019,7,train
-14.608886,1.8810025,1.1491628,17 Peravia,2019,8,train
-13.82977,2.1851225,1.1696842,17 Peravia,2019,9,train
-12.812586,3.2911427,2.3687212,17 Peravia,2019,10,train
-12.4752445,3.75438,3.6614654,17 Peravia,2019,11,train
-12.538441,5.208623,3.506343,17 Peravia,2019,12,train
-10.250264,7.8278756,4.1202316,17 Peravia,2019,13,train
-11.878736,7.8311896,4.7946997,17 Peravia,2019,14,train
-11.83032,8.167601,4.805722,17 Peravia,2019,15,train
-11.687434,7.9371176,6.0337524,17 Peravia,2019,16,train
-11.028546,8.615861,6.5236626,17 Peravia,2019,17,train
-2.5156932,8.825371,8.395205,17 Peravia,2019,18,train
-1.8894862,7.9249372,7.808423,17 Peravia,2019,19,train
-1.2312198,8.375585,8.040117,17 Peravia,2019,20,train
-0.70194227,7.813369,6.4987497,17 Peravia,2019,21,train
2.713885,19.521439,-3.3916802,17 Peravia,2019,22,train
0.81492865,8.080848,6.729975,17 Peravia,2019,23,train
1.821338,7.5175514,7.959667,17 Peravia,2019,24,train
2.8805456,7.665954,8.073832,17 Peravia,2019,25,train
2.9990094,6.3127604,7.8212223,17 Peravia,2019,26,train
10.973277,-0.4434236,2.8370912,17 Peravia,2019,27,train
12.908916,-0.0889131,2.283573,17 Peravia,2019,28,train
13.412619,-0.71195716,2.7527406,17 Peravia,2019,29,train
13.479057,-1.1799475,2.8137162,17 Peravia,2019,30,train
13.123327,-0.92434525,2.239728,17 Peravia,2019,31,train
13.900956,-0.3935373,1.7768545,17 Peravia,2019,32,train
14.067389,-0.8150681,2.340935,17 Peravia,2019,33,train
13.300073,-0.6680263,1.7971702,17 Peravia,2019,34,train
12.962629,-4.0256076,-0.43639722,17 Peravia,2019,35,train
12.274484,-5.411767,-0.9743587,17 Peravia,2019,36,train
12.644218,-5.7995005,-1.4862691,17 Peravia,2019,37,train
15.916256,14.502439,-16.635017,17 Peravia,2019,38,train
9.061661,-7.0989356,-4.2364655,17 Peravia,2019,39,train
7.714467,-6.747702,-4.484997,17 Peravia,2019,40,train
8.138558,-8.1989355,-3.6027207,17 Peravia,2019,41,train
6.854985,-8.299582,-4.0233345,17 Peravia,2019,42,train
5.8601475,-9.69229,-4.7372017,17 Peravia,2019,43,train
5.2223544,-10.682433,-2.5906584,17 Peravia,2019,44,train
4.7420154,-10.052062,-4.3921175,17 Peravia,2019,45,train
3.7806458,-8.957485,-5.08689,17 Peravia,2019,46,train
2.871378,-8.811269,-4.3062015,17 Peravia,2019,47,train
2.7089303,-8.781864,-2.599886,17 Peravia,2019,48,train
-4.7135053,-10.21855,-7.6348825,17 Peravia,2019,49,train
-5.6017246,-10.217872,-8.270919,17 Peravia,2019,50,train
-5.7533674,-9.304933,-8.553452,17 Peravia,2019,51,train
-9.696031,-6.0052905,-5.576264,17 Peravia,2019,52,train
-9.942015,-6.792196,-4.6422906,17 Peravia,2020,1,val
-10.672495,-6.602642,-4.5596414,17 Peravia,2020,2,val
-11.118954,-5.5219593,-5.045139,17 Peravia,2020,3,val
-9.433149,-2.8073642,-4.7678065,17 Peravia,2020,4,val
-11.223702,0.59363216,-1.2176808,17 Peravia,2020,5,val
-12.326926,0.6573795,-0.6142702,17 Peravia,2020,6,val
-13.67596,1.5588204,0.40434322,17 Peravia,2020,7,val
-12.171656,2.319199,-0.96592736,17 Peravia,2020,8,val
-12.085743,2.3885276,1.3882239,17 Peravia,2020,9,val
-12.975715,3.3244696,1.423121,17 Peravia,2020,10,val
-12.960432,3.7072742,2.796185,17 Peravia,2020,11,val
-12.786721,4.3842044,4.4122167,17 Peravia,2020,12,val
-11.130962,7.279813,4.15857,17 Peravia,2020,13,val
-10.396209,6.4459105,5.7045903,17 Peravia,2020,14,val
-9.949283,9.692125,5.265658,17 Peravia,2020,15,val
-11.897574,9.498702,7.08178,17 Peravia,2020,16,val
-10.025258,9.890676,6.449435,17 Peravia,2020,17,val
-10.533639,10.258687,7.196175,17 Peravia,2020,18,val
-8.973851,11.926097,7.1989093,17 Peravia,2020,19,val
-8.051629,11.418587,6.687593,17 Peravia,2020,20,val
-7.793363,11.912328,8.399429,17 Peravia,2020,21,val
-6.9799004,11.908149,8.377044,17 Peravia,2020,22,val
-8.031728,12.359802,10.9479475,17 Peravia,2020,23,val
-7.574126,12.350028,10.030255,17 Peravia,2020,24,val
-7.953757,12.823217,10.960754,17 Peravia,2020,25,val
-7.9755626,13.090339,12.2307205,17 Peravia,2020,26,val
8.481524,5.1839776,7.117637,17 Peravia,2020,27,val
7.6234717,4.3341537,6.9204316,17 Peravia,2020,28,val
6.7557282,3.8311386,6.2510495,17 Peravia,2020,29,val
8.426457,4.713802,7.172781,17 Peravia,2020,30,val
11.415901,19.895185,-7.277084,17 Peravia,2020,31,val
6.7403793,5.2080464,5.632546,17 Peravia,2020,32,val
8.38098,5.6490674,7.3809533,17 Peravia,2020,33,val
10.80311,20.940351,-11.242143,17 Peravia,2020,34,val
11.604031,-0.51483494,-7.2918696,17 Peravia,2020,35,val
9.825219,-0.4341733,-9.498295,17 Peravia,2020,36,val
10.552941,-0.55156773,-7.7632027,17 Peravia,2020,37,val
10.991504,-0.40901765,-7.2058063,17 Peravia,2020,38,val
12.814172,0.12238564,-6.919823,17 Peravia,2020,39,val
8.259271,-1.7546433,-10.731541,17 Peravia,2020,40,val
7.8189063,-2.8769338,-10.2104225,17 Peravia,2020,41,val
7.6446247,-3.6590598,-10.99145,17 Peravia,2020,42,val
6.359893,-3.8148136,-10.24591,17 Peravia,2020,43,val
6.8503203,-4.7625523,-13.401716,17 Peravia,2020,44,val
5.195051,6.253063,-22.425718,17 Peravia,2020,45,val
4.6725354,4.5127106,-21.51454,17 Peravia,2020,46,val
3.8371353,-3.2636414,-11.886596,17 Peravia,2020,47,val
2.259006,-4.765204,-8.3463955,17 Peravia,2020,48,val
-2.9998274,-3.7726674,-13.452114,17 Peravia,2020,49,val
-3.3804648,-3.0117507,-13.918045,17 Peravia,2020,50,val
-4.3961425,-3.1036284,-14.155193,17 Peravia,2020,51,val
-7.157061,0.65970266,-11.51801,17 Peravia,2020,52,val
-5.642075,1.0050944,-9.55454,17 Peravia,2021,1,val
-6.9793987,1.4772065,-10.963383,17 Peravia,2021,2,val
-6.8877735,2.3348277,-10.732849,17 Peravia,2021,3,val
-5.177931,-4.364152,0.622735,17 Peravia,2021,4,val
-9.218566,4.8094835,-6.3667264,17 Peravia,2021,5,val
-10.5189295,6.2002926,-6.473247,17 Peravia,2021,6,val
-10.278876,6.8295927,-5.7426977,17 Peravia,2021,7,val
-10.795961,8.199946,-6.2089286,17 Peravia,2021,8,val
-9.446562,7.626669,-3.879399,17 Peravia,2021,9,val
-9.813213,7.873239,-4.043347,17 Peravia,2021,10,val
-9.917579,7.641221,-1.8772006,17 Peravia,2021,11,val
-11.095046,9.070311,-2.2041328,17 Peravia,2021,12,val
-10.480354,10.14326,-0.27417803,17 Peravia,2021,13,val
-9.662602,11.015295,-0.031681444,17 Peravia,2021,14,val
-8.802578,8.476555,3.3857632,17 Peravia,2021,15,val
-10.479628,11.035493,3.2642078,17 Peravia,2021,16,val
-1.7994368,6.443615,6.7052684,17 Peravia,2021,17,val
-1.8768018,6.803396,7.434115,17 Peravia,2021,18,val
-1.529598,8.671904,6.0099163,17 Peravia,2021,19,val
-0.9840922,8.332034,6.8861055,17 Peravia,2021,20,val
-0.32977983,7.945143,7.840971,17 Peravia,2021,21,val
0.43051904,8.447475,7.4918613,17 Peravia,2021,22,val
1.1609083,8.132999,6.8180285,17 Peravia,2021,23,val
1.9076865,7.4904323,7.13518,17 Peravia,2021,24,val
2.6826086,8.010387,6.202757,17 Peravia,2021,25,val
4.581619,17.239403,-3.796898,17 Peravia,2021,26,val
7.688723,4.993246,5.8510857,17 Peravia,2021,27,val
7.666585,4.534781,6.2502365,17 Peravia,2021,28,val
7.4442053,4.696492,5.901363,17 Peravia,2021,29,val
7.5795207,5.047148,6.051805,17 Peravia,2021,30,val
7.742548,4.4235888,6.5583973,17 Peravia,2021,31,val
11.259849,17.912989,-6.5963974,17 Peravia,2021,32,val
10.855637,19.525766,-9.515615,17 Peravia,2021,33,val
9.171372,4.511465,6.9020534,17 Peravia,2021,34,val
11.745752,-0.13892509,-5.267766,17 Peravia,2021,35,val
14.254821,-0.38294393,-7.0842752,17 Peravia,2021,36,val
12.100863,-0.21594629,-6.6508555,17 Peravia,2021,37,val
13.739881,-0.28080022,-6.5849514,17 Peravia,2021,38,val
10.170361,-0.9657315,-7.0538583,17 Peravia,2021,39,val
12.575255,-1.2464831,-8.118298,17 Peravia,2021,40,val
7.1327715,-1.8602909,-10.935556,17 Peravia,2021,41,val
7.0544295,-3.2671611,-10.558534,17 Peravia,2021,42,val
6.1306744,-4.064949,-9.513785,17 Peravia,2021,43,val
5.9360394,-4.8891687,-10.423637,17 Peravia,2021,44,val
5.295007,-5.8021555,-9.760295,17 Peravia,2021,45,val
4.9222803,-5.8148837,-9.566683,17 Peravia,2021,46,val
3.7250547,-5.57348,-8.972962,17 Peravia,2021,47,val
-3.6851416,-5.3070126,-14.539121,17 Peravia,2021,48,val
-4.3416543,-4.8163095,-14.830887,17 Peravia,2021,49,val
-5.074949,-4.5165544,-15.57222,17 Peravia,2021,50,val
-3.102831,-3.6392407,-11.542789,17 Peravia,2021,51,val
-7.132403,-0.9600407,-9.246296,17 Peravia,2021,52,val
-14.241133,-6.345535,-8.208337,18 Puerto Plata,2015,1,train
-14.074786,-5.1111856,-7.480037,18 Puerto Plata,2015,2,train
-13.127412,-3.131698,-6.160868,18 Puerto Plata,2015,3,train
-13.344022,-2.5396173,-5.801061,18 Puerto Plata,2015,4,train
-11.285491,17.869253,-22.543112,18 Puerto Plata,2015,5,train
-14.570526,1.3106098,-3.6609616,18 Puerto Plata,2015,6,train
-13.475894,1.6968354,-3.0550253,18 Puerto Plata,2015,7,train
-12.839343,19.780872,-20.414925,18 Puerto Plata,2015,8,train
-18.106634,4.067867,-0.93318975,18 Puerto Plata,2015,9,train
-18.696278,3.7791126,-0.2080425,18 Puerto Plata,2015,10,train
-19.073683,4.6513705,0.41766635,18 Puerto Plata,2015,11,train
-16.062038,6.209423,2.2574255,18 Puerto Plata,2015,12,train
-16.843992,9.098984,5.1207027,18 Puerto Plata,2015,13,train
-15.123222,9.048807,3.7896347,18 Puerto Plata,2015,14,train
-17.416914,10.520149,5.090285,18 Puerto Plata,2015,15,train
-17.454874,10.622776,6.113982,18 Puerto Plata,2015,16,train
-14.412654,10.886363,7.197433,18 Puerto Plata,2015,17,train
-2.928891,10.351025,9.794517,18 Puerto Plata,2015,18,train
-3.3272274,12.804901,11.376614,18 Puerto Plata,2015,19,train
-2.682407,13.588723,9.8557005,18 Puerto Plata,2015,20,train
-1.8402774,13.894217,8.801082,18 Puerto Plata,2015,21,train
-0.021823581,12.600421,7.5390525,18 Puerto Plata,2015,22,train
1.1909875,11.587785,10.116646,18 Puerto Plata,2015,23,train
2.4210625,11.826968,10.030885,18 Puerto Plata,2015,24,train
3.459629,11.569731,8.991977,18 Puerto Plata,2015,25,train
4.231439,11.391786,10.073179,18 Puerto Plata,2015,26,train
16.435944,3.9154687,4.7477326,18 Puerto Plata,2015,27,train
15.393777,3.1945195,4.570623,18 Puerto Plata,2015,28,train
16.702782,3.4530761,4.7070546,18 Puerto Plata,2015,29,train
16.485704,2.7913678,5.3911514,18 Puerto Plata,2015,30,train
17.43907,3.14705,5.161603,18 Puerto Plata,2015,31,train
17.111988,2.6908717,5.2919054,18 Puerto Plata,2015,32,train
17.4603,2.591443,5.398107,18 Puerto Plata,2015,33,train
17.220625,2.3349297,5.3138437,18 Puerto Plata,2015,34,train
14.23012,-8.435852,-4.862433,18 Puerto Plata,2015,35,train
15.189804,-8.734882,-4.1315107,18 Puerto Plata,2015,36,train
15.821303,-9.793367,-5.1734796,18 Puerto Plata,2015,37,train
14.332303,-9.99535,-5.5334053,18 Puerto Plata,2015,38,train
13.362451,-9.778308,-5.1819406,18 Puerto Plata,2015,39,train
11.925854,-10.805153,-5.240888,18 Puerto Plata,2015,40,train
12.852768,-12.356861,-6.627855,18 Puerto Plata,2015,41,train
12.170667,-12.85909,-7.0214834,18 Puerto Plata,2015,42,train
8.603861,-10.349673,-6.2329097,18 Puerto Plata,2015,43,train
9.199522,-12.084668,-7.3339977,18 Puerto Plata,2015,44,train
7.6096063,-12.185766,-8.126347,18 Puerto Plata,2015,45,train
7.2069674,-12.587535,-8.412635,18 Puerto Plata,2015,46,train
5.378189,-12.132518,-8.250698,18 Puerto Plata,2015,47,train
-4.6802278,-11.910782,-9.893409,18 Puerto Plata,2015,48,train
-7.8325047,-13.552059,-12.065712,18 Puerto Plata,2015,49,train
-8.013602,-13.031621,-11.110258,18 Puerto Plata,2015,50,train
-8.892622,-12.282488,-11.348789,18 Puerto Plata,2015,51,train
-14.230267,-7.310795,-8.19434,18 Puerto Plata,2015,52,train
-13.870996,-4.4273853,-4.86785,18 Puerto Plata,2016,1,train
-14.734951,-4.008273,-4.5992064,18 Puerto Plata,2016,2,train
-13.904193,-3.2552266,-4.4634004,18 Puerto Plata,2016,3,train
-15.265737,-3.2522206,-4.624632,18 Puerto Plata,2016,4,train
-15.987729,-1.1137307,-2.6146445,18 Puerto Plata,2016,5,train
-14.741224,-0.7905999,-2.6254144,18 Puerto Plata,2016,6,train
-16.65748,-0.5619635,-2.6495383,18 Puerto Plata,2016,7,train
-17.708141,0.4362059,-1.7823715,18 Puerto Plata,2016,8,train
-16.464062,0.8619271,-1.4472047,18 Puerto Plata,2016,9,train
-16.49168,3.803212,-0.046973277,18 Puerto Plata,2016,10,train
-17.343283,5.5433025,2.4119048,18 Puerto Plata,2016,11,train
-17.33621,7.3671637,4.0337443,18 Puerto Plata,2016,12,train
-17.19667,9.2927,5.71117,18 Puerto Plata,2016,13,train
-14.953755,9.794327,5.924649,18 Puerto Plata,2016,14,train
-14.722437,9.546091,5.6564417,18 Puerto Plata,2016,15,train
-10.382612,12.857578,5.250236,18 Puerto Plata,2016,16,train
-8.164482,14.345243,5.71582,18 Puerto Plata,2016,17,train
-2.3173423,12.188066,6.4622135,18 Puerto Plata,2016,18,train
-1.7141113,14.961334,6.9908447,18 Puerto Plata,2016,19,train
-1.0601397,13.91462,9.793552,18 Puerto Plata,2016,20,train
0.03244491,14.513283,5.806458,18 Puerto Plata,2016,21,train
1.1595591,14.700839,6.8473563,18 Puerto Plata,2016,22,train
2.1053214,11.89674,10.28631,18 Puerto Plata,2016,23,train
3.1240456,11.632114,10.448627,18 Puerto Plata,2016,24,train
4.1208916,13.227342,7.8767467,18 Puerto Plata,2016,25,train
4.6486425,12.249751,8.267516,18 Puerto Plata,2016,26,train
12.161486,6.7799234,6.1932645,18 Puerto Plata,2016,27,train
11.816206,7.0383105,5.8760943,18 Puerto Plata,2016,28,train
11.81162,7.2402334,6.1125555,18 Puerto Plata,2016,29,train
11.082978,8.318826,5.229245,18 Puerto Plata,2016,30,train
11.345128,8.145433,5.8111873,18 Puerto Plata,2016,31,train
10.265131,7.9455733,6.768133,18 Puerto Plata,2016,32,train
10.467226,7.217272,7.159453,18 Puerto Plata,2016,33,train
9.223309,9.112777,3.8358307,18 Puerto Plata,2016,34,train
13.626496,-4.153975,-10.174513,18 Puerto Plata,2016,35,train
13.710246,-3.358188,-11.679432,18 Puerto Plata,2016,36,train
13.898193,-3.9293537,-11.174926,18 Puerto Plata,2016,37,train
13.738564,-3.552333,-10.9119215,18 Puerto Plata,2016,38,train
13.689344,-4.49452,-13.088091,18 Puerto Plata,2016,39,train
11.408281,-5.0227914,-13.978577,18 Puerto Plata,2016,40,train
9.803176,-4.190309,-13.6988945,18 Puerto Plata,2016,41,train
7.9208837,-2.880307,-14.607362,18 Puerto Plata,2016,42,train
7.4723816,-3.1058667,-15.808316,18 Puerto Plata,2016,43,train
6.875358,-3.2724183,-17.076262,18 Puerto Plata,2016,44,train
6.867791,9.949421,-30.472294,18 Puerto Plata,2016,45,train
4.9121995,-2.7062829,-17.25066,18 Puerto Plata,2016,46,train
4.2011986,-4.1641517,-17.556456,18 Puerto Plata,2016,47,train
-3.0833902,-5.3622613,-18.258215,18 Puerto Plata,2016,48,train
-4.876792,-6.591659,-17.284588,18 Puerto Plata,2016,49,train
-5.8083916,-6.116482,-17.56622,18 Puerto Plata,2016,50,train
-4.884669,-4.6151805,-16.662445,18 Puerto Plata,2016,51,train
-9.378844,-1.9052064,-10.863085,18 Puerto Plata,2016,52,train
-9.69637,-0.9023793,-11.311172,18 Puerto Plata,2017,1,train
-7.547359,20.608206,-32.249466,18 Puerto Plata,2017,2,train
-9.462408,0.09690323,-7.466626,18 Puerto Plata,2017,3,train
-10.729462,1.6193482,-9.657039,18 Puerto Plata,2017,4,train
-12.498742,3.3177462,-7.349519,18 Puerto Plata,2017,5,train
-12.382462,3.7000034,-6.799576,18 Puerto Plata,2017,6,train
-11.230531,2.9622366,-4.65433,18 Puerto Plata,2017,7,train
-12.160995,5.460037,-4.9235764,18 Puerto Plata,2017,8,train
-14.089633,5.6511993,-4.5334888,18 Puerto Plata,2017,9,train
-13.62006,5.4638214,-2.786674,18 Puerto Plata,2017,10,train
-13.565291,7.506099,-0.9757959,18 Puerto Plata,2017,11,train
-10.502581,28.365696,-21.730215,18 Puerto Plata,2017,12,train
-12.424938,9.130802,1.3677514,18 Puerto Plata,2017,13,train
-12.038492,11.729093,4.179474,18 Puerto Plata,2017,14,train
-10.662399,11.397283,3.6125069,18 Puerto Plata,2017,15,train
-8.441337,15.877246,5.835759,18 Puerto Plata,2017,16,train
-6.6027093,17.15964,6.5909295,18 Puerto Plata,2017,17,train
-7.4640303,15.604933,6.445724,18 Puerto Plata,2017,18,train
-7.3827624,13.883693,6.327012,18 Puerto Plata,2017,19,train
-1.1531615,15.765692,6.363552,18 Puerto Plata,2017,20,train
-0.40249634,12.892049,8.464478,18 Puerto Plata,2017,21,train
0.7577117,14.244106,6.8585267,18 Puerto Plata,2017,22,train
1.5451596,11.717712,9.319033,18 Puerto Plata,2017,23,train
2.8582394,13.351782,7.4991493,18 Puerto Plata,2017,24,train
3.8525631,13.442836,7.500444,18 Puerto Plata,2017,25,train
4.2225485,12.245981,6.1847787,18 Puerto Plata,2017,26,train
10.233278,9.114016,5.2161303,18 Puerto Plata,2017,27,train
8.901494,8.792205,3.8934855,18 Puerto Plata,2017,28,train
10.436483,8.744853,6.0588183,18 Puerto Plata,2017,29,train
9.805217,8.30992,5.822781,18 Puerto Plata,2017,30,train
10.382678,9.256967,5.8218493,18 Puerto Plata,2017,31,train
9.165957,8.933816,5.0032086,18 Puerto Plata,2017,32,train
9.664793,9.297761,5.182051,18 Puerto Plata,2017,33,train
9.5515375,8.784112,5.2323604,18 Puerto Plata,2017,34,train
12.789915,-4.1861963,-9.897753,18 Puerto Plata,2017,35,train
15.068866,9.764093,-25.027176,18 Puerto Plata,2017,36,train
11.330155,-3.2937891,-10.820278,18 Puerto Plata,2017,37,train
14.216889,11.022453,-26.49702,18 Puerto Plata,2017,38,train
12.06524,-4.669637,-12.052075,18 Puerto Plata,2017,39,train
10.840573,-4.286195,-13.355963,18 Puerto Plata,2017,40,train
8.853691,-4.3080754,-12.9253,18 Puerto Plata,2017,41,train
9.488773,-7.2162204,-13.739761,18 Puerto Plata,2017,42,train
7.933966,-6.445923,-13.147356,18 Puerto Plata,2017,43,train
6.8886356,-4.9442196,-13.971794,18 Puerto Plata,2017,44,train
6.248242,5.907006,-26.962955,18 Puerto Plata,2017,45,train
4.9665627,6.6653347,-25.008041,18 Puerto Plata,2017,46,train
4.8046083,-4.7825646,-14.348704,18 Puerto Plata,2017,47,train
3.8592107,-4.998638,-13.453899,18 Puerto Plata,2017,48,train
3.4548237,-4.643909,-15.398257,18 Puerto Plata,2017,49,train
3.1496677,-4.216011,-13.843303,18 Puerto Plata,2017,50,train
2.6986985,-2.7497559,-13.745291,18 Puerto Plata,2017,51,train
-0.2701498,-0.007250842,-1.5899159,18 Puerto Plata,2017,52,train
-0.37902853,22.316614,-28.72262,18 Puerto Plata,2018,1,train
-0.286179,-0.2425953,-0.68083936,18 Puerto Plata,2018,2,train
-0.48579124,0.02564666,-0.8874872,18 Puerto Plata,2018,3,train
-0.30423513,19.51638,-24.507008,18 Puerto Plata,2018,4,train
-12.5496,4.120233,-7.8070617,18 Puerto Plata,2018,5,train
-13.557788,2.9271612,-6.7148795,18 Puerto Plata,2018,6,train
-12.680318,18.021133,-20.025328,18 Puerto Plata,2018,7,train
-13.792282,4.276948,-5.413702,18 Puerto Plata,2018,8,train
-12.150618,5.1136017,-3.6828873,18 Puerto Plata,2018,9,train
-12.127286,8.098014,-3.3106492,18 Puerto Plata,2018,10,train
-12.969121,9.085526,-2.2133152,18 Puerto Plata,2018,11,train
-13.071816,8.480902,-0.29900074,18 Puerto Plata,2018,12,train
-13.505481,8.621285,0.37709296,18 Puerto Plata,2018,13,train
-11.672915,10.29464,3.1224735,18 Puerto Plata,2018,14,train
-15.569009,11.315716,3.8816228,18 Puerto Plata,2018,15,train
-14.672152,11.8297205,4.3709645,18 Puerto Plata,2018,16,train
-13.703339,12.377063,4.8411007,18 Puerto Plata,2018,17,train
-12.118785,13.560785,5.605031,18 Puerto Plata,2018,18,train
-14.260719,12.765276,6.9496975,18 Puerto Plata,2018,19,train
-13.76432,14.21851,8.03724,18 Puerto Plata,2018,20,train
-11.496079,13.957706,8.931995,18 Puerto Plata,2018,21,train
-9.550421,15.074749,10.551791,18 Puerto Plata,2018,22,train
-8.711031,15.576606,12.017402,18 Puerto Plata,2018,23,train
-8.424807,15.946604,12.278714,18 Puerto Plata,2018,24,train
3.0101268,11.613152,8.118784,18 Puerto Plata,2018,25,train
3.6798706,11.078212,8.52382,18 Puerto Plata,2018,26,train
12.139382,5.481603,4.7887297,18 Puerto Plata,2018,27,train
12.43828,5.89134,4.4846845,18 Puerto Plata,2018,28,train
12.880406,6.180224,4.5320263,18 Puerto Plata,2018,29,train
12.988837,5.7163324,5.553847,18 Puerto Plata,2018,30,train
13.05942,5.8723674,4.892626,18 Puerto Plata,2018,31,train
13.0134115,5.310698,4.6383395,18 Puerto Plata,2018,32,train
12.816816,5.7792044,4.0088277,18 Puerto Plata,2018,33,train
13.099648,5.2456536,4.8945,18 Puerto Plata,2018,34,train
12.595688,-7.2749047,-6.222047,18 Puerto Plata,2018,35,train
11.990952,-7.355688,-5.942172,18 Puerto Plata,2018,36,train
12.878296,-7.6818132,-6.227851,18 Puerto Plata,2018,37,train
12.758093,-7.7983704,-6.4611397,18 Puerto Plata,2018,38,train
12.389083,-8.812648,-7.043521,18 Puerto Plata,2018,39,train
9.102206,-8.726702,-7.5776143,18 Puerto Plata,2018,40,train
8.72926,-9.3764,-8.078383,18 Puerto Plata,2018,41,train
8.216498,-9.942974,-8.455526,18 Puerto Plata,2018,42,train
7.190791,-9.415459,-8.179717,18 Puerto Plata,2018,43,train
6.3402004,-9.663962,-8.33866,18 Puerto Plata,2018,44,train
5.7106967,-9.440974,-8.03028,18 Puerto Plata,2018,45,train
5.425401,-10.364549,-8.81937,18 Puerto Plata,2018,46,train
4.06917,-10.029315,-8.968208,18 Puerto Plata,2018,47,train
3.4167762,-9.437749,-8.21989,18 Puerto Plata,2018,48,train
3.3086872,-10.090013,-9.338503,18 Puerto Plata,2018,49,train
-5.777201,-10.605475,-12.4531355,18 Puerto Plata,2018,50,train
-5.711056,-9.379584,-11.460405,18 Puerto Plata,2018,51,train
-13.196814,-6.0768805,-9.29845,18 Puerto Plata,2018,52,train
-12.793044,-5.3908763,-8.320011,18 Puerto Plata,2019,1,train
-11.403505,-3.1952734,-6.682258,18 Puerto Plata,2019,2,train
-11.954383,-2.6688728,-6.6065016,18 Puerto Plata,2019,3,train
-14.294085,-2.7030103,-7.7603216,18 Puerto Plata,2019,4,train
-14.80759,1.5140849,-4.0945673,18 Puerto Plata,2019,5,train
-14.114069,0.23080662,-3.300719,18 Puerto Plata,2019,6,train
-15.186668,0.73182744,-2.7384107,18 Puerto Plata,2019,7,train
-18.88054,2.0930223,-1.4413551,18 Puerto Plata,2019,8,train
-17.789324,2.3550103,-0.87660336,18 Puerto Plata,2019,9,train
-16.969557,4.8204575,0.18799737,18 Puerto Plata,2019,10,train
-16.80863,5.463582,0.8571467,18 Puerto Plata,2019,11,train
-14.784989,6.510639,2.283862,18 Puerto Plata,2019,12,train
-11.477688,9.019451,3.410592,18 Puerto Plata,2019,13,train
-15.450592,10.196718,4.3300824,18 Puerto Plata,2019,14,train
-15.872252,10.278553,5.000493,18 Puerto Plata,2019,15,train
-16.422407,10.577675,5.877738,18 Puerto Plata,2019,16,train
-14.256538,10.970524,5.7085795,18 Puerto Plata,2019,17,train
-2.6199505,12.043452,8.327173,18 Puerto Plata,2019,18,train
-2.4417348,12.46299,8.528619,18 Puerto Plata,2019,19,train
-1.3665298,11.434728,8.52919,18 Puerto Plata,2019,20,train
-0.62143767,13.367903,6.504676,18 Puerto Plata,2019,21,train
0.19675486,13.080148,7.058168,18 Puerto Plata,2019,22,train
1.2834886,11.980446,6.681571,18 Puerto Plata,2019,23,train
2.5960102,11.196385,9.733688,18 Puerto Plata,2019,24,train
3.5434957,10.256806,9.990022,18 Puerto Plata,2019,25,train
4.1427393,10.7413845,8.294302,18 Puerto Plata,2019,26,train
14.858438,2.8833709,3.1862745,18 Puerto Plata,2019,27,train
16.361324,1.5805109,2.8843725,18 Puerto Plata,2019,28,train
16.84146,1.5953773,2.1327264,18 Puerto Plata,2019,29,train
17.122284,0.738807,2.1491034,18 Puerto Plata,2019,30,train
17.036165,1.0574753,1.7579085,18 Puerto Plata,2019,31,train
16.802038,0.25326338,2.0161333,18 Puerto Plata,2019,32,train
16.580742,0.22080481,1.9410124,18 Puerto Plata,2019,33,train
16.944149,0.43098807,1.9685756,18 Puerto Plata,2019,34,train
15.043984,-5.3941865,-2.2009015,18 Puerto Plata,2019,35,train
14.887859,-7.5020027,-3.443051,18 Puerto Plata,2019,36,train
13.087733,-8.459353,-4.934264,18 Puerto Plata,2019,37,train
12.269146,-8.931246,-5.5235333,18 Puerto Plata,2019,38,train
10.100067,-8.47528,-5.625144,18 Puerto Plata,2019,39,train
9.772101,-9.191436,-6.5329256,18 Puerto Plata,2019,40,train
10.501864,-11.019833,-8.0251465,18 Puerto Plata,2019,41,train
9.181662,-10.876492,-7.9877706,18 Puerto Plata,2019,42,train
8.065939,-11.1490555,-8.190567,18 Puerto Plata,2019,43,train
7.1852245,-11.15678,-8.167897,18 Puerto Plata,2019,44,train
6.343014,-11.6291275,-8.34264,18 Puerto Plata,2019,45,train
5.47406,-10.4829645,-7.677967,18 Puerto Plata,2019,46,train
3.5313318,-9.859831,-7.055125,18 Puerto Plata,2019,47,train
3.383673,-9.744522,-7.050012,18 Puerto Plata,2019,48,train
-4.886252,-11.195499,-9.869506,18 Puerto Plata,2019,49,train
-6.2985415,-11.4160185,-10.28401,18 Puerto Plata,2019,50,train
-7.55346,-11.531589,-10.459804,18 Puerto Plata,2019,51,train
-10.89082,-5.7278275,-6.500668,18 Puerto Plata,2019,52,train
-11.055829,-5.6182947,-6.9860497,18 Puerto Plata,2020,1,val
-12.578619,-4.880032,-7.2718973,18 Puerto Plata,2020,2,val
-12.802869,-4.1132464,-7.0145726,18 Puerto Plata,2020,3,val
-10.746778,-2.4848528,-5.180572,18 Puerto Plata,2020,4,val
-12.940274,0.71763206,-2.9550736,18 Puerto Plata,2020,5,val
-14.913924,0.88989913,-3.3316295,18 Puerto Plata,2020,6,val
-16.308258,1.2840834,-2.7031481,18 Puerto Plata,2020,7,val
-14.327926,1.9781944,-2.2203226,18 Puerto Plata,2020,8,val
-12.158949,19.792437,-18.126696,18 Puerto Plata,2020,9,val
-12.145445,23.47614,-20.933163,18 Puerto Plata,2020,10,val
-11.269768,4.6958942,0.20929368,18 Puerto Plata,2020,11,val
-13.662796,5.674483,1.224604,18 Puerto Plata,2020,12,val
-11.985942,8.271612,3.2356946,18 Puerto Plata,2020,13,val
-10.578223,10.512626,4.170657,18 Puerto Plata,2020,14,val
-9.798978,12.162335,5.553504,18 Puerto Plata,2020,15,val
-12.829259,12.968976,6.820932,18 Puerto Plata,2020,16,val
-13.625632,13.28699,7.750386,18 Puerto Plata,2020,17,val
-12.8008375,13.51238,8.01786,18 Puerto Plata,2020,18,val
-11.469115,14.437477,8.290583,18 Puerto Plata,2020,19,val
-1.7217023,13.496145,9.261374,18 Puerto Plata,2020,20,val
-0.39822462,15.00241,7.543413,18 Puerto Plata,2020,21,val
0.6241031,11.914909,7.4792194,18 Puerto Plata,2020,22,val
1.6502484,12.920588,9.39775,18 Puerto Plata,2020,23,val
2.610999,12.148202,6.317184,18 Puerto Plata,2020,24,val
3.993613,12.612963,8.712916,18 Puerto Plata,2020,25,val
4.3939557,12.009208,7.5490284,18 Puerto Plata,2020,26,val
9.642303,7.8863797,6.166285,18 Puerto Plata,2020,27,val
10.2630825,7.063269,7.8512483,18 Puerto Plata,2020,28,val
9.768138,8.229022,6.386085,18 Puerto Plata,2020,29,val
9.930515,8.981216,5.7923326,18 Puerto Plata,2020,30,val
12.661702,22.137634,-7.587576,18 Puerto Plata,2020,31,val
9.176452,8.865497,6.108699,18 Puerto Plata,2020,32,val
9.271635,9.693022,5.406938,18 Puerto Plata,2020,33,val
9.024428,10.19502,4.1746984,18 Puerto Plata,2020,34,val
12.272475,-2.0115569,-12.0934,18 Puerto Plata,2020,35,val
12.08408,-1.9629601,-13.450205,18 Puerto Plata,2020,36,val
12.538191,-2.4343736,-13.035578,18 Puerto Plata,2020,37,val
12.120145,-2.4621007,-12.917516,18 Puerto Plata,2020,38,val
11.927094,-2.8708925,-12.291631,18 Puerto Plata,2020,39,val
11.844778,-4.351767,-15.56706,18 Puerto Plata,2020,40,val
10.515193,-4.6614,-15.305816,18 Puerto Plata,2020,41,val
9.6977005,-4.678882,-16.049704,18 Puerto Plata,2020,42,val
8.46139,-6.553728,-13.726707,18 Puerto Plata,2020,43,val
8.267447,-5.9610095,-17.674475,18 Puerto Plata,2020,44,val
6.5060883,-4.7105246,-16.727753,18 Puerto Plata,2020,45,val
5.64852,-4.7100663,-17.399786,18 Puerto Plata,2020,46,val
4.253491,-2.8748214,-16.50306,18 Puerto Plata,2020,47,val
3.6232772,-3.9505928,-15.370171,18 Puerto Plata,2020,48,val
3.1769397,-5.7950144,-12.181737,18 Puerto Plata,2020,49,val
-2.7385972,6.469519,-28.430523,18 Puerto Plata,2020,50,val
-3.216688,-2.1601577,-16.68853,18 Puerto Plata,2020,51,val
-7.930149,0.23073198,-11.639946,18 Puerto Plata,2020,52,val
-7.3553886,0.833725,-10.780206,18 Puerto Plata,2021,1,val
-8.678453,1.2758061,-11.965254,18 Puerto Plata,2021,2,val
-8.982081,1.4405179,-11.185862,18 Puerto Plata,2021,3,val
-8.441818,2.511974,-10.186203,18 Puerto Plata,2021,4,val
-10.803856,17.813427,-21.026123,18 Puerto Plata,2021,5,val
-13.999537,6.4009824,-8.5022955,18 Puerto Plata,2021,6,val
-13.626892,6.6507607,-7.4140615,18 Puerto Plata,2021,7,val
-13.938799,7.4989505,-6.2243395,18 Puerto Plata,2021,8,val
-12.006129,8.125753,-4.385187,18 Puerto Plata,2021,9,val
-12.044641,24.385988,-21.442272,18 Puerto Plata,2021,10,val
-14.759736,8.56806,-3.2312295,18 Puerto Plata,2021,11,val
-12.945261,10.018932,-0.7910146,18 Puerto Plata,2021,12,val
-13.316902,12.224782,-0.83455366,18 Puerto Plata,2021,13,val
-12.1251745,24.299807,-14.168961,18 Puerto Plata,2021,14,val
-10.502946,11.545387,1.4306859,18 Puerto Plata,2021,15,val
-12.46986,13.290319,2.4309993,18 Puerto Plata,2021,16,val
-11.002805,13.500026,4.6533427,18 Puerto Plata,2021,17,val
-12.623376,13.682605,5.104951,18 Puerto Plata,2021,18,val
-11.82651,14.161576,6.956937,18 Puerto Plata,2021,19,val
-1.3325197,13.082535,5.505623,18 Puerto Plata,2021,20,val
-0.55195206,14.131399,6.576751,18 Puerto Plata,2021,21,val
0.2591116,15.291288,7.5021796,18 Puerto Plata,2021,22,val
1.4416755,13.500334,6.3791027,18 Puerto Plata,2021,23,val
2.7424047,12.98652,7.8437095,18 Puerto Plata,2021,24,val
3.5671003,13.265996,5.929695,18 Puerto Plata,2021,25,val
4.1983805,11.56694,7.5989065,18 Puerto Plata,2021,26,val
9.8789835,8.498972,5.671702,18 Puerto Plata,2021,27,val
9.587213,8.774864,5.122545,18 Puerto Plata,2021,28,val
9.462371,8.686027,5.2136564,18 Puerto Plata,2021,29,val
9.505658,8.33407,5.477434,18 Puerto Plata,2021,30,val
10.006657,8.436863,5.62791,18 Puerto Plata,2021,31,val
12.854225,19.898817,-6.885737,18 Puerto Plata,2021,32,val
10.060107,8.84087,4.378653,18 Puerto Plata,2021,33,val
10.148305,7.8654633,4.8670583,18 Puerto Plata,2021,34,val
12.625448,-1.939883,-8.696896,18 Puerto Plata,2021,35,val
13.160187,-2.564097,-11.316715,18 Puerto Plata,2021,36,val
11.806459,-2.1073532,-12.828336,18 Puerto Plata,2021,37,val
10.94966,-1.8069563,-13.251506,18 Puerto Plata,2021,38,val
11.148615,-2.6436381,-11.234466,18 Puerto Plata,2021,39,val
11.767232,-4.1064167,-14.08823,18 Puerto Plata,2021,40,val
9.060938,-2.8416865,-14.872134,18 Puerto Plata,2021,41,val
9.413849,-5.8076596,-14.160973,18 Puerto Plata,2021,42,val
7.8398023,-6.777895,-12.326509,18 Puerto Plata,2021,43,val
7.470831,-6.910162,-13.476561,18 Puerto Plata,2021,44,val
6.3043633,-7.5471272,-12.902252,18 Puerto Plata,2021,45,val
6.304382,-7.383731,-14.597046,18 Puerto Plata,2021,46,val
3.4970458,-5.351461,-12.594085,18 Puerto Plata,2021,47,val
3.9907832,-5.1024227,-14.382509,18 Puerto Plata,2021,48,val
-4.2111783,-4.7453747,-18.429419,18 Puerto Plata,2021,49,val
-4.623411,-4.55271,-18.106327,18 Puerto Plata,2021,50,val
-3.5718198,-3.5296557,-15.223211,18 Puerto Plata,2021,51,val
-9.567218,0.07128229,-13.011153,18 Puerto Plata,2021,52,val
-6.2611566,-2.856871,-3.7897465,19 Hermanas Mirabal,2015,1,train
-6.244921,-2.0767741,-3.2082386,19 Hermanas Mirabal,2015,2,train
-7.272534,-1.8227569,-3.421294,19 Hermanas Mirabal,2015,3,train
-6.565837,-1.4736079,-2.6453488,19 Hermanas Mirabal,2015,4,train
-7.6137805,16.958878,-20.528254,19 Hermanas Mirabal,2015,5,train
-7.0541654,0.9994796,-1.4401549,19 Hermanas Mirabal,2015,6,train
-7.367843,1.2196357,-1.3411267,19 Hermanas Mirabal,2015,7,train
-7.6308103,19.203968,-19.045855,19 Hermanas Mirabal,2015,8,train
-7.8934712,2.541944,0.052624077,19 Hermanas Mirabal,2015,9,train
-7.6078095,2.3369951,0.5970364,19 Hermanas Mirabal,2015,10,train
-7.7914057,2.9699862,0.9902351,19 Hermanas Mirabal,2015,11,train
-8.144253,3.7657366,2.2454085,19 Hermanas Mirabal,2015,12,train
-8.675765,5.0826817,3.951407,19 Hermanas Mirabal,2015,13,train
-6.9356184,5.3517294,2.7024457,19 Hermanas Mirabal,2015,14,train
-7.880524,5.9054537,3.3037832,19 Hermanas Mirabal,2015,15,train
-7.6138806,5.904548,4.9242992,19 Hermanas Mirabal,2015,16,train
-2.4865346,4.921833,6.1865234,19 Hermanas Mirabal,2015,17,train
-2.2157924,4.5865035,7.4525533,19 Hermanas Mirabal,2015,18,train
-2.0663548,5.0685043,6.5798826,19 Hermanas Mirabal,2015,19,train
-1.7329296,5.474603,5.415928,19 Hermanas Mirabal,2015,20,train
-0.7976261,6.154754,4.517689,19 Hermanas Mirabal,2015,21,train
-0.39065978,5.5246444,3.4414291,19 Hermanas Mirabal,2015,22,train
0.18383384,5.315973,4.7842145,19 Hermanas Mirabal,2015,23,train
0.7451867,4.8256745,5.259127,19 Hermanas Mirabal,2015,24,train
1.4401165,5.256696,4.706921,19 Hermanas Mirabal,2015,25,train
1.6645336,4.645983,4.961432,19 Hermanas Mirabal,2015,26,train
8.49685,1.2948099,2.7378328,19 Hermanas Mirabal,2015,27,train
7.389933,0.8839834,2.1292315,19 Hermanas Mirabal,2015,28,train
7.9045434,0.860883,2.338759,19 Hermanas Mirabal,2015,29,train
8.441829,0.4314748,3.4342396,19 Hermanas Mirabal,2015,30,train
8.853539,0.42733476,3.1434257,19 Hermanas Mirabal,2015,31,train
9.434687,0.70047116,3.1308584,19 Hermanas Mirabal,2015,32,train
9.558646,0.41773075,3.1571062,19 Hermanas Mirabal,2015,33,train
9.913599,0.19303662,3.6063316,19 Hermanas Mirabal,2015,34,train
7.8210497,-3.3262858,-0.822659,19 Hermanas Mirabal,2015,35,train
8.380273,-3.9763844,-0.5935931,19 Hermanas Mirabal,2015,36,train
8.163826,-4.235554,-0.9709128,19 Hermanas Mirabal,2015,37,train
7.4515796,-4.6543136,-1.4360708,19 Hermanas Mirabal,2015,38,train
7.524058,-5.0647335,-1.6145592,19 Hermanas Mirabal,2015,39,train
7.016299,-6.3908367,-1.707623,19 Hermanas Mirabal,2015,40,train
7.3571205,-7.1069074,-2.2784104,19 Hermanas Mirabal,2015,41,train
7.0931005,-7.3828373,-2.8279703,19 Hermanas Mirabal,2015,42,train
5.0380116,-5.731686,-2.58166,19 Hermanas Mirabal,2015,43,train
4.7381606,-6.3938375,-3.2317436,19 Hermanas Mirabal,2015,44,train
3.9034524,-6.346885,-3.8882,19 Hermanas Mirabal,2015,45,train
3.555525,-6.7196803,-4.1314673,19 Hermanas Mirabal,2015,46,train
1.8547999,-5.5402737,-3.301457,19 Hermanas Mirabal,2015,47,train
-2.8402154,-7.343197,-5.271359,19 Hermanas Mirabal,2015,48,train
-3.5102012,-8.423986,-6.8547797,19 Hermanas Mirabal,2015,49,train
-3.4062784,-8.039583,-6.124438,19 Hermanas Mirabal,2015,50,train
-3.6722322,-7.7467318,-6.366231,19 Hermanas Mirabal,2015,51,train
-6.5653768,-4.2580442,-4.360432,19 Hermanas Mirabal,2015,52,train
-8.068961,-2.6745493,-2.3094275,19 Hermanas Mirabal,2016,1,train
-8.338018,-2.5791087,-2.1057446,19 Hermanas Mirabal,2016,2,train
-8.400276,-2.3766193,-2.2788432,19 Hermanas Mirabal,2016,3,train
-8.380639,-2.0708044,-2.3418987,19 Hermanas Mirabal,2016,4,train
-8.472023,-0.71766746,-1.0021102,19 Hermanas Mirabal,2016,5,train
-9.348663,-0.5600004,-1.0475086,19 Hermanas Mirabal,2016,6,train
-8.635672,-0.29908657,-0.6907519,19 Hermanas Mirabal,2016,7,train
-10.213418,0.33159718,-0.29793954,19 Hermanas Mirabal,2016,8,train
-10.156097,0.67513996,-0.19814686,19 Hermanas Mirabal,2016,9,train
-7.348709,2.3265703,0.43967056,19 Hermanas Mirabal,2016,10,train
-9.196979,3.4625287,2.4590127,19 Hermanas Mirabal,2016,11,train
-10.348172,4.8607736,3.7710352,19 Hermanas Mirabal,2016,12,train
-9.306153,5.2780347,4.5434966,19 Hermanas Mirabal,2016,13,train
-9.399438,6.2932982,4.997448,19 Hermanas Mirabal,2016,14,train
-8.720728,5.6937923,4.5351872,19 Hermanas Mirabal,2016,15,train
-5.06006,8.949931,3.6397455,19 Hermanas Mirabal,2016,16,train
-4.4866695,10.550564,3.5985794,19 Hermanas Mirabal,2016,17,train
-1.9543648,6.926115,3.9745622,19 Hermanas Mirabal,2016,18,train
-1.4140888,7.137942,3.6019297,19 Hermanas Mirabal,2016,19,train
-0.83450025,6.187921,5.2401733,19 Hermanas Mirabal,2016,20,train
-0.37034705,6.392345,3.816166,19 Hermanas Mirabal,2016,21,train
0.122996435,6.3118725,3.3740137,19 Hermanas Mirabal,2016,22,train
0.6058831,4.8994026,6.0075994,19 Hermanas Mirabal,2016,23,train
1.2228335,4.6015253,6.53955,19 Hermanas Mirabal,2016,24,train
1.7737423,5.566177,3.4140487,19 Hermanas Mirabal,2016,25,train
2.1212947,4.9785404,4.045363,19 Hermanas Mirabal,2016,26,train
5.5545673,2.9588528,3.7365038,19 Hermanas Mirabal,2016,27,train
5.2114363,2.8484046,3.644479,19 Hermanas Mirabal,2016,28,train
5.23214,3.1012828,3.362009,19 Hermanas Mirabal,2016,29,train
4.9010773,3.31853,2.5717447,19 Hermanas Mirabal,2016,30,train
4.797449,3.0590308,2.502763,19 Hermanas Mirabal,2016,31,train
4.948346,3.497701,3.8260138,19 Hermanas Mirabal,2016,32,train
5.0530114,3.1925972,4.127998,19 Hermanas Mirabal,2016,33,train
4.451299,3.8011956,2.0538726,19 Hermanas Mirabal,2016,34,train
8.843999,-0.49101424,-3.6995873,19 Hermanas Mirabal,2016,35,train
8.3973875,-0.39789557,-4.4590693,19 Hermanas Mirabal,2016,36,train
8.366362,0.021163372,-3.8230708,19 Hermanas Mirabal,2016,37,train
8.539214,-0.46506593,-4.4030523,19 Hermanas Mirabal,2016,38,train
7.382047,-1.217429,-5.3324122,19 Hermanas Mirabal,2016,39,train
5.771136,-1.9578787,-7.26155,19 Hermanas Mirabal,2016,40,train
5.520836,-2.3500261,-6.5593405,19 Hermanas Mirabal,2016,41,train
6.6674056,6.6626368,-18.835894,19 Hermanas Mirabal,2016,42,train
6.2380643,6.22605,-18.949593,19 Hermanas Mirabal,2016,43,train
5.3872538,7.742462,-20.454496,19 Hermanas Mirabal,2016,44,train
4.928461,11.44482,-24.891829,19 Hermanas Mirabal,2016,45,train
3.842048,7.57744,-21.669035,19 Hermanas Mirabal,2016,46,train
1.6050175,-1.2256166,-9.093398,19 Hermanas Mirabal,2016,47,train
1.6950802,-1.6486824,-8.619002,19 Hermanas Mirabal,2016,48,train
-1.7770259,-3.5413384,-8.253439,19 Hermanas Mirabal,2016,49,train
-2.07979,-3.6582062,-8.964779,19 Hermanas Mirabal,2016,50,train
-1.6956481,-2.9908683,-8.347606,19 Hermanas Mirabal,2016,51,train
-3.7156546,-1.2744044,-5.100169,19 Hermanas Mirabal,2016,52,train
-4.666847,-1.2562948,-5.185924,19 Hermanas Mirabal,2017,1,train
-3.595618,-0.46881282,-3.536882,19 Hermanas Mirabal,2017,2,train
-3.2119925,-0.45872787,-2.216702,19 Hermanas Mirabal,2017,3,train
-3.4998906,-1.1665424,-1.0245268,19 Hermanas Mirabal,2017,4,train
-5.664025,1.5767549,-2.735309,19 Hermanas Mirabal,2017,5,train
-6.170998,1.7009771,-2.5419784,19 Hermanas Mirabal,2017,6,train
-5.9997287,1.9253837,-2.0355194,19 Hermanas Mirabal,2017,7,train
-5.0119295,0.52539593,1.3781999,19 Hermanas Mirabal,2017,8,train
-5.4244766,2.5401058,-0.46035913,19 Hermanas Mirabal,2017,9,train
-5.0010853,2.8269024,-0.5656008,19 Hermanas Mirabal,2017,10,train
-6.9246125,4.8326244,-0.19332364,19 Hermanas Mirabal,2017,11,train
-4.3520145,4.148421,0.69702566,19 Hermanas Mirabal,2017,12,train
-5.529998,5.307509,1.1104465,19 Hermanas Mirabal,2017,13,train
-6.5481353,6.453252,2.9459126,19 Hermanas Mirabal,2017,14,train
-4.8326964,3.8207815,3.2289183,19 Hermanas Mirabal,2017,15,train
-4.415071,9.201456,3.0871525,19 Hermanas Mirabal,2017,16,train
-2.5849824,24.872377,-13.779178,19 Hermanas Mirabal,2017,17,train
-1.5619619,6.1841817,2.351675,19 Hermanas Mirabal,2017,18,train
-1.3079395,4.878769,2.3348994,19 Hermanas Mirabal,2017,19,train
-0.7871905,7.0233765,2.6916103,19 Hermanas Mirabal,2017,20,train
-0.26782024,5.518703,4.4462643,19 Hermanas Mirabal,2017,21,train
0.093622245,5.676399,2.786984,19 Hermanas Mirabal,2017,22,train
0.5739329,5.600343,4.977543,19 Hermanas Mirabal,2017,23,train
0.9692921,4.8998456,3.544189,19 Hermanas Mirabal,2017,24,train
1.504055,5.107532,2.8550766,19 Hermanas Mirabal,2017,25,train
2.037495,5.3193517,2.9611228,19 Hermanas Mirabal,2017,26,train
4.3789454,3.6441667,2.0574868,19 Hermanas Mirabal,2017,27,train
4.0482216,3.3800664,1.9941427,19 Hermanas Mirabal,2017,28,train
4.5974665,3.430038,2.6471984,19 Hermanas Mirabal,2017,29,train
4.723164,3.5629864,2.8747663,19 Hermanas Mirabal,2017,30,train
4.795085,3.6493676,2.8405614,19 Hermanas Mirabal,2017,31,train
4.5209103,3.4141088,2.9793053,19 Hermanas Mirabal,2017,32,train
4.524315,3.8069897,2.2070317,19 Hermanas Mirabal,2017,33,train
4.8166046,3.688943,2.883821,19 Hermanas Mirabal,2017,34,train
8.4279995,-0.9891212,-3.7837765,19 Hermanas Mirabal,2017,35,train
10.184466,9.466914,-18.569986,19 Hermanas Mirabal,2017,36,train
6.547869,-1.1132067,-4.380073,19 Hermanas Mirabal,2017,37,train
9.831065,9.32584,-18.222504,19 Hermanas Mirabal,2017,38,train
6.3097634,-1.8364488,-5.008106,19 Hermanas Mirabal,2017,39,train
5.3588395,-1.8198537,-5.751644,19 Hermanas Mirabal,2017,40,train
4.3974524,-2.0130622,-5.3926554,19 Hermanas Mirabal,2017,41,train
4.447839,-2.647784,-5.976622,19 Hermanas Mirabal,2017,42,train
3.8577104,-2.5855918,-5.704746,19 Hermanas Mirabal,2017,43,train
3.6735826,-2.960338,-6.5506363,19 Hermanas Mirabal,2017,44,train
2.959039,-1.3154312,-9.006697,19 Hermanas Mirabal,2017,45,train
3.7455418,8.475284,-22.113258,19 Hermanas Mirabal,2017,46,train
2.1417034,-2.281389,-7.031055,19 Hermanas Mirabal,2017,47,train
1.9492432,-2.4871569,-7.0740786,19 Hermanas Mirabal,2017,48,train
1.3363402,-2.0278203,-7.5187187,19 Hermanas Mirabal,2017,49,train
0.868211,-2.1568856,-6.3220854,19 Hermanas Mirabal,2017,50,train
0.8611875,-1.59276,-6.8498354,19 Hermanas Mirabal,2017,51,train
-0.77781856,-0.5778878,-1.9143546,19 Hermanas Mirabal,2017,52,train
-3.929949,-0.7644687,-5.663152,19 Hermanas Mirabal,2018,1,train
-4.2786345,-0.2498576,-5.4894257,19 Hermanas Mirabal,2018,2,train
-4.561275,0.14859824,-5.096193,19 Hermanas Mirabal,2018,3,train
-4.4655247,0.5317685,-4.507061,19 Hermanas Mirabal,2018,4,train
-4.371952,1.7296635,-2.4545417,19 Hermanas Mirabal,2018,5,train
-5.2410827,1.697332,-2.4963648,19 Hermanas Mirabal,2018,6,train
-4.806694,1.7442377,-1.7805555,19 Hermanas Mirabal,2018,7,train
-4.544012,1.9734268,-1.2180226,19 Hermanas Mirabal,2018,8,train
-4.2413845,1.1030536,1.141777,19 Hermanas Mirabal,2018,9,train
-4.689672,3.4647439,-0.14382683,19 Hermanas Mirabal,2018,10,train
-6.965577,5.4719167,-0.5392399,19 Hermanas Mirabal,2018,11,train
-5.980059,5.2321553,0.07282744,19 Hermanas Mirabal,2018,12,train
-4.0323052,3.9389453,0.880049,19 Hermanas Mirabal,2018,13,train
-5.8282833,5.54042,1.9369855,19 Hermanas Mirabal,2018,14,train
-6.7054486,6.285447,2.4557698,19 Hermanas Mirabal,2018,15,train
-5.8158817,6.021469,3.0518374,19 Hermanas Mirabal,2018,16,train
-5.8010697,6.3673124,4.536647,19 Hermanas Mirabal,2018,17,train
-1.7449855,3.647434,2.812986,19 Hermanas Mirabal,2018,18,train
-1.6447597,4.0580206,3.3044367,19 Hermanas Mirabal,2018,19,train
-1.3648807,4.506273,2.727696,19 Hermanas Mirabal,2018,20,train
-0.8527112,4.131836,3.3084004,19 Hermanas Mirabal,2018,21,train
-0.3135801,4.1082134,3.9461243,19 Hermanas Mirabal,2018,22,train
0.04278579,4.0797153,4.377204,19 Hermanas Mirabal,2018,23,train
0.50262195,3.9837143,4.240056,19 Hermanas Mirabal,2018,24,train
0.82527834,3.5741248,2.9802568,19 Hermanas Mirabal,2018,25,train
1.3090377,3.8659017,3.5097206,19 Hermanas Mirabal,2018,26,train
5.5691605,1.8509854,2.6563015,19 Hermanas Mirabal,2018,27,train
5.0583644,1.7340451,1.9267472,19 Hermanas Mirabal,2018,28,train
6.1403413,2.525885,1.9867194,19 Hermanas Mirabal,2018,29,train
5.450076,1.834403,2.3644192,19 Hermanas Mirabal,2018,30,train
5.6529217,2.1901696,1.7725868,19 Hermanas Mirabal,2018,31,train
5.897488,1.7525198,2.1717355,19 Hermanas Mirabal,2018,32,train
5.8506236,2.1974428,1.3359123,19 Hermanas Mirabal,2018,33,train
6.3342505,1.9527962,1.9508443,19 Hermanas Mirabal,2018,34,train
5.1676216,-2.0316265,-2.100737,19 Hermanas Mirabal,2018,35,train
6.4751873,-2.4589386,-2.1710656,19 Hermanas Mirabal,2018,36,train
5.8908687,-2.5240731,-2.3153381,19 Hermanas Mirabal,2018,37,train
5.906461,-2.8191814,-2.6113918,19 Hermanas Mirabal,2018,38,train
5.602019,-2.9586768,-2.6669607,19 Hermanas Mirabal,2018,39,train
4.640139,-3.5552335,-3.634599,19 Hermanas Mirabal,2018,40,train
4.380949,-3.8837104,-3.8555877,19 Hermanas Mirabal,2018,41,train
3.7115238,-3.678889,-3.6124766,19 Hermanas Mirabal,2018,42,train
3.268795,-3.546776,-3.5876174,19 Hermanas Mirabal,2018,43,train
2.6535985,-3.5355318,-3.5633812,19 Hermanas Mirabal,2018,44,train
2.4471517,-4.003023,-3.8223817,19 Hermanas Mirabal,2018,45,train
2.690531,-5.0553355,-4.616815,19 Hermanas Mirabal,2018,46,train
1.7364265,-4.4552145,-4.2410398,19 Hermanas Mirabal,2018,47,train
1.280377,-4.6718407,-4.4543934,19 Hermanas Mirabal,2018,48,train
1.0696236,-4.375303,-4.372058,19 Hermanas Mirabal,2018,49,train
-1.962659,-5.151713,-5.9068975,19 Hermanas Mirabal,2018,50,train
-1.6847488,-4.87855,-5.5632257,19 Hermanas Mirabal,2018,51,train
-4.8335514,-3.0037792,-4.2654614,19 Hermanas Mirabal,2018,52,train
-4.835689,-2.495532,-3.3982735,19 Hermanas Mirabal,2019,1,train
-4.577837,-1.9704086,-2.5762405,19 Hermanas Mirabal,2019,2,train
-4.6389923,-1.854441,-1.8486422,19 Hermanas Mirabal,2019,3,train
-5.093869,-1.501077,-1.9603364,19 Hermanas Mirabal,2019,4,train
-6.6867213,0.645946,-1.475167,19 Hermanas Mirabal,2019,5,train
-6.904981,-0.0489451,-0.71522254,19 Hermanas Mirabal,2019,6,train
-7.571026,0.528561,-0.8905163,19 Hermanas Mirabal,2019,7,train
-8.278023,1.2486554,-0.043301556,19 Hermanas Mirabal,2019,8,train
-7.977172,1.4302683,0.6168571,19 Hermanas Mirabal,2019,9,train
-7.5139656,2.3858771,1.6491357,19 Hermanas Mirabal,2019,10,train
-6.636864,2.5329587,2.0520973,19 Hermanas Mirabal,2019,11,train
-7.761928,3.4114628,3.4285078,19 Hermanas Mirabal,2019,12,train
-5.7114778,20.993355,-13.49448,19 Hermanas Mirabal,2019,13,train
-6.6840534,6.001254,2.8868742,19 Hermanas Mirabal,2019,14,train
-6.718567,5.3788033,3.413847,19 Hermanas Mirabal,2019,15,train
-6.33226,5.4486146,4.074706,19 Hermanas Mirabal,2019,16,train
-5.7833376,5.4393063,4.3045354,19 Hermanas Mirabal,2019,17,train
-5.9896293,6.7658515,4.096617,19 Hermanas Mirabal,2019,18,train
-6.367999,7.520209,5.5113583,19 Hermanas Mirabal,2019,19,train
-1.0643189,5.14331,5.872279,19 Hermanas Mirabal,2019,20,train
-0.71318406,5.3764305,3.2309268,19 Hermanas Mirabal,2019,21,train
-0.24234143,5.3150487,3.1299126,19 Hermanas Mirabal,2019,22,train
0.32275143,5.5240173,3.745151,19 Hermanas Mirabal,2019,23,train
0.9406005,5.2195706,4.7665033,19 Hermanas Mirabal,2019,24,train
1.5973145,4.8087173,5.038825,19 Hermanas Mirabal,2019,25,train
1.7874596,4.615503,4.138402,19 Hermanas Mirabal,2019,26,train
6.7577868,0.4097598,2.134798,19 Hermanas Mirabal,2019,27,train
7.6729903,0.30817068,1.2881359,19 Hermanas Mirabal,2019,28,train
8.277473,-0.016283615,1.0719208,19 Hermanas Mirabal,2019,29,train
8.669238,-0.080179386,1.2018701,19 Hermanas Mirabal,2019,30,train
8.541565,0.0067908484,0.8236655,19 Hermanas Mirabal,2019,31,train
9.166363,-0.2588293,1.0558126,19 Hermanas Mirabal,2019,32,train
8.95582,-0.32199836,1.0695332,19 Hermanas Mirabal,2019,33,train
8.929968,-0.09748032,0.97846717,19 Hermanas Mirabal,2019,34,train
8.71084,-2.9045525,0.2851487,19 Hermanas Mirabal,2019,35,train
8.193892,-3.377039,-0.36443004,19 Hermanas Mirabal,2019,36,train
7.5309596,-3.4307091,-0.86746305,19 Hermanas Mirabal,2019,37,train
6.6151037,-3.8920255,-2.0690348,19 Hermanas Mirabal,2019,38,train
12.596142,14.397522,-17.36282,19 Hermanas Mirabal,2019,39,train
4.8542304,-3.732604,-2.439127,19 Hermanas Mirabal,2019,40,train
4.7743173,-3.8813229,-2.297093,19 Hermanas Mirabal,2019,41,train
3.94764,-5.1390476,-0.9129154,19 Hermanas Mirabal,2019,42,train
3.81915,-4.713858,-3.3869643,19 Hermanas Mirabal,2019,43,train
2.9689798,-4.4309573,-3.1194863,19 Hermanas Mirabal,2019,44,train
2.5416446,-4.9544187,-3.0441155,19 Hermanas Mirabal,2019,45,train
2.4078932,-5.208953,-3.6270773,19 Hermanas Mirabal,2019,46,train
1.3157985,-4.844643,-2.5892994,19 Hermanas Mirabal,2019,47,train
1.071124,-5.122195,-2.6372416,19 Hermanas Mirabal,2019,48,train
-3.0755975,-7.098826,-6.004775,19 Hermanas Mirabal,2019,49,train
-2.97933,-6.87389,-6.0082536,19 Hermanas Mirabal,2019,50,train
-3.1083446,-6.8626647,-6.09316,19 Hermanas Mirabal,2019,51,train
-5.59186,-3.9923344,-3.5954266,19 Hermanas Mirabal,2019,52,train
-5.1155906,-3.3994882,-3.4147797,19 Hermanas Mirabal,2020,1,val
-5.436146,-2.7447429,-3.0078003,19 Hermanas Mirabal,2020,2,val
-5.5379148,-1.8697739,-2.831555,19 Hermanas Mirabal,2020,3,val
-6.166749,-1.6715747,-2.8572283,19 Hermanas Mirabal,2020,4,val
-6.7683005,-0.28620672,-0.2641766,19 Hermanas Mirabal,2020,5,val
-7.5413213,0.6239214,-1.3517466,19 Hermanas Mirabal,2020,6,val
-7.428402,1.1217929,-0.89083827,19 Hermanas Mirabal,2020,7,val
-7.49671,1.5534949,-0.5794649,19 Hermanas Mirabal,2020,8,val
-7.07532,1.586272,0.6044297,19 Hermanas Mirabal,2020,9,val
-8.232354,17.635666,-14.6146,19 Hermanas Mirabal,2020,10,val
-6.272377,3.0313148,0.6315996,19 Hermanas Mirabal,2020,11,val
-6.04929,3.073918,1.3150833,19 Hermanas Mirabal,2020,12,val
-6.2054276,3.8950818,2.5012338,19 Hermanas Mirabal,2020,13,val
-6.2609897,5.3218327,3.079585,19 Hermanas Mirabal,2020,14,val
-7.451932,7.513389,4.5329723,19 Hermanas Mirabal,2020,15,val
-7.2565675,7.4407334,4.297823,19 Hermanas Mirabal,2020,16,val
-7.0059795,6.41887,6.4709935,19 Hermanas Mirabal,2020,17,val
-7.3399677,7.117308,6.493145,19 Hermanas Mirabal,2020,18,val
-6.323224,8.433623,5.7306604,19 Hermanas Mirabal,2020,19,val
-6.213206,8.122673,6.715078,19 Hermanas Mirabal,2020,20,val
-6.2235312,9.510724,7.4066553,19 Hermanas Mirabal,2020,21,val
-5.834308,8.7109995,7.0094194,19 Hermanas Mirabal,2020,22,val
0.67993015,5.461992,4.9680057,19 Hermanas Mirabal,2020,23,val
1.1752595,4.752468,4.912288,19 Hermanas Mirabal,2020,24,val
1.8491844,4.7595,5.0889664,19 Hermanas Mirabal,2020,25,val
2.303591,4.7556973,4.8899117,19 Hermanas Mirabal,2020,26,val
4.745438,3.1827862,4.0704255,19 Hermanas Mirabal,2020,27,val
4.839381,3.6818516,3.4369519,19 Hermanas Mirabal,2020,28,val
4.918299,3.3868523,3.9256344,19 Hermanas Mirabal,2020,29,val
4.3821588,3.4866838,2.6208336,19 Hermanas Mirabal,2020,30,val
9.430611,20.267014,-10.209888,19 Hermanas Mirabal,2020,31,val
4.901791,3.901422,3.7899392,19 Hermanas Mirabal,2020,32,val
4.8129897,4.2293377,3.0321808,19 Hermanas Mirabal,2020,33,val
9.134251,19.74752,-10.354614,19 Hermanas Mirabal,2020,34,val
7.4058266,-0.26715925,-5.1757975,19 Hermanas Mirabal,2020,35,val
5.955811,-0.19294117,-5.8281517,19 Hermanas Mirabal,2020,36,val
7.3875713,-0.27352142,-5.660346,19 Hermanas Mirabal,2020,37,val
6.8245883,-0.29957888,-5.3166127,19 Hermanas Mirabal,2020,38,val
6.0891204,-0.1541769,-4.683897,19 Hermanas Mirabal,2020,39,val
4.4107947,-0.2797213,-6.454209,19 Hermanas Mirabal,2020,40,val
5.1320066,-1.3924608,-6.967373,19 Hermanas Mirabal,2020,41,val
5.16829,-1.7038372,-7.988978,19 Hermanas Mirabal,2020,42,val
4.051486,-2.1669393,-6.6511946,19 Hermanas Mirabal,2020,43,val
4.058985,-1.0346297,-10.113602,19 Hermanas Mirabal,2020,44,val
3.0160415,-0.86288005,-9.095441,19 Hermanas Mirabal,2020,45,val
2.6441917,-0.60447043,-9.875678,19 Hermanas Mirabal,2020,46,val
1.8428898,-1.1467587,-8.551312,19 Hermanas Mirabal,2020,47,val
1.459545,-1.7597588,-7.435282,19 Hermanas Mirabal,2020,48,val
1.1987004,-2.0169861,-6.3452945,19 Hermanas Mirabal,2020,49,val
1.1693312,-1.4211717,-7.3124776,19 Hermanas Mirabal,2020,50,val
0.83676547,-1.1792488,-6.2507043,19 Hermanas Mirabal,2020,51,val
-0.6080768,-0.39581355,-1.9347745,19 Hermanas Mirabal,2020,52,val
-0.88762903,-0.9039009,-1.4492385,19 Hermanas Mirabal,2021,1,val
-0.9627011,-0.8046292,-1.1152475,19 Hermanas Mirabal,2021,2,val
-0.95588803,-0.2752199,-1.0396188,19 Hermanas Mirabal,2021,3,val
-1.2515156,-0.5008867,-0.6800635,19 Hermanas Mirabal,2021,4,val
-1.2732861,1.177236,-0.75415736,19 Hermanas Mirabal,2021,5,val
-1.355838,1.0807306,-0.0017807999,19 Hermanas Mirabal,2021,6,val
-1.4539359,1.0680308,0.333954,19 Hermanas Mirabal,2021,7,val
-1.4918295,1.1625971,0.4941833,19 Hermanas Mirabal,2021,8,val
-1.8840592,1.0527495,1.1464733,19 Hermanas Mirabal,2021,9,val
-4.5730977,3.3227153,-1.1788943,19 Hermanas Mirabal,2021,10,val
-4.349161,3.8455095,-0.39323255,19 Hermanas Mirabal,2021,11,val
-5.718927,5.2941136,-0.2583776,19 Hermanas Mirabal,2021,12,val
-5.305385,5.689433,0.20254798,19 Hermanas Mirabal,2021,13,val
-4.349263,5.1440167,0.7803667,19 Hermanas Mirabal,2021,14,val
-4.5582075,3.5916417,3.8818812,19 Hermanas Mirabal,2021,15,val
-5.739963,7.247299,2.4854424,19 Hermanas Mirabal,2021,16,val
-4.569719,6.569175,2.0913026,19 Hermanas Mirabal,2021,17,val
-1.5386673,4.140401,3.013074,19 Hermanas Mirabal,2021,18,val
-1.2912105,4.6735024,3.5710578,19 Hermanas Mirabal,2021,19,val
-1.1132822,3.7912319,2.5343049,19 Hermanas Mirabal,2021,20,val
-0.46228793,5.6314807,2.6068084,19 Hermanas Mirabal,2021,21,val
0.0026405193,5.544263,2.140337,19 Hermanas Mirabal,2021,22,val
0.3733484,4.4670863,2.1304061,19 Hermanas Mirabal,2021,23,val
1.2229286,5.796971,3.5260398,19 Hermanas Mirabal,2021,24,val
1.2855328,4.4282994,2.0787032,19 Hermanas Mirabal,2021,25,val
1.8050789,4.7634163,2.5510926,19 Hermanas Mirabal,2021,26,val
3.9531214,3.1837986,1.9803503,19 Hermanas Mirabal,2021,27,val
3.6126168,2.9474146,1.6496387,19 Hermanas Mirabal,2021,28,val
4.254445,3.2203114,2.5768738,19 Hermanas Mirabal,2021,29,val
4.3705845,3.1133573,2.7105532,19 Hermanas Mirabal,2021,30,val
4.616413,3.366579,2.7769217,19 Hermanas Mirabal,2021,31,val
9.423876,20.45654,-12.266711,19 Hermanas Mirabal,2021,32,val
4.7090073,3.713121,1.7078805,19 Hermanas Mirabal,2021,33,val
5.295296,3.0738945,3.1867163,19 Hermanas Mirabal,2021,34,val
8.669248,-0.096682,-3.2727363,19 Hermanas Mirabal,2021,35,val
9.810823,0.4313321,-4.3529534,19 Hermanas Mirabal,2021,36,val
6.3973007,-0.45761752,-5.4329844,19 Hermanas Mirabal,2021,37,val
6.614348,-0.48064932,-5.425328,19 Hermanas Mirabal,2021,38,val
5.1808085,-0.32726228,-4.460025,19 Hermanas Mirabal,2021,39,val
5.812353,-1.1369117,-6.2122617,19 Hermanas Mirabal,2021,40,val
7.7152104,8.04907,-18.831038,19 Hermanas Mirabal,2021,41,val
4.4363856,-1.6959003,-6.8487425,19 Hermanas Mirabal,2021,42,val
3.909488,-2.394105,-6.049553,19 Hermanas Mirabal,2021,43,val
3.6090693,-2.3484766,-6.884184,19 Hermanas Mirabal,2021,44,val
2.8870325,-2.768085,-6.218781,19 Hermanas Mirabal,2021,45,val
2.6418393,-3.03076,-6.507024,19 Hermanas Mirabal,2021,46,val
1.6090839,-2.440343,-6.096674,19 Hermanas Mirabal,2021,47,val
1.7401814,-2.6357856,-6.8664145,19 Hermanas Mirabal,2021,48,val
1.3164761,-2.3228993,-6.5097737,19 Hermanas Mirabal,2021,49,val
-1.2526312,-2.3365006,-8.40802,19 Hermanas Mirabal,2021,50,val
-1.6567911,-2.4635687,-8.612956,19 Hermanas Mirabal,2021,51,val
-2.7556956,-0.6711096,-4.6134477,19 Hermanas Mirabal,2021,52,val
-11.137877,-5.27634,-6.599132,20 Samaná,2015,1,train
-11.356602,-4.1904984,-6.063225,20 Samaná,2015,2,train
-11.251495,-2.9265249,-5.334429,20 Samaná,2015,3,train
-11.720446,-2.434529,-5.1743445,20 Samaná,2015,4,train
-11.35831,0.22350375,-3.00606,20 Samaná,2015,5,train
-12.20119,1.3046216,-2.835614,20 Samaná,2015,6,train
-11.950238,1.730335,-2.4426455,20 Samaná,2015,7,train
-12.741338,2.480007,-1.6966988,20 Samaná,2015,8,train
-14.382592,4.0228906,-0.11860295,20 Samaná,2015,9,train
-15.640866,4.093975,0.7756304,20 Samaná,2015,10,train
-15.665214,4.7953568,1.3757972,20 Samaná,2015,11,train
-14.439973,6.15217,2.9248972,20 Samaná,2015,12,train
-13.708396,8.038189,5.228806,20 Samaná,2015,13,train
-13.31335,8.295974,4.2428775,20 Samaná,2015,14,train
-13.741434,9.142375,4.871069,20 Samaná,2015,15,train
-13.484454,9.316155,5.7257147,20 Samaná,2015,16,train
-2.8636801,8.084553,7.983176,20 Samaná,2015,17,train
-2.809976,8.5941105,9.1580305,20 Samaná,2015,18,train
-2.5952106,9.98681,8.983169,20 Samaná,2015,19,train
-2.1756337,11.020624,8.660166,20 Samaná,2015,20,train
-0.5885063,10.661069,6.6392283,20 Samaná,2015,21,train
0.059355695,9.854813,6.1117134,20 Samaná,2015,22,train
0.9104495,9.875719,6.7261724,20 Samaná,2015,23,train
1.561563,9.206624,7.0811357,20 Samaná,2015,24,train
2.6622922,9.476446,7.389138,20 Samaná,2015,25,train
3.0919116,8.795879,6.9675574,20 Samaná,2015,26,train
12.783951,3.2734668,3.3840497,20 Samaná,2015,27,train
12.527407,3.0650096,3.1778345,20 Samaná,2015,28,train
13.012797,2.6681607,3.6133573,20 Samaná,2015,29,train
12.89634,2.3575048,3.866598,20 Samaná,2015,30,train
14.223927,2.4399104,4.1318707,20 Samaná,2015,31,train
13.830337,2.1443095,4.0259285,20 Samaná,2015,32,train
14.150894,1.970494,4.3153768,20 Samaná,2015,33,train
13.7786875,1.8928579,4.0980997,20 Samaná,2015,34,train
12.182316,-7.1198196,-4.092007,20 Samaná,2015,35,train
12.532029,-7.0750637,-3.543295,20 Samaná,2015,36,train
12.623072,-7.840078,-4.1739326,20 Samaná,2015,37,train
11.263623,-8.277911,-4.9043126,20 Samaná,2015,38,train
11.455098,-8.164824,-4.2578917,20 Samaná,2015,39,train
11.865218,-10.304313,-4.7931476,20 Samaná,2015,40,train
10.758332,-10.41806,-4.9231644,20 Samaná,2015,41,train
9.81138,-10.347361,-5.95705,20 Samaná,2015,42,train
8.13253,-9.65442,-5.6774373,20 Samaná,2015,43,train
7.4194617,-9.83692,-6.1261854,20 Samaná,2015,44,train
6.445293,-9.809688,-6.662857,20 Samaná,2015,45,train
6.07195,-10.303433,-6.960817,20 Samaná,2015,46,train
4.432767,-9.776636,-6.6649303,20 Samaná,2015,47,train
-4.20395,-10.796818,-9.325297,20 Samaná,2015,48,train
-6.262573,-11.5076685,-10.3010435,20 Samaná,2015,49,train
-6.551851,-10.801909,-9.739995,20 Samaná,2015,50,train
-6.973548,-10.416063,-9.7249975,20 Samaná,2015,51,train
-10.848196,-6.1608815,-6.691911,20 Samaná,2015,52,train
-12.647648,-3.9299521,-4.8733077,20 Samaná,2016,1,train
-12.92616,-3.653906,-4.1672955,20 Samaná,2016,2,train
-13.066645,-3.2607343,-4.026172,20 Samaná,2016,3,train
-13.6167145,-2.9180968,-4.2305408,20 Samaná,2016,4,train
-14.083789,-0.96822196,-2.3318539,20 Samaná,2016,5,train
-14.595897,-0.56217355,-2.2897646,20 Samaná,2016,6,train
-14.624357,-0.2314948,-1.9709454,20 Samaná,2016,7,train
-15.4273,0.7906852,-1.0864959,20 Samaná,2016,8,train
-14.009465,1.0224793,-1.004625,20 Samaná,2016,9,train
-14.262969,3.832384,0.44237697,20 Samaná,2016,10,train
-14.63639,5.2413416,2.1521668,20 Samaná,2016,11,train
-14.220185,7.4739075,3.9607532,20 Samaná,2016,12,train
-13.982471,8.508776,4.982662,20 Samaná,2016,13,train
-13.107155,8.412318,5.359304,20 Samaná,2016,14,train
-13.768295,8.603169,5.398593,20 Samaná,2016,15,train
-11.388021,9.791194,5.874834,20 Samaná,2016,16,train
-5.018834,24.582573,-9.012873,20 Samaná,2016,17,train
-2.12669,10.998367,5.9101048,20 Samaná,2016,18,train
-1.2812748,12.504037,5.4645743,20 Samaná,2016,19,train
-0.6151582,11.595081,7.200699,20 Samaná,2016,20,train
0.16267997,11.674197,5.5747166,20 Samaná,2016,21,train
3.4997773,22.42988,-5.3224707,20 Samaná,2016,22,train
1.7096652,11.057784,6.1748176,20 Samaná,2016,23,train
2.4400482,9.806426,7.463942,20 Samaná,2016,24,train
3.3812551,10.755924,6.0360904,20 Samaná,2016,25,train
3.848694,10.046211,5.7894483,20 Samaná,2016,26,train
9.210343,5.9233274,4.4013047,20 Samaná,2016,27,train
8.96394,5.89418,4.600976,20 Samaná,2016,28,train
8.85811,5.8116527,4.559961,20 Samaná,2016,29,train
8.365589,6.575305,3.6889403,20 Samaná,2016,30,train
8.480076,6.7974977,3.7489262,20 Samaná,2016,31,train
7.923995,6.770592,4.5873165,20 Samaná,2016,32,train
8.475108,6.3155804,5.5008698,20 Samaná,2016,33,train
7.489565,7.0902047,3.4635432,20 Samaná,2016,34,train
11.059147,-2.841451,-8.124386,20 Samaná,2016,35,train
11.151312,-2.098703,-10.40611,20 Samaná,2016,36,train
11.256305,-2.83903,-9.41048,20 Samaná,2016,37,train
10.785855,-2.5340614,-8.980439,20 Samaná,2016,38,train
11.341906,-3.1806986,-11.408446,20 Samaná,2016,39,train
9.245979,-3.261669,-12.278008,20 Samaná,2016,40,train
9.143135,-4.395046,-10.997055,20 Samaná,2016,41,train
7.7287874,-3.5459135,-12.869419,20 Samaná,2016,42,train
6.7051477,-2.6326215,-13.043183,20 Samaná,2016,43,train
5.8904185,-1.890259,-14.446577,20 Samaná,2016,44,train
5.6891885,9.441383,-25.604237,20 Samaná,2016,45,train
4.5349483,-1.5998287,-14.608977,20 Samaná,2016,46,train
3.7404768,-2.2156093,-14.574245,20 Samaná,2016,47,train
3.6347663,-2.823731,-13.030238,20 Samaná,2016,48,train
-3.7757936,-6.0413475,-14.416955,20 Samaná,2016,49,train
-4.369891,-5.5592265,-14.232728,20 Samaná,2016,50,train
-3.703702,-4.4662666,-13.349487,20 Samaná,2016,51,train
-6.8583317,-2.0597622,-8.014792,20 Samaná,2016,52,train
-6.8736453,-1.5593381,-7.4046817,20 Samaná,2017,1,train
-8.411675,-0.9007914,-7.857128,20 Samaná,2017,2,train
-6.856942,-0.07564995,-5.603702,20 Samaná,2017,3,train
-6.8585105,1.332769,-6.8417215,20 Samaná,2017,4,train
-9.635195,2.4274685,-5.2132263,20 Samaná,2017,5,train
-9.818827,2.267611,-4.3885636,20 Samaná,2017,6,train
-9.061739,2.5643153,-3.3008952,20 Samaná,2017,7,train
-10.526324,3.952227,-3.109935,20 Samaná,2017,8,train
-11.032428,4.1150856,-2.301647,20 Samaná,2017,9,train
-10.362412,4.8185744,-1.686832,20 Samaná,2017,10,train
-11.309494,6.6792603,-0.2919986,20 Samaná,2017,11,train
-8.536481,7.043916,0.86744094,20 Samaná,2017,12,train
-10.646904,8.468646,0.58101267,20 Samaná,2017,13,train
-10.926079,9.6491785,3.2297204,20 Samaná,2017,14,train
-11.031422,9.543475,3.7359982,20 Samaná,2017,15,train
-7.487551,12.456436,4.860974,20 Samaná,2017,16,train
-7.7357183,23.052885,-9.137146,20 Samaná,2017,17,train
-7.888836,21.00118,-5.4512553,20 Samaná,2017,18,train
-1.4581465,10.130534,4.588757,20 Samaná,2017,19,train
-0.6835641,12.4344845,4.923285,20 Samaná,2017,20,train
0.042341188,11.282507,5.19202,20 Samaná,2017,21,train
0.79007125,10.996159,4.3815937,20 Samaná,2017,22,train
1.3240035,10.025822,5.925907,20 Samaná,2017,23,train
2.3381572,10.604966,5.5880523,20 Samaná,2017,24,train
2.9184036,10.100216,4.9799967,20 Samaná,2017,25,train
3.5345345,9.595085,4.872188,20 Samaná,2017,26,train
7.4466033,6.655781,3.680428,20 Samaná,2017,27,train
6.4032183,5.8880377,3.3040278,20 Samaná,2017,28,train
7.835698,6.998995,4.1395764,20 Samaná,2017,29,train
6.9907093,6.226925,3.547376,20 Samaná,2017,30,train
7.903658,6.8006926,4.2847795,20 Samaná,2017,31,train
6.700731,6.5277333,3.646282,20 Samaná,2017,32,train
7.162321,7.1135354,3.5604053,20 Samaná,2017,33,train
7.452818,6.935869,3.9954734,20 Samaná,2017,34,train
10.526216,-3.7518542,-7.200366,20 Samaná,2017,35,train
11.586061,9.851605,-21.870075,20 Samaná,2017,36,train
10.280817,10.131222,-19.154318,20 Samaná,2017,37,train
13.969179,12.846622,-28.389372,20 Samaná,2017,38,train
9.550772,-4.0812583,-9.000296,20 Samaná,2017,39,train
8.448583,-2.9632785,-9.720808,20 Samaná,2017,40,train
9.377768,5.456611,-19.771431,20 Samaná,2017,41,train
7.922297,-4.9987116,-11.588798,20 Samaná,2017,42,train
6.420431,-4.3878417,-10.691401,20 Samaná,2017,43,train
6.0200076,-5.2896724,-10.415515,20 Samaná,2017,44,train
5.293669,14.4444475,-28.26505,20 Samaná,2017,45,train
4.6419787,13.385178,-27.95566,20 Samaná,2017,46,train
3.7959802,-2.8687634,-12.235809,20 Samaná,2017,47,train
3.623388,-3.701321,-12.075601,20 Samaná,2017,48,train
3.2460685,-2.690901,-13.450166,20 Samaná,2017,49,train
2.5240152,-4.2520137,-10.713028,20 Samaná,2017,50,train
-3.5246403,-3.2967372,-14.613721,20 Samaná,2017,51,train
-6.2694893,-0.94645125,-8.376995,20 Samaná,2017,52,train
-6.061719,-0.9191959,-8.051177,20 Samaná,2018,1,train
-6.5343666,-0.65127385,-7.7162333,20 Samaná,2018,2,train
-6.7635746,-0.047164984,-7.0336475,20 Samaná,2018,3,train
-7.5073075,0.40049198,-6.78285,20 Samaná,2018,4,train
-9.588895,2.8367426,-5.239532,20 Samaná,2018,5,train
-10.352191,2.4022024,-4.61198,20 Samaná,2018,6,train
-10.945063,2.8757505,-3.803384,20 Samaná,2018,7,train
-10.992964,3.4882352,-3.2705781,20 Samaná,2018,8,train
-7.8980727,3.340468,-1.7193909,20 Samaná,2018,9,train
-9.985831,6.0465493,-1.4023733,20 Samaná,2018,10,train
-11.01236,7.61529,-0.9265838,20 Samaná,2018,11,train
-10.457729,7.6738124,-0.14798895,20 Samaná,2018,12,train
-11.268803,7.8811088,0.35258746,20 Samaná,2018,13,train
-10.482792,8.2621155,2.251228,20 Samaná,2018,14,train
-11.914718,9.303579,3.317873,20 Samaná,2018,15,train
-10.917632,10.071707,4.164779,20 Samaná,2018,16,train
-11.097896,9.725142,4.6516614,20 Samaná,2018,17,train
-9.195368,10.610533,4.7494483,20 Samaná,2018,18,train
-9.206695,10.288207,5.728217,20 Samaná,2018,19,train
-7.088765,11.168633,6.131777,20 Samaná,2018,20,train
-0.75935566,10.329937,6.948797,20 Samaná,2018,21,train
0.18750274,9.867499,6.759849,20 Samaná,2018,22,train
0.6405972,9.293225,6.89019,20 Samaná,2018,23,train
1.3843982,8.856501,6.7039537,20 Samaná,2018,24,train
2.0918915,8.500331,6.05053,20 Samaná,2018,25,train
3.0973263,9.317842,7.128805,20 Samaná,2018,26,train
9.62505,4.3966393,3.5167406,20 Samaná,2018,27,train
9.271828,4.6788335,2.7865527,20 Samaná,2018,28,train
10.021922,5.0218406,3.0517015,20 Samaná,2018,29,train
9.595598,4.633427,3.091925,20 Samaná,2018,30,train
9.954981,4.603381,3.0185263,20 Samaná,2018,31,train
9.553388,4.2515798,2.8756075,20 Samaná,2018,32,train
9.546618,4.2979345,2.7265966,20 Samaná,2018,33,train
10.299046,4.2279787,3.110313,20 Samaná,2018,34,train
11.01438,9.570178,-19.118662,20 Samaná,2018,35,train
9.767033,-5.5408916,-4.548266,20 Samaná,2018,36,train
9.917463,-6.0756416,-5.0634117,20 Samaná,2018,37,train
9.606905,-6.297764,-5.2352686,20 Samaná,2018,38,train
9.389083,-6.5827546,-5.386428,20 Samaná,2018,39,train
7.6821117,18.75507,-24.989637,20 Samaná,2018,40,train
6.7650714,-6.8321486,-6.131958,20 Samaná,2018,41,train
6.859589,-7.666191,-6.6758347,20 Samaná,2018,42,train
6.280977,-7.9450417,-7.1005235,20 Samaná,2018,43,train
5.283754,-7.5677896,-6.697569,20 Samaná,2018,44,train
4.69283,-7.510365,-6.477479,20 Samaná,2018,45,train
4.6953826,-8.116207,-6.922232,20 Samaná,2018,46,train
3.2864885,-7.4869857,-6.7450027,20 Samaná,2018,47,train
2.758282,-7.50956,-6.8362074,20 Samaná,2018,48,train
2.9897838,-7.742964,-7.163095,20 Samaná,2018,49,train
2.351427,-7.4634533,-7.1034226,20 Samaná,2018,50,train
1.7335073,-6.4333286,-6.2098875,20 Samaná,2018,51,train
-8.831083,-4.3805313,-6.748801,20 Samaná,2018,52,train
-9.43844,-4.073689,-6.2762957,20 Samaná,2019,1,train
-7.923361,-2.3344176,-4.735621,20 Samaná,2019,2,train
-9.303577,-1.9726324,-5.0051007,20 Samaná,2019,3,train
-9.780767,-1.5026075,-4.8494763,20 Samaná,2019,4,train
-11.469055,0.8549602,-3.1875215,20 Samaná,2019,5,train
-11.734376,0.38376433,-2.2132993,20 Samaná,2019,6,train
-11.872108,0.67937344,-1.925932,20 Samaná,2019,7,train
-14.385309,1.6770394,-1.1511742,20 Samaná,2019,8,train
-13.714366,2.1697116,-0.4802357,20 Samaná,2019,9,train
-12.629805,4.136998,0.3767138,20 Samaná,2019,10,train
-12.629531,4.7781563,1.1084175,20 Samaná,2019,11,train
-11.471115,5.562422,2.3243544,20 Samaná,2019,12,train
-8.3713875,8.8344,3.648037,20 Samaná,2019,13,train
-12.472219,8.849784,4.085704,20 Samaná,2019,14,train
-11.809585,8.8605385,4.2888694,20 Samaná,2019,15,train
-12.243512,8.97558,4.7061596,20 Samaná,2019,16,train
-10.578748,8.719027,5.0594845,20 Samaná,2019,17,train
-2.2455928,9.459283,5.4301786,20 Samaná,2019,18,train
-2.0517595,10.177257,6.0589876,20 Samaná,2019,19,train
-1.1366785,8.995681,6.7963166,20 Samaná,2019,20,train
-0.55553114,9.940013,5.440013,20 Samaná,2019,21,train
-0.07663773,9.110813,4.851483,20 Samaná,2019,22,train
1.0032892,9.216218,5.267647,20 Samaná,2019,23,train
1.8573161,9.323721,6.398814,20 Samaná,2019,24,train
2.6787305,8.836004,6.146973,20 Samaná,2019,25,train
3.0731802,8.439359,5.818203,20 Samaná,2019,26,train
10.282739,2.3892558,2.8816366,20 Samaná,2019,27,train
11.659127,2.3719673,2.0382404,20 Samaná,2019,28,train
12.521903,2.1041553,1.8112592,20 Samaná,2019,29,train
13.290728,1.2587069,1.7035154,20 Samaná,2019,30,train
12.090635,1.7561234,1.1266208,20 Samaná,2019,31,train
12.478843,1.0963597,1.246644,20 Samaná,2019,32,train
12.765034,1.0877645,1.3349537,20 Samaná,2019,33,train
12.899645,1.1663227,1.3409904,20 Samaná,2019,34,train
11.421027,-4.7518706,-2.3416932,20 Samaná,2019,35,train
11.376019,-6.3580265,-3.2420826,20 Samaná,2019,36,train
10.781753,-6.5320153,-3.6378925,20 Samaná,2019,37,train
9.957917,-7.3738575,-4.621315,20 Samaná,2019,38,train
10.083649,-7.637905,-4.767755,20 Samaná,2019,39,train
9.111426,-8.089486,-5.537218,20 Samaná,2019,40,train
8.697706,-8.639436,-6.0179276,20 Samaná,2019,41,train
7.479793,-8.468787,-6.024664,20 Samaná,2019,42,train
6.6902184,-8.719368,-6.293211,20 Samaná,2019,43,train
6.105584,-8.917667,-6.550884,20 Samaná,2019,44,train
5.3276005,-8.87621,-6.503852,20 Samaná,2019,45,train
4.4651895,-8.552375,-6.364434,20 Samaná,2019,46,train
3.2858593,-8.40152,-6.1834683,20 Samaná,2019,47,train
2.9641023,-8.633965,-6.2285776,20 Samaná,2019,48,train
3.1115174,-8.179821,-6.176003,20 Samaná,2019,49,train
2.993357,-7.7681856,-5.8811436,20 Samaná,2019,50,train
-5.4278226,-9.435699,-8.919094,20 Samaná,2019,51,train
-8.849427,-4.996114,-5.563023,20 Samaná,2019,52,train
-9.075531,-4.738409,-6.0064225,20 Samaná,2020,1,val
-9.849948,-4.527063,-6.0327883,20 Samaná,2020,2,val
-9.343948,-3.1391926,-5.1201706,20 Samaná,2020,3,val
-9.451184,-2.3088455,-4.6010904,20 Samaná,2020,4,val
-10.496509,0.87672234,-2.570446,20 Samaná,2020,5,val
-11.232126,0.56719506,-2.5241632,20 Samaná,2020,6,val
-11.178457,1.455636,-1.6067107,20 Samaná,2020,7,val
-11.639163,1.9064828,-1.2992878,20 Samaná,2020,8,val
-11.75983,2.675492,-0.57968056,20 Samaná,2020,9,val
-10.117661,3.2791297,-0.19449896,20 Samaná,2020,10,val
-9.59884,4.0028667,0.5068089,20 Samaná,2020,11,val
-11.53167,5.102271,1.6172136,20 Samaná,2020,12,val
-11.2989025,7.765165,3.578182,20 Samaná,2020,13,val
-9.238638,7.064108,3.5198321,20 Samaná,2020,14,val
-9.349017,9.994597,4.6994424,20 Samaná,2020,15,val
-10.568049,10.963937,5.865646,20 Samaná,2020,16,val
-10.517835,10.111434,6.23771,20 Samaná,2020,17,val
-10.282991,11.17578,6.6753,20 Samaná,2020,18,val
-8.917157,12.430445,7.2293615,20 Samaná,2020,19,val
-8.55787,12.699582,7.7333565,20 Samaná,2020,20,val
-7.054645,13.125402,8.217363,20 Samaná,2020,21,val
-6.7583075,12.61792,8.208779,20 Samaná,2020,22,val
-7.3031583,14.3970995,10.042265,20 Samaná,2020,23,val
-7.4836087,13.578064,9.966053,20 Samaná,2020,24,val
-7.5338945,14.3007,10.622131,20 Samaná,2020,25,val
-6.937533,14.317512,9.946828,20 Samaná,2020,26,val
7.331288,6.383461,5.3674617,20 Samaná,2020,27,val
7.9557176,6.7752843,5.305159,20 Samaná,2020,28,val
7.9643774,6.5484095,5.202635,20 Samaná,2020,29,val
8.2203455,7.194259,4.9724064,20 Samaná,2020,30,val
10.170176,19.522194,-10.610249,20 Samaná,2020,31,val
8.897588,7.2859406,5.1728935,20 Samaná,2020,32,val
8.61084,7.826683,4.8735514,20 Samaná,2020,33,val
9.743645,16.910164,-7.0398064,20 Samaná,2020,34,val
10.387275,-3.105307,-7.8507295,20 Samaná,2020,35,val
9.126692,-2.9338262,-9.584612,20 Samaná,2020,36,val
10.401256,-3.1825027,-9.191983,20 Samaná,2020,37,val
9.896932,-1.3448467,-10.784887,20 Samaná,2020,38,val
10.540205,-2.0738037,-9.040401,20 Samaná,2020,39,val
8.617473,-1.2092214,-13.95484,20 Samaná,2020,40,val
8.284898,-2.293608,-13.182883,20 Samaná,2020,41,val
7.3978243,-2.0290003,-13.360364,20 Samaná,2020,42,val
6.9494247,-2.9101434,-13.276932,20 Samaná,2020,43,val
6.282277,-2.1873384,-14.91509,20 Samaná,2020,44,val
5.790745,6.791112,-24.49515,20 Samaná,2020,45,val
4.9561467,8.773659,-26.479609,20 Samaná,2020,46,val
3.7612865,-1.8860245,-14.210017,20 Samaná,2020,47,val
3.1162825,-3.1706958,-12.355743,20 Samaná,2020,48,val
2.6852121,-4.756305,-9.926652,20 Samaná,2020,49,val
2.3253977,-3.419117,-10.340628,20 Samaná,2020,50,val
2.264846,-2.8605616,-10.210785,20 Samaná,2020,51,val
-0.23070984,-0.033400353,-1.703983,20 Samaná,2020,52,val
-0.5000257,-0.41434035,-1.3491269,20 Samaná,2021,1,val
-0.47581998,-0.1558977,-1.058913,20 Samaná,2021,2,val
-0.6224041,-0.051383443,-0.89893866,20 Samaná,2021,3,val
-0.87506425,-0.2832441,-0.45943475,20 Samaná,2021,4,val
-1.0484092,1.2060708,-0.7106646,20 Samaná,2021,5,val
-0.9984033,1.2086643,-0.35895377,20 Samaná,2021,6,val
-1.1602006,0.9934598,0.46253833,20 Samaná,2021,7,val
-1.2023865,1.1604378,0.63234043,20 Samaná,2021,8,val
-8.58843,6.8381085,-3.6303673,20 Samaná,2021,9,val
-8.842221,5.4003887,-2.6259835,20 Samaná,2021,10,val
-11.008363,7.5743184,-2.7191308,20 Samaná,2021,11,val
-10.10192,7.7898207,-0.48530295,20 Samaná,2021,12,val
-9.928087,9.505223,-0.9836756,20 Samaná,2021,13,val
-8.579055,9.334572,1.5414987,20 Samaná,2021,14,val
-8.760226,9.701455,0.8049183,20 Samaná,2021,15,val
-10.132163,11.108434,3.4149373,20 Samaná,2021,16,val
-8.789376,10.842808,3.5483809,20 Samaná,2021,17,val
-9.940462,11.452044,4.7530403,20 Samaná,2021,18,val
-7.4312234,12.0794935,5.685073,20 Samaná,2021,19,val
-6.4736342,12.403909,5.583417,20 Samaná,2021,20,val
-6.6510453,12.834804,7.267911,20 Samaná,2021,21,val
-5.8818297,13.098917,6.9887137,20 Samaná,2021,22,val
-5.487041,13.032767,7.025894,20 Samaná,2021,23,val
-6.086001,14.001297,8.463738,20 Samaná,2021,24,val
-6.0331206,13.5872,8.315054,20 Samaná,2021,25,val
-6.362644,13.569649,8.689061,20 Samaná,2021,26,val
8.004541,6.7026505,4.490863,20 Samaná,2021,27,val
7.3662233,6.9665117,4.2718105,20 Samaná,2021,28,val
8.2655525,6.8161693,4.4564977,20 Samaná,2021,29,val
8.398124,6.62617,4.2889566,20 Samaná,2021,30,val
8.6527195,6.522699,4.224434,20 Samaná,2021,31,val
9.750737,18.32744,-10.501812,20 Samaná,2021,32,val
8.580435,6.525363,3.6676223,20 Samaná,2021,33,val
8.635963,6.3754287,4.2399173,20 Samaná,2021,34,val
10.00959,-2.0037503,-7.480547,20 Samaná,2021,35,val
10.467447,-1.0543166,-10.081372,20 Samaná,2021,36,val
9.309491,-0.8672366,-11.19769,20 Samaná,2021,37,val
9.754129,-1.3002208,-11.027206,20 Samaná,2021,38,val
9.131188,-1.3154702,-11.119047,20 Samaná,2021,39,val
9.4981575,-2.058584,-12.8470125,20 Samaná,2021,40,val
9.11459,7.1186934,-21.63147,20 Samaná,2021,41,val
7.471928,-2.678417,-13.032293,20 Samaná,2021,42,val
6.3408217,-4.769132,-10.205602,20 Samaná,2021,43,val
6.015829,-2.9595501,-12.668283,20 Samaná,2021,44,val
5.445249,-5.73439,-11.093127,20 Samaná,2021,45,val
5.46894,-5.591306,-12.321397,20 Samaná,2021,46,val
3.251579,-4.34543,-10.211204,20 Samaná,2021,47,val
-2.5077152,-4.569175,-14.954857,20 Samaná,2021,48,val
-2.9517004,-4.1152616,-15.2851305,20 Samaná,2021,49,val
-2.3790386,-3.4385118,-14.087485,20 Samaná,2021,50,val
-2.3722935,-2.8737383,-12.613426,20 Samaná,2021,51,val
-7.6737185,-0.3001082,-10.788513,20 Samaná,2021,52,val
-8.68267,-4.7994065,-4.5923324,21 San Cristóbal,2015,1,train
-8.615267,-4.1203227,-3.9004138,21 San Cristóbal,2015,2,train
-8.368342,-2.1528118,-3.9861326,21 San Cristóbal,2015,3,train
-8.398534,-2.0490618,-3.358101,21 San Cristóbal,2015,4,train
-9.04623,0.35833457,-2.2379918,21 San Cristóbal,2015,5,train
-9.350352,1.4874188,-1.8551368,21 San Cristóbal,2015,6,train
-10.276566,2.0996408,-1.4065098,21 San Cristóbal,2015,7,train
-9.284003,2.3302906,-0.33500558,21 San Cristóbal,2015,8,train
-10.701657,3.507202,0.2093417,21 San Cristóbal,2015,9,train
-11.828826,3.3541496,1.3715063,21 San Cristóbal,2015,10,train
-11.764824,3.6804442,2.329219,21 San Cristóbal,2015,11,train
-11.176518,4.646739,3.3441954,21 San Cristóbal,2015,12,train
-10.050564,6.0789175,4.131862,21 San Cristóbal,2015,13,train
-10.593278,6.387891,4.115454,21 San Cristóbal,2015,14,train
-10.992731,7.231242,4.321022,21 San Cristóbal,2015,15,train
-9.3205,6.8273873,5.2536063,21 San Cristóbal,2015,16,train
-2.3782682,6.8138633,5.859946,21 San Cristóbal,2015,17,train
-2.363536,6.7528234,6.491077,21 San Cristóbal,2015,18,train
-2.228339,7.4172072,6.861888,21 San Cristóbal,2015,19,train
-1.8333791,7.3213987,7.682686,21 San Cristóbal,2015,20,train
-0.6247161,7.122967,6.5765896,21 San Cristóbal,2015,21,train
-0.12811805,6.64256,5.6987176,21 San Cristóbal,2015,22,train
0.591189,7.2628994,6.066254,21 San Cristóbal,2015,23,train
1.0476027,6.20489,5.677666,21 San Cristóbal,2015,24,train
1.8173683,6.1198378,6.394558,21 San Cristóbal,2015,25,train
2.1901295,6.3834696,5.7138824,21 San Cristóbal,2015,26,train
9.762053,1.519223,3.4758992,21 San Cristóbal,2015,27,train
8.708529,1.1260314,2.9863114,21 San Cristóbal,2015,28,train
9.520386,1.4213054,3.2536323,21 San Cristóbal,2015,29,train
9.279976,1.3312473,3.103954,21 San Cristóbal,2015,30,train
9.94684,1.1945893,3.5997806,21 San Cristóbal,2015,31,train
9.882456,1.0681813,3.172931,21 San Cristóbal,2015,32,train
10.028934,1.0992625,3.266837,21 San Cristóbal,2015,33,train
10.372217,1.184767,3.1429996,21 San Cristóbal,2015,34,train
13.066366,12.529036,-14.953481,21 San Cristóbal,2015,35,train
9.021905,-4.6765556,-2.0705001,21 San Cristóbal,2015,36,train
8.934236,-4.850682,-1.9722329,21 San Cristóbal,2015,37,train
7.9265895,-4.9703445,-2.4760985,21 San Cristóbal,2015,38,train
8.243588,-5.591227,-2.9339392,21 San Cristóbal,2015,39,train
8.633332,-7.0698442,-3.4625552,21 San Cristóbal,2015,40,train
7.8406253,-7.158838,-3.0260124,21 San Cristóbal,2015,41,train
6.9906774,-7.0746737,-3.4585392,21 San Cristóbal,2015,42,train
6.4383287,-7.4362116,-3.7320993,21 San Cristóbal,2015,43,train
5.2805953,-6.8139677,-3.6581354,21 San Cristóbal,2015,44,train
4.484473,-7.2836957,-4.549868,21 San Cristóbal,2015,45,train
4.189364,-7.4697948,-4.8115373,21 San Cristóbal,2015,46,train
2.7806826,-6.7832265,-4.1586843,21 San Cristóbal,2015,47,train
-4.1973953,-8.762018,-6.786685,21 San Cristóbal,2015,48,train
-4.826798,-8.900088,-7.802498,21 San Cristóbal,2015,49,train
-4.380761,-8.044205,-7.182699,21 San Cristóbal,2015,50,train
-4.3272924,-7.8564663,-7.049432,21 San Cristóbal,2015,51,train
-8.579052,-5.261039,-5.1030636,21 San Cristóbal,2015,52,train
-8.891373,-2.8763342,-2.777581,21 San Cristóbal,2016,1,train
-9.782292,-2.8136957,-2.7756596,21 San Cristóbal,2016,2,train
-10.120673,-2.81407,-2.4561927,21 San Cristóbal,2016,3,train
-10.321889,-2.339777,-3.0387058,21 San Cristóbal,2016,4,train
-10.652671,-0.9342081,-1.2422198,21 San Cristóbal,2016,5,train
-11.517052,-0.4529647,-1.3890347,21 San Cristóbal,2016,6,train
-11.2444,-0.072011665,-1.0748538,21 San Cristóbal,2016,7,train
-11.818581,0.7631521,-0.3266538,21 San Cristóbal,2016,8,train
-12.787057,1.2756536,-0.08861732,21 San Cristóbal,2016,9,train
-10.3102455,2.8670087,2.1290221,21 San Cristóbal,2016,10,train
-10.809981,4.0138464,2.109445,21 San Cristóbal,2016,11,train
-11.184771,5.3041415,3.3697476,21 San Cristóbal,2016,12,train
-10.0749,6.075022,3.7449777,21 San Cristóbal,2016,13,train
-9.191002,7.2381544,4.3023458,21 San Cristóbal,2016,14,train
-10.460777,6.8182225,5.4122663,21 San Cristóbal,2016,15,train
-10.114374,7.7089806,5.5546145,21 San Cristóbal,2016,16,train
-1.8651507,24.820528,-12.915315,21 San Cristóbal,2016,17,train
-1.7988693,10.178198,3.1070695,21 San Cristóbal,2016,18,train
-1.2041159,9.6047125,3.7940652,21 San Cristóbal,2016,19,train
-0.5265695,9.132944,4.3002033,21 San Cristóbal,2016,20,train
0.10629223,8.8246565,3.536754,21 San Cristóbal,2016,21,train
3.3554523,22.138866,-10.897406,21 San Cristóbal,2016,22,train
1.205342,8.088755,3.3854418,21 San Cristóbal,2016,23,train
1.605572,6.3824263,4.9449515,21 San Cristóbal,2016,24,train
2.1404028,7.219589,2.8007898,21 San Cristóbal,2016,25,train
2.7567296,7.6574273,3.0068715,21 San Cristóbal,2016,26,train
7.1658945,4.111236,3.6593966,21 San Cristóbal,2016,27,train
6.9722114,3.736172,4.5894127,21 San Cristóbal,2016,28,train
6.7409005,4.1245346,4.1515813,21 San Cristóbal,2016,29,train
6.5558376,4.256307,4.0610576,21 San Cristóbal,2016,30,train
9.879093,18.80716,-10.334284,21 San Cristóbal,2016,31,train
5.862005,4.8389482,3.5810568,21 San Cristóbal,2016,32,train
6.4633374,4.2852397,5.228606,21 San Cristóbal,2016,33,train
4.854034,4.588657,2.0519729,21 San Cristóbal,2016,34,train
9.07369,-0.37787214,-5.914593,21 San Cristóbal,2016,35,train
7.787411,0.13611619,-5.974479,21 San Cristóbal,2016,36,train
9.2682085,0.10063367,-6.2888384,21 San Cristóbal,2016,37,train
8.007641,-0.104087725,-6.576743,21 San Cristóbal,2016,38,train
7.634213,-0.4138142,-7.531943,21 San Cristóbal,2016,39,train
8.954328,10.65441,-21.690783,21 San Cristóbal,2016,40,train
5.948024,-0.72238386,-9.1889715,21 San Cristóbal,2016,41,train
5.354572,-0.34075916,-10.608174,21 San Cristóbal,2016,42,train
5.4032993,-1.4456328,-10.087234,21 San Cristóbal,2016,43,train
4.311679,-1.2268081,-9.725537,21 San Cristóbal,2016,44,train
4.126659,-1.0467192,-10.603715,21 San Cristóbal,2016,45,train
3.4629955,-0.7876736,-11.096308,21 San Cristóbal,2016,46,train
2.571711,-1.1479893,-11.148293,21 San Cristóbal,2016,47,train
-2.2926862,-3.0774748,-11.526832,21 San Cristóbal,2016,48,train
-2.939942,-3.636757,-11.359194,21 San Cristóbal,2016,49,train
-3.3083782,-3.411882,-11.636231,21 San Cristóbal,2016,50,train
-3.217207,-2.7772653,-11.679651,21 San Cristóbal,2016,51,train
-5.8133907,-0.8343842,-8.105194,21 San Cristóbal,2016,52,train
-5.178455,-0.803074,-6.610538,21 San Cristóbal,2017,1,train
-6.741223,0.46457794,-8.09627,21 San Cristóbal,2017,2,train
-4.1914425,-2.6264584,-0.70719916,21 San Cristóbal,2017,3,train
-5.6001825,1.465793,-6.085085,21 San Cristóbal,2017,4,train
-8.399021,4.0009575,-5.8279457,21 San Cristóbal,2017,5,train
-8.5075445,3.289906,-4.7486486,21 San Cristóbal,2017,6,train
-7.603979,3.2477837,-3.5088115,21 San Cristóbal,2017,7,train
-8.335689,5.090127,-3.587023,21 San Cristóbal,2017,8,train
-9.733058,7.205917,-4.3521996,21 San Cristóbal,2017,9,train
-8.928857,5.2991166,-1.5242629,21 San Cristóbal,2017,10,train
-8.407506,5.834863,-0.6278006,21 San Cristóbal,2017,11,train
-7.6115427,7.3182063,-0.35079798,21 San Cristóbal,2017,12,train
-8.710269,9.103156,-0.69995254,21 San Cristóbal,2017,13,train
-8.605294,9.553412,1.601163,21 San Cristóbal,2017,14,train
-8.1306715,5.750695,5.7013164,21 San Cristóbal,2017,15,train
-6.6160483,20.276773,-11.468928,21 San Cristóbal,2017,16,train
-4.475209,11.270782,3.4706068,21 San Cristóbal,2017,17,train
-1.4674175,7.8352556,2.4530985,21 San Cristóbal,2017,18,train
-1.1122808,8.752032,3.503188,21 San Cristóbal,2017,19,train
-0.5098514,9.880909,2.800698,21 San Cristóbal,2017,20,train
0.21115309,9.195695,3.8130243,21 San Cristóbal,2017,21,train
0.75611013,8.964302,2.9333334,21 San Cristóbal,2017,22,train
1.1919174,8.443502,3.2826407,21 San Cristóbal,2017,23,train
1.8248813,8.309775,3.6864095,21 San Cristóbal,2017,24,train
2.326751,7.795715,3.1077077,21 San Cristóbal,2017,25,train
2.903267,7.6151276,3.9831111,21 San Cristóbal,2017,26,train
5.842034,4.5296884,3.5514584,21 San Cristóbal,2017,27,train
5.2861824,4.4581213,2.7300403,21 San Cristóbal,2017,28,train
6.1310706,4.58671,4.4650965,21 San Cristóbal,2017,29,train
6.098332,5.0021772,3.4695897,21 San Cristóbal,2017,30,train
5.787793,4.8959594,3.425676,21 San Cristóbal,2017,31,train
5.5473056,5.15558,2.8245287,21 San Cristóbal,2017,32,train
5.5490007,4.8528028,3.277937,21 San Cristóbal,2017,33,train
5.8229823,5.05984,3.1434135,21 San Cristóbal,2017,34,train
8.235976,-0.60289764,-6.2320642,21 San Cristóbal,2017,35,train
7.677943,-0.2655816,-7.899297,21 San Cristóbal,2017,36,train
7.446498,-0.33473098,-7.672779,21 San Cristóbal,2017,37,train
7.7811747,-0.9600701,-7.688962,21 San Cristóbal,2017,38,train
6.961266,-0.84727657,-7.498375,21 San Cristóbal,2017,39,train
6.196187,-0.5372111,-7.819942,21 San Cristóbal,2017,40,train
5.7964363,-1.0223705,-8.189765,21 San Cristóbal,2017,41,train
6.8796315,8.09178,-19.148098,21 San Cristóbal,2017,42,train
4.8564315,-1.7939224,-8.319586,21 San Cristóbal,2017,43,train
4.555654,-2.4441862,-8.791928,21 San Cristóbal,2017,44,train
4.483188,13.885147,-24.645327,21 San Cristóbal,2017,45,train
3.1465192,0.2019794,-11.78771,21 San Cristóbal,2017,46,train
2.9040282,-1.8031843,-9.019548,21 San Cristóbal,2017,47,train
2.8956008,-2.895837,-8.6517,21 San Cristóbal,2017,48,train
2.5530884,-2.7932339,-10.11586,21 San Cristóbal,2017,49,train
1.8453509,-3.3468103,-8.237061,21 San Cristóbal,2017,50,train
2.0761585,-3.7651029,-9.234989,21 San Cristóbal,2017,51,train
-0.73802555,-1.1158257,-1.2733411,21 San Cristóbal,2017,52,train
-4.8408537,-0.2826048,-7.286592,21 San Cristóbal,2018,1,train
-4.6037183,-0.013364209,-6.2296386,21 San Cristóbal,2018,2,train
-6.3719263,0.37517905,-7.4295197,21 San Cristóbal,2018,3,train
-6.9056244,1.4231588,-8.059648,21 San Cristóbal,2018,4,train
-8.273642,3.9795418,-5.507232,21 San Cristóbal,2018,5,train
-9.007076,3.3855762,-4.9354477,21 San Cristóbal,2018,6,train
-8.182536,4.677566,-4.7345753,21 San Cristóbal,2018,7,train
-8.7258625,6.492125,-5.124955,21 San Cristóbal,2018,8,train
-6.721541,4.8728824,-2.624458,21 San Cristóbal,2018,9,train
-7.4114437,5.345565,-1.1464671,21 San Cristóbal,2018,10,train
-7.885652,5.8385353,-0.4831514,21 San Cristóbal,2018,11,train
-8.672555,7.8935747,-1.6671695,21 San Cristóbal,2018,12,train
-8.052018,8.672845,-1.5257304,21 San Cristóbal,2018,13,train
-8.167985,7.40906,1.6516216,21 San Cristóbal,2018,14,train
-8.80924,8.010285,2.0303864,21 San Cristóbal,2018,15,train
-7.483063,7.748565,2.8030725,21 San Cristóbal,2018,16,train
-7.4838653,8.208576,3.383379,21 San Cristóbal,2018,17,train
-5.1205916,9.491661,3.8561144,21 San Cristóbal,2018,18,train
-1.7132361,6.84273,3.2015927,21 San Cristóbal,2018,19,train
-1.4768125,6.725148,3.1567523,21 San Cristóbal,2018,20,train
-0.6165084,7.2741346,4.3216414,21 San Cristóbal,2018,21,train
0.15675656,7.3407106,4.14222,21 San Cristóbal,2018,22,train
0.5311273,7.13104,4.8822136,21 San Cristóbal,2018,23,train
1.1291009,7.0964503,4.582347,21 San Cristóbal,2018,24,train
1.3796977,5.694433,2.8615313,21 San Cristóbal,2018,25,train
2.1959608,6.5021873,5.674844,21 San Cristóbal,2018,26,train
7.5391026,2.8271894,3.4232035,21 San Cristóbal,2018,27,train
7.016104,3.3958716,1.7356926,21 San Cristóbal,2018,28,train
8.121749,3.829748,2.3095143,21 San Cristóbal,2018,29,train
7.0550685,3.3264792,1.9504409,21 San Cristóbal,2018,30,train
7.896857,3.2401984,2.82732,21 San Cristóbal,2018,31,train
7.888194,3.4388282,2.106019,21 San Cristóbal,2018,32,train
7.5801864,3.1998122,1.9903063,21 San Cristóbal,2018,33,train
7.521607,3.00652,1.9735606,21 San Cristóbal,2018,34,train
6.9216475,-3.5774672,-3.3517456,21 San Cristóbal,2018,35,train
7.89512,-3.6406054,-3.014307,21 San Cristóbal,2018,36,train
7.9508204,-4.289855,-3.6159077,21 San Cristóbal,2018,37,train
7.798137,-4.216014,-3.5575047,21 San Cristóbal,2018,38,train
7.3111634,-4.370586,-3.6648016,21 San Cristóbal,2018,39,train
5.1598554,-4.1383944,-3.9781106,21 San Cristóbal,2018,40,train
6.95531,11.211074,-19.443727,21 San Cristóbal,2018,41,train
4.7796764,-5.037904,-4.6858974,21 San Cristóbal,2018,42,train
4.613596,-5.380859,-5.000601,21 San Cristóbal,2018,43,train
3.9264328,-5.2048507,-4.8144264,21 San Cristóbal,2018,44,train
3.9820797,-6.021149,-5.4114327,21 San Cristóbal,2018,45,train
3.444412,-5.653716,-4.9434967,21 San Cristóbal,2018,46,train
2.6960247,-5.6576276,-5.142561,21 San Cristóbal,2018,47,train
2.3606782,-5.91434,-5.410791,21 San Cristóbal,2018,48,train
-3.7251184,-6.984577,-8.105848,21 San Cristóbal,2018,49,train
-3.452918,-6.242795,-7.3822875,21 San Cristóbal,2018,50,train
-3.0318208,-5.927316,-7.0564156,21 San Cristóbal,2018,51,train
-7.2646255,-3.9454956,-5.643048,21 San Cristóbal,2018,52,train
-6.7274814,-3.2797425,-4.676514,21 San Cristóbal,2019,1,train
-6.982197,-2.5405302,-4.3592176,21 San Cristóbal,2019,2,train
-6.8199973,-1.6383533,-3.7090876,21 San Cristóbal,2019,3,train
-7.359231,-1.3854972,-3.7099478,21 San Cristóbal,2019,4,train
-8.375605,0.81529224,-2.1481137,21 San Cristóbal,2019,5,train
-10.089849,0.47153062,-1.5784843,21 San Cristóbal,2019,6,train
-9.587182,0.8375592,-1.3699226,21 San Cristóbal,2019,7,train
-11.446831,1.7400236,0.34225506,21 San Cristóbal,2019,8,train
-10.24707,1.8959233,0.101052985,21 San Cristóbal,2019,9,train
-8.812833,3.2888708,0.52193576,21 San Cristóbal,2019,10,train
-10.895832,4.161057,1.8225058,21 San Cristóbal,2019,11,train
-9.434719,4.5164876,2.113232,21 San Cristóbal,2019,12,train
-7.7309523,6.996918,3.1990008,21 San Cristóbal,2019,13,train
-8.852161,7.3055577,3.4640174,21 San Cristóbal,2019,14,train
-8.2536955,7.227915,3.3692715,21 San Cristóbal,2019,15,train
-8.185953,7.162768,3.791068,21 San Cristóbal,2019,16,train
-8.425465,7.5631347,4.441711,21 San Cristóbal,2019,17,train
-1.9384468,7.440112,4.1755958,21 San Cristóbal,2019,18,train
-1.6239879,7.4055862,4.55583,21 San Cristóbal,2019,19,train
-0.8793008,8.061417,5.3573375,21 San Cristóbal,2019,20,train
-0.2922731,7.699136,3.4665442,21 San Cristóbal,2019,21,train
3.1102662,21.427988,-9.678654,21 San Cristóbal,2019,22,train
0.8571003,7.2633424,3.8638866,21 San Cristóbal,2019,23,train
1.3466574,6.867136,4.493785,21 San Cristóbal,2019,24,train
2.0907357,6.9846296,4.834928,21 San Cristóbal,2019,25,train
2.114618,5.9676423,4.5388575,21 San Cristóbal,2019,26,train
8.924911,0.72073704,1.300641,21 San Cristóbal,2019,27,train
9.930578,1.217299,0.91569334,21 San Cristóbal,2019,28,train
10.270816,0.54788285,1.0781971,21 San Cristóbal,2019,29,train
10.695631,0.3220016,1.1891716,21 San Cristóbal,2019,30,train
10.249959,0.40526128,0.99871874,21 San Cristóbal,2019,31,train
10.713981,0.77389735,0.9079487,21 San Cristóbal,2019,32,train
10.669051,0.7158987,0.8953284,21 San Cristóbal,2019,33,train
10.571733,0.79741716,0.8174142,21 San Cristóbal,2019,34,train
9.927802,-3.152025,-1.059518,21 San Cristóbal,2019,35,train
9.068236,-4.7305775,-2.0205169,21 San Cristóbal,2019,36,train
9.298422,-4.9748883,-2.2905548,21 San Cristóbal,2019,37,train
12.755787,15.8870945,-18.26757,21 San Cristóbal,2019,38,train
7.7567816,-5.6434736,-3.3148913,21 San Cristóbal,2019,39,train
6.552105,-5.452912,-3.632872,21 San Cristóbal,2019,40,train
6.4124904,-5.659016,-3.7773657,21 San Cristóbal,2019,41,train
5.6809893,-5.857028,-4.0750403,21 San Cristóbal,2019,42,train
5.0633245,-6.1655045,-4.4333997,21 San Cristóbal,2019,43,train
4.4517727,-6.960588,-4.896403,21 San Cristóbal,2019,44,train
4.1052375,-6.8470435,-4.976367,21 San Cristóbal,2019,45,train
3.5032997,-6.3304715,-4.711519,21 San Cristóbal,2019,46,train
2.2003133,-7.179302,-3.6081898,21 San Cristóbal,2019,47,train
2.298547,-7.86088,-3.3336453,21 San Cristóbal,2019,48,train
-4.0664706,-8.00321,-7.2090087,21 San Cristóbal,2019,49,train
-4.323734,-7.9144955,-7.26059,21 San Cristóbal,2019,50,train
-4.467918,-7.586387,-7.308328,21 San Cristóbal,2019,51,train
-8.023373,-4.7978888,-5.033473,21 San Cristóbal,2019,52,train
-8.091736,-4.748058,-5.1789823,21 San Cristóbal,2020,1,val
-8.315967,-4.3121076,-4.70341,21 San Cristóbal,2020,2,val
-8.110989,-3.098498,-4.510421,21 San Cristóbal,2020,3,val
-7.977189,-2.168043,-3.973762,21 San Cristóbal,2020,4,val
-9.111744,0.87978554,-1.7857028,21 San Cristóbal,2020,5,val
-9.452183,1.1081742,-1.8767707,21 San Cristóbal,2020,6,val
-10.809632,1.8550994,-1.1857225,21 San Cristóbal,2020,7,val
-9.317103,1.9991946,-1.0249473,21 San Cristóbal,2020,8,val
-9.98898,2.7371519,-0.09861152,21 San Cristóbal,2020,9,val
-8.710225,3.243116,0.015235837,21 San Cristóbal,2020,10,val
-9.4962015,3.8151736,0.9817674,21 San Cristóbal,2020,11,val
-10.979505,4.483243,2.9703743,21 San Cristóbal,2020,12,val
-7.711813,6.961044,3.078211,21 San Cristóbal,2020,13,val
-8.637449,7.0242677,2.831604,21 San Cristóbal,2020,14,val
-7.2989426,8.930969,3.987488,21 San Cristóbal,2020,15,val
-8.5691395,8.778841,4.509669,21 San Cristóbal,2020,16,val
-6.7348404,8.983136,4.4661336,21 San Cristóbal,2020,17,val
-6.3039327,9.409785,4.6711445,21 San Cristóbal,2020,18,val
-0.885249,9.447605,2.9645991,21 San Cristóbal,2020,19,val
-0.47858572,9.002605,2.7222164,21 San Cristóbal,2020,20,val
0.29102078,9.048974,3.0294623,21 San Cristóbal,2020,21,val
0.7843566,8.772466,2.7072327,21 San Cristóbal,2020,22,val
1.0403174,7.7069716,3.7611413,21 San Cristóbal,2020,23,val
1.6785195,7.5063014,3.637698,21 San Cristóbal,2020,24,val
2.408383,7.5149984,3.4159842,21 San Cristóbal,2020,25,val
2.9173672,6.6687994,5.1371784,21 San Cristóbal,2020,26,val
5.8692684,4.881793,3.5485141,21 San Cristóbal,2020,27,val
5.818782,4.7132215,3.655084,21 San Cristóbal,2020,28,val
5.382091,4.5751257,3.1477644,21 San Cristóbal,2020,29,val
5.4907885,4.9216647,2.9726455,21 San Cristóbal,2020,30,val
9.709958,18.436434,-7.942924,21 San Cristóbal,2020,31,val
5.5720925,5.1632867,3.575668,21 San Cristóbal,2020,32,val
6.3630285,5.3924074,4.6953864,21 San Cristóbal,2020,33,val
9.886751,21.5112,-15.1238785,21 San Cristóbal,2020,34,val
8.896715,0.67755854,-7.914946,21 San Cristóbal,2020,35,val
6.6403184,0.9395467,-7.753187,21 San Cristóbal,2020,36,val
7.4148636,0.79746413,-8.022104,21 San Cristóbal,2020,37,val
7.661049,0.4806455,-7.1397543,21 San Cristóbal,2020,38,val
8.563517,0.44214314,-6.267759,21 San Cristóbal,2020,39,val
6.894961,15.880342,-22.42825,21 San Cristóbal,2020,40,val
5.5839014,-0.023815818,-9.01825,21 San Cristóbal,2020,41,val
5.4630437,-0.11019043,-10.035827,21 San Cristóbal,2020,42,val
5.2081785,-0.6116611,-10.08012,21 San Cristóbal,2020,43,val
4.451769,-0.23331632,-11.244434,21 San Cristóbal,2020,44,val
4.7885523,8.448834,-21.80298,21 San Cristóbal,2020,45,val
4.4213457,10.515801,-23.783815,21 San Cristóbal,2020,46,val
2.8350842,-0.48238584,-10.787292,21 San Cristóbal,2020,47,val
2.3189082,-2.1592643,-8.729652,21 San Cristóbal,2020,48,val
1.7709032,-2.5609477,-7.58841,21 San Cristóbal,2020,49,val
-2.1571507,-1.0457486,-11.78643,21 San Cristóbal,2020,50,val
-2.7841098,-1.153613,-11.833281,21 San Cristóbal,2020,51,val
-4.653678,0.6936014,-8.606367,21 San Cristóbal,2020,52,val
-4.1984167,1.1004919,-8.062828,21 San Cristóbal,2021,1,val
-4.704954,1.0306723,-7.9832544,21 San Cristóbal,2021,2,val
-5.3919587,1.8866075,-8.676497,21 San Cristóbal,2021,3,val
-5.253046,2.7507374,-8.406992,21 San Cristóbal,2021,4,val
-7.221608,4.1015463,-5.5974565,21 San Cristóbal,2021,5,val
-7.332892,4.3575583,-4.8113775,21 San Cristóbal,2021,6,val
-7.4379206,4.9754624,-4.266957,21 San Cristóbal,2021,7,val
-7.915524,6.0596967,-4.2438474,21 San Cristóbal,2021,8,val
-7.723662,6.281374,-3.0776713,21 San Cristóbal,2021,9,val
-7.387977,5.8885026,-2.9417157,21 San Cristóbal,2021,10,val
-8.316823,7.942418,-3.2514985,21 San Cristóbal,2021,11,val
-7.1869698,6.7795906,-0.86616105,21 San Cristóbal,2021,12,val
-7.2504487,8.044213,-0.046569474,21 San Cristóbal,2021,13,val
-6.3093657,8.172578,0.48430684,21 San Cristóbal,2021,14,val
-6.585355,8.354783,0.026786298,21 San Cristóbal,2021,15,val
-6.812563,9.365246,1.7730886,21 San Cristóbal,2021,16,val
-6.881602,9.68599,1.6464205,21 San Cristóbal,2021,17,val
-1.5143743,6.413054,3.235846,21 San Cristóbal,2021,18,val
-1.2014552,8.366515,2.7658594,21 San Cristóbal,2021,19,val
-0.7633992,7.435792,2.5606952,21 San Cristóbal,2021,20,val
-0.01272064,8.080865,2.8189988,21 San Cristóbal,2021,21,val
0.43352732,7.8207555,2.276561,21 San Cristóbal,2021,22,val
0.96932,7.2687616,2.441682,21 San Cristóbal,2021,23,val
1.7437693,7.7890816,3.670079,21 San Cristóbal,2021,24,val
2.2374744,7.878584,2.4399168,21 San Cristóbal,2021,25,val
4.4095287,18.259836,-10.100644,21 San Cristóbal,2021,26,val
5.353128,4.411184,2.8530407,21 San Cristóbal,2021,27,val
5.0267105,4.491611,2.428318,21 San Cristóbal,2021,28,val
5.720768,4.8683696,3.2419264,21 San Cristóbal,2021,29,val
5.334108,4.732655,2.5991943,21 San Cristóbal,2021,30,val
5.5609117,4.6396236,3.1003377,21 San Cristóbal,2021,31,val
9.363104,19.493263,-11.282284,21 San Cristóbal,2021,32,val
9.43318,19.8687,-12.376849,21 San Cristóbal,2021,33,val
7.1525955,4.5479784,4.4792233,21 San Cristóbal,2021,34,val
7.8726287,0.26357338,-5.766319,21 San Cristóbal,2021,35,val
8.912197,0.5489727,-6.903869,21 San Cristóbal,2021,36,val
7.4918613,0.4513889,-7.7132425,21 San Cristóbal,2021,37,val
8.96187,0.2948959,-7.114325,21 San Cristóbal,2021,38,val
7.0027933,-0.05949994,-6.632817,21 San Cristóbal,2021,39,val
6.8158307,-0.32252842,-7.5318775,21 San Cristóbal,2021,40,val
5.580027,-0.0561328,-9.409486,21 San Cristóbal,2021,41,val
4.7844105,-0.14473498,-8.449375,21 San Cristóbal,2021,42,val
4.8816676,-1.4204415,-8.29805,21 San Cristóbal,2021,43,val
4.615386,-1.6958758,-9.266506,21 San Cristóbal,2021,44,val
4.075635,-3.3167236,-8.04865,21 San Cristóbal,2021,45,val
4.05574,-4.690916,-7.974628,21 San Cristóbal,2021,46,val
3.108403,-3.6955366,-7.7483797,21 San Cristóbal,2021,47,val
-3.1722224,-3.0854092,-12.7995,21 San Cristóbal,2021,48,val
-3.4966295,-2.731792,-12.734865,21 San Cristóbal,2021,49,val
-3.4761806,-2.446918,-12.210135,21 San Cristóbal,2021,50,val
-2.3092108,-1.6200261,-10.427538,21 San Cristóbal,2021,51,val
-5.3742857,0.88698107,-9.585529,21 San Cristóbal,2021,52,val
-5.329527,-3.6933496,-1.5704968,22 San Juan,2015,1,train
-5.086537,-2.8441217,-0.8735239,22 San Juan,2015,2,train
-6.242404,-2.684108,-1.5274752,22 San Juan,2015,3,train
-5.9323497,-2.3404875,-0.93098474,22 San Juan,2015,4,train
-5.981691,-0.7069429,-0.028516924,22 San Juan,2015,5,train
-5.8038907,-0.32123563,0.6412037,22 San Juan,2015,6,train
-6.791421,0.40560108,0.60767645,22 San Juan,2015,7,train
-7.792583,1.767859,0.6633837,22 San Juan,2015,8,train
-6.686786,1.5191885,1.7614691,22 San Juan,2015,9,train
-7.699997,1.8022399,2.2935836,22 San Juan,2015,10,train
-8.122458,2.1577332,2.8821828,22 San Juan,2015,11,train
-8.163711,16.6494,-10.707928,22 San Juan,2015,12,train
-7.858225,4.2727175,2.4785237,22 San Juan,2015,13,train
-7.1859694,4.3414936,2.7795908,22 San Juan,2015,14,train
-8.1317,4.8916855,3.9499166,22 San Juan,2015,15,train
-7.899699,5.1744676,4.845287,22 San Juan,2015,16,train
-8.088498,6.374207,5.1050315,22 San Juan,2015,17,train
-2.4389744,3.762464,6.27051,22 San Juan,2015,18,train
-2.1064415,3.6954622,5.2842226,22 San Juan,2015,19,train
-1.8957871,3.9373293,5.2481165,22 San Juan,2015,20,train
-0.9511031,4.6727505,4.2083592,22 San Juan,2015,21,train
-0.5834368,3.8127275,3.498532,22 San Juan,2015,22,train
-0.16132933,3.9503248,3.5595627,22 San Juan,2015,23,train
0.24217491,3.0142999,4.2553387,22 San Juan,2015,24,train
0.5706122,2.8487215,3.6045632,22 San Juan,2015,25,train
0.81977314,2.6620405,3.2564137,22 San Juan,2015,26,train
5.614962,-0.7025334,3.2627277,22 San Juan,2015,27,train
5.1088467,-0.642294,2.8389325,22 San Juan,2015,28,train
4.9873576,-0.46221617,2.345182,22 San Juan,2015,29,train
5.718565,-0.33440435,2.6639256,22 San Juan,2015,30,train
5.929225,-0.9996409,3.7530894,22 San Juan,2015,31,train
7.480291,-0.11215043,3.3597515,22 San Juan,2015,32,train
6.674593,-0.26025486,2.7728853,22 San Juan,2015,33,train
6.514517,-0.16244145,2.3269615,22 San Juan,2015,34,train
14.219949,10.831106,-13.371901,22 San Juan,2015,35,train
5.80093,-2.7440753,-0.21905005,22 San Juan,2015,36,train
5.72412,-3.0516837,0.025315542,22 San Juan,2015,37,train
5.125328,-3.0227504,-0.2743865,22 San Juan,2015,38,train
5.587625,-3.5513258,-1.4446877,22 San Juan,2015,39,train
4.498751,-3.9104946,-1.3522459,22 San Juan,2015,40,train
5.2120576,-4.865886,-1.2755646,22 San Juan,2015,41,train
5.049198,-5.2607536,-2.0040114,22 San Juan,2015,42,train
3.7826526,-4.612739,-2.017278,22 San Juan,2015,43,train
3.7610815,-5.1535454,-2.224967,22 San Juan,2015,44,train
2.8354974,-5.112336,-2.4575934,22 San Juan,2015,45,train
2.0893962,-5.0390716,-2.4968793,22 San Juan,2015,46,train
1.3481896,-5.366042,-2.5266898,22 San Juan,2015,47,train
-2.9826765,-7.1771035,-4.5417447,22 San Juan,2015,48,train
-2.9264379,-6.841159,-5.0571055,22 San Juan,2015,49,train
-2.5705965,-6.3313513,-4.5276513,22 San Juan,2015,50,train
-2.633313,-6.259077,-4.5756907,22 San Juan,2015,51,train
-5.835127,-4.0632052,-2.360337,22 San Juan,2015,52,train
-7.957013,-2.8952196,-1.6759877,22 San Juan,2016,1,train
-7.479593,-2.5513268,-1.4370315,22 San Juan,2016,2,train
-8.459865,-2.7462316,-1.3697304,22 San Juan,2016,3,train
-8.696791,-2.4899948,-1.64541,22 San Juan,2016,4,train
-8.854572,-1.3914436,-0.1712254,22 San Juan,2016,5,train
-10.19183,-1.0329423,-0.35696363,22 San Juan,2016,6,train
-8.975897,-0.46817613,0.021885034,22 San Juan,2016,7,train
-9.510659,-0.04429559,0.33894297,22 San Juan,2016,8,train
-7.779624,16.478016,-16.357075,22 San Juan,2016,9,train
-6.3823175,1.6451465,2.0178046,22 San Juan,2016,10,train
-8.408926,3.3969722,1.4222457,22 San Juan,2016,11,train
-8.344684,3.3524785,2.8482134,22 San Juan,2016,12,train
-8.650754,4.357204,2.9864209,22 San Juan,2016,13,train
-6.4006433,7.9010596,3.320908,22 San Juan,2016,14,train
-8.310152,5.148795,4.084517,22 San Juan,2016,15,train
-7.2983727,7.260395,3.7225044,22 San Juan,2016,16,train
-3.498027,21.912466,-10.253497,22 San Juan,2016,17,train
-1.9000785,7.671544,2.9464834,22 San Juan,2016,18,train
-1.6002996,6.1771016,2.7053838,22 San Juan,2016,19,train
-1.2599331,5.695442,3.8533986,22 San Juan,2016,20,train
-0.698823,6.047795,2.7686708,22 San Juan,2016,21,train
-0.15397872,5.7281346,2.5632272,22 San Juan,2016,22,train
0.2620286,4.286118,3.2404358,22 San Juan,2016,23,train
0.63088745,3.3862567,4.214683,22 San Juan,2016,24,train
0.82044804,3.0789337,2.2514458,22 San Juan,2016,25,train
1.1367986,3.261667,2.2378545,22 San Juan,2016,26,train
3.6900477,1.0616128,2.5931368,22 San Juan,2016,27,train
3.6317658,0.8836098,3.3354032,22 San Juan,2016,28,train
3.6593843,1.2173502,3.0479968,22 San Juan,2016,29,train
3.5157764,1.1505123,2.884787,22 San Juan,2016,30,train
3.4764743,1.3836983,2.061407,22 San Juan,2016,31,train
3.8028939,2.2984493,2.5895746,22 San Juan,2016,32,train
3.5519705,0.56593096,4.0132155,22 San Juan,2016,33,train
3.1011515,1.9608797,1.1178721,22 San Juan,2016,34,train
6.1516876,0.4387141,-2.8564203,22 San Juan,2016,35,train
5.8099756,0.503984,-2.9767365,22 San Juan,2016,36,train
5.9287524,0.39506596,-3.0178428,22 San Juan,2016,37,train
6.295048,0.27746585,-3.4015942,22 San Juan,2016,38,train
6.0193295,0.060475018,-3.3442585,22 San Juan,2016,39,train
7.556257,9.30032,-20.362148,22 San Juan,2016,40,train
4.447309,-1.4242909,-6.5483947,22 San Juan,2016,41,train
3.7199416,-1.0186418,-7.4753203,22 San Juan,2016,42,train
3.3838995,-1.3775336,-6.8778534,22 San Juan,2016,43,train
2.515149,-1.5779717,-5.405767,22 San Juan,2016,44,train
2.9631174,-1.4307816,-8.079529,22 San Juan,2016,45,train
2.258723,-1.3622556,-8.731317,22 San Juan,2016,46,train
0.8693591,-1.7981304,-6.271672,22 San Juan,2016,47,train
0.6888905,-1.8849465,-5.508837,22 San Juan,2016,48,train
0.45975846,-2.3413422,-4.683301,22 San Juan,2016,49,train
0.643282,-2.227072,-5.4137273,22 San Juan,2016,50,train
0.3580113,-2.7957919,-4.33831,22 San Juan,2016,51,train
-1.4827425,-3.1420152,-0.132608,22 San Juan,2016,52,train
-1.9282045,-3.6788852,0.3520876,22 San Juan,2017,1,train
-2.419303,-3.520866,0.73406786,22 San Juan,2017,2,train
-4.85963,-3.6874466,0.8263687,22 San Juan,2017,3,train
-4.882958,-3.2205637,0.73031193,22 San Juan,2017,4,train
-5.6537304,-2.247339,2.338172,22 San Juan,2017,5,train
-5.5829425,-1.5489403,1.9697258,22 San Juan,2017,6,train
-5.1980615,-0.7036596,1.5201358,22 San Juan,2017,7,train
-5.575358,-0.42015016,2.3186302,22 San Juan,2017,8,train
-6.6439586,-0.035783228,3.7793918,22 San Juan,2017,9,train
-5.9186373,0.35724217,3.9284859,22 San Juan,2017,10,train
-5.7689443,1.3910838,3.6815882,22 San Juan,2017,11,train
-9.053023,17.577726,-11.223356,22 San Juan,2017,12,train
-4.8956285,2.8027666,3.6494918,22 San Juan,2017,13,train
-6.411716,3.7559292,4.1676335,22 San Juan,2017,14,train
-5.553993,2.9658582,4.1354065,22 San Juan,2017,15,train
-6.4922934,19.093584,-9.932312,22 San Juan,2017,16,train
-4.13012,8.735659,2.9861119,22 San Juan,2017,17,train
-4.4849954,6.9607725,2.8413174,22 San Juan,2017,18,train
-4.434571,6.1180334,2.8718474,22 San Juan,2017,19,train
-1.3087213,4.831312,2.4478202,22 San Juan,2017,20,train
-0.7972269,3.155017,4.5991693,22 San Juan,2017,21,train
-0.30545208,2.7610412,4.3725276,22 San Juan,2017,22,train
0.14419144,3.198571,4.8349547,22 San Juan,2017,23,train
0.627587,3.019368,4.602793,22 San Juan,2017,24,train
1.0584216,2.596918,4.842031,22 San Juan,2017,25,train
1.4037007,2.40543,4.8062754,22 San Juan,2017,26,train
3.7318416,0.7009751,4.4566846,22 San Juan,2017,27,train
3.4753246,1.3124998,3.6237638,22 San Juan,2017,28,train
3.9963725,0.57838285,5.11225,22 San Juan,2017,29,train
3.947187,1.7591062,3.9662063,22 San Juan,2017,30,train
4.3046274,1.0024643,5.187962,22 San Juan,2017,31,train
3.8663409,1.3943758,4.151636,22 San Juan,2017,32,train
4.38445,0.5189389,5.613157,22 San Juan,2017,33,train
3.910759,1.2012169,4.349962,22 San Juan,2017,34,train
6.5699787,-4.210462,2.1166065,22 San Juan,2017,35,train
5.0046434,0.0073968456,-2.5577478,22 San Juan,2017,36,train
11.032029,7.753589,-14.915677,22 San Juan,2017,37,train
6.1377506,-0.113713354,-3.1102605,22 San Juan,2017,38,train
4.4918723,-0.36538467,-2.8904579,22 San Juan,2017,39,train
3.7362423,-0.79507506,-3.742613,22 San Juan,2017,40,train
3.4870055,-1.2086873,-4.11635,22 San Juan,2017,41,train
3.3227801,-1.7518474,-4.4834213,22 San Juan,2017,42,train
2.8560925,-1.4710921,-4.1514764,22 San Juan,2017,43,train
2.727752,-2.1566637,-5.033066,22 San Juan,2017,44,train
3.4458349,6.8508964,-20.721676,22 San Juan,2017,45,train
2.770644,7.19021,-21.629696,22 San Juan,2017,46,train
1.0245965,-1.9426328,-5.147864,22 San Juan,2017,47,train
-1.2329386,-3.0191333,-7.121824,22 San Juan,2017,48,train
-1.5134529,-3.3057985,-7.582645,22 San Juan,2017,49,train
-2.8527324,-7.7832155,-1.7854077,22 San Juan,2017,50,train
-3.3405182,-8.206389,-1.2916986,22 San Juan,2017,51,train
-4.771042,-5.5947666,0.51446855,22 San Juan,2017,52,train
-3.060738,-1.4053543,-3.3825228,22 San Juan,2018,1,train
-3.2613964,-1.027332,-3.2557569,22 San Juan,2018,2,train
-3.8215635,-3.2284641,0.0146466615,22 San Juan,2018,3,train
-4.534607,-3.8459148,1.0081375,22 San Juan,2018,4,train
-5.128608,-2.0866466,2.4891765,22 San Juan,2018,5,train
-6.125195,-2.3754654,3.131948,22 San Juan,2018,6,train
-6.0376663,-1.451094,3.0431142,22 San Juan,2018,7,train
-6.5122147,-1.708125,4.536088,22 San Juan,2018,8,train
-6.127299,-0.1837297,3.01311,22 San Juan,2018,9,train
-6.2712994,0.020381343,4.8157134,22 San Juan,2018,10,train
-6.335087,1.0926249,4.9933996,22 San Juan,2018,11,train
-5.9667115,1.7422315,4.6496377,22 San Juan,2018,12,train
-6.3757286,1.2359631,6.181309,22 San Juan,2018,13,train
-6.3296375,2.7871075,5.2177324,22 San Juan,2018,14,train
-5.971204,3.283465,5.0386333,22 San Juan,2018,15,train
-5.3298535,3.4133973,4.66716,22 San Juan,2018,16,train
-4.9689,3.6881313,4.578495,22 San Juan,2018,17,train
-1.9541556,2.4958658,3.2276444,22 San Juan,2018,18,train
-1.6841015,2.9814026,3.0913987,22 San Juan,2018,19,train
-1.7271434,2.4371436,4.420811,22 San Juan,2018,20,train
-1.2858299,2.2734668,5.4602537,22 San Juan,2018,21,train
-0.61932975,2.4607756,5.2523823,22 San Juan,2018,22,train
-0.17366885,1.9118963,6.1742578,22 San Juan,2018,23,train
0.28242654,2.0677176,5.2706122,22 San Juan,2018,24,train
0.54116,2.079003,3.2750475,22 San Juan,2018,25,train
0.99982363,1.2991346,5.2138643,22 San Juan,2018,26,train
4.465524,-0.99401534,4.8763413,22 San Juan,2018,27,train
3.9657953,-0.6281714,3.7420127,22 San Juan,2018,28,train
4.399593,-0.35127506,3.886931,22 San Juan,2018,29,train
3.891846,-0.59845406,3.4597938,22 San Juan,2018,30,train
4.227024,-0.35658407,3.6858752,22 San Juan,2018,31,train
4.39975,-0.6687274,3.6958501,22 San Juan,2018,32,train
4.4875417,-0.32595435,3.344159,22 San Juan,2018,33,train
4.5048203,-0.07749067,2.8876266,22 San Juan,2018,34,train
4.269562,-3.1975863,1.6441216,22 San Juan,2018,35,train
4.3844786,-3.0776045,1.3900508,22 San Juan,2018,36,train
4.312492,-3.9506738,2.2020307,22 San Juan,2018,37,train
4.106665,-2.8148167,0.93356085,22 San Juan,2018,38,train
4.100138,-4.2354355,2.0629046,22 San Juan,2018,39,train
3.245863,-1.7241449,-2.3264284,22 San Juan,2018,40,train
2.9589424,-2.1794817,-2.4663842,22 San Juan,2018,41,train
2.5553763,-5.2366676,1.1195667,22 San Juan,2018,42,train
2.4401784,-5.5108476,0.7836605,22 San Juan,2018,43,train
1.8149621,-5.2088366,0.20416072,22 San Juan,2018,44,train
1.4299848,-5.5524464,-0.020813417,22 San Juan,2018,45,train
1.0707877,-5.1813,-1.1178101,22 San Juan,2018,46,train
0.58640283,-5.4537454,-1.1846011,22 San Juan,2018,47,train
0.2216379,-5.803288,-1.4389731,22 San Juan,2018,48,train
-3.3134978,-8.184496,-2.4113765,22 San Juan,2018,49,train
-3.0957623,-7.679751,-2.460289,22 San Juan,2018,50,train
-2.996121,-7.4392734,-2.3074465,22 San Juan,2018,51,train
-5.144265,-5.0461893,-1.1905824,22 San Juan,2018,52,train
-5.3930936,-4.3776793,-0.80999464,22 San Juan,2019,1,train
-5.3944097,-3.7265632,-0.35542655,22 San Juan,2019,2,train
-5.499959,-3.145366,-0.39685127,22 San Juan,2019,3,train
-5.998775,-3.5010285,0.3818295,22 San Juan,2019,4,train
-6.274462,-1.2814386,0.78396666,22 San Juan,2019,5,train
-7.878141,-1.39704,0.8078264,22 San Juan,2019,6,train
-7.6828933,-0.30243436,0.75285035,22 San Juan,2019,7,train
-8.544871,0.25987995,1.9590483,22 San Juan,2019,8,train
-8.443516,0.45171884,2.02107,22 San Juan,2019,9,train
-7.863651,1.6763315,2.7210598,22 San Juan,2019,10,train
-7.626175,1.7874782,3.7078958,22 San Juan,2019,11,train
-8.027513,2.5600002,3.9906533,22 San Juan,2019,12,train
-7.239165,18.88157,-12.324533,22 San Juan,2019,13,train
-6.1873865,3.554115,3.1090026,22 San Juan,2019,14,train
-7.1799517,3.9580889,4.3253055,22 San Juan,2019,15,train
-6.815855,4.0279903,4.769478,22 San Juan,2019,16,train
-5.236715,4.5795355,3.0629485,22 San Juan,2019,17,train
-1.8711143,3.2879875,3.5138643,22 San Juan,2019,18,train
-1.9010342,3.6776364,4.9352417,22 San Juan,2019,19,train
-1.4071275,3.5130785,5.6377525,22 San Juan,2019,20,train
-0.7768763,4.591906,3.2945013,22 San Juan,2019,21,train
2.318098,20.001759,-7.9526167,22 San Juan,2019,22,train
0.016592396,3.8158653,3.1492121,22 San Juan,2019,23,train
0.4440298,3.4511454,4.1227036,22 San Juan,2019,24,train
1.123058,3.0549924,5.746069,22 San Juan,2019,25,train
1.4193168,2.5848525,5.4362197,22 San Juan,2019,26,train
6.782997,-1.543846,3.025678,22 San Juan,2019,27,train
7.0053716,-1.3655498,2.5112638,22 San Juan,2019,28,train
7.6052203,-1.4427601,2.5969274,22 San Juan,2019,29,train
8.123015,-1.6226364,2.8702178,22 San Juan,2019,30,train
7.167293,-1.0126727,1.6823226,22 San Juan,2019,31,train
7.8223205,-1.4248506,2.3576748,22 San Juan,2019,32,train
7.9017353,-1.6095289,2.7289054,22 San Juan,2019,33,train
7.680629,-1.2902645,2.045232,22 San Juan,2019,34,train
6.7584076,-3.5591264,1.2796068,22 San Juan,2019,35,train
6.309117,-3.3266616,0.58390343,22 San Juan,2019,36,train
6.0113072,-3.0351193,0.26890093,22 San Juan,2019,37,train
12.814131,15.335923,-17.694885,22 San Juan,2019,38,train
11.976362,14.679304,-17.555346,22 San Juan,2019,39,train
11.556913,10.79824,-14.2818775,22 San Juan,2019,40,train
3.060571,-3.1475673,-0.18171988,22 San Juan,2019,41,train
2.7522025,-3.5766888,-0.46874744,22 San Juan,2019,42,train
2.3365228,-3.5453773,-1.4241855,22 San Juan,2019,43,train
2.158184,-4.6882505,-0.7949123,22 San Juan,2019,44,train
1.9301485,-4.824777,-1.140909,22 San Juan,2019,45,train
1.3187933,-4.5590324,-2.0152774,22 San Juan,2019,46,train
0.53429306,-5.0315866,-1.967534,22 San Juan,2019,47,train
0.5973597,-5.7553225,-1.6328549,22 San Juan,2019,48,train
-2.7399328,-6.8356724,-4.4728866,22 San Juan,2019,49,train
-3.1211576,-7.4628057,-3.8172815,22 San Juan,2019,50,train
-2.793977,-6.877686,-4.037836,22 San Juan,2019,51,train
-5.4297595,-4.1514015,-2.6234672,22 San Juan,2019,52,train
-5.6792693,-4.295402,-1.884432,22 San Juan,2020,1,val
-6.272127,-4.052202,-1.0491519,22 San Juan,2020,2,val
-6.296918,-3.8389938,-0.37767085,22 San Juan,2020,3,val
-5.397738,-2.235806,-1.1947818,22 San Juan,2020,4,val
-7.084312,-0.97785294,0.6606365,22 San Juan,2020,5,val
-7.03704,-0.43763605,0.75840163,22 San Juan,2020,6,val
-7.5170064,-0.20581073,1.7030501,22 San Juan,2020,7,val
-7.3003116,0.8061108,1.4031998,22 San Juan,2020,8,val
-7.5547223,1.480169,1.5656258,22 San Juan,2020,9,val
-7.064437,1.6129913,1.7626433,22 San Juan,2020,10,val
-6.6161914,2.0638223,2.4067495,22 San Juan,2020,11,val
-7.1456876,2.101897,3.8554468,22 San Juan,2020,12,val
-6.92162,3.3174932,3.9181144,22 San Juan,2020,13,val
-6.9507904,3.7757235,5.485155,22 San Juan,2020,14,val
-7.794632,5.2127056,6.20109,22 San Juan,2020,15,val
-7.2562013,4.9724736,6.068524,22 San Juan,2020,16,val
-7.1210594,5.3691,6.6975336,22 San Juan,2020,17,val
-6.9193687,5.4891276,6.9949064,22 San Juan,2020,18,val
-1.4722896,3.7478027,4.3618283,22 San Juan,2020,19,val
-1.3027701,2.8150637,4.854948,22 San Juan,2020,20,val
-0.6456147,3.1301236,4.894485,22 San Juan,2020,21,val
-0.2832223,2.852416,3.9886844,22 San Juan,2020,22,val
0.20972954,3.252917,4.237455,22 San Juan,2020,23,val
0.5219216,3.572031,2.4561887,22 San Juan,2020,24,val
1.054457,2.9193392,4.169291,22 San Juan,2020,25,val
1.7305218,2.4796038,5.7372146,22 San Juan,2020,26,val
3.146119,1.0045863,3.2170987,22 San Juan,2020,27,val
3.717633,1.0709658,4.2817283,22 San Juan,2020,28,val
3.5856395,1.4481643,3.848798,22 San Juan,2020,29,val
3.652239,1.1090072,4.095475,22 San Juan,2020,30,val
4.2601147,0.59236705,5.315169,22 San Juan,2020,31,val
3.8803349,1.7359029,4.2107077,22 San Juan,2020,32,val
4.3614573,1.8507975,4.9924836,22 San Juan,2020,33,val
9.405375,18.22146,-9.363831,22 San Juan,2020,34,val
6.0148234,0.2580699,-3.5491295,22 San Juan,2020,35,val
5.3185863,0.15094185,-3.938392,22 San Juan,2020,36,val
5.1265073,0.21500765,-3.7164636,22 San Juan,2020,37,val
6.0444555,0.40285,-3.6302536,22 San Juan,2020,38,val
5.515489,0.33644104,-3.481975,22 San Juan,2020,39,val
4.725925,-0.24123617,-4.204456,22 San Juan,2020,40,val
3.9958713,-0.5851924,-4.3696556,22 San Juan,2020,41,val
3.6400294,-1.0423625,-5.0705056,22 San Juan,2020,42,val
3.173551,-1.5174239,-5.2736955,22 San Juan,2020,43,val
2.939258,-2.1875634,-5.89549,22 San Juan,2020,44,val
3.3188274,5.5859847,-19.922148,22 San Juan,2020,45,val
1.2910435,-1.4168603,-6.3149214,22 San Juan,2020,46,val
1.0307726,-1.6145235,-6.0520163,22 San Juan,2020,47,val
0.5840421,-1.848669,-5.0682364,22 San Juan,2020,48,val
-1.0305077,-2.2928505,-7.316973,22 San Juan,2020,49,val
-1.173699,-2.1785278,-7.717736,22 San Juan,2020,50,val
-1.1436777,-2.3085876,-6.6344156,22 San Juan,2020,51,val
-2.7278538,-0.59784853,-4.384902,22 San Juan,2020,52,val
-2.9598746,-2.4102032,-1.5556523,22 San Juan,2021,1,val
-3.3051014,-3.0551744,-0.47262177,22 San Juan,2021,2,val
-3.3437502,-1.7739345,-1.4398625,22 San Juan,2021,3,val
-3.9078474,-3.4488354,1.0712152,22 San Juan,2021,4,val
-3.5217535,1.678958,-1.6945227,22 San Juan,2021,5,val
-3.948581,1.4513412,-0.7331215,22 San Juan,2021,6,val
-4.7138486,-0.70255023,2.7307677,22 San Juan,2021,7,val
-4.870304,-0.40766603,3.146423,22 San Juan,2021,8,val
-4.652245,0.4928595,3.0173557,22 San Juan,2021,9,val
-4.245699,2.7588663,-0.069856904,22 San Juan,2021,10,val
-5.1460195,1.2745613,3.1335986,22 San Juan,2021,11,val
-4.8591976,2.15761,3.1562407,22 San Juan,2021,12,val
-4.938713,2.39741,4.028194,22 San Juan,2021,13,val
-8.011023,19.233784,-11.923644,22 San Juan,2021,14,val
-4.6002946,2.8576589,3.767889,22 San Juan,2021,15,val
-4.55735,3.3248165,3.9025807,22 San Juan,2021,16,val
-4.153741,4.975734,1.9222989,22 San Juan,2021,17,val
-4.4319963,4.8579516,3.19833,22 San Juan,2021,18,val
-4.8877068,4.7235975,5.323873,22 San Juan,2021,19,val
-4.6315837,4.2416897,5.196974,22 San Juan,2021,20,val
-4.3295517,6.058957,4.3537292,22 San Juan,2021,21,val
-4.459777,7.178462,4.125435,22 San Juan,2021,22,val
-4.441185,6.5010037,4.846074,22 San Juan,2021,23,val
0.5513278,2.9918406,3.6930459,22 San Juan,2021,24,val
0.73627126,2.7955222,2.319295,22 San Juan,2021,25,val
1.0795932,2.4548824,3.4851453,22 San Juan,2021,26,val
3.0863495,0.86601907,3.3006613,22 San Juan,2021,27,val
2.9544127,1.1650553,2.6461623,22 San Juan,2021,28,val
2.968419,1.0424929,2.8027947,22 San Juan,2021,29,val
3.5879798,1.7037315,3.060666,22 San Juan,2021,30,val
3.5447035,1.3408061,3.3708062,22 San Juan,2021,31,val
9.406183,18.082062,-10.35633,22 San Juan,2021,32,val
8.97205,19.640814,-12.363793,22 San Juan,2021,33,val
3.4355733,0.8830214,2.857913,22 San Juan,2021,34,val
6.537318,0.3256945,-2.852734,22 San Juan,2021,35,val
7.457181,0.7150001,-3.307797,22 San Juan,2021,36,val
6.0484457,0.49326274,-3.089445,22 San Juan,2021,37,val
6.7816467,0.3478718,-3.2993221,22 San Juan,2021,38,val
4.671062,-0.09652888,-3.8079247,22 San Juan,2021,39,val
4.7014747,-0.1094531,-3.602776,22 San Juan,2021,40,val
7.437872,7.7229753,-17.76528,22 San Juan,2021,41,val
3.1058729,-0.98213685,-5.1372595,22 San Juan,2021,42,val
2.610455,-1.2516838,-4.5975113,22 San Juan,2021,43,val
2.334524,-1.6652603,-5.059218,22 San Juan,2021,44,val
1.8162507,-2.0350363,-4.883266,22 San Juan,2021,45,val
0.5561634,-5.189308,-1.1421846,22 San Juan,2021,46,val
0.799959,-2.3289876,-4.8787084,22 San Juan,2021,47,val
0.9945367,-2.5416753,-5.470948,22 San Juan,2021,48,val
-1.3441181,-4.078334,-5.4214,22 San Juan,2021,49,val
-2.1063814,-6.2837605,-2.8697822,22 San Juan,2021,50,val
-1.2475753,-2.6633947,-7.01922,22 San Juan,2021,51,val
-3.622032,-4.1281185,-0.13450605,22 San Juan,2021,52,val
-15.002773,-7.12263,-7.9870796,23 San Pedro de Macorís,2015,1,train
-15.047429,-6.331559,-7.221818,23 San Pedro de Macorís,2015,2,train
-14.806032,-4.185007,-7.009424,23 San Pedro de Macorís,2015,3,train
-15.278418,-3.313554,-6.568168,23 San Pedro de Macorís,2015,4,train
-15.784196,0.10826021,-4.040752,23 San Pedro de Macorís,2015,5,train
-16.192045,1.9362693,-3.4699366,23 San Pedro de Macorís,2015,6,train
-16.577295,2.1043944,-3.1703575,23 San Pedro de Macorís,2015,7,train
-17.22069,3.3992088,-2.1137972,23 San Pedro de Macorís,2015,8,train
-18.847893,4.7967734,0.06796081,23 San Pedro de Macorís,2015,9,train
-20.592567,4.417135,1.9108627,23 San Pedro de Macorís,2015,10,train
-21.123812,5.418348,3.010526,23 San Pedro de Macorís,2015,11,train
-18.084438,7.072857,3.9965808,23 San Pedro de Macorís,2015,12,train
-18.119839,9.470067,6.132427,23 San Pedro de Macorís,2015,13,train
-18.797361,9.31593,6.28916,23 San Pedro de Macorís,2015,14,train
-19.58823,11.255986,7.0379252,23 San Pedro de Macorís,2015,15,train
-18.268496,10.982977,7.7368546,23 San Pedro de Macorís,2015,16,train
-3.3418581,11.514463,10.5205555,23 San Pedro de Macorís,2015,17,train
-3.5279696,12.989495,11.627902,23 San Pedro de Macorís,2015,18,train
-3.5607038,12.765432,11.854659,23 San Pedro de Macorís,2015,19,train
-3.4581182,13.072299,12.245943,23 San Pedro de Macorís,2015,20,train
-2.7708728,12.972765,11.741911,23 San Pedro de Macorís,2015,21,train
-0.20314135,11.874084,9.99535,23 San Pedro de Macorís,2015,22,train
1.1318758,12.368784,9.301824,23 San Pedro de Macorís,2015,23,train
2.2664702,11.891952,10.394522,23 San Pedro de Macorís,2015,24,train
3.3140998,11.222607,10.34218,23 San Pedro de Macorís,2015,25,train
4.1240306,11.052871,9.793952,23 San Pedro de Macorís,2015,26,train
16.100811,3.316876,5.6005354,23 San Pedro de Macorís,2015,27,train
15.505606,2.99969,5.204006,23 San Pedro de Macorís,2015,28,train
15.740904,3.028885,5.27152,23 San Pedro de Macorís,2015,29,train
15.7655325,3.071487,5.137964,23 San Pedro de Macorís,2015,30,train
16.90425,3.0505867,5.927714,23 San Pedro de Macorís,2015,31,train
16.75844,2.7632987,5.5432825,23 San Pedro de Macorís,2015,32,train
16.398115,2.4736412,5.532294,23 San Pedro de Macorís,2015,33,train
15.865445,2.3293095,5.0358596,23 San Pedro de Macorís,2015,34,train
15.6335125,-9.245731,-5.3718867,23 San Pedro de Macorís,2015,35,train
14.657196,-8.981493,-4.8609147,23 San Pedro de Macorís,2015,36,train
15.6730385,-9.866308,-4.9068236,23 San Pedro de Macorís,2015,37,train
14.345811,-10.369252,-6.1820517,23 San Pedro de Macorís,2015,38,train
13.7369375,-10.163711,-6.059466,23 San Pedro de Macorís,2015,39,train
14.179516,-12.312412,-7.0074487,23 San Pedro de Macorís,2015,40,train
12.9983835,-12.820865,-6.88384,23 San Pedro de Macorís,2015,41,train
11.771867,-12.864103,-7.029378,23 San Pedro de Macorís,2015,42,train
10.147661,-12.126349,-6.7250547,23 San Pedro de Macorís,2015,43,train
9.381144,-12.601748,-7.651922,23 San Pedro de Macorís,2015,44,train
7.8272924,-12.98048,-8.898955,23 San Pedro de Macorís,2015,45,train
7.320185,-13.549451,-9.110757,23 San Pedro de Macorís,2015,46,train
5.511438,-13.439717,-8.677425,23 San Pedro de Macorís,2015,47,train
-5.566798,-13.085958,-11.250662,23 San Pedro de Macorís,2015,48,train
-7.251642,-13.838275,-12.383264,23 San Pedro de Macorís,2015,49,train
-7.8185773,-13.439017,-11.753094,23 San Pedro de Macorís,2015,50,train
-8.635619,-12.807391,-11.649573,23 San Pedro de Macorís,2015,51,train
-14.88031,-8.129984,-7.84512,23 San Pedro de Macorís,2015,52,train
-15.177323,-4.7718177,-5.463885,23 San Pedro de Macorís,2016,1,train
-16.635004,-4.842466,-5.371832,23 San Pedro de Macorís,2016,2,train
-16.482552,-4.0901074,-4.6719627,23 San Pedro de Macorís,2016,3,train
-17.853455,-3.9988053,-5.1968293,23 San Pedro de Macorís,2016,4,train
-17.698397,-1.5621746,-2.6037302,23 San Pedro de Macorís,2016,5,train
-18.68166,-0.7844003,-2.2748613,23 San Pedro de Macorís,2016,6,train
-19.627405,-0.42529628,-2.3180318,23 San Pedro de Macorís,2016,7,train
-18.839468,0.4242224,-1.4049895,23 San Pedro de Macorís,2016,8,train
-18.958187,1.0910865,-1.0290949,23 San Pedro de Macorís,2016,9,train
-20.652515,4.0350494,2.2087214,23 San Pedro de Macorís,2016,10,train
-17.955564,5.9659605,2.6758611,23 San Pedro de Macorís,2016,11,train
-19.345478,8.270637,4.9518633,23 San Pedro de Macorís,2016,12,train
-17.79796,9.674087,6.202304,23 San Pedro de Macorís,2016,13,train
-16.435661,10.094415,6.7496214,23 San Pedro de Macorís,2016,14,train
-16.94385,10.457854,7.467352,23 San Pedro de Macorís,2016,15,train
-16.280716,11.813948,8.282428,23 San Pedro de Macorís,2016,16,train
-5.6588144,27.20539,-6.420396,23 San Pedro de Macorís,2016,17,train
-2.2585998,15.016891,6.7763677,23 San Pedro de Macorís,2016,18,train
-1.7144891,15.367893,7.8804674,23 San Pedro de Macorís,2016,19,train
-0.9141402,14.739289,9.269044,23 San Pedro de Macorís,2016,20,train
0.20967968,15.49629,7.6575203,23 San Pedro de Macorís,2016,21,train
3.4920754,24.813091,-2.7973819,23 San Pedro de Macorís,2016,22,train
2.0495286,13.925796,7.6518917,23 San Pedro de Macorís,2016,23,train
2.950477,12.952148,8.549055,23 San Pedro de Macorís,2016,24,train
4.1384096,14.020837,7.236673,23 San Pedro de Macorís,2016,25,train
4.533663,12.271876,7.7657695,23 San Pedro de Macorís,2016,26,train
11.765096,7.031832,6.757058,23 San Pedro de Macorís,2016,27,train
11.542978,6.8706307,7.3446517,23 San Pedro de Macorís,2016,28,train
11.50168,6.4886336,7.722198,23 San Pedro de Macorís,2016,29,train
11.382492,7.692411,6.861703,23 San Pedro de Macorís,2016,30,train
11.49274,8.501122,5.8306565,23 San Pedro de Macorís,2016,31,train
10.174803,8.433523,6.526393,23 San Pedro de Macorís,2016,32,train
10.394719,7.20969,7.8138924,23 San Pedro de Macorís,2016,33,train
12.818784,21.78928,-6.9156213,23 San Pedro de Macorís,2016,34,train
15.015002,-4.216707,-9.38701,23 San Pedro de Macorís,2016,35,train
14.221994,-3.2978098,-11.783559,23 San Pedro de Macorís,2016,36,train
14.256614,-3.8487592,-11.608177,23 San Pedro de Macorís,2016,37,train
13.606,-3.722055,-11.581828,23 San Pedro de Macorís,2016,38,train
16.570715,-4.8021855,-12.044675,23 San Pedro de Macorís,2016,39,train
13.158546,4.4639764,-23.55694,23 San Pedro de Macorís,2016,40,train
10.5699215,-5.1314855,-14.257177,23 San Pedro de Macorís,2016,41,train
10.274246,4.6353292,-25.212122,23 San Pedro de Macorís,2016,42,train
8.933438,-5.4973655,-15.550092,23 San Pedro de Macorís,2016,43,train
8.188231,-5.180319,-17.17213,23 San Pedro de Macorís,2016,44,train
7.0816927,-4.598502,-16.825243,23 San Pedro de Macorís,2016,45,train
5.80373,-3.3097007,-17.19164,23 San Pedro de Macorís,2016,46,train
5.0552053,-4.519463,-18.316378,23 San Pedro de Macorís,2016,47,train
-3.339202,-6.8484774,-18.062382,23 San Pedro de Macorís,2016,48,train
-5.1719995,-7.6671495,-18.535715,23 San Pedro de Macorís,2016,49,train
-6.1036034,-7.3911915,-18.25768,23 San Pedro de Macorís,2016,50,train
-6.573511,-6.6126566,-18.065289,23 San Pedro de Macorís,2016,51,train
-10.482649,-1.6627032,-12.515332,23 San Pedro de Macorís,2016,52,train
-10.092239,-0.47734708,-12.226331,23 San Pedro de Macorís,2017,1,train
-12.593223,-0.1563014,-12.29347,23 San Pedro de Macorís,2017,2,train
-9.213808,-4.9629807,-1.1231768,23 San Pedro de Macorís,2017,3,train
-11.606896,2.7158592,-11.825012,23 San Pedro de Macorís,2017,4,train
-13.12077,4.6453357,-8.181127,23 San Pedro de Macorís,2017,5,train
-14.460045,5.7996473,-7.933804,23 San Pedro de Macorís,2017,6,train
-12.981151,4.551523,-5.6783705,23 San Pedro de Macorís,2017,7,train
-14.148662,7.6656227,-5.860123,23 San Pedro de Macorís,2017,8,train
-16.582188,3.5010743,0.6593971,23 San Pedro de Macorís,2017,9,train
-15.970995,9.389717,-5.1679153,23 San Pedro de Macorís,2017,10,train
-15.108173,10.56653,-2.9353106,23 San Pedro de Macorís,2017,11,train
-13.953512,11.911392,-1.7639328,23 San Pedro de Macorís,2017,12,train
-14.229653,12.003003,0.22536035,23 San Pedro de Macorís,2017,13,train
-14.975024,12.548296,4.656479,23 San Pedro de Macorís,2017,14,train
-14.588265,9.013881,9.317976,23 San Pedro de Macorís,2017,15,train
-12.89142,16.186666,5.332285,23 San Pedro de Macorís,2017,16,train
-7.6931825,18.748632,7.765268,23 San Pedro de Macorís,2017,17,train
-1.8792992,14.004041,6.493592,23 San Pedro de Macorís,2017,18,train
-1.8205136,12.404189,8.019266,23 San Pedro de Macorís,2017,19,train
-1.1792301,14.07272,9.800172,23 San Pedro de Macorís,2017,20,train
-0.46699196,12.087917,10.456468,23 San Pedro de Macorís,2017,21,train
0.78982234,14.288134,8.565777,23 San Pedro de Macorís,2017,22,train
1.6055326,11.561614,11.006741,23 San Pedro de Macorís,2017,23,train
2.696304,10.478017,11.331412,23 San Pedro de Macorís,2017,24,train
3.6721296,10.314804,11.103104,23 San Pedro de Macorís,2017,25,train
4.3794017,9.701273,10.88298,23 San Pedro de Macorís,2017,26,train
10.146169,6.691352,8.303957,23 San Pedro de Macorís,2017,27,train
9.4740505,8.348403,5.510876,23 San Pedro de Macorís,2017,28,train
10.163171,6.2049603,9.308797,23 San Pedro de Macorís,2017,29,train
9.520738,6.922366,7.7061934,23 San Pedro de Macorís,2017,30,train
10.374034,6.2093434,9.911717,23 San Pedro de Macorís,2017,31,train
9.130796,6.5071344,8.18352,23 San Pedro de Macorís,2017,32,train
10.052018,7.070945,8.641513,23 San Pedro de Macorís,2017,33,train
9.307585,7.3357453,7.0890837,23 San Pedro de Macorís,2017,34,train
15.028391,-3.299356,-8.721319,23 San Pedro de Macorís,2017,35,train
14.7963295,-4.073886,-11.666331,23 San Pedro de Macorís,2017,36,train
12.830547,-3.8124907,-11.425249,23 San Pedro de Macorís,2017,37,train
15.49155,6.47856,-23.50753,23 San Pedro de Macorís,2017,38,train
12.8519535,-5.508747,-12.329329,23 San Pedro de Macorís,2017,39,train
11.080503,-4.6062245,-13.175226,23 San Pedro de Macorís,2017,40,train
10.130767,-5.077964,-14.041912,23 San Pedro de Macorís,2017,41,train
10.429898,-7.2734942,-15.483772,23 San Pedro de Macorís,2017,42,train
8.4518,-7.352096,-13.552376,23 San Pedro de Macorís,2017,43,train
7.4766436,-7.0366874,-13.461726,23 San Pedro de Macorís,2017,44,train
5.591228,17.498804,-31.337149,23 San Pedro de Macorís,2017,45,train
5.9538913,8.589598,-30.151646,23 San Pedro de Macorís,2017,46,train
5.0205226,-5.4328623,-14.806018,23 San Pedro de Macorís,2017,47,train
4.4645047,-6.6799345,-13.656112,23 San Pedro de Macorís,2017,48,train
4.063237,-6.749543,-15.259963,23 San Pedro de Macorís,2017,49,train
-3.8026676,-6.0527716,-16.807158,23 San Pedro de Macorís,2017,50,train
-6.024893,-5.953706,-18.521774,23 San Pedro de Macorís,2017,51,train
-10.056429,-0.25489733,-12.969394,23 San Pedro de Macorís,2017,52,train
-9.426233,-0.040827695,-12.528181,23 San Pedro de Macorís,2018,1,train
-10.46257,0.29430297,-12.75817,23 San Pedro de Macorís,2018,2,train
-10.944403,1.1715666,-12.268047,23 San Pedro de Macorís,2018,3,train
-13.260658,2.2960691,-14.243843,23 San Pedro de Macorís,2018,4,train
-13.259071,6.4231815,-9.019647,23 San Pedro de Macorís,2018,5,train
-16.04592,6.8191986,-9.31529,23 San Pedro de Macorís,2018,6,train
-16.731253,7.844719,-8.706717,23 San Pedro de Macorís,2018,7,train
-16.481064,8.032315,-6.6131825,23 San Pedro de Macorís,2018,8,train
-12.755649,8.011724,-5.53984,23 San Pedro de Macorís,2018,9,train
-14.736439,10.592437,-4.649365,23 San Pedro de Macorís,2018,10,train
-15.589558,10.50713,-1.9138805,23 San Pedro de Macorís,2018,11,train
-15.280335,11.236777,-1.318849,23 San Pedro de Macorís,2018,12,train
-15.767102,12.39268,-2.6143289,23 San Pedro de Macorís,2018,13,train
-14.713354,12.039377,1.269756,23 San Pedro de Macorís,2018,14,train
-15.597929,13.07363,3.2122355,23 San Pedro de Macorís,2018,15,train
-15.209583,13.221722,4.262477,23 San Pedro de Macorís,2018,16,train
-14.681519,12.980237,6.1015034,23 San Pedro de Macorís,2018,17,train
-14.238414,13.565648,6.6056447,23 San Pedro de Macorís,2018,18,train
-14.012389,13.520222,7.769856,23 San Pedro de Macorís,2018,19,train
-2.185771,13.1594095,9.998331,23 San Pedro de Macorís,2018,20,train
-1.3706594,11.640777,10.35181,23 San Pedro de Macorís,2018,21,train
-0.030610863,12.106659,10.0641985,23 San Pedro de Macorís,2018,22,train
0.66395783,11.7098,10.956232,23 San Pedro de Macorís,2018,23,train
1.7930562,11.701829,11.192582,23 San Pedro de Macorís,2018,24,train
3.0255795,11.849104,8.95118,23 San Pedro de Macorís,2018,25,train
3.395994,9.615153,11.373622,23 San Pedro de Macorís,2018,26,train
12.496524,3.6275532,8.376,23 San Pedro de Macorís,2018,27,train
12.837692,5.9905853,5.50337,23 San Pedro de Macorís,2018,28,train
12.829825,5.8352213,5.6367683,23 San Pedro de Macorís,2018,29,train
12.727388,5.0241528,6.6215415,23 San Pedro de Macorís,2018,30,train
12.353853,4.3108063,7.406818,23 San Pedro de Macorís,2018,31,train
12.691004,4.926179,5.3607535,23 San Pedro de Macorís,2018,32,train
13.046715,5.327265,5.064386,23 San Pedro de Macorís,2018,33,train
12.518505,4.955882,4.775434,23 San Pedro de Macorís,2018,34,train
13.006796,-6.914084,-6.202847,23 San Pedro de Macorís,2018,35,train
12.722071,-7.403389,-5.9266434,23 San Pedro de Macorís,2018,36,train
14.137041,-7.7466903,-6.3404202,23 San Pedro de Macorís,2018,37,train
13.823705,-8.733176,-7.045091,23 San Pedro de Macorís,2018,38,train
13.538555,-9.228897,-7.5147424,23 San Pedro de Macorís,2018,39,train
9.515304,-9.151714,-8.196517,23 San Pedro de Macorís,2018,40,train
9.175763,-9.922266,-8.579681,23 San Pedro de Macorís,2018,41,train
9.130669,-11.463956,-10.111672,23 San Pedro de Macorís,2018,42,train
7.8090477,-10.685005,-9.513931,23 San Pedro de Macorís,2018,43,train
6.4564557,-10.641023,-9.860448,23 San Pedro de Macorís,2018,44,train
6.134583,-10.699367,-9.29084,23 San Pedro de Macorís,2018,45,train
5.79244,-11.10195,-9.52357,23 San Pedro de Macorís,2018,46,train
4.3495293,-10.363739,-9.330913,23 San Pedro de Macorís,2018,47,train
3.5681663,-10.2058,-9.404793,23 San Pedro de Macorís,2018,48,train
3.7337406,-10.883012,-10.386032,23 San Pedro de Macorís,2018,49,train
2.853018,-10.0388365,-9.896931,23 San Pedro de Macorís,2018,50,train
-4.7433763,-10.067448,-11.5387335,23 San Pedro de Macorís,2018,51,train
-13.6633,-9.010762,-6.3210773,23 San Pedro de Macorís,2018,52,train
-12.91629,-7.6861916,-5.77648,23 San Pedro de Macorís,2019,1,train
-12.200527,-6.7592506,-3.8874674,23 San Pedro de Macorís,2019,2,train
-12.444211,-3.5502582,-6.1088405,23 San Pedro de Macorís,2019,3,train
-14.108794,-4.348122,-5.305444,23 San Pedro de Macorís,2019,4,train
-14.616162,-0.89377147,-0.71914345,23 San Pedro de Macorís,2019,5,train
-15.989641,-0.5570947,-0.58189183,23 San Pedro de Macorís,2019,6,train
-17.58111,0.5220192,-0.53337,23 San Pedro de Macorís,2019,7,train
-18.540276,1.4315971,0.45865333,23 San Pedro de Macorís,2019,8,train
-17.907928,1.6350249,1.9987559,23 San Pedro de Macorís,2019,9,train
-16.532688,4.488598,1.4243007,23 San Pedro de Macorís,2019,10,train
-16.505041,4.4328966,3.2924893,23 San Pedro de Macorís,2019,11,train
-15.855566,6.9746146,3.1778395,23 San Pedro de Macorís,2019,12,train
-14.189402,10.19161,4.9484916,23 San Pedro de Macorís,2019,13,train
-16.587181,9.327657,6.506742,23 San Pedro de Macorís,2019,14,train
-16.601591,10.361379,7.4427543,23 San Pedro de Macorís,2019,15,train
-16.2815,10.577206,8.038028,23 San Pedro de Macorís,2019,16,train
-14.4061165,10.577,7.5600667,23 San Pedro de Macorís,2019,17,train
-2.7665844,11.199207,10.012946,23 San Pedro de Macorís,2019,18,train
-2.440687,11.858934,9.19738,23 San Pedro de Macorís,2019,19,train
-1.514224,12.519393,10.110631,23 San Pedro de Macorís,2019,20,train
-0.60220176,13.977908,7.667931,23 San Pedro de Macorís,2019,21,train
2.7754166,23.413404,-2.2355456,23 San Pedro de Macorís,2019,22,train
1.4177984,13.024224,7.4948792,23 San Pedro de Macorís,2019,23,train
2.3139563,10.475696,10.386981,23 San Pedro de Macorís,2019,24,train
3.5665524,10.4069195,10.431531,23 San Pedro de Macorís,2019,25,train
3.943696,8.92307,10.135828,23 San Pedro de Macorís,2019,26,train
12.986449,2.5588775,5.5538144,23 San Pedro de Macorís,2019,27,train
15.517417,0.88499475,4.4362097,23 San Pedro de Macorís,2019,28,train
16.630503,0.01180488,3.4266424,23 San Pedro de Macorís,2019,29,train
17.016436,-1.2590199,3.7324345,23 San Pedro de Macorís,2019,30,train
17.363258,0.2083294,2.0895696,23 San Pedro de Macorís,2019,31,train
16.75104,0.3662144,1.7638956,23 San Pedro de Macorís,2019,32,train
16.545012,-0.7850944,2.772722,23 San Pedro de Macorís,2019,33,train
16.546139,0.66175157,1.7244592,23 San Pedro de Macorís,2019,34,train
16.097755,-5.6129694,-1.8081123,23 San Pedro de Macorís,2019,35,train
15.769405,-7.5539784,-2.655786,23 San Pedro de Macorís,2019,36,train
16.201654,-7.917118,-2.6813037,23 San Pedro de Macorís,2019,37,train
18.879465,14.454401,-19.941921,23 San Pedro de Macorís,2019,38,train
12.544017,-10.005416,-6.278819,23 San Pedro de Macorís,2019,39,train
11.08289,-10.613302,-7.3383474,23 San Pedro de Macorís,2019,40,train
10.595571,-10.999181,-6.9899755,23 San Pedro de Macorís,2019,41,train
8.985819,-11.812327,-6.710052,23 San Pedro de Macorís,2019,42,train
8.404142,-12.025408,-8.755498,23 San Pedro de Macorís,2019,43,train
6.6449265,-13.865258,-7.283838,23 San Pedro de Macorís,2019,44,train
5.921873,-13.300815,-7.7175198,23 San Pedro de Macorís,2019,45,train
4.8543305,-11.472558,-7.931184,23 San Pedro de Macorís,2019,46,train
3.7038326,-12.764344,-6.5812078,23 San Pedro de Macorís,2019,47,train
3.3482037,-12.517777,-5.764711,23 San Pedro de Macorís,2019,48,train
-5.7858696,-12.440959,-11.232814,23 San Pedro de Macorís,2019,49,train
-7.0269146,-12.640001,-11.575491,23 San Pedro de Macorís,2019,50,train
-7.5839195,-13.105813,-11.158534,23 San Pedro de Macorís,2019,51,train
-12.045559,-6.653224,-6.626423,23 San Pedro de Macorís,2019,52,train
-12.522144,-7.2575607,-6.3079004,23 San Pedro de Macorís,2020,1,val
-13.798045,-7.4801335,-5.421346,23 San Pedro de Macorís,2020,2,val
-14.853875,-6.754425,-5.9168906,23 San Pedro de Macorís,2020,3,val
-12.853017,-3.1712031,-6.6952343,23 San Pedro de Macorís,2020,4,val
-14.295696,1.1278188,-3.5839958,23 San Pedro de Macorís,2020,5,val
-16.161661,0.37013716,-0.6084172,23 San Pedro de Macorís,2020,6,val
-17.365446,1.065856,0.5665313,23 San Pedro de Macorís,2020,7,val
-16.608492,2.4714656,-0.32016608,23 San Pedro de Macorís,2020,8,val
-15.794167,3.5889244,-0.38164464,23 San Pedro de Macorís,2020,9,val
-16.127993,4.3746758,0.03826457,23 San Pedro de Macorís,2020,10,val
-15.932797,5.283986,0.6735616,23 San Pedro de Macorís,2020,11,val
-17.147877,5.728375,4.183349,23 San Pedro de Macorís,2020,12,val
-15.298868,9.551411,4.707767,23 San Pedro de Macorís,2020,13,val
-14.446587,10.576224,4.381263,23 San Pedro de Macorís,2020,14,val
-13.461042,13.276953,6.688701,23 San Pedro de Macorís,2020,15,val
-14.892827,12.842068,7.971249,23 San Pedro de Macorís,2020,16,val
-14.601847,13.367234,9.042355,23 San Pedro de Macorís,2020,17,val
-13.736429,12.649091,9.40875,23 San Pedro de Macorís,2020,18,val
-12.610149,15.448688,9.652408,23 San Pedro de Macorís,2020,19,val
-12.3376465,15.58004,10.37544,23 San Pedro de Macorís,2020,20,val
-9.974089,16.34331,11.139662,23 San Pedro de Macorís,2020,21,val
-8.946896,16.471313,11.459128,23 San Pedro de Macorís,2020,22,val
1.6248875,11.458167,10.753125,23 San Pedro de Macorís,2020,23,val
2.6217017,11.516624,9.078975,23 San Pedro de Macorís,2020,24,val
3.7463462,10.6702585,11.11868,23 San Pedro de Macorís,2020,25,val
4.526968,10.267992,11.517865,23 San Pedro de Macorís,2020,26,val
9.437663,7.2803874,7.20149,23 San Pedro de Macorís,2020,27,val
9.964693,6.8617764,8.509905,23 San Pedro de Macorís,2020,28,val
9.572841,6.732076,8.120115,23 San Pedro de Macorís,2020,29,val
9.769282,6.430955,9.157233,23 San Pedro de Macorís,2020,30,val
13.859733,21.18513,-4.252989,23 San Pedro de Macorís,2020,31,val
9.46809,7.4166665,8.265277,23 San Pedro de Macorís,2020,32,val
9.318194,7.0274863,8.44637,23 San Pedro de Macorís,2020,33,val
12.410995,22.397316,-8.363699,23 San Pedro de Macorís,2020,34,val
14.361263,-2.5398424,-10.292199,23 San Pedro de Macorís,2020,35,val
13.3094,-2.6850383,-12.640437,23 San Pedro de Macorís,2020,36,val
12.527041,-2.441129,-12.408546,23 San Pedro de Macorís,2020,37,val
14.587589,-2.5090172,-10.635918,23 San Pedro de Macorís,2020,38,val
15.103648,-3.0213883,-10.886039,23 San Pedro de Macorís,2020,39,val
11.47058,-4.655674,-14.751741,23 San Pedro de Macorís,2020,40,val
10.97467,-5.464115,-14.33614,23 San Pedro de Macorís,2020,41,val
9.5266905,-4.9321556,-15.468351,23 San Pedro de Macorís,2020,42,val
8.657102,-6.997305,-14.3556795,23 San Pedro de Macorís,2020,43,val
8.698387,-8.055822,-16.489323,23 San Pedro de Macorís,2020,44,val
6.8255396,2.4957702,-24.920702,23 San Pedro de Macorís,2020,45,val
5.8235664,4.8200154,-27.259415,23 San Pedro de Macorís,2020,46,val
4.8323,-5.1395125,-16.427761,23 San Pedro de Macorís,2020,47,val
3.9907794,-6.0593133,-15.071509,23 San Pedro de Macorís,2020,48,val
3.4023073,-7.6757135,-12.217962,23 San Pedro de Macorís,2020,49,val
3.320692,-5.796213,-12.520833,23 San Pedro de Macorís,2020,50,val
2.9852934,-6.919048,-10.980228,23 San Pedro de Macorís,2020,51,val
-0.27044773,-1.2902787,-0.061505508,23 San Pedro de Macorís,2020,52,val
-8.280051,1.0919486,-12.071138,23 San Pedro de Macorís,2021,1,val
-9.237299,1.4151882,-12.703953,23 San Pedro de Macorís,2021,2,val
-9.556284,2.2369826,-12.25167,23 San Pedro de Macorís,2021,3,val
-10.5319195,3.3399582,-12.936306,23 San Pedro de Macorís,2021,4,val
-12.537228,5.713658,-8.153348,23 San Pedro de Macorís,2021,5,val
-13.963982,7.3216257,-8.176224,23 San Pedro de Macorís,2021,6,val
-13.803509,8.837076,-7.828905,23 San Pedro de Macorís,2021,7,val
-15.12461,9.7311325,-7.1552925,23 San Pedro de Macorís,2021,8,val
-13.599792,9.9420185,-5.4937325,23 San Pedro de Macorís,2021,9,val
-14.091661,9.642127,-5.2584376,23 San Pedro de Macorís,2021,10,val
-14.059189,9.783337,-3.751117,23 San Pedro de Macorís,2021,11,val
-15.242558,11.687364,-2.585207,23 San Pedro de Macorís,2021,12,val
-14.818276,13.280944,-0.52436775,23 San Pedro de Macorís,2021,13,val
-14.253657,21.66049,-10.478174,23 San Pedro de Macorís,2021,14,val
-12.842496,13.194772,1.2118529,23 San Pedro de Macorís,2021,15,val
-14.3108015,14.066193,4.678044,23 San Pedro de Macorís,2021,16,val
-1.8652905,10.372669,7.5006475,23 San Pedro de Macorís,2021,17,val
-2.0064402,10.525856,8.672876,23 San Pedro de Macorís,2021,18,val
-1.8687916,13.23755,8.545851,23 San Pedro de Macorís,2021,19,val
-1.4318763,11.787239,9.153413,23 San Pedro de Macorís,2021,20,val
-0.6171396,11.927346,9.786935,23 San Pedro de Macorís,2021,21,val
0.41189128,13.3465,9.367968,23 San Pedro de Macorís,2021,22,val
1.5776926,13.883314,6.8700056,23 San Pedro de Macorís,2021,23,val
2.7415109,12.255939,9.480322,23 San Pedro de Macorís,2021,24,val
3.644354,11.487822,8.727765,23 San Pedro de Macorís,2021,25,val
4.347952,11.929463,8.659659,23 San Pedro de Macorís,2021,26,val
10.148944,6.0374794,9.097976,23 San Pedro de Macorís,2021,27,val
9.686091,7.344913,6.941,23 San Pedro de Macorís,2021,28,val
9.733618,7.3992186,7.2440805,23 San Pedro de Macorís,2021,29,val
9.892712,7.0464826,7.7860117,23 San Pedro de Macorís,2021,30,val
9.734745,6.9478583,7.531309,23 San Pedro de Macorís,2021,31,val
13.320265,21.334589,-7.341654,23 San Pedro de Macorís,2021,32,val
10.440947,9.128676,4.9413238,23 San Pedro de Macorís,2021,33,val
10.431652,6.6917624,6.9272895,23 San Pedro de Macorís,2021,34,val
13.241915,-2.167154,-8.498309,23 San Pedro de Macorís,2021,35,val
15.063648,-2.4320877,-10.872324,23 San Pedro de Macorís,2021,36,val
14.370535,-2.9434645,-11.47028,23 San Pedro de Macorís,2021,37,val
14.490362,-3.0007083,-11.128111,23 San Pedro de Macorís,2021,38,val
13.079525,-3.0835042,-11.742785,23 San Pedro de Macorís,2021,39,val
15.600804,-3.9179559,-11.498657,23 San Pedro de Macorís,2021,40,val
9.746658,-3.8773062,-14.849107,23 San Pedro de Macorís,2021,41,val
9.610938,-6.338439,-14.310458,23 San Pedro de Macorís,2021,42,val
9.217999,-7.7983603,-14.083134,23 San Pedro de Macorís,2021,43,val
7.929687,-7.905634,-14.307372,23 San Pedro de Macorís,2021,44,val
7.0090184,-8.83638,-13.4378,23 San Pedro de Macorís,2021,45,val
6.6595535,-8.999387,-13.729224,23 San Pedro de Macorís,2021,46,val
5.08557,-9.005246,-12.873086,23 San Pedro de Macorís,2021,47,val
4.8454094,-9.165483,-13.131207,23 San Pedro de Macorís,2021,48,val
4.281063,-9.560868,-13.002214,23 San Pedro de Macorís,2021,49,val
3.8856382,-9.291551,-13.0554695,23 San Pedro de Macorís,2021,50,val
3.119658,-6.167879,-11.496787,23 San Pedro de Macorís,2021,51,val
-0.56366336,-2.6658413,1.056128,23 San Pedro de Macorís,2021,52,val
-5.2151403,-2.5165164,-3.062596,24 Sánchez Ramírez,2015,1,train
-4.8624125,-1.8257928,-2.321661,24 Sánchez Ramírez,2015,2,train
-6.1749115,-1.5983284,-2.83784,24 Sánchez Ramírez,2015,3,train
-5.603987,-1.3390291,-2.0787969,24 Sánchez Ramírez,2015,4,train
-6.4721766,0.22059242,-1.5470086,24 Sánchez Ramírez,2015,5,train
-6.1675434,0.8517007,-1.0689975,24 Sánchez Ramírez,2015,6,train
-6.5290713,1.077223,-0.950324,24 Sánchez Ramírez,2015,7,train
-7.0791492,17.828691,-17.608074,24 Sánchez Ramírez,2015,8,train
-6.671133,2.2649698,0.34107593,24 Sánchez Ramírez,2015,9,train
-6.733729,2.1289096,0.7124422,24 Sánchez Ramírez,2015,10,train
-6.700106,2.6153085,1.2074331,24 Sánchez Ramírez,2015,11,train
-7.1188607,3.4746346,2.2090802,24 Sánchez Ramírez,2015,12,train
-7.9475846,5.0298033,3.66816,24 Sánchez Ramírez,2015,13,train
-6.2998157,4.368613,2.3698957,24 Sánchez Ramírez,2015,14,train
-6.3709025,5.026675,2.9307702,24 Sánchez Ramírez,2015,15,train
-6.819813,5.481948,4.189164,24 Sánchez Ramírez,2015,16,train
-7.3424067,6.5602827,5.669157,24 Sánchez Ramírez,2015,17,train
-2.1186411,4.9763083,5.793723,24 Sánchez Ramírez,2015,18,train
-1.8855437,4.682563,5.880494,24 Sánchez Ramírez,2015,19,train
-1.4929248,4.8113565,5.0584054,24 Sánchez Ramírez,2015,20,train
-0.7021462,5.1156044,3.8333602,24 Sánchez Ramírez,2015,21,train
-0.31543756,4.990436,2.954172,24 Sánchez Ramírez,2015,22,train
0.05982531,4.834493,3.988345,24 Sánchez Ramírez,2015,23,train
0.6752438,4.687976,4.608409,24 Sánchez Ramírez,2015,24,train
1.1525018,4.4927554,4.0523343,24 Sánchez Ramírez,2015,25,train
1.3760827,3.9357548,3.9246738,24 Sánchez Ramírez,2015,26,train
6.9978347,0.8719453,1.9083152,24 Sánchez Ramírez,2015,27,train
6.0454,0.4326504,1.5395492,24 Sánchez Ramírez,2015,28,train
6.628453,0.49990016,1.8121902,24 Sánchez Ramírez,2015,29,train
7.583282,0.7057904,2.5381045,24 Sánchez Ramírez,2015,30,train
7.626183,0.05400746,2.7143257,24 Sánchez Ramírez,2015,31,train
7.5307055,0.31234425,2.1247778,24 Sánchez Ramírez,2015,32,train
8.336645,0.2766349,2.430281,24 Sánchez Ramírez,2015,33,train
8.210954,0.060398553,2.6141825,24 Sánchez Ramírez,2015,34,train
12.882031,13.193111,-15.447211,24 Sánchez Ramírez,2015,35,train
7.484734,-3.3623042,-0.6952521,24 Sánchez Ramírez,2015,36,train
6.1706553,-3.0641885,-0.573422,24 Sánchez Ramírez,2015,37,train
5.766084,-3.5410488,-1.2112607,24 Sánchez Ramírez,2015,38,train
6.6454177,-4.2301774,-1.5439017,24 Sánchez Ramírez,2015,39,train
6.8056326,-6.0203,-1.5810299,24 Sánchez Ramírez,2015,40,train
6.7064176,-6.2049017,-2.0177584,24 Sánchez Ramírez,2015,41,train
6.187564,-6.3538566,-2.581645,24 Sánchez Ramírez,2015,42,train
4.629392,-5.407662,-2.4276712,24 Sánchez Ramírez,2015,43,train
4.1484995,-5.4276705,-2.6641538,24 Sánchez Ramírez,2015,44,train
3.521866,-5.486758,-3.411501,24 Sánchez Ramírez,2015,45,train
2.995932,-5.4381757,-3.2558239,24 Sánchez Ramírez,2015,46,train
1.6935766,-4.9198895,-2.9587512,24 Sánchez Ramírez,2015,47,train
-2.4321084,-6.8285,-5.07815,24 Sánchez Ramírez,2015,48,train
-2.8970814,-7.468189,-6.244715,24 Sánchez Ramírez,2015,49,train
-3.0754526,-7.0558977,-5.868802,24 Sánchez Ramírez,2015,50,train
-3.0367262,-6.717981,-5.63517,24 Sánchez Ramírez,2015,51,train
-5.465388,-3.6864913,-3.6923158,24 Sánchez Ramírez,2015,52,train
-7.413815,-2.4957788,-2.3041499,24 Sánchez Ramírez,2016,1,train
-7.551695,-2.3047807,-2.1491518,24 Sánchez Ramírez,2016,2,train
-7.8434854,-2.246859,-2.1041973,24 Sánchez Ramírez,2016,3,train
-7.6434274,-1.9115676,-2.239073,24 Sánchez Ramírez,2016,4,train
-7.636101,-0.60094327,-0.9397873,24 Sánchez Ramírez,2016,5,train
-8.554085,-0.43500328,-0.9035021,24 Sánchez Ramírez,2016,6,train
-8.213682,-0.20731956,-0.6588936,24 Sánchez Ramírez,2016,7,train
-8.946446,0.4099943,-0.1678346,24 Sánchez Ramírez,2016,8,train
-9.2486315,0.8179538,0.056821115,24 Sánchez Ramírez,2016,9,train
-6.6966534,2.0535645,0.77135164,24 Sánchez Ramírez,2016,10,train
-8.291932,3.3530645,2.2841337,24 Sánchez Ramírez,2016,11,train
-8.937435,4.5083203,3.4788103,24 Sánchez Ramírez,2016,12,train
-8.2691555,5.100332,3.97935,24 Sánchez Ramírez,2016,13,train
-8.573875,6.116218,4.403665,24 Sánchez Ramírez,2016,14,train
-7.6249356,5.454313,4.381948,24 Sánchez Ramírez,2016,15,train
-4.710453,8.544167,3.5202916,24 Sánchez Ramírez,2016,16,train
-2.148447,25.040646,-13.553128,24 Sánchez Ramírez,2016,17,train
-5.502634,8.499041,4.51559,24 Sánchez Ramírez,2016,18,train
-1.2821827,6.539194,3.1535368,24 Sánchez Ramírez,2016,19,train
-0.7742873,5.9199076,4.3886223,24 Sánchez Ramírez,2016,20,train
-0.2699749,5.9645143,3.2068732,24 Sánchez Ramírez,2016,21,train
0.10836714,5.636059,2.7343125,24 Sánchez Ramírez,2016,22,train
0.64016336,5.288876,4.3229213,24 Sánchez Ramírez,2016,23,train
1.1715055,4.670844,5.263758,24 Sánchez Ramírez,2016,24,train
1.3360122,4.6124406,2.4372256,24 Sánchez Ramírez,2016,25,train
1.6348693,4.164504,3.007466,24 Sánchez Ramírez,2016,26,train
4.817623,2.6720648,2.896651,24 Sánchez Ramírez,2016,27,train
3.9630804,2.091478,2.3718235,24 Sánchez Ramírez,2016,28,train
4.5620327,2.7476861,2.6630151,24 Sánchez Ramírez,2016,29,train
4.0238047,2.789377,1.6332754,24 Sánchez Ramírez,2016,30,train
4.3580875,2.8636127,1.8390294,24 Sánchez Ramírez,2016,31,train
4.3434258,3.1744711,2.8944948,24 Sánchez Ramírez,2016,32,train
4.5258102,2.9904041,3.3589718,24 Sánchez Ramírez,2016,33,train
3.9251351,3.3791535,1.5147797,24 Sánchez Ramírez,2016,34,train
6.8595014,-0.18156417,-2.9210856,24 Sánchez Ramírez,2016,35,train
6.5549498,-0.2984728,-4.188181,24 Sánchez Ramírez,2016,36,train
6.1413975,-0.1619222,-3.7326992,24 Sánchez Ramírez,2016,37,train
6.3880963,-0.3107511,-4.227253,24 Sánchez Ramírez,2016,38,train
5.733075,-0.88307637,-4.859762,24 Sánchez Ramírez,2016,39,train
4.828751,-1.3752469,-6.003727,24 Sánchez Ramírez,2016,40,train
4.6089215,-1.505132,-5.9216557,24 Sánchez Ramírez,2016,41,train
4.2900214,-1.3155291,-7.312902,24 Sánchez Ramírez,2016,42,train
3.8973174,-1.720216,-7.2559032,24 Sánchez Ramírez,2016,43,train
3.2040646,-0.96554923,-8.057915,24 Sánchez Ramírez,2016,44,train
4.6400084,9.693194,-22.328032,24 Sánchez Ramírez,2016,45,train
2.6896725,-0.5132311,-10.181597,24 Sánchez Ramírez,2016,46,train
1.6411488,-0.9942757,-8.698773,24 Sánchez Ramírez,2016,47,train
-1.3452936,-2.8491592,-8.561489,24 Sánchez Ramírez,2016,48,train
-1.6178145,-3.0861363,-7.61161,24 Sánchez Ramírez,2016,49,train
-1.6458439,-3.018672,-7.559608,24 Sánchez Ramírez,2016,50,train
-1.4778956,-2.7539985,-7.4432936,24 Sánchez Ramírez,2016,51,train
-3.2033255,-1.2020491,-4.5018554,24 Sánchez Ramírez,2016,52,train
-4.306508,-1.4916917,-4.7898316,24 Sánchez Ramírez,2017,1,train
-3.11585,-0.3608301,-3.3069336,24 Sánchez Ramírez,2017,2,train
-3.1130204,-0.552343,-2.0212805,24 Sánchez Ramírez,2017,3,train
-3.64363,-1.7215258,-0.520354,24 Sánchez Ramírez,2017,4,train
-5.29688,1.4708301,-2.4117303,24 Sánchez Ramírez,2017,5,train
-5.849894,1.5933588,-2.3620377,24 Sánchez Ramírez,2017,6,train
-5.5095134,1.7957472,-1.7773995,24 Sánchez Ramírez,2017,7,train
-5.577139,1.962827,-0.30069086,24 Sánchez Ramírez,2017,8,train
-5.1475463,1.2914238,1.3947593,24 Sánchez Ramírez,2017,9,train
-4.451732,2.744003,-0.29756758,24 Sánchez Ramírez,2017,10,train
-6.1432896,4.5407233,0.16373417,24 Sánchez Ramírez,2017,11,train
-3.9427035,4.562883,0.848769,24 Sánchez Ramírez,2017,12,train
-5.4007754,5.3436465,1.3524984,24 Sánchez Ramírez,2017,13,train
-6.3638015,6.2408,3.604332,24 Sánchez Ramírez,2017,14,train
-5.104935,5.331941,2.7047606,24 Sánchez Ramírez,2017,15,train
-5.0686088,21.807756,-13.522165,24 Sánchez Ramírez,2017,16,train
-5.264301,22.866879,-14.204734,24 Sánchez Ramírez,2017,17,train
-4.486873,8.414073,3.4497943,24 Sánchez Ramírez,2017,18,train
-1.1089927,5.2558956,2.56652,24 Sánchez Ramírez,2017,19,train
-0.5872694,6.642119,2.6815271,24 Sánchez Ramírez,2017,20,train
-0.19180687,5.3918424,4.454375,24 Sánchez Ramírez,2017,21,train
0.101757795,5.303838,2.5121176,24 Sánchez Ramírez,2017,22,train
0.63653886,5.5153384,4.579532,24 Sánchez Ramírez,2017,23,train
1.0462685,4.7309804,4.004728,24 Sánchez Ramírez,2017,24,train
1.4119562,4.8777204,2.740412,24 Sánchez Ramírez,2017,25,train
1.8867375,4.8629932,2.852056,24 Sánchez Ramírez,2017,26,train
3.9427335,3.4826207,1.776246,24 Sánchez Ramírez,2017,27,train
3.82241,3.3878999,1.7585216,24 Sánchez Ramírez,2017,28,train
4.2434883,3.3792796,2.345013,24 Sánchez Ramírez,2017,29,train
4.5307193,3.4785266,2.7151535,24 Sánchez Ramírez,2017,30,train
4.447378,3.5030673,2.3359413,24 Sánchez Ramírez,2017,31,train
4.2870283,3.567397,2.1376047,24 Sánchez Ramírez,2017,32,train
4.5967817,3.8708599,1.769283,24 Sánchez Ramírez,2017,33,train
4.631964,3.6921163,2.6528912,24 Sánchez Ramírez,2017,34,train
7.200185,-1.0255888,-4.027704,24 Sánchez Ramírez,2017,35,train
6.271064,-1.287936,-4.441407,24 Sánchez Ramírez,2017,36,train
6.7804513,-1.2127163,-4.530351,24 Sánchez Ramírez,2017,37,train
6.36206,-1.4890095,-5.179716,24 Sánchez Ramírez,2017,38,train
6.0778885,-1.4967875,-4.542637,24 Sánchez Ramírez,2017,39,train
5.418809,-1.5785842,-5.7032037,24 Sánchez Ramírez,2017,40,train
4.479374,-1.6948388,-5.482459,24 Sánchez Ramírez,2017,41,train
4.4564013,-2.4015343,-5.752055,24 Sánchez Ramírez,2017,42,train
3.9197922,-2.2895453,-5.7231617,24 Sánchez Ramírez,2017,43,train
3.5297325,-2.4625807,-5.977641,24 Sánchez Ramírez,2017,44,train
2.9084857,-0.81181496,-8.251844,24 Sánchez Ramírez,2017,45,train
2.701045,-0.94851935,-8.967396,24 Sánchez Ramírez,2017,46,train
2.327058,-1.9104367,-6.6088943,24 Sánchez Ramírez,2017,47,train
1.9843639,-2.1415932,-6.28333,24 Sánchez Ramírez,2017,48,train
1.4182779,-1.516569,-7.33922,24 Sánchez Ramírez,2017,49,train
0.92305464,-1.8402469,-6.1194544,24 Sánchez Ramírez,2017,50,train
0.9305385,-1.1812444,-6.852998,24 Sánchez Ramírez,2017,51,train
-3.245872,-0.711862,-5.134485,24 Sánchez Ramírez,2017,52,train
-3.5780623,-0.67348695,-5.452267,24 Sánchez Ramírez,2018,1,train
-3.447864,-0.3227678,-4.6820884,24 Sánchez Ramírez,2018,2,train
-3.5444365,0.19023438,-4.182504,24 Sánchez Ramírez,2018,3,train
-3.6244218,0.5083766,-3.8454878,24 Sánchez Ramírez,2018,4,train
-4.3945127,1.7583362,-2.503034,24 Sánchez Ramírez,2018,5,train
-4.917533,1.6624398,-2.3142984,24 Sánchez Ramírez,2018,6,train
-4.142602,1.6500751,-1.3347863,24 Sánchez Ramírez,2018,7,train
-4.09468,1.8706918,-0.8732721,24 Sánchez Ramírez,2018,8,train
-4.0998006,1.4648277,0.79926145,24 Sánchez Ramírez,2018,9,train
-4.5769963,3.3721085,0.12696895,24 Sánchez Ramírez,2018,10,train
-7.5931253,5.6305623,-0.3882267,24 Sánchez Ramírez,2018,11,train
-5.853629,5.3010654,0.25508153,24 Sánchez Ramírez,2018,12,train
-4.211333,4.2940764,0.7821025,24 Sánchez Ramírez,2018,13,train
-5.3614945,5.3165216,2.062646,24 Sánchez Ramírez,2018,14,train
-5.0937157,5.4910655,2.502806,24 Sánchez Ramírez,2018,15,train
-4.852957,5.2731414,3.504217,24 Sánchez Ramírez,2018,16,train
-5.2732677,6.4154353,4.4283247,24 Sánchez Ramírez,2018,17,train
-4.932211,6.6310725,3.8809857,24 Sánchez Ramírez,2018,18,train
-5.0239053,6.478578,4.7373047,24 Sánchez Ramírez,2018,19,train
-4.722981,7.42778,4.34996,24 Sánchez Ramírez,2018,20,train
-5.068367,7.5351133,5.7948523,24 Sánchez Ramírez,2018,21,train
-5.488104,8.600684,6.678385,24 Sánchez Ramírez,2018,22,train
-6.2385697,9.828532,8.275236,24 Sánchez Ramírez,2018,23,train
0.56340665,4.492487,4.1287866,24 Sánchez Ramírez,2018,24,train
0.88982266,3.737226,3.2350464,24 Sánchez Ramírez,2018,25,train
1.2886368,3.6424263,3.742572,24 Sánchez Ramírez,2018,26,train
5.344165,1.4377404,3.1628973,24 Sánchez Ramírez,2018,27,train
4.9868903,1.7403888,1.9616724,24 Sánchez Ramírez,2018,28,train
5.523878,2.2873776,1.8018441,24 Sánchez Ramírez,2018,29,train
5.240361,1.7214835,2.4069674,24 Sánchez Ramírez,2018,30,train
5.0169983,1.7607026,1.6418726,24 Sánchez Ramírez,2018,31,train
5.496705,1.642444,1.9150275,24 Sánchez Ramírez,2018,32,train
5.2410283,1.9872373,1.002923,24 Sánchez Ramírez,2018,33,train
5.4761577,1.5161164,1.7717861,24 Sánchez Ramírez,2018,34,train
8.728064,12.536043,-18.080193,24 Sánchez Ramírez,2018,35,train
6.307772,-2.2435758,-1.9410774,24 Sánchez Ramírez,2018,36,train
6.170808,-2.7913911,-2.517306,24 Sánchez Ramírez,2018,37,train
5.849186,-2.6946607,-2.4254742,24 Sánchez Ramírez,2018,38,train
5.0859694,-2.350881,-2.1162136,24 Sánchez Ramírez,2018,39,train
4.3889823,-3.1108894,-3.2364774,24 Sánchez Ramírez,2018,40,train
3.9587464,-3.2158237,-3.2522626,24 Sánchez Ramírez,2018,41,train
3.937642,-3.6607487,-3.5429642,24 Sánchez Ramírez,2018,42,train
3.6122062,-3.7812934,-3.72478,24 Sánchez Ramírez,2018,43,train
2.9267242,-3.508025,-3.4841352,24 Sánchez Ramírez,2018,44,train
2.5330067,-3.7620664,-3.4781227,24 Sánchez Ramírez,2018,45,train
2.500962,-4.3554673,-4.0332313,24 Sánchez Ramírez,2018,46,train
1.8764211,-4.040995,-3.7783647,24 Sánchez Ramírez,2018,47,train
-2.1186607,-5.7416916,-5.9608417,24 Sánchez Ramírez,2018,48,train
-2.0750856,-5.2985663,-5.972853,24 Sánchez Ramírez,2018,49,train
-2.06643,-5.1837115,-5.9130177,24 Sánchez Ramírez,2018,50,train
-1.7770076,-4.7696056,-5.4292083,24 Sánchez Ramírez,2018,51,train
-4.303154,-2.853644,-3.8423142,24 Sánchez Ramírez,2018,52,train
-4.711157,-2.820286,-3.3379364,24 Sánchez Ramírez,2019,1,train
-4.559958,-1.7909433,-2.7018898,24 Sánchez Ramírez,2019,2,train
-4.69437,-1.5150878,-2.2953,24 Sánchez Ramírez,2019,3,train
-5.2016926,-1.5265424,-2.117248,24 Sánchez Ramírez,2019,4,train
-6.1152186,0.26981452,-0.88916886,24 Sánchez Ramírez,2019,5,train
-6.9678025,0.19554965,-0.98483235,24 Sánchez Ramírez,2019,6,train
-6.860068,0.4906579,-0.76920825,24 Sánchez Ramírez,2019,7,train
-7.671827,1.0229763,0.32176903,24 Sánchez Ramírez,2019,8,train
-7.91348,1.325421,0.8141004,24 Sánchez Ramírez,2019,9,train
-7.2794213,2.4960551,1.5279474,24 Sánchez Ramírez,2019,10,train
-6.5512414,2.985455,1.658301,24 Sánchez Ramírez,2019,11,train
-7.2028036,3.5498855,2.8634284,24 Sánchez Ramírez,2019,12,train
-6.145021,20.709389,-13.657226,24 Sánchez Ramírez,2019,13,train
-5.900729,5.6886797,2.9737103,24 Sánchez Ramírez,2019,14,train
-6.9495444,5.712054,3.4928539,24 Sánchez Ramírez,2019,15,train
-6.2577567,5.6018367,4.270098,24 Sánchez Ramírez,2019,16,train
-5.5957527,5.727636,4.3874035,24 Sánchez Ramírez,2019,17,train
-1.7379558,4.825163,3.4253073,24 Sánchez Ramírez,2019,18,train
-1.3310044,5.173,4.417564,24 Sánchez Ramírez,2019,19,train
-0.82955205,5.4316854,4.884329,24 Sánchez Ramírez,2019,20,train
-0.5050778,5.574135,3.309852,24 Sánchez Ramírez,2019,21,train
-0.070251636,5.4042754,2.8807735,24 Sánchez Ramírez,2019,22,train
0.3659715,5.3948317,3.6947694,24 Sánchez Ramírez,2019,23,train
0.9193916,4.9580255,4.522326,24 Sánchez Ramírez,2019,24,train
1.6533248,4.7978077,4.9750338,24 Sánchez Ramírez,2019,25,train
1.7478613,4.5955667,4.0543466,24 Sánchez Ramírez,2019,26,train
6.71581,0.044342503,2.0413294,24 Sánchez Ramírez,2019,27,train
7.5492268,0.08522595,1.113758,24 Sánchez Ramírez,2019,28,train
7.89848,0.31636837,0.86709577,24 Sánchez Ramírez,2019,29,train
8.444222,-0.34313923,1.2650391,24 Sánchez Ramírez,2019,30,train
8.146098,-0.040760666,0.73770916,24 Sánchez Ramírez,2019,31,train
9.195378,-0.1764928,0.9882547,24 Sánchez Ramírez,2019,32,train
8.401027,-0.40142772,0.98713386,24 Sánchez Ramírez,2019,33,train
8.861805,-0.053725917,0.8036177,24 Sánchez Ramírez,2019,34,train
9.28876,-2.9350176,0.15591493,24 Sánchez Ramírez,2019,35,train
7.8043594,-3.0380793,-0.44090736,24 Sánchez Ramírez,2019,36,train
7.172595,-3.1749122,-0.768954,24 Sánchez Ramírez,2019,37,train
6.2477937,-3.6278152,-1.8277019,24 Sánchez Ramírez,2019,38,train
6.254286,-4.154762,-2.3968713,24 Sánchez Ramírez,2019,39,train
4.9981833,-3.54326,-1.9919115,24 Sánchez Ramírez,2019,40,train
4.5931215,-3.861262,-1.437112,24 Sánchez Ramírez,2019,41,train
4.0996103,-5.1064324,-0.8414871,24 Sánchez Ramírez,2019,42,train
3.7806187,-4.3465753,-3.0523574,24 Sánchez Ramírez,2019,43,train
3.3761766,-4.5656724,-3.30255,24 Sánchez Ramírez,2019,44,train
2.9331176,-4.652384,-3.2360332,24 Sánchez Ramírez,2019,45,train
2.629394,-4.7181015,-3.3265638,24 Sánchez Ramírez,2019,46,train
1.6266361,-4.6426105,-2.8549519,24 Sánchez Ramírez,2019,47,train
1.3804114,-4.77724,-2.6889715,24 Sánchez Ramírez,2019,48,train
-2.8602207,-6.993364,-5.99053,24 Sánchez Ramírez,2019,49,train
-2.7355933,-6.5069404,-5.745341,24 Sánchez Ramírez,2019,50,train
-2.9466598,-6.5056686,-5.7497993,24 Sánchez Ramírez,2019,51,train
-5.6626954,-3.920445,-3.9610116,24 Sánchez Ramírez,2019,52,train
-5.2274704,-3.4673512,-3.8070862,24 Sánchez Ramírez,2020,1,val
-5.369549,-2.8672588,-3.367418,24 Sánchez Ramírez,2020,2,val
-5.16174,-2.1213887,-2.8452117,24 Sánchez Ramírez,2020,3,val
-5.735451,-1.8072451,-2.6063359,24 Sánchez Ramírez,2020,4,val
-6.8404937,0.024530862,-0.6050911,24 Sánchez Ramírez,2020,5,val
-7.108259,0.57757163,-1.0215514,24 Sánchez Ramírez,2020,6,val
-6.8404307,1.0993031,-0.73556507,24 Sánchez Ramírez,2020,7,val
-7.228375,1.5102452,-0.41457528,24 Sánchez Ramírez,2020,8,val
-6.9946384,1.5675815,0.60855216,24 Sánchez Ramírez,2020,9,val
-7.4638643,19.02391,-16.276083,24 Sánchez Ramírez,2020,10,val
-5.3956356,3.3325841,0.7175204,24 Sánchez Ramírez,2020,11,val
-5.9862194,3.4648788,1.3295157,24 Sánchez Ramírez,2020,12,val
-5.8316445,4.6850057,2.7191868,24 Sánchez Ramírez,2020,13,val
-5.948496,5.455255,3.252418,24 Sánchez Ramírez,2020,14,val
-6.3773932,7.520049,4.2447214,24 Sánchez Ramírez,2020,15,val
-6.1280537,6.778248,4.544988,24 Sánchez Ramírez,2020,16,val
-6.7044845,6.7846537,6.2367826,24 Sánchez Ramírez,2020,17,val
-6.431766,6.7944503,6.434863,24 Sánchez Ramírez,2020,18,val
-0.9025472,5.8870664,4.0265584,24 Sánchez Ramírez,2020,19,val
-0.5865483,5.5405216,4.730727,24 Sánchez Ramírez,2020,20,val
-0.110686526,5.53878,4.6950803,24 Sánchez Ramírez,2020,21,val
0.122827195,5.097339,4.167243,24 Sánchez Ramírez,2020,22,val
0.6154792,4.8823695,4.777777,24 Sánchez Ramírez,2020,23,val
1.1249549,4.635159,4.9480863,24 Sánchez Ramírez,2020,24,val
1.8595608,4.708249,5.1887608,24 Sánchez Ramírez,2020,25,val
2.1018345,4.09094,5.055848,24 Sánchez Ramírez,2020,26,val
4.372321,3.2163012,3.3961353,24 Sánchez Ramírez,2020,27,val
4.4953084,3.4181147,3.1866887,24 Sánchez Ramírez,2020,28,val
4.569294,3.236489,3.443176,24 Sánchez Ramírez,2020,29,val
4.1185904,3.5025795,1.8312577,24 Sánchez Ramírez,2020,30,val
8.976419,20.712406,-11.751847,24 Sánchez Ramírez,2020,31,val
4.8626547,3.7357638,3.9111857,24 Sánchez Ramírez,2020,32,val
4.6890874,3.669757,3.394566,24 Sánchez Ramírez,2020,33,val
9.194021,20.63967,-12.887476,24 Sánchez Ramírez,2020,34,val
7.3643465,0.08675522,-4.6980615,24 Sánchez Ramírez,2020,35,val
9.171601,10.122345,-18.628012,24 Sánchez Ramírez,2020,36,val
6.987034,0.063394755,-5.236128,24 Sánchez Ramírez,2020,37,val
6.332678,-0.18187925,-5.4763694,24 Sánchez Ramírez,2020,38,val
6.2388515,-0.015853742,-4.6981635,24 Sánchez Ramírez,2020,39,val
7.27507,13.966378,-21.460636,24 Sánchez Ramírez,2020,40,val
4.734685,-0.9520131,-6.3548584,24 Sánchez Ramírez,2020,41,val
4.644587,-0.8718779,-7.4872937,24 Sánchez Ramírez,2020,42,val
4.332987,-1.8276211,-7.0332413,24 Sánchez Ramírez,2020,43,val
3.706405,-0.71419007,-8.943794,24 Sánchez Ramírez,2020,44,val
3.1510603,-0.47753468,-9.34818,24 Sánchez Ramírez,2020,45,val
3.9619768,9.220951,-22.088066,24 Sánchez Ramírez,2020,46,val
2.0954275,-0.8485842,-8.484738,24 Sánchez Ramírez,2020,47,val
1.3754389,-1.3219067,-6.7391467,24 Sánchez Ramírez,2020,48,val
1.0383726,-1.5491039,-5.723207,24 Sánchez Ramírez,2020,49,val
1.235544,-1.2388517,-6.9338474,24 Sánchez Ramírez,2020,50,val
0.92365915,-0.88984364,-6.5722213,24 Sánchez Ramírez,2020,51,val
-0.61016655,-0.1906853,-2.153367,24 Sánchez Ramírez,2020,52,val
-0.8106605,-0.6774907,-1.6583369,24 Sánchez Ramírez,2021,1,val
-0.8593302,-0.5813443,-1.3475018,24 Sánchez Ramírez,2021,2,val
-0.9005264,-0.08909173,-1.3013482,24 Sánchez Ramírez,2021,3,val
-1.2287824,-0.33036146,-0.9060653,24 Sánchez Ramírez,2021,4,val
-1.325469,1.3904111,-0.90893775,24 Sánchez Ramírez,2021,5,val
-1.4933335,1.1954124,-0.024817234,24 Sánchez Ramírez,2021,6,val
-1.5779161,1.1993209,0.293779,24 Sánchez Ramírez,2021,7,val
-1.5677088,1.3074632,0.36696708,24 Sánchez Ramírez,2021,8,val
-1.8593482,1.245024,1.1204712,24 Sánchez Ramírez,2021,9,val
-0.9117809,16.848745,-14.988376,24 Sánchez Ramírez,2021,10,val
-1.8207169,1.5773864,1.2654134,24 Sánchez Ramírez,2021,11,val
-5.3941474,5.2247553,-0.10973364,24 Sánchez Ramírez,2021,12,val
-4.671486,5.3586307,0.44302997,24 Sánchez Ramírez,2021,13,val
-4.1865005,5.6060834,0.9760334,24 Sánchez Ramírez,2021,14,val
-4.454135,4.820115,2.998041,24 Sánchez Ramírez,2021,15,val
-5.505649,7.1261015,2.645405,24 Sánchez Ramírez,2021,16,val
-4.176764,6.421983,2.0709884,24 Sánchez Ramírez,2021,17,val
-4.6836915,6.9229994,2.9212832,24 Sánchez Ramírez,2021,18,val
-5.254513,7.8334126,4.3144355,24 Sánchez Ramírez,2021,19,val
-4.467906,7.3738275,3.7404602,24 Sánchez Ramírez,2021,20,val
-4.4119563,8.485695,4.2721095,24 Sánchez Ramírez,2021,21,val
-3.1611974,8.881722,3.1297798,24 Sánchez Ramírez,2021,22,val
-3.4436283,19.572138,-9.3699045,24 Sánchez Ramírez,2021,23,val
-6.0031586,9.885618,7.3649945,24 Sánchez Ramírez,2021,24,val
-4.3938007,9.004496,5.045002,24 Sánchez Ramírez,2021,25,val
1.6716729,4.396199,2.5232117,24 Sánchez Ramírez,2021,26,val
3.7469454,3.0065768,2.0377162,24 Sánchez Ramírez,2021,27,val
3.2007654,2.953697,1.1986918,24 Sánchez Ramírez,2021,28,val
4.0655756,3.1443257,2.494026,24 Sánchez Ramírez,2021,29,val
4.1690116,3.1038604,2.4615326,24 Sánchez Ramírez,2021,30,val
4.236605,3.3591416,2.1479285,24 Sánchez Ramírez,2021,31,val
8.93955,20.783571,-13.402707,24 Sánchez Ramírez,2021,32,val
4.3938084,3.4543028,1.598819,24 Sánchez Ramírez,2021,33,val
5.2465253,3.169753,3.2373805,24 Sánchez Ramírez,2021,34,val
8.44654,-0.111795954,-3.263693,24 Sánchez Ramírez,2021,35,val
7.9845314,0.22735237,-4.823703,24 Sánchez Ramírez,2021,36,val
5.971008,-0.15972611,-5.751146,24 Sánchez Ramírez,2021,37,val
6.061195,-0.33759972,-5.6623564,24 Sánchez Ramírez,2021,38,val
5.38017,-0.34730062,-4.8151464,24 Sánchez Ramírez,2021,39,val
5.620177,-0.6948327,-5.3302503,24 Sánchez Ramírez,2021,40,val
7.394958,11.606943,-20.16086,24 Sánchez Ramírez,2021,41,val
4.200194,-1.2852298,-6.2530556,24 Sánchez Ramírez,2021,42,val
4.160366,-2.1270735,-6.142096,24 Sánchez Ramírez,2021,43,val
3.4266224,-1.6792219,-6.32315,24 Sánchez Ramírez,2021,44,val
3.126998,-2.3742206,-6.0589747,24 Sánchez Ramírez,2021,45,val
2.7979581,-2.5073967,-6.169093,24 Sánchez Ramírez,2021,46,val
1.8195193,-1.7164311,-6.0300527,24 Sánchez Ramírez,2021,47,val
-1.7002673,-3.277598,-8.705172,24 Sánchez Ramírez,2021,48,val
-1.6638117,-2.4953856,-8.26481,24 Sánchez Ramírez,2021,49,val
-1.182093,-2.194327,-7.7232795,24 Sánchez Ramírez,2021,50,val
-1.6584929,-2.1207778,-8.344778,24 Sánchez Ramírez,2021,51,val
-2.8465323,-0.7272351,-4.7889576,24 Sánchez Ramírez,2021,52,val
-6.303085,-2.8979466,-3.7379901,25 Santiago,2015,1,train
-6.3720145,-2.42787,-3.1249778,25 Santiago,2015,2,train
-6.313805,-1.8637431,-2.6406062,25 Santiago,2015,3,train
-5.953823,-2.0520775,-1.3968226,25 Santiago,2015,4,train
-6.6511536,14.356441,-17.252153,25 Santiago,2015,5,train
-7.0576854,1.0315464,-1.4260914,25 Santiago,2015,6,train
-6.820715,1.1897018,-1.2696285,25 Santiago,2015,7,train
-6.065929,17.513725,-17.481773,25 Santiago,2015,8,train
-7.7502112,2.5754268,0.20370084,25 Santiago,2015,9,train
-8.124292,2.5378244,0.90844965,25 Santiago,2015,10,train
-8.146574,2.9532604,1.3217845,25 Santiago,2015,11,train
-8.147489,3.7172334,2.749435,25 Santiago,2015,12,train
-8.442461,4.742902,4.4321084,25 Santiago,2015,13,train
-7.113213,4.8033953,2.6198509,25 Santiago,2015,14,train
-8.495047,5.7166853,4.077322,25 Santiago,2015,15,train
-7.651528,5.722123,6.0364037,25 Santiago,2015,16,train
-2.5073054,4.9286885,7.133884,25 Santiago,2015,17,train
-2.2075686,4.0980363,8.88407,25 Santiago,2015,18,train
-2.0450554,5.011641,7.4837613,25 Santiago,2015,19,train
-1.6651192,5.36932,6.306301,25 Santiago,2015,20,train
-0.61788464,5.718867,5.9337225,25 Santiago,2015,21,train
-0.26336324,5.0497203,4.070875,25 Santiago,2015,22,train
0.16764268,4.4579964,6.4223976,25 Santiago,2015,23,train
0.67859185,3.7090619,6.9305215,25 Santiago,2015,24,train
1.3203297,4.3552566,6.4659476,25 Santiago,2015,25,train
1.5464456,3.6368766,7.164539,25 Santiago,2015,26,train
8.516932,0.63589,3.9726727,25 Santiago,2015,27,train
8.3073435,0.63862157,3.6541486,25 Santiago,2015,28,train
8.483011,0.313486,3.7368052,25 Santiago,2015,29,train
8.960084,-0.28895357,4.7832932,25 Santiago,2015,30,train
9.389693,-0.041835357,4.398663,25 Santiago,2015,31,train
9.998857,0.2513915,4.3994427,25 Santiago,2015,32,train
10.134072,0.12435411,4.40584,25 Santiago,2015,33,train
10.567576,-0.16419823,4.8672175,25 Santiago,2015,34,train
7.8697886,-3.9719539,-0.07816381,25 Santiago,2015,35,train
8.228118,-4.568477,-0.114247166,25 Santiago,2015,36,train
8.552286,-5.108229,-0.32416502,25 Santiago,2015,37,train
7.955451,-5.5409756,-0.6679503,25 Santiago,2015,38,train
7.342243,-5.229604,-0.5796245,25 Santiago,2015,39,train
6.556262,-5.9967403,-1.4141074,25 Santiago,2015,40,train
7.2425957,-6.8693786,-1.7910423,25 Santiago,2015,41,train
6.986171,-7.364078,-2.2344809,25 Santiago,2015,42,train
4.6938777,-5.342234,-2.3518744,25 Santiago,2015,43,train
4.61795,-5.9270444,-2.7974942,25 Santiago,2015,44,train
3.9607532,-6.730951,-3.7968054,25 Santiago,2015,45,train
3.710969,-6.8589025,-3.627868,25 Santiago,2015,46,train
1.9889522,-5.9730725,-2.8880217,25 Santiago,2015,47,train
-2.8423164,-7.0838447,-4.9470577,25 Santiago,2015,48,train
-3.9831195,-8.522518,-6.241152,25 Santiago,2015,49,train
-3.8515232,-8.738227,-5.378522,25 Santiago,2015,50,train
-4.078884,-8.49798,-5.7818093,25 Santiago,2015,51,train
-7.1649256,-4.538526,-4.2188144,25 Santiago,2015,52,train
-8.659917,-3.0014336,-1.8012472,25 Santiago,2016,1,train
-8.745625,-2.822559,-1.5970486,25 Santiago,2016,2,train
-8.409677,-2.515289,-1.871812,25 Santiago,2016,3,train
-7.9983873,-2.1391718,-1.847835,25 Santiago,2016,4,train
-8.672442,-1.0714494,-0.5843114,25 Santiago,2016,5,train
-9.023967,-0.65642655,-0.8214347,25 Santiago,2016,6,train
-8.612571,-0.46753937,-0.4936808,25 Santiago,2016,7,train
-9.705237,0.052834667,0.17426981,25 Santiago,2016,8,train
-9.8011675,0.6618692,0.12690578,25 Santiago,2016,9,train
-7.2498016,2.2226317,0.67942643,25 Santiago,2016,10,train
-9.21979,3.268221,3.3380463,25 Santiago,2016,11,train
-10.016842,5.0866847,4.861109,25 Santiago,2016,12,train
-9.217311,5.33651,5.762356,25 Santiago,2016,13,train
-9.118325,5.890366,5.357421,25 Santiago,2016,14,train
-8.569495,5.2633038,4.837177,25 Santiago,2016,15,train
-5.0438137,8.306697,2.8582413,25 Santiago,2016,16,train
-3.7655602,9.554595,2.4398363,25 Santiago,2016,17,train
-1.5611911,6.786211,3.3545778,25 Santiago,2016,18,train
-1.1062931,7.809558,2.6539032,25 Santiago,2016,19,train
-0.71355826,5.709337,6.49048,25 Santiago,2016,20,train
-0.0996942,6.9295244,3.30525,25 Santiago,2016,21,train
0.24255721,6.15439,3.6863432,25 Santiago,2016,22,train
0.5990541,4.0120173,7.1295886,25 Santiago,2016,23,train
1.1113414,3.560999,7.262073,25 Santiago,2016,24,train
1.9996016,5.1253934,5.345904,25 Santiago,2016,25,train
2.3071709,4.4705997,6.1358805,25 Santiago,2016,26,train
6.0523844,2.34239,5.211791,25 Santiago,2016,27,train
5.977742,2.2578616,5.2796526,25 Santiago,2016,28,train
6.1145754,2.5382082,5.3696055,25 Santiago,2016,29,train
5.511916,2.7305775,4.787365,25 Santiago,2016,30,train
5.4236956,2.5874145,4.7246685,25 Santiago,2016,31,train
5.680832,2.7356133,5.7574716,25 Santiago,2016,32,train
5.700405,2.133069,5.9964023,25 Santiago,2016,33,train
8.554703,17.818123,-9.323665,25 Santiago,2016,34,train
8.847646,1.4195336,-4.236658,25 Santiago,2016,35,train
9.188256,1.8408264,-4.502319,25 Santiago,2016,36,train
9.644922,2.25179,-4.7351217,25 Santiago,2016,37,train
9.562168,1.9884579,-4.621307,25 Santiago,2016,38,train
9.398856,1.5705417,-4.8304815,25 Santiago,2016,39,train
4.966816,-0.5627956,-5.9767575,25 Santiago,2016,40,train
4.6570053,-0.7034975,-5.7801585,25 Santiago,2016,41,train
5.709755,7.94516,-17.387476,25 Santiago,2016,42,train
3.3776462,0.14053972,-7.6915817,25 Santiago,2016,43,train
4.627628,7.432342,-18.012087,25 Santiago,2016,44,train
4.2685075,10.31357,-21.556192,25 Santiago,2016,45,train
3.545273,9.590406,-20.854065,25 Santiago,2016,46,train
1.4022686,0.14396025,-8.88218,25 Santiago,2016,47,train
-1.4178109,-0.828983,-9.817535,25 Santiago,2016,48,train
-1.885395,-2.1746662,-8.224838,25 Santiago,2016,49,train
-2.028529,-1.9958576,-9.598859,25 Santiago,2016,50,train
-1.8682922,-1.3682399,-9.168576,25 Santiago,2016,51,train
-3.3160567,-0.31589547,-5.6314673,25 Santiago,2016,52,train
-3.9392664,0.0011531007,-5.8281446,25 Santiago,2017,1,train
-3.272597,0.11878938,-3.8073497,25 Santiago,2017,2,train
-3.3409195,0.048056655,-2.809054,25 Santiago,2017,3,train
-3.566862,0.22185828,-2.690561,25 Santiago,2017,4,train
-5.13118,2.5232756,-3.5034018,25 Santiago,2017,5,train
-5.745802,2.9857297,-3.7350862,25 Santiago,2017,6,train
-5.692575,2.9369922,-2.978582,25 Santiago,2017,7,train
-5.376874,1.2068263,0.82054543,25 Santiago,2017,8,train
-6.2819867,4.5391445,-2.5674846,25 Santiago,2017,9,train
-4.8569036,3.2319293,-0.8268916,25 Santiago,2017,10,train
-6.7141204,5.954088,-1.5150806,25 Santiago,2017,11,train
-6.7564983,19.249687,-13.914444,25 Santiago,2017,12,train
-5.314605,5.7335677,0.11754313,25 Santiago,2017,13,train
-6.108128,7.8977857,0.336378,25 Santiago,2017,14,train
-4.8478627,6.184495,0.5384468,25 Santiago,2017,15,train
-3.7309961,8.137595,1.9667149,25 Santiago,2017,16,train
-3.7076545,8.941646,2.1346467,25 Santiago,2017,17,train
-3.9039283,8.268705,1.7387496,25 Santiago,2017,18,train
-1.1422873,4.7291026,2.0211067,25 Santiago,2017,19,train
-0.54074836,7.533532,1.5874532,25 Santiago,2017,20,train
-0.29705882,4.8909626,5.4726415,25 Santiago,2017,21,train
0.10873514,4.800899,4.2274537,25 Santiago,2017,22,train
0.5992117,4.7411833,6.1016436,25 Santiago,2017,23,train
1.0224073,4.354691,5.2890015,25 Santiago,2017,24,train
1.4095534,4.2450924,4.7322288,25 Santiago,2017,25,train
2.0756965,5.2149706,4.110589,25 Santiago,2017,26,train
4.896413,2.837831,4.0673895,25 Santiago,2017,27,train
4.439233,2.7835724,3.8248417,25 Santiago,2017,28,train
4.9171185,2.8078234,4.539705,25 Santiago,2017,29,train
5.0688543,2.9065032,4.702485,25 Santiago,2017,30,train
5.0634065,2.9721937,4.5604005,25 Santiago,2017,31,train
4.6773424,2.7198567,4.307854,25 Santiago,2017,32,train
4.6916194,2.8997276,4.064555,25 Santiago,2017,33,train
5.1013064,2.8055217,5.0229225,25 Santiago,2017,34,train
10.057923,1.8003113,-4.9280386,25 Santiago,2017,35,train
9.093433,9.1863365,-16.095106,25 Santiago,2017,36,train
8.492295,8.081075,-14.858837,25 Santiago,2017,37,train
8.187387,8.106491,-15.582308,25 Santiago,2017,38,train
5.3330894,0.20731843,-4.6833487,25 Santiago,2017,39,train
4.8748527,0.14359453,-5.0275893,25 Santiago,2017,40,train
3.738159,-0.24736957,-4.9788575,25 Santiago,2017,41,train
3.8869164,-0.81683373,-5.8281775,25 Santiago,2017,42,train
3.2311275,-1.3569014,-4.7189846,25 Santiago,2017,43,train
3.058076,-1.8954836,-5.3073673,25 Santiago,2017,44,train
2.3634539,-0.39200687,-7.5603213,25 Santiago,2017,45,train
1.8912393,-0.067226715,-7.734433,25 Santiago,2017,46,train
1.7678279,-0.756644,-6.753686,25 Santiago,2017,47,train
-1.7841038,-1.9043627,-8.720132,25 Santiago,2017,48,train
-1.7747037,-1.4905343,-9.64347,25 Santiago,2017,49,train
-1.7797072,-2.1676345,-8.701781,25 Santiago,2017,50,train
-1.7241935,-1.4184984,-8.858952,25 Santiago,2017,51,train
-3.5409553,0.57710594,-7.032869,25 Santiago,2017,52,train
-4.359067,12.164537,-22.301687,25 Santiago,2018,1,train
-4.0405407,0.6110623,-6.21731,25 Santiago,2018,2,train
-4.302669,1.0643249,-5.9140573,25 Santiago,2018,3,train
-4.3204336,1.3770393,-5.333263,25 Santiago,2018,4,train
-4.3157563,2.2325299,-2.9501145,25 Santiago,2018,5,train
-5.0298896,2.5574253,-3.2647974,25 Santiago,2018,6,train
-4.356658,2.1070516,-1.9267931,25 Santiago,2018,7,train
-4.3413982,2.3324804,-1.5084606,25 Santiago,2018,8,train
-4.436651,0.9296196,1.5730985,25 Santiago,2018,9,train
-5.0731206,4.200645,-0.8908041,25 Santiago,2018,10,train
-6.5930934,5.848621,-0.71658933,25 Santiago,2018,11,train
-6.2075844,6.5764956,-1.1997998,25 Santiago,2018,12,train
-4.3654466,4.5773764,0.13124748,25 Santiago,2018,13,train
-5.657656,6.340967,0.70693654,25 Santiago,2018,14,train
-6.6528935,7.478353,1.0689478,25 Santiago,2018,15,train
-6.245323,6.612699,2.992966,25 Santiago,2018,16,train
-5.810437,6.1005874,4.444908,25 Santiago,2018,17,train
-1.8619634,3.249177,4.2191296,25 Santiago,2018,18,train
-1.6688669,4.0308027,5.053061,25 Santiago,2018,19,train
-1.4350832,3.9563959,4.221667,25 Santiago,2018,20,train
-0.88334215,3.9456646,5.0867834,25 Santiago,2018,21,train
-0.32886633,4.200783,5.708433,25 Santiago,2018,22,train
-0.085575365,3.0626426,6.187978,25 Santiago,2018,23,train
0.5334568,3.3559222,6.3345847,25 Santiago,2018,24,train
0.9355142,3.2850413,4.791026,25 Santiago,2018,25,train
1.4051855,3.350514,5.7151165,25 Santiago,2018,26,train
5.771784,0.7043427,4.541184,25 Santiago,2018,27,train
5.691564,1.4934373,3.5375671,25 Santiago,2018,28,train
6.468646,1.9170828,3.7657073,25 Santiago,2018,29,train
6.014378,1.3127782,4.073268,25 Santiago,2018,30,train
6.0881963,1.6780909,3.4687753,25 Santiago,2018,31,train
6.4864984,1.244132,4.0481033,25 Santiago,2018,32,train
6.253383,1.8239638,2.5655677,25 Santiago,2018,33,train
6.8651195,1.4917387,3.8192725,25 Santiago,2018,34,train
5.8912463,-1.4117659,-1.4042654,25 Santiago,2018,35,train
7.0137177,-1.6252449,-1.2592626,25 Santiago,2018,36,train
6.903633,-1.8892462,-1.5992781,25 Santiago,2018,37,train
6.3119607,-1.8770533,-1.705615,25 Santiago,2018,38,train
5.877488,-2.0668771,-1.8625968,25 Santiago,2018,39,train
4.09994,-2.7648883,-2.954815,25 Santiago,2018,40,train
3.706615,-2.9633656,-3.0139122,25 Santiago,2018,41,train
3.2122474,-3.0108452,-3.0332665,25 Santiago,2018,42,train
3.1786525,-2.8390532,-3.1315749,25 Santiago,2018,43,train
2.5765548,-2.8924356,-3.071854,25 Santiago,2018,44,train
2.0587213,-3.2705142,-3.1168847,25 Santiago,2018,45,train
2.349232,-4.2804375,-3.9888332,25 Santiago,2018,46,train
1.3186615,-5.2888603,-2.3722985,25 Santiago,2018,47,train
0.9392776,-6.016337,-2.2244525,25 Santiago,2018,48,train
-2.4766612,-5.5062385,-6.291891,25 Santiago,2018,49,train
-2.2555027,-4.9852233,-5.761045,25 Santiago,2018,50,train
-2.634278,-6.7288904,-3.5675883,25 Santiago,2018,51,train
-4.573797,-2.8210747,-4.0226746,25 Santiago,2018,52,train
-4.47133,-2.9423344,-2.606583,25 Santiago,2019,1,train
-4.7618113,-3.0102074,-1.1795094,25 Santiago,2019,2,train
-4.967307,-2.7025447,-0.69814867,25 Santiago,2019,3,train
-5.1337457,-2.3506694,-0.7706921,25 Santiago,2019,4,train
-6.963106,-0.96685135,0.5782308,25 Santiago,2019,5,train
-7.3739634,-0.6472703,0.09378241,25 Santiago,2019,6,train
-7.4622397,0.28389376,-0.2758909,25 Santiago,2019,7,train
-8.813144,1.0138739,0.6245647,25 Santiago,2019,8,train
-8.478839,1.093597,1.3448775,25 Santiago,2019,9,train
-8.024405,2.127296,2.7467382,25 Santiago,2019,10,train
-7.6418233,2.4879942,2.9423954,25 Santiago,2019,11,train
-7.8762236,3.7811027,4.6929073,25 Santiago,2019,12,train
-4.6976514,18.433577,-12.01365,25 Santiago,2019,13,train
-7.2120247,5.427425,2.4664814,25 Santiago,2019,14,train
-6.999373,4.816906,4.705951,25 Santiago,2019,15,train
-6.9056644,5.0725245,5.7661853,25 Santiago,2019,16,train
-6.0509734,4.786811,5.456331,25 Santiago,2019,17,train
-1.9326677,4.5967507,4.9489713,25 Santiago,2019,18,train
-1.6525495,5.072022,6.109988,25 Santiago,2019,19,train
-1.0402204,4.0639625,7.014525,25 Santiago,2019,20,train
-0.44968006,5.161483,3.69522,25 Santiago,2019,21,train
-0.05271201,4.870244,3.6684988,25 Santiago,2019,22,train
0.4466768,5.3759284,3.7992368,25 Santiago,2019,23,train
0.8661583,4.525069,5.801332,25 Santiago,2019,24,train
1.4944266,3.6191967,6.998302,25 Santiago,2019,25,train
1.7038517,3.559019,6.2250996,25 Santiago,2019,26,train
7.8232956,-0.94163513,3.8140965,25 Santiago,2019,27,train
8.490288,-0.67327046,2.9259953,25 Santiago,2019,28,train
9.04191,-0.82084614,2.6424036,25 Santiago,2019,29,train
9.664088,-0.9895221,2.8102195,25 Santiago,2019,30,train
8.896278,-0.4759057,1.6902161,25 Santiago,2019,31,train
9.7948,-0.9346091,2.299444,25 Santiago,2019,32,train
9.622831,-1.1341561,2.544537,25 Santiago,2019,33,train
10.008888,-0.8780903,2.4135664,25 Santiago,2019,34,train
9.263213,-4.136538,0.8937138,25 Santiago,2019,35,train
8.090585,-4.1596656,0.2527414,25 Santiago,2019,36,train
7.4849133,-3.7279878,-0.19891973,25 Santiago,2019,37,train
6.839411,-4.0139437,-0.9839232,25 Santiago,2019,38,train
10.615222,14.34609,-16.497137,25 Santiago,2019,39,train
10.323446,13.222678,-15.415828,25 Santiago,2019,40,train
4.6134505,-4.5985475,-1.2571422,25 Santiago,2019,41,train
4.234471,-5.5643573,-0.5770184,25 Santiago,2019,42,train
3.6438277,-5.046432,-2.589723,25 Santiago,2019,43,train
3.0213459,-4.9203053,-2.6909916,25 Santiago,2019,44,train
2.641346,-5.424493,-2.3981419,25 Santiago,2019,45,train
2.556974,-6.0195365,-2.355461,25 Santiago,2019,46,train
1.3617536,-4.9023557,-2.2925973,25 Santiago,2019,47,train
1.2312262,-5.4444757,-2.4085119,25 Santiago,2019,48,train
-2.3673732,7.8606586,-22.001291,25 Santiago,2019,49,train
-2.9955459,-6.5666914,-5.602893,25 Santiago,2019,50,train
-3.2209406,-6.619279,-5.7031536,25 Santiago,2019,51,train
-5.541861,-4.1341486,-2.9385347,25 Santiago,2019,52,train
-5.396607,-3.6537867,-3.4623458,25 Santiago,2020,1,val
-4.9472356,-3.0399814,-2.1415076,25 Santiago,2020,2,val
-4.7637124,-1.5339454,-2.5975513,25 Santiago,2020,3,val
-5.283657,-1.1943048,-2.4985874,25 Santiago,2020,4,val
-6.495881,-0.21574396,-0.36651963,25 Santiago,2020,5,val
-7.1829047,0.8311372,-1.5269246,25 Santiago,2020,6,val
-7.239604,1.2797706,-1.0129856,25 Santiago,2020,7,val
-7.167794,1.7520481,-0.86912227,25 Santiago,2020,8,val
-6.61998,1.5099894,0.63839674,25 Santiago,2020,9,val
-6.845712,2.7630005,-0.2867476,25 Santiago,2020,10,val
-5.1790614,3.0861764,0.37413523,25 Santiago,2020,11,val
-5.4278636,3.6661506,0.93786377,25 Santiago,2020,12,val
-5.5459204,3.701209,2.7805471,25 Santiago,2020,13,val
-5.740064,6.652709,1.0801833,25 Santiago,2020,14,val
-6.379339,7.925926,2.6378024,25 Santiago,2020,15,val
-6.829785,7.2974677,3.9836743,25 Santiago,2020,16,val
-6.6191416,5.9212375,6.8008523,25 Santiago,2020,17,val
-1.696298,4.8806324,5.904758,25 Santiago,2020,18,val
-0.9575412,5.253707,4.735885,25 Santiago,2020,19,val
-0.777695,4.5787005,5.9193487,25 Santiago,2020,20,val
-0.1713862,5.079256,5.8993835,25 Santiago,2020,21,val
0.010847072,3.9345737,4.9253283,25 Santiago,2020,22,val
0.5817781,4.391393,5.704805,25 Santiago,2020,23,val
1.0626031,4.0318723,5.79148,25 Santiago,2020,24,val
1.8224365,4.249702,6.208878,25 Santiago,2020,25,val
2.186164,3.7030733,6.270178,25 Santiago,2020,26,val
4.742892,2.3411708,4.9630027,25 Santiago,2020,27,val
5.1117034,2.6185117,5.0907197,25 Santiago,2020,28,val
5.3918805,2.6292136,5.444582,25 Santiago,2020,29,val
4.715825,2.673039,4.494266,25 Santiago,2020,30,val
8.616874,16.351309,-7.3862214,25 Santiago,2020,31,val
5.127134,3.01942,5.3094463,25 Santiago,2020,32,val
5.2193346,3.5327232,4.7611384,25 Santiago,2020,33,val
8.545002,17.23477,-8.318167,25 Santiago,2020,34,val
6.345093,1.7430885,-5.104882,25 Santiago,2020,35,val
5.768842,1.5493286,-5.5716624,25 Santiago,2020,36,val
7.1945767,1.769581,-4.4424276,25 Santiago,2020,37,val
7.3144746,1.7345824,-4.4989934,25 Santiago,2020,38,val
6.665472,1.4327444,-3.9592717,25 Santiago,2020,39,val
4.279293,0.43061054,-4.9934726,25 Santiago,2020,40,val
4.16778,-0.05675164,-4.9418855,25 Santiago,2020,41,val
4.2877936,-0.38237187,-5.904421,25 Santiago,2020,42,val
3.7236502,-0.7982889,-5.546078,25 Santiago,2020,43,val
3.1893375,-0.5987023,-7.5685353,25 Santiago,2020,44,val
2.398577,-0.13082136,-7.557566,25 Santiago,2020,45,val
1.9000095,0.06623408,-7.7362485,25 Santiago,2020,46,val
1.385292,-0.34445024,-7.0214977,25 Santiago,2020,47,val
1.0363746,-0.6859012,-6.4494367,25 Santiago,2020,48,val
-1.377788,-1.3105828,-7.854682,25 Santiago,2020,49,val
-1.4953859,8.463804,-24.502695,25 Santiago,2020,50,val
-1.2943435,-0.32118723,-8.721679,25 Santiago,2020,51,val
-2.9883902,0.7251398,-6.7215085,25 Santiago,2020,52,val
-2.6754668,0.6523082,-5.424638,25 Santiago,2021,1,val
-3.0945463,1.0441977,-5.8377967,25 Santiago,2021,2,val
-3.6375613,1.6347376,-6.2059646,25 Santiago,2021,3,val
-3.1404936,1.2890655,-4.45012,25 Santiago,2021,4,val
-4.4150877,3.169975,-4.124123,25 Santiago,2021,5,val
-5.4650154,3.7713916,-4.040851,25 Santiago,2021,6,val
-5.239427,4.2335253,-3.5776663,25 Santiago,2021,7,val
-5.1016254,4.258918,-2.8450665,25 Santiago,2021,8,val
-4.8563104,4.9529204,-2.199014,25 Santiago,2021,9,val
-4.4930544,3.9044926,-1.7655989,25 Santiago,2021,10,val
-4.3855777,4.448674,-0.8818056,25 Santiago,2021,11,val
-5.8984876,6.1796756,-1.2543964,25 Santiago,2021,12,val
-5.249521,6.474028,-0.7102354,25 Santiago,2021,13,val
-4.2109866,5.623791,0.062996686,25 Santiago,2021,14,val
-4.431648,3.692051,3.3865466,25 Santiago,2021,15,val
-5.8948455,7.68848,1.4136188,25 Santiago,2021,16,val
-4.993796,7.374637,0.6763937,25 Santiago,2021,17,val
-1.5450897,3.843405,4.32166,25 Santiago,2021,18,val
-1.2656403,4.3677287,5.192351,25 Santiago,2021,19,val
-1.0521343,3.6396174,3.3511279,25 Santiago,2021,20,val
-0.41778606,5.015275,1.872276,25 Santiago,2021,21,val
0.1336429,5.2024083,1.3799527,25 Santiago,2021,22,val
0.45790476,4.6177306,1.9316158,25 Santiago,2021,23,val
1.3253616,5.511532,3.7192001,25 Santiago,2021,24,val
1.3602618,4.744247,2.2626603,25 Santiago,2021,25,val
1.924211,5.1115265,2.6171846,25 Santiago,2021,26,val
4.026252,2.3626542,3.463376,25 Santiago,2021,27,val
3.5930421,2.3746252,2.6550603,25 Santiago,2021,28,val
4.433383,2.8114324,3.7052128,25 Santiago,2021,29,val
4.6479573,2.5807664,4.1794224,25 Santiago,2021,30,val
5.0208044,3.0383317,4.2761145,25 Santiago,2021,31,val
8.525977,16.702188,-9.003265,25 Santiago,2021,32,val
4.457903,4.196168,0.7166206,25 Santiago,2021,33,val
5.354151,2.581451,4.397394,25 Santiago,2021,34,val
9.851553,1.8341256,-4.184203,25 Santiago,2021,35,val
10.475737,2.7632852,-5.4315248,25 Santiago,2021,36,val
6.977587,1.4197824,-4.1314483,25 Santiago,2021,37,val
6.904021,1.3505261,-4.429088,25 Santiago,2021,38,val
5.8117714,0.7870887,-3.721852,25 Santiago,2021,39,val
5.8222694,0.6100817,-4.582357,25 Santiago,2021,40,val
3.8958354,0.5154025,-5.9925528,25 Santiago,2021,41,val
3.7323918,0.07604399,-6.2207747,25 Santiago,2021,42,val
3.236438,-1.0510921,-4.7934823,25 Santiago,2021,43,val
2.8711855,-1.0320256,-5.553963,25 Santiago,2021,44,val
2.4228616,-1.9138497,-5.0209923,25 Santiago,2021,45,val
2.0632608,-2.2107432,-5.149799,25 Santiago,2021,46,val
1.186442,-1.8311225,-4.77107,25 Santiago,2021,47,val
-1.8674458,-2.1176221,-8.991078,25 Santiago,2021,48,val
-1.7825695,-1.5502999,-8.3322935,25 Santiago,2021,49,val
-1.5552438,-1.312912,-8.202775,25 Santiago,2021,50,val
-1.8841171,-1.3371334,-8.384723,25 Santiago,2021,51,val
-2.9533083,-0.01519208,-5.329817,25 Santiago,2021,52,val
-9.774326,-6.1243114,-2.8928797,26 Santiago Rodríguez,2015,1,train
-9.228095,-5.209819,-1.5521842,26 Santiago Rodríguez,2015,2,train
-9.918553,-4.422997,-2.2168357,26 Santiago Rodríguez,2015,3,train
-8.950257,-3.92846,-0.8135839,26 Santiago Rodríguez,2015,4,train
-9.714817,16.835281,-20.927729,26 Santiago Rodríguez,2015,5,train
-9.003072,0.07575453,-0.39464813,26 Santiago Rodríguez,2015,6,train
-7.9418836,1.0979297,-1.3753794,26 Santiago Rodríguez,2015,7,train
-9.335119,2.141354,-1.1217166,26 Santiago Rodríguez,2015,8,train
-10.331251,1.6945065,2.0259328,26 Santiago Rodríguez,2015,9,train
-12.609516,2.3946571,2.6881082,26 Santiago Rodríguez,2015,10,train
-13.344268,2.9253988,3.4186575,26 Santiago Rodríguez,2015,11,train
-12.536361,3.78946,3.9869692,26 Santiago Rodríguez,2015,12,train
-12.78405,5.7328095,5.8711724,26 Santiago Rodríguez,2015,13,train
-11.558748,4.9244647,5.1364284,26 Santiago Rodríguez,2015,14,train
-12.526317,6.3963976,7.837002,26 Santiago Rodríguez,2015,15,train
-12.01712,6.8623548,9.040742,26 Santiago Rodríguez,2015,16,train
-11.624838,8.194962,9.847679,26 Santiago Rodríguez,2015,17,train
-2.8383684,4.0292525,10.939524,26 Santiago Rodríguez,2015,18,train
-2.887721,4.020464,11.329337,26 Santiago Rodríguez,2015,19,train
-2.4657624,5.6908298,10.08851,26 Santiago Rodríguez,2015,20,train
-1.1591016,6.186416,9.626383,26 Santiago Rodríguez,2015,21,train
-0.54271954,5.712506,7.776775,26 Santiago Rodríguez,2015,22,train
0.20330779,6.1584196,8.529813,26 Santiago Rodríguez,2015,23,train
0.7287672,4.598007,9.593269,26 Santiago Rodríguez,2015,24,train
1.5425832,3.77285,10.178559,26 Santiago Rodríguez,2015,25,train
2.10879,2.5383275,11.428717,26 Santiago Rodríguez,2015,26,train
10.802832,-1.6229225,8.214489,26 Santiago Rodríguez,2015,27,train
10.025574,-1.0705428,6.9696665,26 Santiago Rodríguez,2015,28,train
9.77998,-1.7493839,6.998625,26 Santiago Rodríguez,2015,29,train
10.043694,-2.4638557,8.02966,26 Santiago Rodríguez,2015,30,train
10.734426,-2.2816508,7.922493,26 Santiago Rodríguez,2015,31,train
11.640975,-1.3318666,7.4082685,26 Santiago Rodríguez,2015,32,train
11.854065,-0.9886478,6.7185154,26 Santiago Rodríguez,2015,33,train
12.679094,-0.9129132,6.6056437,26 Santiago Rodríguez,2015,34,train
12.296202,-7.6857147,0.81212187,26 Santiago Rodríguez,2015,35,train
11.42615,-7.397795,-0.35566667,26 Santiago Rodríguez,2015,36,train
12.0126705,-8.968256,0.427905,26 Santiago Rodríguez,2015,37,train
11.334698,-8.602319,-1.1789749,26 Santiago Rodríguez,2015,38,train
10.648314,-8.734025,-1.4901206,26 Santiago Rodríguez,2015,39,train
10.1178875,-10.710798,-1.9242904,26 Santiago Rodríguez,2015,40,train
9.760513,-10.516446,-2.337718,26 Santiago Rodríguez,2015,41,train
10.069687,-11.608105,-2.630397,26 Santiago Rodríguez,2015,42,train
6.6044993,-8.394502,-3.9697807,26 Santiago Rodríguez,2015,43,train
6.438757,-9.338953,-4.372129,26 Santiago Rodríguez,2015,44,train
5.9273996,-10.79827,-4.64061,26 Santiago Rodríguez,2015,45,train
5.2989473,-10.885047,-4.156794,26 Santiago Rodríguez,2015,46,train
2.3057907,-9.533925,-3.4669604,26 Santiago Rodríguez,2015,47,train
-3.179217,-10.549802,-6.385854,26 Santiago Rodríguez,2015,48,train
-4.4369407,-12.069205,-7.2474875,26 Santiago Rodríguez,2015,49,train
-4.8368015,-11.496668,-6.031141,26 Santiago Rodríguez,2015,50,train
-5.551477,-11.335303,-5.758503,26 Santiago Rodríguez,2015,51,train
-11.231534,-7.1162796,-4.3482347,26 Santiago Rodríguez,2015,52,train
-11.407712,-4.3015285,-1.7262313,26 Santiago Rodríguez,2016,1,train
-11.795839,-4.328992,-1.3454446,26 Santiago Rodríguez,2016,2,train
-11.635024,-3.777205,-1.8117486,26 Santiago Rodríguez,2016,3,train
-12.137412,-3.4396782,-2.2471585,26 Santiago Rodríguez,2016,4,train
-11.237946,-2.0298502,-0.083576284,26 Santiago Rodríguez,2016,5,train
-12.349146,-1.2847801,-1.079707,26 Santiago Rodríguez,2016,6,train
-12.612398,-1.0688564,-0.6400603,26 Santiago Rodríguez,2016,7,train
-12.403382,-0.93793714,0.36734658,26 Santiago Rodríguez,2016,8,train
-13.823959,0.07202091,0.25132692,26 Santiago Rodríguez,2016,9,train
-11.610149,1.7179233,2.9146395,26 Santiago Rodríguez,2016,10,train
-12.906698,2.950667,5.1374006,26 Santiago Rodríguez,2016,11,train
-13.761691,4.9644976,7.995725,26 Santiago Rodríguez,2016,12,train
-13.118243,6.0002027,8.9956,26 Santiago Rodríguez,2016,13,train
-12.862698,6.7222238,7.3845587,26 Santiago Rodríguez,2016,14,train
-12.345705,6.3010416,7.001665,26 Santiago Rodríguez,2016,15,train
-12.246734,8.028724,6.6548586,26 Santiago Rodríguez,2016,16,train
-6.9057856,12.4763365,4.3146977,26 Santiago Rodríguez,2016,17,train
0.35188466,21.275415,-4.2254753,26 Santiago Rodríguez,2016,18,train
-1.809612,9.33932,6.2669163,26 Santiago Rodríguez,2016,19,train
-1.4033161,7.0255113,9.404773,26 Santiago Rodríguez,2016,20,train
-0.427608,8.682879,5.012518,26 Santiago Rodríguez,2016,21,train
3.1352217,20.930449,-5.1645665,26 Santiago Rodríguez,2016,22,train
0.72416687,6.2656226,7.9133053,26 Santiago Rodríguez,2016,23,train
1.1985697,4.674038,8.131017,26 Santiago Rodríguez,2016,24,train
2.6060178,6.1067486,8.616862,26 Santiago Rodríguez,2016,25,train
2.6919851,4.5190544,9.038822,26 Santiago Rodríguez,2016,26,train
7.397337,1.2680581,8.433447,26 Santiago Rodríguez,2016,27,train
7.2777076,1.2890022,8.491226,26 Santiago Rodríguez,2016,28,train
7.041167,0.74685967,8.847688,26 Santiago Rodríguez,2016,29,train
7.254253,1.279754,8.543354,26 Santiago Rodríguez,2016,30,train
7.4470162,1.2279862,8.698464,26 Santiago Rodríguez,2016,31,train
7.3668847,1.8041102,8.960921,26 Santiago Rodríguez,2016,32,train
6.642314,-0.50416255,9.977115,26 Santiago Rodríguez,2016,33,train
11.565868,20.026682,-8.086704,26 Santiago Rodríguez,2016,34,train
13.083739,0.4556937,-5.574928,26 Santiago Rodríguez,2016,35,train
14.972492,1.239927,-6.9479556,26 Santiago Rodríguez,2016,36,train
12.6022,-5.7202983,2.0777924,26 Santiago Rodríguez,2016,37,train
15.02656,0.96253216,-6.7651424,26 Santiago Rodríguez,2016,38,train
16.242603,-1.2163193,-4.5238395,26 Santiago Rodríguez,2016,39,train
10.154093,-4.5889754,-9.413149,26 Santiago Rodríguez,2016,40,train
8.595873,-4.79037,-9.911421,26 Santiago Rodríguez,2016,41,train
7.713338,10.508559,-24.811518,26 Santiago Rodríguez,2016,42,train
5.918279,-2.8358338,-12.970296,26 Santiago Rodríguez,2016,43,train
4.2296214,-3.5297635,-10.963868,26 Santiago Rodríguez,2016,44,train
4.4890175,-2.0445487,-14.89334,26 Santiago Rodríguez,2016,45,train
4.580708,8.525606,-26.464985,26 Santiago Rodríguez,2016,46,train
2.2713437,-3.0779996,-11.941293,26 Santiago Rodríguez,2016,47,train
2.1777875,-4.0265536,-10.648004,26 Santiago Rodríguez,2016,48,train
-1.6670774,-5.7078257,-10.651112,26 Santiago Rodríguez,2016,49,train
-2.1612926,-5.9276633,-11.381558,26 Santiago Rodríguez,2016,50,train
-2.8723357,-5.2700415,-11.601884,26 Santiago Rodríguez,2016,51,train
-5.688102,-1.5657376,-6.6687994,26 Santiago Rodríguez,2016,52,train
-7.5122404,-6.891758,-0.9538542,26 Santiago Rodríguez,2017,1,train
-5.9879985,-0.18621592,-6.1331253,26 Santiago Rodríguez,2017,2,train
-4.8938637,-4.2352867,1.2532209,26 Santiago Rodríguez,2017,3,train
-5.948938,-4.8560953,1.823679,26 Santiago Rodríguez,2017,4,train
-9.612198,-3.0864406,2.731861,26 Santiago Rodríguez,2017,5,train
-9.982137,-2.9072468,3.035944,26 Santiago Rodríguez,2017,6,train
-9.176607,-1.3409104,2.4593136,26 Santiago Rodríguez,2017,7,train
-9.43057,-1.4874319,3.929876,26 Santiago Rodríguez,2017,8,train
-11.351726,-0.78223467,5.0732894,26 Santiago Rodríguez,2017,9,train
-8.944095,0.12129666,4.7763195,26 Santiago Rodríguez,2017,10,train
-11.080486,1.7930834,6.382664,26 Santiago Rodríguez,2017,11,train
-11.000119,22.143236,-14.495874,26 Santiago Rodríguez,2017,12,train
-10.326204,9.079812,-0.6483913,26 Santiago Rodríguez,2017,13,train
-11.479592,6.6327887,7.4799824,26 Santiago Rodríguez,2017,14,train
-9.916668,8.204127,2.645662,26 Santiago Rodríguez,2017,15,train
-9.6051,13.514932,2.9016519,26 Santiago Rodríguez,2017,16,train
-7.914647,13.500131,4.9382424,26 Santiago Rodríguez,2017,17,train
-8.269787,20.981018,-6.605437,26 Santiago Rodríguez,2017,18,train
-8.288474,11.126157,4.9497495,26 Santiago Rodríguez,2017,19,train
-8.656112,14.187303,6.931248,26 Santiago Rodríguez,2017,20,train
-8.565437,9.232011,11.72041,26 Santiago Rodríguez,2017,21,train
0.17396478,6.024264,9.686967,26 Santiago Rodríguez,2017,22,train
0.899157,5.302008,10.922541,26 Santiago Rodríguez,2017,23,train
1.510259,4.5512075,9.5739155,26 Santiago Rodríguez,2017,24,train
2.5734406,5.7236876,9.804293,26 Santiago Rodríguez,2017,25,train
3.0859976,4.5027237,10.046288,26 Santiago Rodríguez,2017,26,train
7.5074573,2.3091354,8.671113,26 Santiago Rodríguez,2017,27,train
6.657692,3.5663865,6.845531,26 Santiago Rodríguez,2017,28,train
7.4908113,2.6481025,8.584635,26 Santiago Rodríguez,2017,29,train
7.2052855,2.394416,8.653292,26 Santiago Rodríguez,2017,30,train
7.964234,2.328867,9.504335,26 Santiago Rodríguez,2017,31,train
7.2627354,3.1352417,8.338623,26 Santiago Rodríguez,2017,32,train
7.8764052,3.0798845,8.85533,26 Santiago Rodríguez,2017,33,train
7.602402,2.0671554,8.969598,26 Santiago Rodríguez,2017,34,train
13.20744,-8.717599,3.783617,26 Santiago Rodríguez,2017,35,train
15.613279,7.347537,-16.98984,26 Santiago Rodríguez,2017,36,train
10.599162,13.36443,-20.94414,26 Santiago Rodríguez,2017,37,train
12.744975,9.6076765,-21.285683,26 Santiago Rodríguez,2017,38,train
10.244128,-3.076487,-7.0538363,26 Santiago Rodríguez,2017,39,train
9.773237,-4.0908113,-8.821919,26 Santiago Rodríguez,2017,40,train
6.901558,-4.6971745,-8.093622,26 Santiago Rodríguez,2017,41,train
7.460966,-6.5352583,-9.69036,26 Santiago Rodríguez,2017,42,train
4.7634397,-9.717179,-2.0355244,26 Santiago Rodríguez,2017,43,train
5.346765,-6.8079653,-9.549529,26 Santiago Rodríguez,2017,44,train
5.268806,6.398294,-22.81252,26 Santiago Rodríguez,2017,45,train
3.4727757,-3.2602155,-11.863362,26 Santiago Rodríguez,2017,46,train
2.9557848,-5.227867,-9.749264,26 Santiago Rodríguez,2017,47,train
1.9758825,-5.236077,-8.582734,26 Santiago Rodríguez,2017,48,train
2.1715195,-5.885392,-9.727264,26 Santiago Rodríguez,2017,49,train
-0.07185345,-9.087356,-2.1979442,26 Santiago Rodríguez,2017,50,train
1.477326,-7.672466,-7.2388964,26 Santiago Rodríguez,2017,51,train
-2.0237608,-4.971027,1.5007142,26 Santiago Rodríguez,2017,52,train
-0.7464377,16.188217,-22.716822,26 Santiago Rodríguez,2018,1,train
-1.0417622,-1.5013514,-0.1411555,26 Santiago Rodríguez,2018,2,train
-1.2438248,-1.5974708,0.3460937,26 Santiago Rodríguez,2018,3,train
-1.4717498,-1.8362242,0.8974482,26 Santiago Rodríguez,2018,4,train
-2.7920392,-2.102214,3.5264297,26 Santiago Rodríguez,2018,5,train
-2.8419423,-2.0307667,3.8466604,26 Santiago Rodríguez,2018,6,train
-2.622478,-1.2684063,3.6765506,26 Santiago Rodríguez,2018,7,train
-2.6683378,-0.9489097,3.6441345,26 Santiago Rodríguez,2018,8,train
-8.303992,-0.5276445,4.2411475,26 Santiago Rodríguez,2018,9,train
-8.025043,0.14974527,6.0455213,26 Santiago Rodríguez,2018,10,train
-9.437963,1.2921389,7.115301,26 Santiago Rodríguez,2018,11,train
-9.284926,2.0437179,7.2589583,26 Santiago Rodríguez,2018,12,train
-7.6336083,1.7391907,6.7878513,26 Santiago Rodríguez,2018,13,train
-9.080448,4.358075,7.105818,26 Santiago Rodríguez,2018,14,train
-10.875516,5.610304,8.292381,26 Santiago Rodríguez,2018,15,train
-10.053151,5.5476575,10.617001,26 Santiago Rodríguez,2018,16,train
-9.921505,6.4375257,10.101441,26 Santiago Rodríguez,2018,17,train
-9.954732,7.480249,9.597429,26 Santiago Rodríguez,2018,18,train
-9.557296,8.212891,10.414329,26 Santiago Rodríguez,2018,19,train
-10.149851,9.736483,11.354489,26 Santiago Rodríguez,2018,20,train
-8.701132,8.800272,13.850818,26 Santiago Rodríguez,2018,21,train
-8.777008,10.004155,14.764366,26 Santiago Rodríguez,2018,22,train
-9.473752,10.684899,16.643188,26 Santiago Rodríguez,2018,23,train
-9.083887,10.804685,14.617148,26 Santiago Rodríguez,2018,24,train
-9.039497,11.679162,13.834851,26 Santiago Rodríguez,2018,25,train
-9.407694,10.961552,15.411439,26 Santiago Rodríguez,2018,26,train
8.171781,-0.7659405,8.964933,26 Santiago Rodríguez,2018,27,train
8.19259,-0.81831646,9.114247,26 Santiago Rodríguez,2018,28,train
9.406887,0.08273567,8.840928,26 Santiago Rodríguez,2018,29,train
8.1153,-0.65693885,8.865339,26 Santiago Rodríguez,2018,30,train
8.984342,-0.01359567,8.772654,26 Santiago Rodríguez,2018,31,train
8.289111,-1.0405401,8.413048,26 Santiago Rodríguez,2018,32,train
9.875441,0.29275456,8.0667925,26 Santiago Rodríguez,2018,33,train
9.669001,-0.7399353,8.89712,26 Santiago Rodríguez,2018,34,train
10.661228,-6.9837203,2.5028412,26 Santiago Rodríguez,2018,35,train
9.230904,-7.7900853,3.150996,26 Santiago Rodríguez,2018,36,train
11.136461,-8.332605,2.6245239,26 Santiago Rodríguez,2018,37,train
9.567271,-8.233869,2.9264114,26 Santiago Rodríguez,2018,38,train
10.198584,-8.624722,2.905089,26 Santiago Rodríguez,2018,39,train
4.5729775,-4.59854,0.036922596,26 Santiago Rodríguez,2018,40,train
5.7637024,-5.326374,-5.466575,26 Santiago Rodríguez,2018,41,train
5.912162,-7.1811576,-7.0365176,26 Santiago Rodríguez,2018,42,train
4.2522697,-11.390361,0.7352517,26 Santiago Rodríguez,2018,43,train
3.4734433,-10.87076,-0.4555495,26 Santiago Rodríguez,2018,44,train
2.447072,-10.254015,-0.38269284,26 Santiago Rodríguez,2018,45,train
3.1438081,-11.791973,-3.104711,26 Santiago Rodríguez,2018,46,train
1.8773059,-11.001309,-0.8271315,26 Santiago Rodríguez,2018,47,train
0.9114848,-10.011938,-2.5357985,26 Santiago Rodríguez,2018,48,train
-5.0250635,-13.395934,-3.4352205,26 Santiago Rodríguez,2018,49,train
-5.0874166,-12.905568,-2.8569403,26 Santiago Rodríguez,2018,50,train
-5.0679145,-11.950075,-1.9389101,26 Santiago Rodríguez,2018,51,train
-9.894919,-8.328137,-2.5844607,26 Santiago Rodríguez,2018,52,train
-10.083714,-7.9669213,-1.0119611,26 Santiago Rodríguez,2019,1,train
-8.460262,-5.645468,-1.0737658,26 Santiago Rodríguez,2019,2,train
-9.1526575,-5.9527574,0.4121426,26 Santiago Rodríguez,2019,3,train
-10.85075,-6.266704,0.16295195,26 Santiago Rodríguez,2019,4,train
-11.794626,-2.8720496,2.203101,26 Santiago Rodríguez,2019,5,train
-12.016559,-2.0172977,0.8433338,26 Santiago Rodríguez,2019,6,train
-12.527799,-1.5196824,1.4758658,26 Santiago Rodríguez,2019,7,train
-15.035313,-0.17193513,2.4953113,26 Santiago Rodríguez,2019,8,train
-14.346324,-0.43208152,3.7948298,26 Santiago Rodríguez,2019,9,train
-13.872985,1.6125749,5.8759484,26 Santiago Rodríguez,2019,10,train
-13.42386,2.6186085,6.4979672,26 Santiago Rodríguez,2019,11,train
-12.439437,4.076691,7.0409293,26 Santiago Rodríguez,2019,12,train
-11.260926,6.187864,5.5511727,26 Santiago Rodríguez,2019,13,train
-12.603896,6.192113,7.255834,26 Santiago Rodríguez,2019,14,train
-11.689321,6.1196632,9.970631,26 Santiago Rodríguez,2019,15,train
-11.820309,6.426057,11.482617,26 Santiago Rodríguez,2019,16,train
-10.529301,6.1311116,9.925932,26 Santiago Rodríguez,2019,17,train
-10.820588,7.701413,10.462797,26 Santiago Rodríguez,2019,18,train
-10.708568,8.539128,12.485793,26 Santiago Rodríguez,2019,19,train
-1.3751768,5.789361,9.755018,26 Santiago Rodríguez,2019,20,train
-0.76726466,7.8385425,6.69925,26 Santiago Rodríguez,2019,21,train
2.5901997,19.902102,-3.333839,26 Santiago Rodríguez,2019,22,train
0.5266217,7.3140836,6.792107,26 Santiago Rodríguez,2019,23,train
1.2982447,6.400954,8.381041,26 Santiago Rodríguez,2019,24,train
2.1677904,3.0714326,11.533354,26 Santiago Rodríguez,2019,25,train
2.6221247,3.720143,11.030261,26 Santiago Rodríguez,2019,26,train
10.678969,-3.1731973,5.79819,26 Santiago Rodríguez,2019,27,train
12.690369,-3.1980562,5.607151,26 Santiago Rodríguez,2019,28,train
13.487246,-3.5501661,5.545206,26 Santiago Rodríguez,2019,29,train
14.032058,-3.5755012,5.6299143,26 Santiago Rodríguez,2019,30,train
13.680974,-2.2382913,3.538296,26 Santiago Rodríguez,2019,31,train
13.776575,-3.1280313,4.5383353,26 Santiago Rodríguez,2019,32,train
13.752675,-3.743098,5.6792207,26 Santiago Rodríguez,2019,33,train
13.601547,-3.1467805,4.752692,26 Santiago Rodríguez,2019,34,train
12.492494,-6.5689754,2.0233238,26 Santiago Rodríguez,2019,35,train
12.541463,-7.48038,0.8695359,26 Santiago Rodríguez,2019,36,train
12.070307,-6.6956177,0.14618117,26 Santiago Rodríguez,2019,37,train
17.98525,14.021392,-16.791744,26 Santiago Rodríguez,2019,38,train
13.411346,19.83171,-23.47889,26 Santiago Rodríguez,2019,39,train
12.94584,15.373156,-20.16611,26 Santiago Rodríguez,2019,40,train
6.5766335,-9.2081175,-1.7711997,26 Santiago Rodríguez,2019,41,train
5.7239127,-8.997212,-0.6600596,26 Santiago Rodríguez,2019,42,train
5.60748,-10.037805,-2.16419,26 Santiago Rodríguez,2019,43,train
5.2948985,-11.080917,-2.712112,26 Santiago Rodríguez,2019,44,train
4.9847746,-10.901296,-3.254879,26 Santiago Rodríguez,2019,45,train
3.2776182,-9.889092,-4.499692,26 Santiago Rodríguez,2019,46,train
1.1232945,-7.8164086,-3.6645336,26 Santiago Rodríguez,2019,47,train
1.0997767,-7.998013,-3.1253202,26 Santiago Rodríguez,2019,48,train
-3.8120081,-10.853348,-7.10287,26 Santiago Rodríguez,2019,49,train
-5.0709248,-11.576774,-7.636397,26 Santiago Rodríguez,2019,50,train
-5.1982255,-11.3216505,-6.152608,26 Santiago Rodríguez,2019,51,train
-10.174769,-7.1923046,-2.1027503,26 Santiago Rodríguez,2019,52,train
-10.01835,-6.8131547,-3.006365,26 Santiago Rodríguez,2020,1,val
-10.390074,-6.464429,-1.9783874,26 Santiago Rodríguez,2020,2,val
-10.241777,-5.2199087,-2.7896512,26 Santiago Rodríguez,2020,3,val
-8.610974,-3.7490184,-1.512989,26 Santiago Rodríguez,2020,4,val
-10.689127,-1.7973812,1.4709361,26 Santiago Rodríguez,2020,5,val
-10.956202,-1.2097198,1.4984108,26 Santiago Rodríguez,2020,6,val
-12.729294,-0.14775042,2.0479872,26 Santiago Rodríguez,2020,7,val
-12.910674,0.557587,2.3580472,26 Santiago Rodríguez,2020,8,val
-11.545215,0.630393,2.945759,26 Santiago Rodríguez,2020,9,val
-12.636936,2.9100409,0.5165283,26 Santiago Rodríguez,2020,10,val
-10.737504,3.2571535,1.5111648,26 Santiago Rodríguez,2020,11,val
-12.170114,3.668886,4.1036234,26 Santiago Rodríguez,2020,12,val
-11.718861,5.153126,6.7647085,26 Santiago Rodríguez,2020,13,val
-11.085518,5.525049,7.7789617,26 Santiago Rodríguez,2020,14,val
-11.4652605,6.4759088,10.621067,26 Santiago Rodríguez,2020,15,val
-11.948318,7.6967587,11.8234625,26 Santiago Rodríguez,2020,16,val
-11.306902,7.235222,13.137531,26 Santiago Rodríguez,2020,17,val
-11.220794,8.252344,13.130491,26 Santiago Rodríguez,2020,18,val
-9.839329,8.656221,10.96725,26 Santiago Rodríguez,2020,19,val
-9.072203,8.857604,11.732266,26 Santiago Rodríguez,2020,20,val
-9.263294,10.417804,12.888976,26 Santiago Rodríguez,2020,21,val
-8.104554,9.004826,12.386253,26 Santiago Rodríguez,2020,22,val
-8.597339,10.240028,12.917049,26 Santiago Rodríguez,2020,23,val
-8.871179,11.00532,13.3895645,26 Santiago Rodríguez,2020,24,val
-8.8535185,10.727408,13.3484955,26 Santiago Rodríguez,2020,25,val
-8.685278,10.376847,15.465559,26 Santiago Rodríguez,2020,26,val
5.8622956,2.7327805,8.555279,26 Santiago Rodríguez,2020,27,val
6.8836436,2.7081413,9.499631,26 Santiago Rodríguez,2020,28,val
6.3665247,2.290383,9.907351,26 Santiago Rodríguez,2020,29,val
7.587024,3.0519824,9.800491,26 Santiago Rodríguez,2020,30,val
8.148013,4.756679,8.989714,26 Santiago Rodríguez,2020,31,val
7.161697,2.5345101,10.160088,26 Santiago Rodríguez,2020,32,val
8.561683,3.3721056,10.72331,26 Santiago Rodríguez,2020,33,val
8.504468,4.237164,10.1871195,26 Santiago Rodríguez,2020,34,val
13.5368395,-1.9985827,-6.179373,26 Santiago Rodríguez,2020,35,val
15.278067,-1.3785979,-6.3703685,26 Santiago Rodríguez,2020,36,val
14.949621,-2.1245434,-3.9930093,26 Santiago Rodríguez,2020,37,val
14.868126,-1.0842949,-6.4755263,26 Santiago Rodríguez,2020,38,val
14.54992,-1.2485486,-6.022942,26 Santiago Rodríguez,2020,39,val
13.838008,-1.1939135,-5.840652,26 Santiago Rodríguez,2020,40,val
10.517719,-5.7748613,-2.0014145,26 Santiago Rodríguez,2020,41,val
9.450698,-3.531258,-8.419417,26 Santiago Rodríguez,2020,42,val
5.931759,-4.80674,-9.990556,26 Santiago Rodríguez,2020,43,val
2.9660053,-6.4726906,-12.70921,26 Santiago Rodríguez,2020,44,val
0.49171844,-6.2072124,-14.415559,26 Santiago Rodríguez,2020,45,val
-0.6727101,-6.25089,-15.107419,26 Santiago Rodríguez,2020,46,val
-1.3498425,-5.791146,-15.365868,26 Santiago Rodríguez,2020,47,val
-1.2160238,-5.343228,-13.266867,26 Santiago Rodríguez,2020,48,val
-1.5731459,-7.2390184,-6.4755325,26 Santiago Rodríguez,2020,49,val
-2.3390596,6.36389,-26.517908,26 Santiago Rodríguez,2020,50,val
-2.0592365,-3.9555478,-12.072007,26 Santiago Rodríguez,2020,51,val
-5.6943984,0.3124502,-9.488503,26 Santiago Rodríguez,2020,52,val
-4.078725,-4.1604915,-1.1887128,26 Santiago Rodríguez,2021,1,val
-5.592415,-7.28377,2.2810757,26 Santiago Rodríguez,2021,2,val
-6.0053415,-5.060453,-0.23449223,26 Santiago Rodríguez,2021,3,val
-4.844475,-3.899991,0.58730185,26 Santiago Rodríguez,2021,4,val
-6.0739346,4.0439816,-4.8636065,26 Santiago Rodríguez,2021,5,val
-9.376089,5.9177284,-5.7343884,26 Santiago Rodríguez,2021,6,val
-7.4393363,-2.5438066,5.383536,26 Santiago Rodríguez,2021,7,val
-8.3538885,-0.68409055,4.7991924,26 Santiago Rodríguez,2021,8,val
-8.8759,2.6913083,2.510764,26 Santiago Rodríguez,2021,9,val
-8.441809,5.587081,-3.4496534,26 Santiago Rodríguez,2021,10,val
-7.402918,0.6778742,5.440488,26 Santiago Rodríguez,2021,11,val
-10.597439,8.1630745,-0.6513766,26 Santiago Rodríguez,2021,12,val
-12.76432,20.117786,-10.642376,26 Santiago Rodríguez,2021,13,val
-9.647977,10.304275,-0.46728727,26 Santiago Rodríguez,2021,14,val
-7.7149744,2.9475627,8.578004,26 Santiago Rodríguez,2021,15,val
-9.2395735,4.607943,11.4200945,26 Santiago Rodríguez,2021,16,val
-8.989553,5.7986407,9.920881,26 Santiago Rodríguez,2021,17,val
-8.860777,6.137078,11.772786,26 Santiago Rodríguez,2021,18,val
-9.253876,7.57764,13.341888,26 Santiago Rodríguez,2021,19,val
-8.589949,7.9233003,10.92758,26 Santiago Rodríguez,2021,20,val
-8.34401,9.039812,11.705977,26 Santiago Rodríguez,2021,21,val
-8.681324,11.183463,12.130709,26 Santiago Rodríguez,2021,22,val
-8.032142,11.546673,11.123561,26 Santiago Rodríguez,2021,23,val
-9.102854,11.423332,14.357123,26 Santiago Rodríguez,2021,24,val
-8.782759,11.392978,13.884079,26 Santiago Rodríguez,2021,25,val
-9.017922,10.846569,13.899524,26 Santiago Rodríguez,2021,26,val
7.0529685,2.0285814,9.831387,26 Santiago Rodríguez,2021,27,val
6.997726,2.5526268,9.408927,26 Santiago Rodríguez,2021,28,val
7.303481,2.7392483,9.638437,26 Santiago Rodríguez,2021,29,val
7.2972274,3.199265,8.698498,26 Santiago Rodríguez,2021,30,val
7.94698,2.720334,9.639685,26 Santiago Rodríguez,2021,31,val
8.502063,4.100701,8.193803,26 Santiago Rodríguez,2021,32,val
8.788356,4.262446,8.172718,26 Santiago Rodríguez,2021,33,val
8.662416,1.7672541,10.30903,26 Santiago Rodríguez,2021,34,val
12.286264,-8.253402,3.7263494,26 Santiago Rodríguez,2021,35,val
14.249236,-9.260263,4.8006196,26 Santiago Rodríguez,2021,36,val
15.92722,1.5123488,-7.377618,26 Santiago Rodríguez,2021,37,val
16.076126,1.415643,-7.304409,26 Santiago Rodríguez,2021,38,val
12.118241,0.19875912,-5.780304,26 Santiago Rodríguez,2021,39,val
14.634199,0.642513,-7.1452613,26 Santiago Rodríguez,2021,40,val
10.146588,11.024748,-20.565489,26 Santiago Rodríguez,2021,41,val
6.880021,-4.832206,-10.009858,26 Santiago Rodríguez,2021,42,val
6.057789,-4.7390513,-9.106034,26 Santiago Rodríguez,2021,43,val
5.27965,-5.2377124,-9.3226595,26 Santiago Rodríguez,2021,44,val
2.5010927,-10.405453,-0.06332436,26 Santiago Rodríguez,2021,45,val
2.9703536,-11.956407,-1.4873617,26 Santiago Rodríguez,2021,46,val
1.5722262,-5.174283,-6.4018173,26 Santiago Rodríguez,2021,47,val
2.49895,-6.196103,-9.419434,26 Santiago Rodríguez,2021,48,val
1.2898077,-8.21209,-4.8180876,26 Santiago Rodríguez,2021,49,val
2.3689587,-7.028854,-9.050021,26 Santiago Rodríguez,2021,50,val
0.6877208,-6.4823,-3.7736802,26 Santiago Rodríguez,2021,51,val
-1.6643988,-4.250415,1.2819326,26 Santiago Rodríguez,2021,52,val
-10.25498,-5.82202,-3.973076,27 Valverde,2015,1,train
-9.665807,-5.1588573,-2.5950544,27 Valverde,2015,2,train
-9.349079,-4.361868,-1.7910242,27 Valverde,2015,3,train
-8.999637,-3.8898427,-0.9749745,27 Valverde,2015,4,train
-10.014481,16.493412,-20.501522,27 Valverde,2015,5,train
-9.774404,1.3249326,-1.9594514,27 Valverde,2015,6,train
-8.98873,1.4869689,-2.018217,27 Valverde,2015,7,train
-10.972294,18.177616,-17.887436,27 Valverde,2015,8,train
-11.20178,2.2781963,1.358998,27 Valverde,2015,9,train
-13.6702175,3.027646,2.0312316,27 Valverde,2015,10,train
-14.428871,3.607028,2.6084635,27 Valverde,2015,11,train
-12.580356,3.7604382,3.6793203,27 Valverde,2015,12,train
-12.609475,5.2984924,5.9347425,27 Valverde,2015,13,train
-12.792156,5.8679333,4.2109485,27 Valverde,2015,14,train
-13.586158,6.9529176,6.4954796,27 Valverde,2015,15,train
-12.296147,7.145583,8.499863,27 Valverde,2015,16,train
-11.477198,7.9810123,9.479594,27 Valverde,2015,17,train
-2.9015734,4.63401,10.78576,27 Valverde,2015,18,train
-2.9979818,4.3191433,11.173919,27 Valverde,2015,19,train
-2.7016275,7.0290685,9.71233,27 Valverde,2015,20,train
-2.0234687,7.742232,9.744545,27 Valverde,2015,21,train
-0.61151123,6.8704257,7.7091765,27 Valverde,2015,22,train
0.09964221,4.8390307,9.321816,27 Valverde,2015,23,train
0.74281967,4.4255886,9.9950485,27 Valverde,2015,24,train
1.6369854,4.871745,10.171814,27 Valverde,2015,25,train
2.072848,3.7891822,11.0706835,27 Valverde,2015,26,train
12.211354,-0.09127644,6.998879,27 Valverde,2015,27,train
11.79363,0.14198487,6.265387,27 Valverde,2015,28,train
11.5119295,-0.49455762,6.365556,27 Valverde,2015,29,train
11.313347,-1.7501497,7.8139296,27 Valverde,2015,30,train
12.379874,-0.84522486,6.9871335,27 Valverde,2015,31,train
13.023204,-0.1757484,6.6500397,27 Valverde,2015,32,train
13.161346,-0.38233653,6.8156753,27 Valverde,2015,33,train
13.583211,-0.50871456,6.7747264,27 Valverde,2015,34,train
11.86887,-6.8205466,0.07200066,27 Valverde,2015,35,train
11.386054,-7.3455567,-0.2579707,27 Valverde,2015,36,train
12.482388,-8.8980055,-0.28334624,27 Valverde,2015,37,train
11.31977,-8.570212,-1.3538668,27 Valverde,2015,38,train
10.552299,-8.637811,-1.4673021,27 Valverde,2015,39,train
10.062503,-10.586267,-2.0642354,27 Valverde,2015,40,train
9.7686205,-10.434242,-2.4854991,27 Valverde,2015,41,train
9.820345,-11.374288,-2.9196706,27 Valverde,2015,42,train
15.408116,13.571086,-16.995102,27 Valverde,2015,43,train
6.578301,-9.1581,-4.450238,27 Valverde,2015,44,train
5.9308405,-10.5659,-5.502123,27 Valverde,2015,45,train
5.09366,-10.536491,-4.6905656,27 Valverde,2015,46,train
2.3889134,-9.48707,-3.875648,27 Valverde,2015,47,train
-3.291423,-10.361293,-6.2753944,27 Valverde,2015,48,train
-4.652276,-11.994153,-7.4970675,27 Valverde,2015,49,train
-5.096627,-11.692774,-5.9138546,27 Valverde,2015,50,train
-5.734323,-11.287042,-6.3348174,27 Valverde,2015,51,train
-11.662093,-6.881217,-5.562304,27 Valverde,2015,52,train
-11.212242,-4.072714,-1.7828695,27 Valverde,2016,1,train
-11.709151,-4.1227555,-1.466115,27 Valverde,2016,2,train
-11.50356,-3.559933,-2.0507703,27 Valverde,2016,3,train
-11.928231,-3.2892065,-2.276759,27 Valverde,2016,4,train
-11.078496,-1.8240705,-0.32716027,27 Valverde,2016,5,train
-12.615095,-1.4072466,-1.0421022,27 Valverde,2016,6,train
-12.125611,-1.2476679,-0.32557046,27 Valverde,2016,7,train
-12.966467,-0.84791017,0.4521995,27 Valverde,2016,8,train
-14.073132,0.25392216,0.09501902,27 Valverde,2016,9,train
-11.977189,2.1010056,2.3170826,27 Valverde,2016,10,train
-12.951405,2.9870358,4.881571,27 Valverde,2016,11,train
-14.42533,5.501357,6.430488,27 Valverde,2016,12,train
-12.864936,5.60496,8.281069,27 Valverde,2016,13,train
-12.931431,6.6653666,7.270806,27 Valverde,2016,14,train
-12.483086,6.224822,6.678874,27 Valverde,2016,15,train
-11.7114935,7.7196856,6.1502604,27 Valverde,2016,16,train
-6.812767,21.263014,-4.904206,27 Valverde,2016,17,train
-8.142262,20.210354,-4.0432415,27 Valverde,2016,18,train
-1.9392965,9.449515,6.576166,27 Valverde,2016,19,train
-1.3584589,7.292824,9.508123,27 Valverde,2016,20,train
-0.6029719,7.857112,6.547121,27 Valverde,2016,21,train
2.8414407,19.453072,-2.7847953,27 Valverde,2016,22,train
0.6570614,5.245651,8.645826,27 Valverde,2016,23,train
1.1992524,3.9550838,9.148838,27 Valverde,2016,24,train
2.810458,6.5129185,9.103902,27 Valverde,2016,25,train
2.9731627,5.1822047,9.430585,27 Valverde,2016,26,train
8.509745,1.8601036,8.029587,27 Valverde,2016,27,train
8.623754,2.1170394,8.22111,27 Valverde,2016,28,train
8.268875,1.9930854,8.305773,27 Valverde,2016,29,train
8.93157,2.9273024,7.9098377,27 Valverde,2016,30,train
7.713771,2.5535185,7.764113,27 Valverde,2016,31,train
7.549089,2.2758713,8.70988,27 Valverde,2016,32,train
7.0782623,0.717956,9.102952,27 Valverde,2016,33,train
11.377755,20.064169,-8.632045,27 Valverde,2016,34,train
13.140888,0.28441206,-5.77655,27 Valverde,2016,35,train
15.161996,1.0118043,-7.1781945,27 Valverde,2016,36,train
14.7552395,1.0104128,-6.3167453,27 Valverde,2016,37,train
15.573756,0.91555786,-7.0731425,27 Valverde,2016,38,train
16.942211,0.93247384,-7.393021,27 Valverde,2016,39,train
10.666864,-4.044008,-9.039197,27 Valverde,2016,40,train
8.489849,-4.6727204,-9.459168,27 Valverde,2016,41,train
7.5427017,8.967898,-23.198093,27 Valverde,2016,42,train
5.7462273,-2.789974,-12.288666,27 Valverde,2016,43,train
5.9095507,4.1865864,-21.216148,27 Valverde,2016,44,train
5.3632393,7.4755845,-25.921167,27 Valverde,2016,45,train
4.430619,10.835955,-27.703487,27 Valverde,2016,46,train
2.2026646,-2.7250187,-11.780423,27 Valverde,2016,47,train
-1.8209403,-4.6837997,-13.171262,27 Valverde,2016,48,train
-1.9054484,-5.7815366,-11.132024,27 Valverde,2016,49,train
-2.5680988,-5.7705736,-11.992958,27 Valverde,2016,50,train
-3.564903,-4.7262573,-12.522953,27 Valverde,2016,51,train
-5.7051067,-1.1015112,-7.1443257,27 Valverde,2016,52,train
-8.150877,-1.9660343,-7.7590957,27 Valverde,2017,1,train
-5.167487,-0.07186524,-5.2172394,27 Valverde,2017,2,train
-4.1730757,-2.7481341,0.058893792,27 Valverde,2017,3,train
-5.567007,-4.104448,1.15827,27 Valverde,2017,4,train
-9.744343,-1.1201783,0.21445897,27 Valverde,2017,5,train
-10.006355,-2.397585,2.6545494,27 Valverde,2017,6,train
-10.346238,4.543038,-4.7447095,27 Valverde,2017,7,train
-8.664948,-0.89515185,3.2670915,27 Valverde,2017,8,train
-11.560335,0.41846025,3.8462443,27 Valverde,2017,9,train
-8.139304,-0.27072352,5.0421042,27 Valverde,2017,10,train
-11.588154,2.0461462,6.1153617,27 Valverde,2017,11,train
-10.763793,20.615583,-12.795521,27 Valverde,2017,12,train
-10.45524,9.544668,-0.9234736,27 Valverde,2017,13,train
-11.331057,6.32391,7.3508024,27 Valverde,2017,14,train
-9.495618,9.108397,1.0783885,27 Valverde,2017,15,train
-8.579008,13.296417,3.1574616,27 Valverde,2017,16,train
-8.056895,13.318483,4.2784534,27 Valverde,2017,17,train
-1.6632415,8.697307,4.173982,27 Valverde,2017,18,train
-1.7461832,6.5994005,4.911106,27 Valverde,2017,19,train
-1.2834778,9.8450775,7.1146545,27 Valverde,2017,20,train
-0.6288235,6.361159,9.618788,27 Valverde,2017,21,train
0.12613605,6.3165884,9.088906,27 Valverde,2017,22,train
0.7784212,5.178952,10.354081,27 Valverde,2017,23,train
1.6176735,5.503405,9.747892,27 Valverde,2017,24,train
2.754031,6.5958457,9.596875,27 Valverde,2017,25,train
3.2688913,6.008355,9.295854,27 Valverde,2017,26,train
8.033243,3.3422406,7.9835935,27 Valverde,2017,27,train
7.072701,4.2150006,6.652486,27 Valverde,2017,28,train
7.611152,3.3750145,8.176972,27 Valverde,2017,29,train
7.168911,2.5402577,8.316867,27 Valverde,2017,30,train
8.0606575,3.2624848,8.789962,27 Valverde,2017,31,train
7.2549233,3.0240264,8.198663,27 Valverde,2017,32,train
7.7682657,3.695074,8.29832,27 Valverde,2017,33,train
7.6129537,3.054726,8.443461,27 Valverde,2017,34,train
14.109301,-7.3569884,2.381274,27 Valverde,2017,35,train
13.885003,7.43423,-18.584164,27 Valverde,2017,36,train
12.841485,6.380731,-16.841318,27 Valverde,2017,37,train
12.676626,7.849235,-20.53272,27 Valverde,2017,38,train
10.956085,-3.0498886,-7.166348,27 Valverde,2017,39,train
10.653433,-3.5705736,-8.314326,27 Valverde,2017,40,train
9.532417,-3.389906,-7.7480216,27 Valverde,2017,41,train
8.0958605,-5.7709656,-10.041468,27 Valverde,2017,42,train
6.2155824,-5.7691736,-8.445668,27 Valverde,2017,43,train
5.6812415,-6.87572,-9.829212,27 Valverde,2017,44,train
5.007321,-6.428145,-11.272949,27 Valverde,2017,45,train
3.355268,-4.901828,-10.607773,27 Valverde,2017,46,train
3.699302,-6.131292,-10.267652,27 Valverde,2017,47,train
-1.9090269,-6.259181,-13.143846,27 Valverde,2017,48,train
-2.3326986,-6.2530065,-13.796299,27 Valverde,2017,49,train
-2.9415734,-10.070816,-7.2181168,27 Valverde,2017,50,train
-3.2158237,-4.874179,-14.087543,27 Valverde,2017,51,train
-7.2942495,-6.526743,-2.2083046,27 Valverde,2017,52,train
-6.6429515,10.716928,-23.4285,27 Valverde,2018,1,train
-8.347579,0.9212116,-10.99607,27 Valverde,2018,2,train
-8.904736,1.920867,-11.10408,27 Valverde,2018,3,train
-9.645902,2.7704248,-11.480797,27 Valverde,2018,4,train
-7.536265,0.94536364,-1.2053951,27 Valverde,2018,5,train
-11.372923,4.714094,-5.5003533,27 Valverde,2018,6,train
-10.84935,5.948005,-5.623111,27 Valverde,2018,7,train
-10.347921,3.9602835,-2.2210667,27 Valverde,2018,8,train
-7.5808845,0.051740844,3.5102487,27 Valverde,2018,9,train
-7.6290226,0.54013777,5.222999,27 Valverde,2018,10,train
-9.30523,1.1016705,7.121905,27 Valverde,2018,11,train
-9.7848,2.3710914,6.731584,27 Valverde,2018,12,train
-7.3659763,2.0920463,5.9357247,27 Valverde,2018,13,train
-11.042084,9.311551,1.8108518,27 Valverde,2018,14,train
-11.318818,6.1078386,8.516666,27 Valverde,2018,15,train
-10.210213,5.827678,9.793113,27 Valverde,2018,16,train
-9.565064,6.263931,10.360562,27 Valverde,2018,17,train
-2.6702151,3.0628004,7.6057873,27 Valverde,2018,18,train
-2.7654848,3.9880006,9.4243145,27 Valverde,2018,19,train
-2.4854765,6.2407002,9.541089,27 Valverde,2018,20,train
-1.7560325,3.9515512,10.125524,27 Valverde,2018,21,train
-0.7969163,4.8087964,10.862037,27 Valverde,2018,22,train
-0.3510223,2.9338763,11.595582,27 Valverde,2018,23,train
0.49397275,3.8159466,10.923057,27 Valverde,2018,24,train
1.3513548,3.687497,9.224868,27 Valverde,2018,25,train
1.9309145,3.7031617,10.206672,27 Valverde,2018,26,train
8.032899,-0.4820776,8.383891,27 Valverde,2018,27,train
9.054544,0.7815153,7.687028,27 Valverde,2018,28,train
9.78842,1.4458903,7.4948826,27 Valverde,2018,29,train
8.81986,0.09884595,8.177916,27 Valverde,2018,30,train
10.120368,1.649553,7.399705,27 Valverde,2018,31,train
9.794904,0.091544576,7.864479,27 Valverde,2018,32,train
11.063702,1.6976728,6.9145412,27 Valverde,2018,33,train
10.556386,0.57221067,7.51445,27 Valverde,2018,34,train
11.471805,-6.8235636,1.7323866,27 Valverde,2018,35,train
10.91826,-7.493386,2.3572464,27 Valverde,2018,36,train
11.146552,-7.528591,2.046454,27 Valverde,2018,37,train
9.779104,-7.497222,2.2871945,27 Valverde,2018,38,train
10.699863,-7.6175284,1.8387983,27 Valverde,2018,39,train
6.943856,-5.063943,-5.7062755,27 Valverde,2018,40,train
5.9249735,-5.352624,-5.2929797,27 Valverde,2018,41,train
5.395356,-8.4682,-5.24908,27 Valverde,2018,42,train
4.453819,-11.4158945,0.19806887,27 Valverde,2018,43,train
3.386334,-10.926128,-1.340661,27 Valverde,2018,44,train
2.77476,-10.644758,-2.2519486,27 Valverde,2018,45,train
3.4475849,-11.092893,-4.8391557,27 Valverde,2018,46,train
1.9093451,-10.879716,-1.0826873,27 Valverde,2018,47,train
1.4025286,-10.475487,-3.0610847,27 Valverde,2018,48,train
0.6640585,-10.376043,-2.7535741,27 Valverde,2018,49,train
0.041264948,-9.4393835,-1.6802312,27 Valverde,2018,50,train
-0.43856183,-8.725199,-0.96029156,27 Valverde,2018,51,train
-1.0456699,-3.6638136,0.61212444,27 Valverde,2018,52,train
-9.0175085,-7.0526066,-1.4962721,27 Valverde,2019,1,train
-8.150161,-5.561166,-1.038372,27 Valverde,2019,2,train
-8.481617,-5.2174673,-0.21314868,27 Valverde,2019,3,train
-9.632719,-5.449911,0.08623728,27 Valverde,2019,4,train
-11.449606,-2.7318316,2.199432,27 Valverde,2019,5,train
-11.49694,-1.7426575,0.9047708,27 Valverde,2019,6,train
-12.026832,-0.7432442,1.2226704,27 Valverde,2019,7,train
-14.382334,0.82859534,1.8803618,27 Valverde,2019,8,train
-13.529535,0.39636114,2.783398,27 Valverde,2019,9,train
-13.1007,1.6157082,5.128898,27 Valverde,2019,10,train
-12.530323,2.5051844,4.9956737,27 Valverde,2019,11,train
-11.984676,3.6165352,6.615681,27 Valverde,2019,12,train
-10.729277,5.752214,5.7005587,27 Valverde,2019,13,train
-12.92902,6.3508697,6.4386005,27 Valverde,2019,14,train
-11.339883,5.55176,9.648306,27 Valverde,2019,15,train
-11.364045,6.0651336,10.445446,27 Valverde,2019,16,train
-10.238847,6.16217,9.22045,27 Valverde,2019,17,train
-2.8511887,5.239467,9.326868,27 Valverde,2019,18,train
-2.5152273,5.392519,10.56694,27 Valverde,2019,19,train
-1.4746342,5.016815,9.976741,27 Valverde,2019,20,train
-0.86401975,7.595929,6.8852453,27 Valverde,2019,21,train
-0.20364702,6.282104,7.903974,27 Valverde,2019,22,train
0.5468614,5.921743,8.425448,27 Valverde,2019,23,train
1.3509955,5.335385,9.859223,27 Valverde,2019,24,train
2.1603134,3.5218384,11.621851,27 Valverde,2019,25,train
2.5647829,3.9365592,10.589437,27 Valverde,2019,26,train
10.7298355,-2.640539,5.962918,27 Valverde,2019,27,train
12.078116,-2.4775379,5.0781293,27 Valverde,2019,28,train
13.125911,-2.240234,4.389498,27 Valverde,2019,29,train
13.337623,-2.6358159,4.8422737,27 Valverde,2019,30,train
13.6861315,-1.787889,3.6350453,27 Valverde,2019,31,train
13.895818,-2.5223806,4.5348363,27 Valverde,2019,32,train
13.905178,-2.821605,5.0821366,27 Valverde,2019,33,train
14.203942,-2.5776193,5.2197113,27 Valverde,2019,34,train
13.466641,-6.953191,2.0460823,27 Valverde,2019,35,train
12.511977,-7.1759973,0.49448407,27 Valverde,2019,36,train
11.914416,-6.4410524,-0.39421615,27 Valverde,2019,37,train
10.464251,-7.4378653,-0.7056329,27 Valverde,2019,38,train
14.556337,12.978109,-17.279442,27 Valverde,2019,39,train
8.148729,-7.2368536,-5.2412667,27 Valverde,2019,40,train
7.791517,-9.589778,-2.0125854,27 Valverde,2019,41,train
6.866296,-9.930769,-1.2081832,27 Valverde,2019,42,train
5.605002,-10.557502,-3.187833,27 Valverde,2019,43,train
5.110225,-11.195823,-3.5482268,27 Valverde,2019,44,train
4.578463,-10.236573,-3.3409464,27 Valverde,2019,45,train
3.787949,-10.37167,-4.688051,27 Valverde,2019,46,train
1.4911146,-8.3516865,-3.5449994,27 Valverde,2019,47,train
1.3456957,-8.408585,-3.1846018,27 Valverde,2019,48,train
-4.201727,-11.347175,-7.275964,27 Valverde,2019,49,train
-5.1216464,-10.999905,-7.8237042,27 Valverde,2019,50,train
-5.4444337,-10.813088,-7.357106,27 Valverde,2019,51,train
-9.946277,-6.713749,-3.0718575,27 Valverde,2019,52,train
-9.458503,-6.3141623,-3.0053082,27 Valverde,2020,1,val
-9.524311,-5.6574087,-2.2903557,27 Valverde,2020,2,val
-9.29966,-4.1314416,-3.3128498,27 Valverde,2020,3,val
-8.922736,-3.1151927,-2.7887576,27 Valverde,2020,4,val
-10.205845,-1.3807127,1.0278077,27 Valverde,2020,5,val
-11.7286415,-0.62700015,0.8851895,27 Valverde,2020,6,val
-12.554661,0.26359788,1.5021051,27 Valverde,2020,7,val
-12.680283,0.75976104,1.9266907,27 Valverde,2020,8,val
-11.456726,0.8315776,2.6560545,27 Valverde,2020,9,val
-12.784726,2.9136734,0.7646062,27 Valverde,2020,10,val
-11.731756,3.8971746,0.83063614,27 Valverde,2020,11,val
-10.332393,3.0677955,3.1701522,27 Valverde,2020,12,val
-11.091273,4.453333,5.74862,27 Valverde,2020,13,val
-10.975811,5.454041,7.3826237,27 Valverde,2020,14,val
-11.309944,6.630814,9.676753,27 Valverde,2020,15,val
-11.551646,7.4237885,10.593314,27 Valverde,2020,16,val
-11.311381,7.61028,11.818266,27 Valverde,2020,17,val
-10.971021,7.9731226,12.064715,27 Valverde,2020,18,val
-10.456973,9.525908,10.298456,27 Valverde,2020,19,val
-9.222264,8.557421,12.481639,27 Valverde,2020,20,val
-9.243226,10.275005,12.820917,27 Valverde,2020,21,val
-8.0311,8.859218,12.433277,27 Valverde,2020,22,val
-8.862062,11.201842,13.926558,27 Valverde,2020,23,val
-8.617659,10.987695,12.955631,27 Valverde,2020,24,val
-8.940541,11.319946,14.212048,27 Valverde,2020,25,val
-8.89207,10.895777,14.550793,27 Valverde,2020,26,val
6.237223,2.5636847,8.936236,27 Valverde,2020,27,val
7.4441843,3.3123844,9.043065,27 Valverde,2020,28,val
7.506871,3.1209877,9.433707,27 Valverde,2020,29,val
8.656173,4.0350423,9.230484,27 Valverde,2020,30,val
8.485854,5.3898726,8.474564,27 Valverde,2020,31,val
7.94136,3.6745982,9.739481,27 Valverde,2020,32,val
9.112309,4.9563293,9.459248,27 Valverde,2020,33,val
11.92732,15.742205,-4.1057696,27 Valverde,2020,34,val
12.998257,-2.0191617,-6.807741,27 Valverde,2020,35,val
15.066787,0.14621417,-7.633146,27 Valverde,2020,36,val
16.656244,1.5548673,-7.5505667,27 Valverde,2020,37,val
16.059145,1.368166,-7.8012047,27 Valverde,2020,38,val
14.673654,1.6396856,-7.0412726,27 Valverde,2020,39,val
14.198133,0.262218,-8.111995,27 Valverde,2020,40,val
12.806145,-1.9220304,-7.036998,27 Valverde,2020,41,val
10.261733,-2.5609276,-10.427235,27 Valverde,2020,42,val
7.4250326,-4.140295,-9.821368,27 Valverde,2020,43,val
7.2199636,-6.7232585,-12.357694,27 Valverde,2020,44,val
4.9118085,-6.074086,-11.386306,27 Valverde,2020,45,val
4.032524,-5.83624,-11.133313,27 Valverde,2020,46,val
3.1690748,-5.7446775,-10.563659,27 Valverde,2020,47,val
2.2462735,-5.4019403,-9.416634,27 Valverde,2020,48,val
1.4837765,-5.2374244,-6.986287,27 Valverde,2020,49,val
-1.5457166,-4.2046537,-13.133894,27 Valverde,2020,50,val
-2.3625407,-3.7827957,-12.459154,27 Valverde,2020,51,val
-6.0520787,0.50562125,-10.016323,27 Valverde,2020,52,val
-4.1916294,-1.562279,-4.695503,27 Valverde,2021,1,val
-5.2236853,-6.1808558,1.0044755,27 Valverde,2021,2,val
-6.4785757,0.59609497,-7.6174097,27 Valverde,2021,3,val
-4.9473042,-4.283057,1.0374961,27 Valverde,2021,4,val
-7.365094,4.318337,-5.6608863,27 Valverde,2021,5,val
-9.774142,6.0610623,-6.2687216,27 Valverde,2021,6,val
-8.225828,4.2474494,-2.2411857,27 Valverde,2021,7,val
-8.49169,6.466719,-3.8641348,27 Valverde,2021,8,val
-7.261886,-0.34093335,5.358116,27 Valverde,2021,9,val
-8.196269,5.866658,-3.6519825,27 Valverde,2021,10,val
-6.9348965,0.7214099,5.1089687,27 Valverde,2021,11,val
-11.455565,10.18875,-3.0353882,27 Valverde,2021,12,val
-10.250696,8.642523,0.9662418,27 Valverde,2021,13,val
-9.675335,10.080979,-0.75123817,27 Valverde,2021,14,val
-7.1405525,2.9246686,7.3136816,27 Valverde,2021,15,val
-9.402381,5.601037,10.063703,27 Valverde,2021,16,val
-9.375788,6.5867424,8.962274,27 Valverde,2021,17,val
-8.688899,6.3246403,10.825581,27 Valverde,2021,18,val
-9.157317,7.875166,12.042701,27 Valverde,2021,19,val
-8.2675705,7.466648,10.47756,27 Valverde,2021,20,val
-9.131558,11.422546,9.189582,27 Valverde,2021,21,val
-8.719283,12.418138,10.20807,27 Valverde,2021,22,val
-7.834367,12.257473,10.181415,27 Valverde,2021,23,val
-8.894287,13.041811,12.993408,27 Valverde,2021,24,val
-8.465962,11.198535,13.25237,27 Valverde,2021,25,val
-8.8058195,12.5124855,13.071795,27 Valverde,2021,26,val
7.762008,3.6410582,8.65767,27 Valverde,2021,27,val
7.7141113,3.7234461,8.633411,27 Valverde,2021,28,val
7.3684974,3.029285,8.184455,27 Valverde,2021,29,val
7.2737856,2.7264247,8.304208,27 Valverde,2021,30,val
7.8827314,2.8359013,8.503881,27 Valverde,2021,31,val
12.561641,18.629713,-6.4644866,27 Valverde,2021,32,val
7.9040737,4.1225114,6.7969213,27 Valverde,2021,33,val
8.253329,1.808977,8.825016,27 Valverde,2021,34,val
12.935066,-7.8174624,3.897168,27 Valverde,2021,35,val
15.598686,-7.115519,2.5295885,27 Valverde,2021,36,val
15.450741,1.55088,-7.463179,27 Valverde,2021,37,val
15.242856,0.13718581,-7.3312073,27 Valverde,2021,38,val
12.690836,0.52204144,-5.681207,27 Valverde,2021,39,val
15.656756,1.2533486,-7.8971243,27 Valverde,2021,40,val
12.255536,5.8159204,-17.997484,27 Valverde,2021,41,val
7.043944,-4.999178,-9.764885,27 Valverde,2021,42,val
7.05115,-4.5208693,-8.724121,27 Valverde,2021,43,val
5.979603,-5.7707944,-10.267258,27 Valverde,2021,44,val
4.604628,-6.079597,-8.703313,27 Valverde,2021,45,val
4.170911,-6.508865,-9.446093,27 Valverde,2021,46,val
2.0450516,-4.9280367,-8.169637,27 Valverde,2021,47,val
-1.6829107,-5.7753077,-13.32091,27 Valverde,2021,48,val
-2.1795857,-5.1889553,-13.322138,27 Valverde,2021,49,val
-2.616337,-4.639817,-13.085712,27 Valverde,2021,50,val
-1.9201344,-4.7616916,-11.585247,27 Valverde,2021,51,val
-5.0404377,-1.4120698,-6.4311366,27 Valverde,2021,52,val
-5.272654,-2.6422648,-3.1721566,28 Monseñor Nouel,2015,1,train
-5.450304,-1.9857143,-2.7543352,28 Monseñor Nouel,2015,2,train
-5.71844,-1.5246501,-2.5770876,28 Monseñor Nouel,2015,3,train
-5.076956,-1.5537251,-1.5668797,28 Monseñor Nouel,2015,4,train
-5.8616233,0.2456321,-1.1029865,28 Monseñor Nouel,2015,5,train
-6.0986814,0.89713544,-1.0050881,28 Monseñor Nouel,2015,6,train
-5.7607074,1.014177,-0.62424874,28 Monseñor Nouel,2015,7,train
-7.1475883,17.39724,-16.817707,28 Monseñor Nouel,2015,8,train
-6.4715853,2.1959493,0.3426372,28 Monseñor Nouel,2015,9,train
-7.2896338,2.4034712,0.7350124,28 Monseñor Nouel,2015,10,train
-6.8098073,2.7771463,1.226224,28 Monseñor Nouel,2015,11,train
-7.1261134,3.48408,2.149377,28 Monseñor Nouel,2015,12,train
-7.850685,4.729421,3.3289447,28 Monseñor Nouel,2015,13,train
-6.7825127,4.567794,2.406039,28 Monseñor Nouel,2015,14,train
-7.2278595,5.439602,3.0093656,28 Monseñor Nouel,2015,15,train
-6.872556,5.370606,3.9780452,28 Monseñor Nouel,2015,16,train
-6.8584857,5.9897785,5.529747,28 Monseñor Nouel,2015,17,train
-2.0998466,3.8712578,5.9294214,28 Monseñor Nouel,2015,18,train
-1.9372197,4.3257604,5.1809807,28 Monseñor Nouel,2015,19,train
-1.7002722,4.3735676,4.956779,28 Monseñor Nouel,2015,20,train
-0.80448425,5.087062,3.774915,28 Monseñor Nouel,2015,21,train
-0.39922264,4.679755,3.0508282,28 Monseñor Nouel,2015,22,train
-0.055232488,4.231727,3.5934567,28 Monseñor Nouel,2015,23,train
0.3696112,3.8331525,4.0195494,28 Monseñor Nouel,2015,24,train
0.89049643,3.9281185,3.7557333,28 Monseñor Nouel,2015,25,train
1.2022579,3.58697,3.6931157,28 Monseñor Nouel,2015,26,train
6.9028916,0.74886614,1.9081151,28 Monseñor Nouel,2015,27,train
5.8215704,0.5489538,1.4005243,28 Monseñor Nouel,2015,28,train
5.8052335,0.2005174,1.7057896,28 Monseñor Nouel,2015,29,train
6.5071225,-0.01721319,2.4018636,28 Monseñor Nouel,2015,30,train
7.159984,-0.25348243,2.8364766,28 Monseñor Nouel,2015,31,train
7.3214927,0.18345962,2.1720738,28 Monseñor Nouel,2015,32,train
7.5247235,-0.059946585,2.4013546,28 Monseñor Nouel,2015,33,train
7.542677,-0.16060372,2.5702026,28 Monseñor Nouel,2015,34,train
6.153765,-2.4502075,-0.44609636,28 Monseñor Nouel,2015,35,train
6.847558,-3.125246,-0.44959727,28 Monseñor Nouel,2015,36,train
6.275281,-3.1291606,-0.38927898,28 Monseñor Nouel,2015,37,train
5.8051834,-3.4164896,-1.0987376,28 Monseñor Nouel,2015,38,train
5.8321753,-3.7577178,-1.1110233,28 Monseñor Nouel,2015,39,train
6.1234612,-5.1623564,-1.2832555,28 Monseñor Nouel,2015,40,train
5.826657,-5.40843,-1.4910545,28 Monseñor Nouel,2015,41,train
5.8292074,-5.997275,-2.425757,28 Monseñor Nouel,2015,42,train
4.286901,-4.943893,-2.175829,28 Monseñor Nouel,2015,43,train
3.990929,-5.257918,-2.5925915,28 Monseñor Nouel,2015,44,train
3.3870947,-5.503459,-3.264172,28 Monseñor Nouel,2015,45,train
2.7270215,-5.1354427,-2.918091,28 Monseñor Nouel,2015,46,train
1.5236019,-4.774696,-2.8021393,28 Monseñor Nouel,2015,47,train
-2.432977,-6.3716507,-4.518994,28 Monseñor Nouel,2015,48,train
-3.154073,-7.079727,-5.786412,28 Monseñor Nouel,2015,49,train
-2.8090038,-6.470923,-4.930661,28 Monseñor Nouel,2015,50,train
-2.8446543,-6.392153,-4.935061,28 Monseñor Nouel,2015,51,train
-5.408519,-3.8169081,-3.6212673,28 Monseñor Nouel,2015,52,train
-6.8109293,-2.4530513,-1.8197663,28 Monseñor Nouel,2016,1,train
-7.0474496,-2.2704291,-1.7666489,28 Monseñor Nouel,2016,2,train
-7.552882,-2.2548869,-1.780646,28 Monseñor Nouel,2016,3,train
-7.4904075,-1.9306707,-2.056627,28 Monseñor Nouel,2016,4,train
-7.340974,-0.8001051,-0.63387823,28 Monseñor Nouel,2016,5,train
-8.157512,-0.38346034,-0.61847275,28 Monseñor Nouel,2016,6,train
-7.787854,0.010922855,-0.59987515,28 Monseñor Nouel,2016,7,train
-8.417952,0.4624778,0.04634473,28 Monseñor Nouel,2016,8,train
-9.357211,1.0204602,0.038607195,28 Monseñor Nouel,2016,9,train
-6.339329,2.2791657,0.8516459,28 Monseñor Nouel,2016,10,train
-7.6800127,3.094996,1.9818684,28 Monseñor Nouel,2016,11,train
-8.87759,4.11598,3.095094,28 Monseñor Nouel,2016,12,train
-8.021947,4.522766,3.7122896,28 Monseñor Nouel,2016,13,train
-8.6266365,5.908451,4.313845,28 Monseñor Nouel,2016,14,train
-8.0264,5.4533205,4.1375675,28 Monseñor Nouel,2016,15,train
-4.287078,8.29465,3.1821105,28 Monseñor Nouel,2016,16,train
-2.0554974,24.381245,-13.207212,28 Monseñor Nouel,2016,17,train
-4.804607,8.554855,4.0361543,28 Monseñor Nouel,2016,18,train
-1.4807725,6.3657727,2.7994046,28 Monseñor Nouel,2016,19,train
-0.916385,5.88546,3.9949973,28 Monseñor Nouel,2016,20,train
-0.42229167,5.849656,2.9329789,28 Monseñor Nouel,2016,21,train
0.012513819,5.5744677,2.4088964,28 Monseñor Nouel,2016,22,train
0.39456967,4.6019583,3.799744,28 Monseñor Nouel,2016,23,train
0.90220994,3.8658772,4.793516,28 Monseñor Nouel,2016,24,train
1.2431037,4.4875417,2.4581683,28 Monseñor Nouel,2016,25,train
1.461684,3.9594486,2.7822924,28 Monseñor Nouel,2016,26,train
4.6271896,2.2957604,3.0165188,28 Monseñor Nouel,2016,27,train
4.31656,2.2718868,2.8955884,28 Monseñor Nouel,2016,28,train
4.282481,2.3802633,2.7101207,28 Monseñor Nouel,2016,29,train
4.113243,2.5850825,2.002211,28 Monseñor Nouel,2016,30,train
4.0566916,2.5069938,1.6459657,28 Monseñor Nouel,2016,31,train
4.185393,2.823262,2.8282354,28 Monseñor Nouel,2016,32,train
4.272094,2.181403,3.5952954,28 Monseñor Nouel,2016,33,train
3.447634,2.93659,1.0879344,28 Monseñor Nouel,2016,34,train
6.388875,-0.02744733,-2.7876246,28 Monseñor Nouel,2016,35,train
6.017416,-0.01346502,-3.582025,28 Monseñor Nouel,2016,36,train
6.4752307,0.2859818,-3.1995926,28 Monseñor Nouel,2016,37,train
5.9909844,0.037481517,-3.4541128,28 Monseñor Nouel,2016,38,train
5.346899,-0.7154602,-4.4656954,28 Monseñor Nouel,2016,39,train
4.546257,-1.1812557,-5.8327103,28 Monseñor Nouel,2016,40,train
4.490364,-1.3117678,-5.6630554,28 Monseñor Nouel,2016,41,train
3.6301165,-1.1941847,-5.687797,28 Monseñor Nouel,2016,42,train
3.497727,-1.5525359,-5.7856216,28 Monseñor Nouel,2016,43,train
3.0040863,-1.2108475,-6.62643,28 Monseñor Nouel,2016,44,train
5.003771,8.694802,-20.546196,28 Monseñor Nouel,2016,45,train
2.3370283,-1.041124,-8.387674,28 Monseñor Nouel,2016,46,train
1.257424,-1.1337384,-7.627859,28 Monseñor Nouel,2016,47,train
-1.4778981,-2.5619078,-7.711231,28 Monseñor Nouel,2016,48,train
-1.5707299,-2.8577607,-6.9263797,28 Monseñor Nouel,2016,49,train
-1.6655884,-2.8812082,-7.2080846,28 Monseñor Nouel,2016,50,train
-1.5962411,-2.7784927,-7.206201,28 Monseñor Nouel,2016,51,train
-2.9517696,-1.2153713,-4.0462513,28 Monseñor Nouel,2016,52,train
-3.359746,-1.7756332,-3.1633818,28 Monseñor Nouel,2017,1,train
-3.2657096,-0.32268405,-3.1282353,28 Monseñor Nouel,2017,2,train
-3.211596,-1.0746199,-1.267893,28 Monseñor Nouel,2017,3,train
-3.8202753,-1.982549,-0.1748533,28 Monseñor Nouel,2017,4,train
-4.1537275,1.122531,-1.6415417,28 Monseñor Nouel,2017,5,train
-4.759244,1.3899443,-1.5793376,28 Monseñor Nouel,2017,6,train
-4.9628763,1.6479627,-1.3816595,28 Monseñor Nouel,2017,7,train
-4.6584253,0.5154329,1.3947173,28 Monseñor Nouel,2017,8,train
-4.3788247,1.9179332,0.6593306,28 Monseñor Nouel,2017,9,train
-8.177561,18.407055,-14.660347,28 Monseñor Nouel,2017,10,train
-5.374921,3.9619288,0.2742547,28 Monseñor Nouel,2017,11,train
-4.2500005,4.11592,0.94590425,28 Monseñor Nouel,2017,12,train
-4.4307737,4.363982,1.4862702,28 Monseñor Nouel,2017,13,train
-5.584595,5.9473124,2.287752,28 Monseñor Nouel,2017,14,train
-4.3801208,4.950898,2.0546572,28 Monseñor Nouel,2017,15,train
-4.8643217,21.991337,-14.016419,28 Monseñor Nouel,2017,16,train
-1.8610742,26.186098,-16.729773,28 Monseñor Nouel,2017,17,train
-4.440864,7.7237644,3.2335138,28 Monseñor Nouel,2017,18,train
-1.1855638,4.603488,2.355946,28 Monseñor Nouel,2017,19,train
-0.82660097,6.6626763,2.7162209,28 Monseñor Nouel,2017,20,train
-0.40831962,4.428457,4.124381,28 Monseñor Nouel,2017,21,train
-0.014013142,4.8742704,2.6830835,28 Monseñor Nouel,2017,22,train
0.37863103,4.3541884,4.940148,28 Monseñor Nouel,2017,23,train
0.7216738,3.7148635,3.6449327,28 Monseñor Nouel,2017,24,train
1.2213424,4.298625,2.0569873,28 Monseñor Nouel,2017,25,train
1.4936247,4.3786225,2.1557598,28 Monseñor Nouel,2017,26,train
3.794988,3.2849455,1.475717,28 Monseñor Nouel,2017,27,train
3.4640512,2.7831762,1.5660651,28 Monseñor Nouel,2017,28,train
3.8388793,3.106962,1.9543428,28 Monseñor Nouel,2017,29,train
4.090053,2.9054048,2.6777127,28 Monseñor Nouel,2017,30,train
4.020479,3.2985075,1.8839059,28 Monseñor Nouel,2017,31,train
3.8902075,2.7671413,2.344822,28 Monseñor Nouel,2017,32,train
4.061572,3.4228115,1.4976197,28 Monseñor Nouel,2017,33,train
4.372663,3.1045797,2.7067778,28 Monseñor Nouel,2017,34,train
6.5263906,-0.49997017,-3.5222042,28 Monseñor Nouel,2017,35,train
5.883349,-0.85519177,-4.193025,28 Monseñor Nouel,2017,36,train
6.2292795,-0.5969367,-3.792814,28 Monseñor Nouel,2017,37,train
5.9440722,-0.8657472,-3.9756908,28 Monseñor Nouel,2017,38,train
5.8683457,-0.6494918,-3.6647832,28 Monseñor Nouel,2017,39,train
4.5537977,-1.0189229,-4.411012,28 Monseñor Nouel,2017,40,train
3.935427,-1.2191119,-4.635683,28 Monseñor Nouel,2017,41,train
3.4435694,-1.3700984,-4.6391997,28 Monseñor Nouel,2017,42,train
2.9840539,-1.5590855,-4.382634,28 Monseñor Nouel,2017,43,train
2.717326,-1.7792194,-4.777249,28 Monseñor Nouel,2017,44,train
2.5183864,-0.85994464,-7.9544806,28 Monseñor Nouel,2017,45,train
2.2535515,-1.1101551,-8.437089,28 Monseñor Nouel,2017,46,train
1.4692694,-2.0449138,-5.100085,28 Monseñor Nouel,2017,47,train
1.3190291,-2.0747323,-5.2171144,28 Monseñor Nouel,2017,48,train
-1.4999046,-2.4495747,-7.752511,28 Monseñor Nouel,2017,49,train
-1.4220357,-2.7478113,-7.089248,28 Monseñor Nouel,2017,50,train
-1.3104686,-2.0163977,-7.4851875,28 Monseñor Nouel,2017,51,train
-2.9076734,-0.8534685,-4.407245,28 Monseñor Nouel,2017,52,train
-3.3213196,-0.7617723,-4.7600007,28 Monseñor Nouel,2018,1,train
-3.0071208,-0.45391446,-3.8279364,28 Monseñor Nouel,2018,2,train
-3.396842,0.030971605,-3.7443488,28 Monseñor Nouel,2018,3,train
-5.2831073,16.695143,-24.919315,28 Monseñor Nouel,2018,4,train
-3.7307582,1.3743191,-1.7091823,28 Monseñor Nouel,2018,5,train
-4.09078,1.6139996,-1.7377812,28 Monseñor Nouel,2018,6,train
-3.8997366,1.6087097,-1.2605785,28 Monseñor Nouel,2018,7,train
-3.5344832,2.11517,-1.0940402,28 Monseñor Nouel,2018,8,train
-4.1459565,1.3562304,0.8444894,28 Monseñor Nouel,2018,9,train
-4.2961564,2.7452261,0.6557176,28 Monseñor Nouel,2018,10,train
-5.030396,1.8630581,3.2560186,28 Monseñor Nouel,2018,11,train
-5.0185156,4.585838,0.36469892,28 Monseñor Nouel,2018,12,train
-3.810436,3.8385456,1.2497065,28 Monseñor Nouel,2018,13,train
-4.8288665,4.6017776,1.9359821,28 Monseñor Nouel,2018,14,train
-5.5065646,5.321596,2.210328,28 Monseñor Nouel,2018,15,train
-4.903944,5.0579886,2.8350387,28 Monseñor Nouel,2018,16,train
-5.1772327,5.86512,3.9026704,28 Monseñor Nouel,2018,17,train
-4.702421,5.9467454,3.32421,28 Monseñor Nouel,2018,18,train
-4.8861833,5.898227,3.986594,28 Monseñor Nouel,2018,19,train
-4.5241246,7.2289476,3.9329972,28 Monseñor Nouel,2018,20,train
-4.770246,6.5975633,5.279353,28 Monseñor Nouel,2018,21,train
-5.5062714,8.125467,7.203877,28 Monseñor Nouel,2018,22,train
-0.02922346,2.4410417,4.8927264,28 Monseñor Nouel,2018,23,train
0.3840923,3.4978397,3.8881352,28 Monseñor Nouel,2018,24,train
0.60699815,2.6917965,2.783178,28 Monseñor Nouel,2018,25,train
0.9453632,2.9587207,3.0802422,28 Monseñor Nouel,2018,26,train
4.313878,0.8023088,2.4236586,28 Monseñor Nouel,2018,27,train
4.0566764,1.1343073,1.5133541,28 Monseñor Nouel,2018,28,train
4.532092,1.6465828,1.2204547,28 Monseñor Nouel,2018,29,train
4.0739436,0.80536795,2.221186,28 Monseñor Nouel,2018,30,train
4.470254,1.507739,1.2823772,28 Monseñor Nouel,2018,31,train
4.626446,1.0386206,1.6530315,28 Monseñor Nouel,2018,32,train
4.63281,1.494889,0.85486364,28 Monseñor Nouel,2018,33,train
4.8351693,1.2357273,1.449731,28 Monseñor Nouel,2018,34,train
4.256599,-1.2056266,-1.5506915,28 Monseñor Nouel,2018,35,train
5.1544642,-1.5572995,-1.3568898,28 Monseñor Nouel,2018,36,train
5.1164083,-1.9409761,-1.7656448,28 Monseñor Nouel,2018,37,train
5.4270525,-1.968733,-1.7370548,28 Monseñor Nouel,2018,38,train
4.585821,-2.07776,-1.9077547,28 Monseñor Nouel,2018,39,train
3.5378742,-2.380097,-2.5729325,28 Monseñor Nouel,2018,40,train
3.3257234,-2.5476036,-2.6879628,28 Monseñor Nouel,2018,41,train
3.2675796,-2.665824,-2.6145725,28 Monseñor Nouel,2018,42,train
2.9783647,-2.945759,-2.9701586,28 Monseñor Nouel,2018,43,train
2.2948132,-2.6657999,-2.6925085,28 Monseñor Nouel,2018,44,train
1.9431746,-2.8517523,-2.7394,28 Monseñor Nouel,2018,45,train
1.9863719,-3.8203433,-3.5161471,28 Monseñor Nouel,2018,46,train
1.075869,-3.2757423,-3.113771,28 Monseñor Nouel,2018,47,train
0.5819955,-3.3615804,-3.2266922,28 Monseñor Nouel,2018,48,train
0.41513196,-3.365803,-3.4277463,28 Monseñor Nouel,2018,49,train
0.20533574,-3.3009884,-3.5401175,28 Monseñor Nouel,2018,50,train
-0.020236539,-3.1189508,-3.0091486,28 Monseñor Nouel,2018,51,train
-3.9946,-2.6102479,-3.4941998,28 Monseñor Nouel,2018,52,train
-3.711484,-2.251036,-2.4235384,28 Monseñor Nouel,2019,1,train
-3.83133,-1.9455328,-1.6817924,28 Monseñor Nouel,2019,2,train
-3.9493186,-1.5683235,-1.4346403,28 Monseñor Nouel,2019,3,train
-4.3019567,-1.687456,-1.0364501,28 Monseñor Nouel,2019,4,train
-5.121046,0.044304725,-0.49248284,28 Monseñor Nouel,2019,5,train
-6.1853333,0.2867391,-0.72345614,28 Monseñor Nouel,2019,6,train
-6.5156035,0.5561001,-0.481921,28 Monseñor Nouel,2019,7,train
-7.324537,1.2989669,0.29883972,28 Monseñor Nouel,2019,8,train
-6.764067,1.3780547,0.7353896,28 Monseñor Nouel,2019,9,train
-5.987519,1.9517443,1.4199893,28 Monseñor Nouel,2019,10,train
-6.0655603,2.8364685,1.3948523,28 Monseñor Nouel,2019,11,train
-6.7574506,3.023908,2.8624363,28 Monseñor Nouel,2019,12,train
-5.0856895,20.574041,-13.253259,28 Monseñor Nouel,2019,13,train
-5.0382614,5.46265,2.6009123,28 Monseñor Nouel,2019,14,train
-5.832457,4.2967477,3.30302,28 Monseñor Nouel,2019,15,train
-5.7776937,4.7445107,3.5376325,28 Monseñor Nouel,2019,16,train
-5.562217,5.535412,3.3706686,28 Monseñor Nouel,2019,17,train
-1.8516399,5.0053973,3.1835258,28 Monseñor Nouel,2019,18,train
-1.5737445,4.405295,4.0669193,28 Monseñor Nouel,2019,19,train
-0.97220665,5.2348294,5.5934105,28 Monseñor Nouel,2019,20,train
-0.5842979,5.2307463,3.0366685,28 Monseñor Nouel,2019,21,train
-0.15246542,5.098909,2.4141448,28 Monseñor Nouel,2019,22,train
0.20712474,4.518024,3.7903576,28 Monseñor Nouel,2019,23,train
0.64372087,4.3770585,4.142629,28 Monseñor Nouel,2019,24,train
1.4804159,4.4849396,5.057854,28 Monseñor Nouel,2019,25,train
1.4954886,3.939063,3.8690457,28 Monseñor Nouel,2019,26,train
5.66584,-0.4467254,1.7999,28 Monseñor Nouel,2019,27,train
6.7233315,-0.00895221,0.99426275,28 Monseñor Nouel,2019,28,train
7.408882,-0.08362462,0.81312585,28 Monseñor Nouel,2019,29,train
7.7365613,-0.55679435,1.1487119,28 Monseñor Nouel,2019,30,train
7.831057,-0.06747726,0.67619234,28 Monseñor Nouel,2019,31,train
8.267886,-0.44648522,0.991341,28 Monseñor Nouel,2019,32,train
8.099667,-0.47983968,1.0217735,28 Monseñor Nouel,2019,33,train
8.105926,-0.334621,0.8298726,28 Monseñor Nouel,2019,34,train
7.2120385,-2.9350367,0.4616903,28 Monseñor Nouel,2019,35,train
6.784678,-2.9383326,-0.31250867,28 Monseñor Nouel,2019,36,train
6.827533,-2.9877977,-0.2691179,28 Monseñor Nouel,2019,37,train
6.338609,-3.7983792,-1.8959799,28 Monseñor Nouel,2019,38,train
5.6748724,-3.4558423,-1.6972483,28 Monseñor Nouel,2019,39,train
4.522176,-3.2559805,-1.371026,28 Monseñor Nouel,2019,40,train
3.8663933,-3.932793,-0.43886042,28 Monseñor Nouel,2019,41,train
3.409341,-4.2496595,-0.2986331,28 Monseñor Nouel,2019,42,train
3.1948793,-3.480223,-2.307602,28 Monseñor Nouel,2019,43,train
3.1118803,-3.8624723,-2.7045345,28 Monseñor Nouel,2019,44,train
2.2493262,-4.0223575,-2.435195,28 Monseñor Nouel,2019,45,train
1.937621,-4.279181,-2.54041,28 Monseñor Nouel,2019,46,train
1.188197,-4.155592,-2.3580492,28 Monseñor Nouel,2019,47,train
0.85248107,-4.2483873,-2.3088443,28 Monseñor Nouel,2019,48,train
-2.7996218,-6.325898,-5.3115582,28 Monseñor Nouel,2019,49,train
-2.7827392,-6.2788906,-5.4859653,28 Monseñor Nouel,2019,50,train
-2.6586504,-5.839407,-5.1180987,28 Monseñor Nouel,2019,51,train
-4.6982512,-3.4550192,-2.734042,28 Monseñor Nouel,2019,52,train
-4.698671,-3.277871,-3.396043,28 Monseñor Nouel,2020,1,val
-4.414127,-2.323813,-2.7619288,28 Monseñor Nouel,2020,2,val
-4.533545,17.302824,-25.189947,28 Monseñor Nouel,2020,3,val
-5.625163,-1.4819567,-2.5966814,28 Monseñor Nouel,2020,4,val
-5.9715853,-0.023180006,-0.19389053,28 Monseñor Nouel,2020,5,val
-5.981459,0.6700428,-0.8431222,28 Monseñor Nouel,2020,6,val
-6.826462,1.1904922,-0.6478752,28 Monseñor Nouel,2020,7,val
-6.2108583,1.4543979,-0.13833293,28 Monseñor Nouel,2020,8,val
-6.36388,2.0103176,0.33906946,28 Monseñor Nouel,2020,9,val
-7.8581934,19.390537,-16.133224,28 Monseñor Nouel,2020,10,val
-4.0692267,22.170042,-17.031734,28 Monseñor Nouel,2020,11,val
-4.913873,3.791598,1.1746206,28 Monseñor Nouel,2020,12,val
-4.9382677,4.447674,1.4793091,28 Monseñor Nouel,2020,13,val
-5.3966103,4.8041735,2.9188967,28 Monseñor Nouel,2020,14,val
-7.154539,19.67785,-9.980173,28 Monseñor Nouel,2020,15,val
-6.170378,6.388113,3.999501,28 Monseñor Nouel,2020,16,val
-6.666691,5.5347424,5.896035,28 Monseñor Nouel,2020,17,val
-6.207059,5.884091,5.725649,28 Monseñor Nouel,2020,18,val
-1.2878982,4.5762544,4.546136,28 Monseñor Nouel,2020,19,val
-1.0580891,4.2782903,4.304256,28 Monseñor Nouel,2020,20,val
-0.35185656,5.010957,5.1232834,28 Monseñor Nouel,2020,21,val
-0.10485985,3.8474557,4.119986,28 Monseñor Nouel,2020,22,val
0.4460742,4.7121425,3.9876397,28 Monseñor Nouel,2020,23,val
0.964482,4.2496133,4.485799,28 Monseñor Nouel,2020,24,val
1.5918516,4.2334676,4.7941403,28 Monseñor Nouel,2020,25,val
1.8155534,3.9891763,4.3003426,28 Monseñor Nouel,2020,26,val
3.8928955,2.5272696,3.1989467,28 Monseñor Nouel,2020,27,val
4.0528855,2.9426382,2.9032495,28 Monseñor Nouel,2020,28,val
3.9505765,3.2140353,2.3730567,28 Monseñor Nouel,2020,29,val
3.694609,3.2814085,1.4062529,28 Monseñor Nouel,2020,30,val
9.101717,19.828856,-10.838674,28 Monseñor Nouel,2020,31,val
4.245238,3.037503,3.2551806,28 Monseñor Nouel,2020,32,val
3.9819107,3.0168784,2.5390625,28 Monseñor Nouel,2020,33,val
9.081157,19.710108,-12.513926,28 Monseñor Nouel,2020,34,val
6.683905,0.03353502,-4.498555,28 Monseñor Nouel,2020,35,val
4.298037,0.28321323,-3.8494694,28 Monseñor Nouel,2020,36,val
5.849665,0.20939626,-4.060204,28 Monseñor Nouel,2020,37,val
5.595686,0.16726173,-4.043973,28 Monseñor Nouel,2020,38,val
5.53022,0.24028242,-3.8020253,28 Monseñor Nouel,2020,39,val
3.7982652,-0.19747822,-5.242827,28 Monseñor Nouel,2020,40,val
3.7032287,-0.56968546,-4.939235,28 Monseñor Nouel,2020,41,val
4.1247945,-0.8010927,-6.4775724,28 Monseñor Nouel,2020,42,val
3.4479012,-1.41124,-5.5136647,28 Monseñor Nouel,2020,43,val
3.3470893,-0.3637888,-8.168288,28 Monseñor Nouel,2020,44,val
2.4460714,-0.85214484,-7.3936796,28 Monseñor Nouel,2020,45,val
3.819675,12.694851,-23.953512,28 Monseñor Nouel,2020,46,val
1.5076671,-1.165599,-6.62244,28 Monseñor Nouel,2020,47,val
0.87475395,-1.3197589,-5.396596,28 Monseñor Nouel,2020,48,val
0.6929552,-1.5231506,-5.06322,28 Monseñor Nouel,2020,49,val
-1.1918032,-1.5230584,-8.412455,28 Monseñor Nouel,2020,50,val
-1.279483,-1.2498698,-6.92454,28 Monseñor Nouel,2020,51,val
-2.7967212,-0.13925877,-5.348268,28 Monseñor Nouel,2020,52,val
-2.5180717,-0.098499216,-4.3009467,28 Monseñor Nouel,2021,1,val
-2.6940618,-0.24581705,-3.6251464,28 Monseñor Nouel,2021,2,val
-3.001613,0.63651806,-4.344133,28 Monseñor Nouel,2021,3,val
-2.8749802,0.4896165,-3.2132845,28 Monseñor Nouel,2021,4,val
-3.756078,2.3522365,-2.8360684,28 Monseñor Nouel,2021,5,val
-3.830421,2.5005517,-2.2245946,28 Monseñor Nouel,2021,6,val
-3.7801797,2.6756153,-1.699906,28 Monseñor Nouel,2021,7,val
-3.6051466,2.8113577,-1.239572,28 Monseñor Nouel,2021,8,val
-4.203854,3.7567565,-0.98489696,28 Monseñor Nouel,2021,9,val
-7.383935,19.041513,-15.741457,28 Monseñor Nouel,2021,10,val
-4.127984,3.326676,0.27822244,28 Monseñor Nouel,2021,11,val
-4.666655,4.3688226,0.12665111,28 Monseñor Nouel,2021,12,val
-4.5026784,4.949471,0.5868656,28 Monseñor Nouel,2021,13,val
-7.4298587,21.642305,-14.832082,28 Monseñor Nouel,2021,14,val
-4.332693,3.251675,3.7361042,28 Monseñor Nouel,2021,15,val
-5.0422754,3.2993412,4.9909687,28 Monseñor Nouel,2021,16,val
-3.7735534,5.805425,1.961582,28 Monseñor Nouel,2021,17,val
-4.4781575,6.3656917,2.452531,28 Monseñor Nouel,2021,18,val
-4.9364405,7.0437293,3.9772208,28 Monseñor Nouel,2021,19,val
-4.1376753,6.0102935,3.5124145,28 Monseñor Nouel,2021,20,val
-3.4203799,7.0755954,2.8192487,28 Monseñor Nouel,2021,21,val
-3.1600296,8.237902,2.8704102,28 Monseñor Nouel,2021,22,val
0.26785815,3.8277206,1.8729672,28 Monseñor Nouel,2021,23,val
0.6010912,3.6549945,2.823784,28 Monseñor Nouel,2021,24,val
0.9666546,3.6483216,1.3565582,28 Monseñor Nouel,2021,25,val
1.311013,4.003899,1.6945935,28 Monseñor Nouel,2021,26,val
3.1272006,2.2513683,1.4693679,28 Monseñor Nouel,2021,27,val
2.9695399,2.7589886,0.7945616,28 Monseñor Nouel,2021,28,val
3.1565127,2.133968,1.6650038,28 Monseñor Nouel,2021,29,val
3.5320647,2.8343337,1.4676491,28 Monseñor Nouel,2021,30,val
3.6357515,2.5657418,1.9543412,28 Monseñor Nouel,2021,31,val
8.699831,22.36358,-16.711798,28 Monseñor Nouel,2021,32,val
3.9953105,2.8767016,1.3043015,28 Monseñor Nouel,2021,33,val
4.0223174,2.122742,2.4279935,28 Monseñor Nouel,2021,34,val
7.5218973,0.31463727,-2.8896012,28 Monseñor Nouel,2021,35,val
7.297116,0.42800772,-3.65509,28 Monseñor Nouel,2021,36,val
4.713683,0.045470055,-3.745519,28 Monseñor Nouel,2021,37,val
5.2930574,-0.124091074,-4.2151666,28 Monseñor Nouel,2021,38,val
4.9165096,-0.12600736,-3.8590355,28 Monseñor Nouel,2021,39,val
4.7094536,-0.5755392,-4.9835186,28 Monseñor Nouel,2021,40,val
3.7818387,-0.4893124,-5.680363,28 Monseñor Nouel,2021,41,val
3.4673169,-0.90123844,-5.312685,28 Monseñor Nouel,2021,42,val
3.136797,-1.2933729,-4.729643,28 Monseñor Nouel,2021,43,val
2.669733,-1.3587017,-5.0803437,28 Monseñor Nouel,2021,44,val
2.2830899,-1.7155015,-4.8046346,28 Monseñor Nouel,2021,45,val
1.7514787,-1.8045114,-4.8673034,28 Monseñor Nouel,2021,46,val
0.9269022,-1.6151606,-4.584225,28 Monseñor Nouel,2021,47,val
-1.4592603,-2.9158351,-7.476269,28 Monseñor Nouel,2021,48,val
-1.295727,-2.187377,-7.103825,28 Monseñor Nouel,2021,49,val
-1.3217932,-1.820843,-7.502042,28 Monseñor Nouel,2021,50,val
-1.2311519,-2.069659,-7.183848,28 Monseñor Nouel,2021,51,val
-2.5173063,-0.80172473,-3.65674,28 Monseñor Nouel,2021,52,val
-7.7664127,-3.5770466,-4.457918,29 Monte Plata,2015,1,train
-7.747203,-2.6063128,-3.8425872,29 Monte Plata,2015,2,train
-8.614153,-2.0139463,-3.9698467,29 Monte Plata,2015,3,train
-8.581459,-1.6763655,-3.5566313,29 Monte Plata,2015,4,train
-8.516356,0.30738664,-2.054758,29 Monte Plata,2015,5,train
-8.988333,1.3681997,-1.8252001,29 Monte Plata,2015,6,train
-9.458198,1.5242195,-1.7392995,29 Monte Plata,2015,7,train
-8.4317045,2.1744368,-0.7676965,29 Monte Plata,2015,8,train
-9.924174,3.2153337,0.4219311,29 Monte Plata,2015,9,train
-10.563354,3.1815755,1.2928106,29 Monte Plata,2015,10,train
-10.998797,3.7624407,2.5716567,29 Monte Plata,2015,11,train
-9.900788,4.5989256,3.581833,29 Monte Plata,2015,12,train
-11.0309305,6.5051613,4.744292,29 Monte Plata,2015,13,train
-8.739458,5.81051,3.3899057,29 Monte Plata,2015,14,train
-9.661646,7.2199235,4.3633785,29 Monte Plata,2015,15,train
-9.231287,6.959369,5.775085,29 Monte Plata,2015,16,train
-9.338151,7.9473157,5.910689,29 Monte Plata,2015,17,train
-9.624371,8.646021,6.6481085,29 Monte Plata,2015,18,train
-9.052468,8.423179,7.7824287,29 Monte Plata,2015,19,train
-1.684051,6.8283315,7.2460556,29 Monte Plata,2015,20,train
-0.74966824,7.0583363,5.519374,29 Monte Plata,2015,21,train
-0.27282628,6.797158,4.8110223,29 Monte Plata,2015,22,train
0.3467505,6.868907,5.2419143,29 Monte Plata,2015,23,train
1.0172632,6.640775,5.794886,29 Monte Plata,2015,24,train
1.5808729,5.923349,5.246013,29 Monte Plata,2015,25,train
1.902545,5.5809984,4.845481,29 Monte Plata,2015,26,train
9.555566,1.6307089,3.224038,29 Monte Plata,2015,27,train
8.420527,1.1233425,2.758807,29 Monte Plata,2015,28,train
8.88971,1.1603243,2.8671665,29 Monte Plata,2015,29,train
9.454368,1.3617655,2.9469843,29 Monte Plata,2015,30,train
10.234421,0.8600531,3.8611953,29 Monte Plata,2015,31,train
10.1501665,1.0763777,3.2290962,29 Monte Plata,2015,32,train
10.23954,0.99594337,3.2268884,29 Monte Plata,2015,33,train
9.840488,0.8008973,2.9446049,29 Monte Plata,2015,34,train
14.011694,12.84115,-15.776181,29 Monte Plata,2015,35,train
9.105952,-4.714682,-1.9584165,29 Monte Plata,2015,36,train
8.949134,-5.015277,-1.7585437,29 Monte Plata,2015,37,train
8.536345,-5.7177744,-2.957057,29 Monte Plata,2015,38,train
8.675308,-5.9428086,-2.9718235,29 Monte Plata,2015,39,train
9.056754,-7.6026354,-3.4986997,29 Monte Plata,2015,40,train
8.478129,-7.986286,-3.5904949,29 Monte Plata,2015,41,train
7.8328257,-8.179491,-4.0904856,29 Monte Plata,2015,42,train
6.3388743,-7.3661685,-3.8623767,29 Monte Plata,2015,43,train
5.4489264,-7.250395,-4.1223936,29 Monte Plata,2015,44,train
4.7757425,-7.26678,-4.8517323,29 Monte Plata,2015,45,train
4.2510824,-7.693205,-4.9697866,29 Monte Plata,2015,46,train
2.6456985,-6.6002655,-4.190142,29 Monte Plata,2015,47,train
-2.7749271,-8.646983,-6.6481185,29 Monte Plata,2015,48,train
-3.5749104,-8.914163,-7.7164526,29 Monte Plata,2015,49,train
-4.2018647,-8.570161,-7.539071,29 Monte Plata,2015,50,train
-3.7454257,-7.884443,-7.0289054,29 Monte Plata,2015,51,train
-7.922233,-4.7491,-4.6978617,29 Monte Plata,2015,52,train
-9.497894,-2.9503853,-3.1351426,29 Monte Plata,2016,1,train
-10.058998,-2.7475498,-2.8490238,29 Monte Plata,2016,2,train
-10.602112,-2.7043002,-2.6929271,29 Monte Plata,2016,3,train
-10.393739,-2.3718352,-2.6277623,29 Monte Plata,2016,4,train
-11.08436,-1.0167334,-1.4579619,29 Monte Plata,2016,5,train
-11.737182,-0.7021949,-1.2726121,29 Monte Plata,2016,6,train
-11.214118,-0.419612,-0.9307753,29 Monte Plata,2016,7,train
-12.4215355,0.3001471,-0.44348255,29 Monte Plata,2016,8,train
-12.383421,1.0334567,-0.2501246,29 Monte Plata,2016,9,train
-9.953934,3.059164,1.417876,29 Monte Plata,2016,10,train
-10.265581,4.0937176,2.4050748,29 Monte Plata,2016,11,train
-11.477658,5.8028507,4.1829057,29 Monte Plata,2016,12,train
-10.489352,6.283238,4.357035,29 Monte Plata,2016,13,train
-10.109173,7.256884,4.5525594,29 Monte Plata,2016,14,train
-10.329348,6.685014,5.5157905,29 Monte Plata,2016,15,train
-9.270562,8.154581,5.0668197,29 Monte Plata,2016,16,train
-2.3716896,25.858158,-12.423744,29 Monte Plata,2016,17,train
-1.8736612,9.600578,3.8846948,29 Monte Plata,2016,18,train
-1.1737448,9.652163,3.7585099,29 Monte Plata,2016,19,train
-0.71811205,8.251901,5.168242,29 Monte Plata,2016,20,train
-0.068784125,8.357173,3.916973,29 Monte Plata,2016,21,train
3.5407043,23.322031,-10.766654,29 Monte Plata,2016,22,train
0.9862705,7.512039,4.635602,29 Monte Plata,2016,23,train
1.523524,6.535486,5.131942,29 Monte Plata,2016,24,train
2.0815392,6.7945614,3.165049,29 Monte Plata,2016,25,train
2.3061142,5.9194517,3.3950264,29 Monte Plata,2016,26,train
6.5312786,3.7974,3.771511,29 Monte Plata,2016,27,train
5.885662,3.6912992,3.537459,29 Monte Plata,2016,28,train
6.197287,3.9253964,3.6350796,29 Monte Plata,2016,29,train
5.8659196,4.233416,2.894949,29 Monte Plata,2016,30,train
10.381818,20.064926,-11.081991,29 Monte Plata,2016,31,train
5.4800315,4.363398,3.6929896,29 Monte Plata,2016,32,train
5.8413024,4.0603676,4.563962,29 Monte Plata,2016,33,train
4.9163365,4.5856895,2.3114464,29 Monte Plata,2016,34,train
9.926792,-0.8245099,-4.462809,29 Monte Plata,2016,35,train
8.328221,-0.99203414,-5.9066405,29 Monte Plata,2016,36,train
7.803893,-1.0647788,-5.618519,29 Monte Plata,2016,37,train
7.9106255,-1.3914689,-6.417928,29 Monte Plata,2016,38,train
8.020031,-1.6854839,-7.640382,29 Monte Plata,2016,39,train
9.122913,8.404588,-19.610165,29 Monte Plata,2016,40,train
6.3574896,-1.827823,-9.139367,29 Monte Plata,2016,41,train
5.776676,-1.5273348,-10.594616,29 Monte Plata,2016,42,train
5.4962707,-2.1947258,-9.759365,29 Monte Plata,2016,43,train
4.5325537,-1.6648244,-10.18109,29 Monte Plata,2016,44,train
4.229132,-1.3776141,-10.793681,29 Monte Plata,2016,45,train
3.6077745,-1.104259,-11.443975,29 Monte Plata,2016,46,train
2.818801,-1.3777364,-11.623258,29 Monte Plata,2016,47,train
2.5773935,-2.9765556,-9.340065,29 Monte Plata,2016,48,train
2.2622745,-3.5809567,-8.845358,29 Monte Plata,2016,49,train
2.080383,-3.4991295,-8.488172,29 Monte Plata,2016,50,train
1.7554351,-2.9962945,-7.865009,29 Monte Plata,2016,51,train
-4.7839756,-1.4996291,-6.1764975,29 Monte Plata,2016,52,train
-5.3949633,-1.3905326,-5.9506993,29 Monte Plata,2017,1,train
-4.5868545,-0.5721012,-4.711167,29 Monte Plata,2017,2,train
-3.5997753,-1.346061,-1.4298913,29 Monte Plata,2017,3,train
-4.3847938,-2.815046,0.26568377,29 Monte Plata,2017,4,train
-7.373244,2.2135797,-3.6122127,29 Monte Plata,2017,5,train
-8.297835,2.3815978,-3.4498272,29 Monte Plata,2017,6,train
-7.474538,2.6989741,-2.6401703,29 Monte Plata,2017,7,train
-7.250403,0.44657946,2.0195613,29 Monte Plata,2017,8,train
-8.262228,0.5660274,3.3609896,29 Monte Plata,2017,9,train
-7.1473145,4.119254,-1.0114629,29 Monte Plata,2017,10,train
-8.879919,6.4449577,-0.2635878,29 Monte Plata,2017,11,train
-5.5368032,5.7883162,1.2085515,29 Monte Plata,2017,12,train
-7.557911,3.9713986,5.973459,29 Monte Plata,2017,13,train
-9.19782,6.0349298,6.2088804,29 Monte Plata,2017,14,train
-8.07096,5.1005635,6.231784,29 Monte Plata,2017,15,train
-7.5983524,20.421848,-10.384613,29 Monte Plata,2017,16,train
-5.5896974,24.513142,-14.108558,29 Monte Plata,2017,17,train
-5.335676,10.10949,4.1241045,29 Monte Plata,2017,18,train
-6.2714295,9.128367,4.8254733,29 Monte Plata,2017,19,train
-6.521262,10.613974,6.5081115,29 Monte Plata,2017,20,train
-0.2680996,6.145422,5.729955,29 Monte Plata,2017,21,train
0.2253998,6.6038156,3.6418245,29 Monte Plata,2017,22,train
0.7089679,6.342843,5.7449183,29 Monte Plata,2017,23,train
1.1976528,5.016734,5.3643074,29 Monte Plata,2017,24,train
1.8697815,5.460312,4.8506684,29 Monte Plata,2017,25,train
2.2528636,5.5224714,4.170514,29 Monte Plata,2017,26,train
5.059483,3.7441878,3.7797713,29 Monte Plata,2017,27,train
4.666033,4.1341443,2.6770782,29 Monte Plata,2017,28,train
5.4395404,4.1951504,3.7533922,29 Monte Plata,2017,29,train
5.33464,4.071023,3.797498,29 Monte Plata,2017,30,train
5.629075,4.088227,4.2680902,29 Monte Plata,2017,31,train
5.022458,4.1264133,3.3430402,29 Monte Plata,2017,32,train
5.33159,4.788951,2.875539,29 Monte Plata,2017,33,train
5.460512,4.3260007,3.7438145,29 Monte Plata,2017,34,train
8.910961,-1.4544885,-5.1579156,29 Monte Plata,2017,35,train
7.9999814,-1.8933983,-6.569277,29 Monte Plata,2017,36,train
7.488814,-1.799135,-6.240075,29 Monte Plata,2017,37,train
7.447993,-2.2400935,-7.2743506,29 Monte Plata,2017,38,train
7.371367,-2.645469,-6.041603,29 Monte Plata,2017,39,train
6.734089,-2.5218074,-7.223664,29 Monte Plata,2017,40,train
5.7911224,-2.7402349,-6.9961257,29 Monte Plata,2017,41,train
5.5626154,-3.440934,-7.77364,29 Monte Plata,2017,42,train
4.7131314,-3.4166536,-7.095677,29 Monte Plata,2017,43,train
4.3757353,-4.086092,-7.2879014,29 Monte Plata,2017,44,train
4.5800705,12.936652,-25.009811,29 Monte Plata,2017,45,train
4.227257,13.504891,-26.16377,29 Monte Plata,2017,46,train
2.9068081,-2.9840765,-8.79468,29 Monte Plata,2017,47,train
2.676155,-4.1119776,-7.8589573,29 Monte Plata,2017,48,train
2.0356488,-3.4517677,-8.688447,29 Monte Plata,2017,49,train
1.4098841,-3.2407026,-7.4314375,29 Monte Plata,2017,50,train
1.7338216,-3.3696742,-8.529553,29 Monte Plata,2017,51,train
-0.75695807,-0.9013149,-1.6964098,29 Monte Plata,2017,52,train
-0.75183374,-0.39577508,-1.9034302,29 Monte Plata,2018,1,train
-0.938808,-0.39759222,-1.4249432,29 Monte Plata,2018,2,train
-0.8931725,-0.115437604,-1.1259856,29 Monte Plata,2018,3,train
-0.9945332,-0.11371519,-0.81591797,29 Monte Plata,2018,4,train
-1.5564325,0.6371741,0.37896535,29 Monte Plata,2018,5,train
-8.476522,2.3749332,-3.5563543,29 Monte Plata,2018,6,train
-6.8265004,2.482412,-2.4375336,29 Monte Plata,2018,7,train
-7.4919806,4.1069202,-2.8131235,29 Monte Plata,2018,8,train
-4.9345384,0.8470308,1.9545107,29 Monte Plata,2018,9,train
-6.384906,4.6909146,-0.40149382,29 Monte Plata,2018,10,train
-8.66735,6.992885,-0.95157397,29 Monte Plata,2018,11,train
-8.538387,7.502968,-0.8140758,29 Monte Plata,2018,12,train
-6.417242,6.0808544,-0.02210823,29 Monte Plata,2018,13,train
-7.4505386,6.0202355,3.8003702,29 Monte Plata,2018,14,train
-8.2549095,7.8301,2.4034684,29 Monte Plata,2018,15,train
-6.4943185,7.0642715,3.3279705,29 Monte Plata,2018,16,train
-7.3742733,7.9693837,4.638535,29 Monte Plata,2018,17,train
-6.1445217,7.761982,4.2756386,29 Monte Plata,2018,18,train
-6.1771116,8.13997,5.2211595,29 Monte Plata,2018,19,train
-5.976856,8.8312235,5.5182533,29 Monte Plata,2018,20,train
-6.002088,9.024292,7.417771,29 Monte Plata,2018,21,train
-6.1806383,10.226864,7.5895348,29 Monte Plata,2018,22,train
-6.9327583,11.201076,9.559133,29 Monte Plata,2018,23,train
-6.936587,11.128859,9.380465,29 Monte Plata,2018,24,train
-6.1830053,10.942557,8.326935,29 Monte Plata,2018,25,train
-7.2216067,11.628483,9.829057,29 Monte Plata,2018,26,train
6.753811,1.8711399,4.1952076,29 Monte Plata,2018,27,train
6.28171,2.4425216,2.511245,29 Monte Plata,2018,28,train
6.877497,2.889802,2.4840605,29 Monte Plata,2018,29,train
6.2245755,2.2582972,2.8498232,29 Monte Plata,2018,30,train
7.1660643,2.63331,3.1313004,29 Monte Plata,2018,31,train
6.5089107,2.2799292,2.1980042,29 Monte Plata,2018,32,train
7.360079,2.9299004,2.0314856,29 Monte Plata,2018,33,train
6.7097425,2.1263409,2.3367746,29 Monte Plata,2018,34,train
9.970271,11.019005,-17.631935,29 Monte Plata,2018,35,train
7.3026314,-2.9664195,-2.5644405,29 Monte Plata,2018,36,train
7.8791795,-3.7056065,-3.1814942,29 Monte Plata,2018,37,train
7.657588,-3.6822863,-3.2456257,29 Monte Plata,2018,38,train
6.9756136,-3.9751105,-3.5044994,29 Monte Plata,2018,39,train
4.805031,-3.6291916,-3.7521489,29 Monte Plata,2018,40,train
7.408931,10.372781,-20.022717,29 Monte Plata,2018,41,train
4.8080635,-5.102679,-4.8564863,29 Monte Plata,2018,42,train
4.4825764,-5.347805,-5.1977973,29 Monte Plata,2018,43,train
3.6719368,-5.0065727,-5.0091696,29 Monte Plata,2018,44,train
3.6285956,-5.4945765,-5.018738,29 Monte Plata,2018,45,train
3.459752,-5.973901,-5.3477826,29 Monte Plata,2018,46,train
2.032705,-5.12929,-4.94338,29 Monte Plata,2018,47,train
1.5662309,-5.1263075,-4.9167256,29 Monte Plata,2018,48,train
1.669506,-5.4341235,-5.469791,29 Monte Plata,2018,49,train
1.0295051,-4.8725696,-5.1580176,29 Monte Plata,2018,50,train
0.58796036,-4.149903,-4.412392,29 Monte Plata,2018,51,train
-0.7134572,-1.9984158,-1.0361935,29 Monte Plata,2018,52,train
-6.033029,-4.4173827,-2.7632957,29 Monte Plata,2019,1,train
-5.2998905,-2.2237837,-2.9987252,29 Monte Plata,2019,2,train
-5.3414683,-2.2780764,-1.9526912,29 Monte Plata,2019,3,train
-5.987788,-2.1194296,-1.887359,29 Monte Plata,2019,4,train
-6.97678,-0.59628046,-0.18419915,29 Monte Plata,2019,5,train
-9.459576,0.2871822,-1.2902993,29 Monte Plata,2019,6,train
-9.403283,0.45195898,-0.44102195,29 Monte Plata,2019,7,train
-10.605147,0.8014267,0.8010788,29 Monte Plata,2019,8,train
-10.182722,1.0104938,1.6288124,29 Monte Plata,2019,9,train
-8.682662,2.3358724,2.2399998,29 Monte Plata,2019,10,train
-8.595001,2.9809546,2.9650195,29 Monte Plata,2019,11,train
-8.381535,3.8332152,3.2510958,29 Monte Plata,2019,12,train
-7.670349,7.262429,3.3728042,29 Monte Plata,2019,13,train
-8.710641,6.3861666,3.9621024,29 Monte Plata,2019,14,train
-8.268783,5.84294,5.184848,29 Monte Plata,2019,15,train
-8.056893,5.823175,6.0094624,29 Monte Plata,2019,16,train
-7.196707,6.228062,6.1832056,29 Monte Plata,2019,17,train
-2.0445766,5.411843,5.446273,29 Monte Plata,2019,18,train
-1.6421239,5.798316,5.6271696,29 Monte Plata,2019,19,train
-0.94078845,6.694863,5.6403837,29 Monte Plata,2019,20,train
-0.5691814,6.345539,4.2192597,29 Monte Plata,2019,21,train
3.0252187,20.935799,-7.7419662,29 Monte Plata,2019,22,train
0.5296133,6.67434,4.137339,29 Monte Plata,2019,23,train
1.047006,5.8217044,5.0856047,29 Monte Plata,2019,24,train
1.9315506,5.7473645,5.889004,29 Monte Plata,2019,25,train
2.0739956,4.893055,5.48225,29 Monte Plata,2019,26,train
7.795761,0.36319566,2.7072365,29 Monte Plata,2019,27,train
8.426512,0.37465405,1.8308729,29 Monte Plata,2019,28,train
9.402953,0.10633213,1.3132955,29 Monte Plata,2019,29,train
10.111982,-0.6435957,1.8555903,29 Monte Plata,2019,30,train
14.452922,19.47421,-14.048723,29 Monte Plata,2019,31,train
10.71971,-0.3627818,1.2802716,29 Monte Plata,2019,32,train
10.3262,-0.27516225,1.1102511,29 Monte Plata,2019,33,train
10.623124,0.033164185,0.97182137,29 Monte Plata,2019,34,train
10.659643,-3.445313,-0.11322974,29 Monte Plata,2019,35,train
9.581534,-4.3336234,-1.1618884,29 Monte Plata,2019,36,train
9.313044,-4.449941,-1.2594742,29 Monte Plata,2019,37,train
14.127785,14.460868,-17.038843,29 Monte Plata,2019,38,train
8.136785,-5.5999074,-3.2954369,29 Monte Plata,2019,39,train
7.144841,-5.98952,-4.0279794,29 Monte Plata,2019,40,train
5.828979,-5.626205,-2.2359776,29 Monte Plata,2019,41,train
4.8964286,-6.77476,-1.5051235,29 Monte Plata,2019,42,train
4.909004,-6.1270814,-4.457361,29 Monte Plata,2019,43,train
4.1146073,-7.051728,-4.531913,29 Monte Plata,2019,44,train
3.5693555,-6.75946,-4.6332836,29 Monte Plata,2019,45,train
3.1921513,-6.262536,-4.620399,29 Monte Plata,2019,46,train
1.9057553,-7.072685,-3.033957,29 Monte Plata,2019,47,train
1.7018414,-7.1312594,-3.1887178,29 Monte Plata,2019,48,train
-3.4335122,-8.352147,-7.288498,29 Monte Plata,2019,49,train
-3.6088984,-8.017124,-7.1522207,29 Monte Plata,2019,50,train
-3.575005,-7.6722713,-6.8974357,29 Monte Plata,2019,51,train
-7.279904,-4.553134,-4.4324965,29 Monte Plata,2019,52,train
-7.1438656,-4.3483353,-4.3527036,29 Monte Plata,2020,1,val
-7.7046995,-4.131766,-3.821771,29 Monte Plata,2020,2,val
-7.805801,-3.2256255,-3.776596,29 Monte Plata,2020,3,val
-7.4282947,-1.7970963,-3.442715,29 Monte Plata,2020,4,val
-8.614649,-0.30523628,-0.2537868,29 Monte Plata,2020,5,val
-9.655634,0.2466409,-0.2060776,29 Monte Plata,2020,6,val
-9.354773,0.74457073,0.44588578,29 Monte Plata,2020,7,val
-9.277274,1.62342,-0.17802323,29 Monte Plata,2020,8,val
-9.174744,1.599714,1.6973034,29 Monte Plata,2020,9,val
-9.398382,2.5954995,1.0057397,29 Monte Plata,2020,10,val
-8.135616,3.3913298,0.7092179,29 Monte Plata,2020,11,val
-9.054637,3.7698283,2.569602,29 Monte Plata,2020,12,val
-8.397134,5.6624,3.4320774,29 Monte Plata,2020,13,val
-8.18482,5.6441574,4.5131707,29 Monte Plata,2020,14,val
-8.658955,8.377778,5.269649,29 Monte Plata,2020,15,val
-8.312831,7.161664,6.4969697,29 Monte Plata,2020,16,val
-8.633884,7.3915977,7.4276843,29 Monte Plata,2020,17,val
-8.094828,7.4365335,7.2885404,29 Monte Plata,2020,18,val
-7.347935,9.795429,6.4398456,29 Monte Plata,2020,19,val
-0.77065563,6.525935,5.3228927,29 Monte Plata,2020,20,val
-0.23505701,6.5146003,5.618083,29 Monte Plata,2020,21,val
0.22324826,6.842583,4.274822,29 Monte Plata,2020,22,val
0.6838491,5.471117,5.9278984,29 Monte Plata,2020,23,val
1.2169768,5.200714,5.9532127,29 Monte Plata,2020,24,val
2.073055,5.5076594,5.7537146,29 Monte Plata,2020,25,val
2.8216927,5.302263,6.621932,29 Monte Plata,2020,26,val
5.2559648,3.9999166,4.1264634,29 Monte Plata,2020,27,val
5.4386163,4.0458927,4.2461953,29 Monte Plata,2020,28,val
5.3157187,3.7004523,4.5005093,29 Monte Plata,2020,29,val
5.2989187,3.7563677,4.3873873,29 Monte Plata,2020,30,val
10.057204,18.739765,-7.144992,29 Monte Plata,2020,31,val
5.565577,4.10083,5.106058,29 Monte Plata,2020,32,val
5.7896295,3.947138,5.3549275,29 Monte Plata,2020,33,val
10.074995,20.496887,-11.015706,29 Monte Plata,2020,34,val
9.993174,0.026559243,-5.516835,29 Monte Plata,2020,35,val
7.725629,-0.32615033,-7.702324,29 Monte Plata,2020,36,val
8.0704775,-0.3531044,-6.4051847,29 Monte Plata,2020,37,val
9.230584,-0.43100044,-6.4843607,29 Monte Plata,2020,38,val
9.491085,-0.47074234,-6.333269,29 Monte Plata,2020,39,val
5.6532645,-0.6683379,-8.730657,29 Monte Plata,2020,40,val
5.814505,-1.9552923,-7.5598984,29 Monte Plata,2020,41,val
5.6703944,-1.1546568,-9.88769,29 Monte Plata,2020,42,val
5.4165487,-2.8236415,-9.094727,29 Monte Plata,2020,43,val
5.0385547,-2.1027262,-11.194219,29 Monte Plata,2020,44,val
5.039902,8.405178,-22.778782,29 Monte Plata,2020,45,val
4.1777315,5.859268,-21.123547,29 Monte Plata,2020,46,val
2.8456228,-1.9476681,-10.329034,29 Monte Plata,2020,47,val
2.1684275,-3.1506386,-8.239378,29 Monte Plata,2020,48,val
-1.3771236,-3.3691156,-10.257176,29 Monte Plata,2020,49,val
-1.5289363,-2.226969,-10.846128,29 Monte Plata,2020,50,val
-1.8774439,-2.3466525,-10.513143,29 Monte Plata,2020,51,val
-4.305176,-0.054182064,-7.552998,29 Monte Plata,2020,52,val
-3.0731962,-0.109398745,-5.5191927,29 Monte Plata,2021,1,val
-3.9180765,0.79763776,-6.836952,29 Monte Plata,2021,2,val
-4.510811,1.5766906,-7.2721305,29 Monte Plata,2021,3,val
-4.082655,1.6112707,-5.705659,29 Monte Plata,2021,4,val
-7.0969524,3.9086614,-5.073899,29 Monte Plata,2021,5,val
-6.6431003,4.3082347,-4.3172264,29 Monte Plata,2021,6,val
-6.457532,4.9152594,-3.6777248,29 Monte Plata,2021,7,val
-6.8348637,5.8192053,-3.5099494,29 Monte Plata,2021,8,val
-6.1094804,5.626949,-2.234422,29 Monte Plata,2021,9,val
-7.2850757,5.639442,-2.5865188,29 Monte Plata,2021,10,val
-5.522612,4.4725575,0.023907105,29 Monte Plata,2021,11,val
-7.088027,6.715668,-0.6590887,29 Monte Plata,2021,12,val
-7.4726133,8.4246855,-0.9687878,29 Monte Plata,2021,13,val
-6.6872787,7.7974777,0.18224078,29 Monte Plata,2021,14,val
-5.8206844,4.3807397,5.3403344,29 Monte Plata,2021,15,val
-7.441733,9.07741,2.374378,29 Monte Plata,2021,16,val
-6.4004464,8.671368,2.2713988,29 Monte Plata,2021,17,val
-6.381705,8.324091,4.3986807,29 Monte Plata,2021,18,val
-1.2702764,6.050534,4.308862,29 Monte Plata,2021,19,val
-0.8851791,5.8418274,3.520914,29 Monte Plata,2021,20,val
-0.34619638,6.1254587,3.4032094,29 Monte Plata,2021,21,val
0.14533061,5.972025,2.7019343,29 Monte Plata,2021,22,val
3.3313115,19.934723,-9.026594,29 Monte Plata,2021,23,val
1.4004368,6.1150665,5.0184994,29 Monte Plata,2021,24,val
1.7669538,5.6573076,3.0805476,29 Monte Plata,2021,25,val
2.0951934,5.3274612,3.375728,29 Monte Plata,2021,26,val
4.9610457,3.5960388,3.9132276,29 Monte Plata,2021,27,val
4.3462296,3.731194,2.5882945,29 Monte Plata,2021,28,val
5.2008104,4.000532,3.7069023,29 Monte Plata,2021,29,val
5.0073676,3.858152,3.392563,29 Monte Plata,2021,30,val
5.05959,3.9434786,3.195562,29 Monte Plata,2021,31,val
9.801906,20.152863,-10.980615,29 Monte Plata,2021,32,val
5.32998,4.2812147,2.3009648,29 Monte Plata,2021,33,val
6.5037346,3.7010171,4.857871,29 Monte Plata,2021,34,val
10.440167,-0.27840066,-3.8634572,29 Monte Plata,2021,35,val
9.617342,-0.017170122,-6.330966,29 Monte Plata,2021,36,val
7.916394,-0.5546045,-6.9825287,29 Monte Plata,2021,37,val
9.943708,-0.49270704,-6.3975916,29 Monte Plata,2021,38,val
7.735819,-0.69377255,-5.9655695,29 Monte Plata,2021,39,val
9.441582,-0.7788005,-5.9585943,29 Monte Plata,2021,40,val
8.331539,6.903294,-18.739857,29 Monte Plata,2021,41,val
5.571014,-2.2891812,-8.550823,29 Monte Plata,2021,42,val
4.9083714,-3.3307314,-7.6429143,29 Monte Plata,2021,43,val
4.5047693,-3.3154385,-8.238203,29 Monte Plata,2021,44,val
4.0069094,-4.4537287,-7.7845592,29 Monte Plata,2021,45,val
3.662744,-4.748188,-7.707866,29 Monte Plata,2021,46,val
2.6227193,-4.002408,-7.152989,29 Monte Plata,2021,47,val
2.780391,-4.2242675,-8.152941,29 Monte Plata,2021,48,val
-1.9045678,-4.565307,-10.540814,29 Monte Plata,2021,49,val
-1.6405642,-3.837825,-9.54146,29 Monte Plata,2021,50,val
-2.0275497,-3.4336793,-9.66324,29 Monte Plata,2021,51,val
-4.02834,-0.84148955,-6.241392,29 Monte Plata,2021,52,val
-11.23557,-4.9179683,-6.410833,30 Hato Mayor,2015,1,train
-11.406358,-3.8781986,-5.926572,30 Hato Mayor,2015,2,train
-11.610669,-2.6541343,-5.4416537,30 Hato Mayor,2015,3,train
-11.361151,-1.9223392,-4.894316,30 Hato Mayor,2015,4,train
-11.473395,0.36692816,-2.9884136,30 Hato Mayor,2015,5,train
-12.09902,1.77598,-2.7323954,30 Hato Mayor,2015,6,train
-12.225254,1.711496,-2.563333,30 Hato Mayor,2015,7,train
-12.596282,2.6916428,-1.7444565,30 Hato Mayor,2015,8,train
-14.117658,4.327594,-0.015529399,30 Hato Mayor,2015,9,train
-15.336427,4.099732,1.0729867,30 Hato Mayor,2015,10,train
-15.602152,4.9094386,2.171569,30 Hato Mayor,2015,11,train
-13.632394,5.7019477,3.364908,30 Hato Mayor,2015,12,train
-13.325303,7.29514,5.0636225,30 Hato Mayor,2015,13,train
-13.675487,7.7562423,4.716316,30 Hato Mayor,2015,14,train
-14.21229,9.089113,5.420852,30 Hato Mayor,2015,15,train
-13.10277,8.760792,6.539073,30 Hato Mayor,2015,16,train
-12.352589,9.3820915,7.304656,30 Hato Mayor,2015,17,train
-3.0971231,9.179541,8.891484,30 Hato Mayor,2015,18,train
-3.017899,8.651123,9.149415,30 Hato Mayor,2015,19,train
-2.8451657,9.776582,9.624681,30 Hato Mayor,2015,20,train
-0.7664706,10.191554,6.886915,30 Hato Mayor,2015,21,train
-0.13066435,9.47539,6.5339017,30 Hato Mayor,2015,22,train
0.75406164,9.432784,6.7928257,30 Hato Mayor,2015,23,train
1.4075494,8.567463,7.574699,30 Hato Mayor,2015,24,train
2.4585466,8.8282385,7.3735747,30 Hato Mayor,2015,25,train
3.0128758,8.4391985,7.129908,30 Hato Mayor,2015,26,train
12.866072,2.79139,3.801189,30 Hato Mayor,2015,27,train
11.722935,2.5081542,3.165956,30 Hato Mayor,2015,28,train
11.9460945,2.2912948,3.8689358,30 Hato Mayor,2015,29,train
12.26955,2.2258315,3.8291032,30 Hato Mayor,2015,30,train
13.078905,2.211295,4.63331,30 Hato Mayor,2015,31,train
12.434584,1.8568475,3.8842506,30 Hato Mayor,2015,32,train
12.624307,1.7134622,4.1476007,30 Hato Mayor,2015,33,train
12.4328785,1.5717894,3.7171032,30 Hato Mayor,2015,34,train
11.699616,-6.3073974,-3.5104783,30 Hato Mayor,2015,35,train
11.834453,-6.6085396,-3.1804442,30 Hato Mayor,2015,36,train
12.528699,-7.4990177,-3.3197846,30 Hato Mayor,2015,37,train
11.261277,-8.04074,-4.7835035,30 Hato Mayor,2015,38,train
10.894014,-7.764689,-4.217171,30 Hato Mayor,2015,39,train
11.120075,-9.644672,-4.9055257,30 Hato Mayor,2015,40,train
10.431263,-10.157216,-5.0753365,30 Hato Mayor,2015,41,train
9.614521,-10.347967,-5.416872,30 Hato Mayor,2015,42,train
7.715589,-9.402573,-5.2368803,30 Hato Mayor,2015,43,train
7.118496,-9.734022,-5.8885345,30 Hato Mayor,2015,44,train
6.0871687,-9.493494,-6.4948525,30 Hato Mayor,2015,45,train
5.6720324,-10.424895,-6.941335,30 Hato Mayor,2015,46,train
3.6803434,-9.62554,-6.573305,30 Hato Mayor,2015,47,train
-3.3115954,-10.616785,-8.865331,30 Hato Mayor,2015,48,train
-5.3574376,-11.384034,-10.11273,30 Hato Mayor,2015,49,train
-5.289736,-10.52524,-9.1929455,30 Hato Mayor,2015,50,train
-6.081383,-10.169197,-9.406307,30 Hato Mayor,2015,51,train
-11.300211,-6.2823133,-6.524654,30 Hato Mayor,2015,52,train
-12.226443,-3.5668573,-4.1965017,30 Hato Mayor,2016,1,train
-12.782211,-3.5066419,-3.5633395,30 Hato Mayor,2016,2,train
-13.221544,-3.406262,-3.3248575,30 Hato Mayor,2016,3,train
-13.674887,-3.1724193,-3.4550943,30 Hato Mayor,2016,4,train
-14.689935,-1.2890664,-2.3065605,30 Hato Mayor,2016,5,train
-15.122306,-0.93619186,-1.812504,30 Hato Mayor,2016,6,train
-15.308052,-0.563633,-1.6824808,30 Hato Mayor,2016,7,train
-15.142476,0.027295891,-0.7997971,30 Hato Mayor,2016,8,train
-15.178063,1.1190342,-0.71716934,30 Hato Mayor,2016,9,train
-14.297887,3.9693837,1.0177404,30 Hato Mayor,2016,10,train
-13.787315,4.9219556,2.4228904,30 Hato Mayor,2016,11,train
-14.245952,6.3487244,4.337586,30 Hato Mayor,2016,12,train
-13.776154,7.5778894,5.0055637,30 Hato Mayor,2016,13,train
-12.802694,8.03786,5.4054246,30 Hato Mayor,2016,14,train
-13.040944,7.9023066,6.0401793,30 Hato Mayor,2016,15,train
-11.464601,9.882893,5.7081304,30 Hato Mayor,2016,16,train
-3.0834546,27.481634,-11.487707,30 Hato Mayor,2016,17,train
-7.5857663,12.836551,6.130526,30 Hato Mayor,2016,18,train
-7.0333457,13.681907,6.7758427,30 Hato Mayor,2016,19,train
-9.7923,12.818597,8.565579,30 Hato Mayor,2016,20,train
0.03471948,11.286647,5.752292,30 Hato Mayor,2016,21,train
3.8329306,25.349205,-9.718235,30 Hato Mayor,2016,22,train
1.4355297,10.167303,6.2393384,30 Hato Mayor,2016,23,train
2.2036784,9.329016,7.013289,30 Hato Mayor,2016,24,train
3.2446837,10.775206,5.3992243,30 Hato Mayor,2016,25,train
3.4729137,8.895299,5.7160206,30 Hato Mayor,2016,26,train
9.009545,5.455075,5.0315776,30 Hato Mayor,2016,27,train
8.54063,5.4010687,5.106175,30 Hato Mayor,2016,28,train
8.571017,5.3926044,5.132101,30 Hato Mayor,2016,29,train
8.22549,6.114975,4.1009603,30 Hato Mayor,2016,30,train
8.26212,6.2237644,3.6128511,30 Hato Mayor,2016,31,train
7.6420455,6.42131,4.807524,30 Hato Mayor,2016,32,train
7.90205,5.729683,5.7699237,30 Hato Mayor,2016,33,train
10.924371,21.935934,-10.361613,30 Hato Mayor,2016,34,train
11.632119,-2.6709514,-7.10028,30 Hato Mayor,2016,35,train
10.86775,-2.379263,-9.059283,30 Hato Mayor,2016,36,train
10.690192,-2.7953558,-8.856816,30 Hato Mayor,2016,37,train
10.699229,-2.9986022,-9.050535,30 Hato Mayor,2016,38,train
11.331128,-3.552387,-10.211519,30 Hato Mayor,2016,39,train
9.050331,-3.1953104,-12.403884,30 Hato Mayor,2016,40,train
8.504748,-3.6758442,-11.7008095,30 Hato Mayor,2016,41,train
7.4749765,-3.2099836,-13.213426,30 Hato Mayor,2016,42,train
6.812616,-3.3330457,-12.38613,30 Hato Mayor,2016,43,train
7.0395617,4.9950566,-22.272408,30 Hato Mayor,2016,44,train
5.37017,-2.3166,-13.777009,30 Hato Mayor,2016,45,train
4.4106345,-2.0878568,-13.971733,30 Hato Mayor,2016,46,train
3.6134741,-2.262213,-14.67797,30 Hato Mayor,2016,47,train
-2.0421193,-5.200743,-14.496367,30 Hato Mayor,2016,48,train
-3.4106328,-6.1064234,-14.359705,30 Hato Mayor,2016,49,train
-3.7627215,-5.8519545,-14.036867,30 Hato Mayor,2016,50,train
-4.219798,-5.2619047,-13.476858,30 Hato Mayor,2016,51,train
-7.3914156,-2.0139163,-8.300716,30 Hato Mayor,2016,52,train
-7.682363,-1.0554847,-8.474045,30 Hato Mayor,2017,1,train
-8.50932,0.34458038,-9.122104,30 Hato Mayor,2017,2,train
-5.74842,-0.42806697,-4.305966,30 Hato Mayor,2017,3,train
-7.464548,-1.8724647,-3.2914162,30 Hato Mayor,2017,4,train
-10.457923,4.2650976,-6.723734,30 Hato Mayor,2017,5,train
-11.2729025,4.6052203,-6.282836,30 Hato Mayor,2017,6,train
-10.210539,3.633592,-4.0892735,30 Hato Mayor,2017,7,train
-10.522494,5.1073437,-3.571939,30 Hato Mayor,2017,8,train
-12.644836,5.4729757,-1.9777038,30 Hato Mayor,2017,9,train
-11.021217,7.013562,-3.2783494,30 Hato Mayor,2017,10,train
-11.706144,8.6539755,-1.8394849,30 Hato Mayor,2017,11,train
-11.413934,8.767406,-0.74397725,30 Hato Mayor,2017,12,train
-10.381395,4.374973,6.729195,30 Hato Mayor,2017,13,train
-11.678675,7.124668,7.160968,30 Hato Mayor,2017,14,train
-11.485695,7.6513186,6.859228,30 Hato Mayor,2017,15,train
-9.398608,13.48333,3.785073,30 Hato Mayor,2017,16,train
-8.937631,22.051832,-4.971173,30 Hato Mayor,2017,17,train
-8.498036,12.508277,5.6531773,30 Hato Mayor,2017,18,train
-9.19704,11.657591,6.5012884,30 Hato Mayor,2017,19,train
-9.267942,12.732555,8.506571,30 Hato Mayor,2017,20,train
-9.171207,12.041011,10.321013,30 Hato Mayor,2017,21,train
0.6131157,9.736882,6.395486,30 Hato Mayor,2017,22,train
1.1048989,8.029901,8.832168,30 Hato Mayor,2017,23,train
2.0517938,7.639872,8.420694,30 Hato Mayor,2017,24,train
2.9031482,7.4645796,8.11458,30 Hato Mayor,2017,25,train
3.6011822,8.051197,7.5712347,30 Hato Mayor,2017,26,train
7.9691014,5.0540156,6.6302834,30 Hato Mayor,2017,27,train
7.0155478,5.739841,4.6733747,30 Hato Mayor,2017,28,train
7.977738,5.6920495,6.1233497,30 Hato Mayor,2017,29,train
7.3243217,5.124421,6.242442,30 Hato Mayor,2017,30,train
7.9363146,5.2093916,7.0086412,30 Hato Mayor,2017,31,train
7.1003976,5.0954227,6.159302,30 Hato Mayor,2017,32,train
7.878226,6.5618577,5.5093627,30 Hato Mayor,2017,33,train
7.312736,6.6016464,4.5525837,30 Hato Mayor,2017,34,train
12.297453,-2.531016,-6.6835446,30 Hato Mayor,2017,35,train
11.293126,-3.3352346,-9.4690275,30 Hato Mayor,2017,36,train
10.1934185,-3.2444167,-8.150406,30 Hato Mayor,2017,37,train
12.602838,9.863417,-23.146154,30 Hato Mayor,2017,38,train
10.406005,-4.4197154,-8.567804,30 Hato Mayor,2017,39,train
8.903892,-3.8711076,-10.006299,30 Hato Mayor,2017,40,train
8.03489,-4.537489,-10.516832,30 Hato Mayor,2017,41,train
8.114112,-6.7752028,-10.81931,30 Hato Mayor,2017,42,train
6.703953,-5.8078713,-10.3735285,30 Hato Mayor,2017,43,train
5.9913197,-6.603407,-9.89666,30 Hato Mayor,2017,44,train
5.002327,14.22701,-27.880114,30 Hato Mayor,2017,45,train
4.8315883,11.965913,-28.473827,30 Hato Mayor,2017,46,train
3.6398141,-5.0431113,-11.039981,30 Hato Mayor,2017,47,train
3.6444352,-6.4537797,-10.245285,30 Hato Mayor,2017,48,train
2.9815917,-5.8342924,-11.43173,30 Hato Mayor,2017,49,train
2.108171,-5.180163,-9.447513,30 Hato Mayor,2017,50,train
2.7242868,-5.286996,-11.223446,30 Hato Mayor,2017,51,train
-0.4983745,-1.5966129,-0.51419246,30 Hato Mayor,2017,52,train
-0.6041766,-0.73783404,-1.1260273,30 Hato Mayor,2018,1,train
-0.66649044,-0.5464783,-0.6676901,30 Hato Mayor,2018,2,train
-0.75564396,-0.5855775,-0.2727278,30 Hato Mayor,2018,3,train
-1.0551194,-1.054531,0.44553104,30 Hato Mayor,2018,4,train
-9.876851,4.0013857,-6.025308,30 Hato Mayor,2018,5,train
-12.028155,4.3164415,-6.2378345,30 Hato Mayor,2018,6,train
-12.137482,4.7431254,-5.28419,30 Hato Mayor,2018,7,train
-11.296647,6.6309094,-5.2145915,30 Hato Mayor,2018,8,train
-6.993682,0.59191626,2.713071,30 Hato Mayor,2018,9,train
-10.214797,7.592793,-2.3321924,30 Hato Mayor,2018,10,train
-11.524514,9.894518,-2.3051903,30 Hato Mayor,2018,11,train
-11.762478,9.922061,-1.783909,30 Hato Mayor,2018,12,train
-10.534643,9.274288,-1.5381863,30 Hato Mayor,2018,13,train
-10.901038,8.256668,3.4489112,30 Hato Mayor,2018,14,train
-11.890479,10.023443,3.6117008,30 Hato Mayor,2018,15,train
-11.363652,10.348523,4.0103397,30 Hato Mayor,2018,16,train
-10.906271,10.085659,6.178461,30 Hato Mayor,2018,17,train
-10.364585,10.716306,5.446895,30 Hato Mayor,2018,18,train
-9.971524,9.861136,8.4294815,30 Hato Mayor,2018,19,train
-9.7768955,11.412557,7.3802896,30 Hato Mayor,2018,20,train
-8.174794,10.791377,10.638046,30 Hato Mayor,2018,21,train
-7.7382264,12.469271,10.079953,30 Hato Mayor,2018,22,train
0.4321786,8.097739,8.6972475,30 Hato Mayor,2018,23,train
1.2620617,7.780964,8.187854,30 Hato Mayor,2018,24,train
1.8719138,7.6826205,5.891557,30 Hato Mayor,2018,25,train
2.7190228,7.4853864,7.7719455,30 Hato Mayor,2018,26,train
9.8876095,3.2957706,5.7264977,30 Hato Mayor,2018,27,train
9.489918,3.9507506,4.478497,30 Hato Mayor,2018,28,train
9.987123,4.1016316,4.827107,30 Hato Mayor,2018,29,train
9.1751175,3.2293668,5.30025,30 Hato Mayor,2018,30,train
10.021669,3.7322912,5.2567525,30 Hato Mayor,2018,31,train
9.128092,2.5268214,5.389911,30 Hato Mayor,2018,32,train
10.0387125,3.5479412,4.479234,30 Hato Mayor,2018,33,train
10.098639,3.406413,4.805867,30 Hato Mayor,2018,34,train
10.497294,-5.461446,-5.008066,30 Hato Mayor,2018,35,train
10.409804,-5.080355,-4.2914615,30 Hato Mayor,2018,36,train
10.87667,-5.9324036,-4.9617825,30 Hato Mayor,2018,37,train
11.051135,-5.8371043,-5.0301847,30 Hato Mayor,2018,38,train
10.956316,-6.739406,-5.7123303,30 Hato Mayor,2018,39,train
7.1287646,-6.584771,-6.310084,30 Hato Mayor,2018,40,train
7.241078,-7.5420356,-6.8497906,30 Hato Mayor,2018,41,train
7.335904,-8.625596,-7.8089185,30 Hato Mayor,2018,42,train
6.201642,-8.290157,-7.696331,30 Hato Mayor,2018,43,train
5.043498,-7.8623867,-7.626705,30 Hato Mayor,2018,44,train
4.950004,-8.254662,-7.354181,30 Hato Mayor,2018,45,train
4.663286,-8.789799,-7.750167,30 Hato Mayor,2018,46,train
3.2837121,-7.9662147,-7.388671,30 Hato Mayor,2018,47,train
2.453726,-7.760711,-7.4257693,30 Hato Mayor,2018,48,train
2.8925583,-8.488584,-8.442436,30 Hato Mayor,2018,49,train
2.0144997,-7.5626707,-7.7497354,30 Hato Mayor,2018,50,train
-3.0236561,-8.03842,-9.0180435,30 Hato Mayor,2018,51,train
-10.085444,-5.5044656,-7.018309,30 Hato Mayor,2018,52,train
-9.913365,-6.024184,-4.817713,30 Hato Mayor,2019,1,train
-8.262402,-3.4417374,-4.1479607,30 Hato Mayor,2019,2,train
-8.961792,-2.909953,-4.055735,30 Hato Mayor,2019,3,train
-10.048817,-3.765011,-3.0109162,30 Hato Mayor,2019,4,train
-10.858269,-0.30691874,-1.0761235,30 Hato Mayor,2019,5,train
-12.784751,-0.3118541,-0.90942013,30 Hato Mayor,2019,6,train
-13.675123,0.69900846,-0.7391741,30 Hato Mayor,2019,7,train
-14.569858,1.3912787,0.1666755,30 Hato Mayor,2019,8,train
-13.887655,1.3440598,1.7187476,30 Hato Mayor,2019,9,train
-12.556104,2.5294893,3.326092,30 Hato Mayor,2019,10,train
-12.429102,3.5448344,3.5337195,30 Hato Mayor,2019,11,train
-11.596607,4.2692814,4.851047,30 Hato Mayor,2019,12,train
-11.231197,8.900436,4.101141,30 Hato Mayor,2019,13,train
-12.392396,7.249909,5.675565,30 Hato Mayor,2019,14,train
-12.159031,7.522978,6.5876956,30 Hato Mayor,2019,15,train
-11.777847,7.707407,7.930675,30 Hato Mayor,2019,16,train
-10.106625,7.1319313,7.5658126,30 Hato Mayor,2019,17,train
-11.134661,9.228734,8.091489,30 Hato Mayor,2019,18,train
-10.045961,10.351415,7.298083,30 Hato Mayor,2019,19,train
-9.343636,11.090621,9.47215,30 Hato Mayor,2019,20,train
-0.5843335,10.147654,5.486868,30 Hato Mayor,2019,21,train
2.791794,21.01188,-3.4466732,30 Hato Mayor,2019,22,train
0.8775742,9.336888,6.0373077,30 Hato Mayor,2019,23,train
1.6822081,8.320603,7.7506886,30 Hato Mayor,2019,24,train
2.743771,7.600622,8.117922,30 Hato Mayor,2019,25,train
3.1570144,7.0038877,7.5887933,30 Hato Mayor,2019,26,train
9.845509,1.4739294,4.534968,30 Hato Mayor,2019,27,train
12.181716,0.95781,2.9085555,30 Hato Mayor,2019,28,train
12.798446,0.35884783,2.7294667,30 Hato Mayor,2019,29,train
13.619531,-0.737287,2.7996433,30 Hato Mayor,2019,30,train
16.416513,17.974257,-10.615557,30 Hato Mayor,2019,31,train
13.515506,-0.031355124,1.5478543,30 Hato Mayor,2019,32,train
13.478924,-0.40414855,2.0876572,30 Hato Mayor,2019,33,train
13.8499155,0.121538855,1.4762942,30 Hato Mayor,2019,34,train
13.234094,-4.3051176,-0.957599,30 Hato Mayor,2019,35,train
12.452783,-5.6775103,-1.7243418,30 Hato Mayor,2019,36,train
12.218026,-6.2939134,-2.6488016,30 Hato Mayor,2019,37,train
16.189213,14.817297,-18.852852,30 Hato Mayor,2019,38,train
10.00096,-7.2632136,-4.3744636,30 Hato Mayor,2019,39,train
8.678488,-7.8372035,-5.4676476,30 Hato Mayor,2019,40,train
7.9516907,-8.789966,-4.0524116,30 Hato Mayor,2019,41,train
6.758085,-9.393223,-3.9289825,30 Hato Mayor,2019,42,train
6.7028346,-9.203288,-6.7533574,30 Hato Mayor,2019,43,train
5.661066,-10.354633,-6.6084495,30 Hato Mayor,2019,44,train
4.678781,-10.592323,-6.025268,30 Hato Mayor,2019,45,train
3.6665108,-8.6832,-6.1182513,30 Hato Mayor,2019,46,train
2.7626324,-9.486006,-5.2192483,30 Hato Mayor,2019,47,train
2.4623725,-9.749643,-5.155256,30 Hato Mayor,2019,48,train
-4.5328794,-10.404909,-9.30936,30 Hato Mayor,2019,49,train
-5.749618,-10.2926445,-9.471956,30 Hato Mayor,2019,50,train
-5.8088,-10.101607,-9.506385,30 Hato Mayor,2019,51,train
-9.734966,-5.6195908,-5.684187,30 Hato Mayor,2019,52,train
-9.790268,-5.116104,-6.3076453,30 Hato Mayor,2020,1,val
-10.711284,-4.241566,-6.2877517,30 Hato Mayor,2020,2,val
-11.125971,-3.3107889,-6.2473836,30 Hato Mayor,2020,3,val
-10.132323,-2.0763574,-4.987048,30 Hato Mayor,2020,4,val
-11.432139,0.15771542,-1.2637817,30 Hato Mayor,2020,5,val
-12.689761,0.69931376,-1.2798871,30 Hato Mayor,2020,6,val
-13.637245,1.8384275,-1.0004606,30 Hato Mayor,2020,7,val
-12.706178,1.6300075,0.3411687,30 Hato Mayor,2020,8,val
-12.634682,2.673932,0.7662693,30 Hato Mayor,2020,9,val
-12.879068,3.3406596,1.035902,30 Hato Mayor,2020,10,val
-11.748728,4.1453876,0.46687096,30 Hato Mayor,2020,11,val
-13.292352,5.4389787,2.7055569,30 Hato Mayor,2020,12,val
-11.975041,7.690446,4.2328763,30 Hato Mayor,2020,13,val
-11.379723,6.8927155,5.986557,30 Hato Mayor,2020,14,val
-11.018288,9.654488,6.2140136,30 Hato Mayor,2020,15,val
-11.370132,9.970401,7.090352,30 Hato Mayor,2020,16,val
-11.604514,9.648502,8.792341,30 Hato Mayor,2020,17,val
-10.882452,9.581171,8.818544,30 Hato Mayor,2020,18,val
-10.067469,11.719875,8.484445,30 Hato Mayor,2020,19,val
-9.625411,12.069483,8.437885,30 Hato Mayor,2020,20,val
-8.111975,12.955678,9.226588,30 Hato Mayor,2020,21,val
-7.4117894,13.380766,9.227945,30 Hato Mayor,2020,22,val
-8.310692,13.801513,11.216939,30 Hato Mayor,2020,23,val
1.7702166,6.9415936,7.729144,30 Hato Mayor,2020,24,val
2.8988838,6.8760166,8.94386,30 Hato Mayor,2020,25,val
3.7449942,7.611502,8.449598,30 Hato Mayor,2020,26,val
7.002639,4.618197,6.490172,30 Hato Mayor,2020,27,val
7.646198,5.1845784,6.7430177,30 Hato Mayor,2020,28,val
7.4625654,5.191771,6.6820326,30 Hato Mayor,2020,29,val
7.7725406,5.263574,6.971654,30 Hato Mayor,2020,30,val
11.76995,21.171824,-7.506245,30 Hato Mayor,2020,31,val
7.3911858,5.559168,6.831571,30 Hato Mayor,2020,32,val
7.524504,5.5423055,6.828801,30 Hato Mayor,2020,33,val
11.216964,19.91742,-7.153927,30 Hato Mayor,2020,34,val
13.468365,-0.6621744,-7.2708683,30 Hato Mayor,2020,35,val
12.1519985,-1.5222843,-9.65692,30 Hato Mayor,2020,36,val
10.642379,-1.6543363,-9.7062025,30 Hato Mayor,2020,37,val
12.5187025,-1.5761881,-8.757969,30 Hato Mayor,2020,38,val
12.242948,-1.8159645,-8.768053,30 Hato Mayor,2020,39,val
8.828214,-2.6834102,-12.631338,30 Hato Mayor,2020,40,val
8.812624,-4.016587,-11.482649,30 Hato Mayor,2020,41,val
7.7691655,-3.1646018,-13.063887,30 Hato Mayor,2020,42,val
7.071051,-5.4813375,-11.372209,30 Hato Mayor,2020,43,val
6.919456,-5.5764422,-13.622663,30 Hato Mayor,2020,44,val
5.83478,5.2500353,-24.57527,30 Hato Mayor,2020,45,val
5.0188656,3.7910345,-23.180517,30 Hato Mayor,2020,46,val
3.904344,-4.152566,-13.377795,30 Hato Mayor,2020,47,val
2.8603292,-4.6234465,-11.161398,30 Hato Mayor,2020,48,val
2.5286376,-5.744563,-9.2368765,30 Hato Mayor,2020,49,val
2.5517876,-4.7214513,-10.052444,30 Hato Mayor,2020,50,val
2.444275,-5.1404295,-9.297327,30 Hato Mayor,2020,51,val
-0.36017916,-0.8602008,-0.94124556,30 Hato Mayor,2020,52,val
-0.81529135,-1.2073995,-0.89129674,30 Hato Mayor,2021,1,val
-0.7386366,-0.95470667,-0.41043392,30 Hato Mayor,2021,2,val
-0.95367455,-0.92928606,-0.10005615,30 Hato Mayor,2021,3,val
-1.328164,-1.4735439,0.60401946,30 Hato Mayor,2021,4,val
-1.3673156,0.49313575,0.7630564,30 Hato Mayor,2021,5,val
-1.6096462,0.19603789,1.7532278,30 Hato Mayor,2021,6,val
-1.9507699,-0.1688113,2.6362827,30 Hato Mayor,2021,7,val
-1.7811424,0.2703906,2.4873893,30 Hato Mayor,2021,8,val
-2.0780883,0.36428586,2.8361845,30 Hato Mayor,2021,9,val
-1.7303938,0.7940019,2.061027,30 Hato Mayor,2021,10,val
-2.3746693,0.37128323,3.4728222,30 Hato Mayor,2021,11,val
-2.016723,1.1629612,2.9798737,30 Hato Mayor,2021,12,val
-2.220855,1.3582395,3.6836638,30 Hato Mayor,2021,13,val
-2.2795107,1.6234429,3.188067,30 Hato Mayor,2021,14,val
-2.3174555,2.653685,4.495237,30 Hato Mayor,2021,15,val
-2.1136289,4.7567697,6.5881977,30 Hato Mayor,2021,16,val
-1.6780455,6.1754403,5.1602554,30 Hato Mayor,2021,17,val
-1.8080676,7.0613995,7.201798,30 Hato Mayor,2021,18,val
-1.6382464,7.9213724,6.9310365,30 Hato Mayor,2021,19,val
-1.1062541,7.8462324,6.4146733,30 Hato Mayor,2021,20,val
-0.38984632,8.683089,6.856295,30 Hato Mayor,2021,21,val
0.47822532,10.2914095,6.406754,30 Hato Mayor,2021,22,val
3.392418,20.119036,-4.3935885,30 Hato Mayor,2021,23,val
2.1544762,8.719835,7.66183,30 Hato Mayor,2021,24,val
2.6904721,8.886217,5.312234,30 Hato Mayor,2021,25,val
3.361728,8.224143,6.5329876,30 Hato Mayor,2021,26,val
7.6724644,5.096163,6.3571744,30 Hato Mayor,2021,27,val
6.9185805,5.416933,4.8212543,30 Hato Mayor,2021,28,val
7.53289,5.516869,5.913307,30 Hato Mayor,2021,29,val
7.257366,5.1584005,5.7283034,30 Hato Mayor,2021,30,val
7.1766286,5.5115323,5.0703077,30 Hato Mayor,2021,31,val
11.167247,21.04002,-10.002183,30 Hato Mayor,2021,32,val
8.003209,5.9536858,4.7666545,30 Hato Mayor,2021,33,val
8.77611,4.9840417,6.4922824,30 Hato Mayor,2021,34,val
13.571093,-0.7646282,-5.417625,30 Hato Mayor,2021,35,val
12.787307,-1.2166783,-8.957813,30 Hato Mayor,2021,36,val
10.78626,-1.7665946,-10.295938,30 Hato Mayor,2021,37,val
12.738605,-1.7383432,-8.799463,30 Hato Mayor,2021,38,val
10.143725,-1.802351,-9.426516,30 Hato Mayor,2021,39,val
11.801661,-2.9389677,-10.192161,30 Hato Mayor,2021,40,val
7.740558,-2.7080104,-12.245205,30 Hato Mayor,2021,41,val
7.5527897,-4.6461616,-11.30413,30 Hato Mayor,2021,42,val
6.560161,-5.8200965,-10.339959,30 Hato Mayor,2021,43,val
6.1772637,-5.724669,-11.380204,30 Hato Mayor,2021,44,val
5.427465,-6.883327,-10.64988,30 Hato Mayor,2021,45,val
5.338011,-7.3616962,-11.155104,30 Hato Mayor,2021,46,val
3.8278615,-6.7323885,-9.990988,30 Hato Mayor,2021,47,val
-2.3190746,-6.3253703,-14.662518,30 Hato Mayor,2021,48,val
-2.8800707,-5.8845696,-14.937083,30 Hato Mayor,2021,49,val
-3.5774186,-4.924642,-14.919101,30 Hato Mayor,2021,50,val
-2.675112,-4.4548726,-13.240705,30 Hato Mayor,2021,51,val
-6.8855414,-0.0680474,-10.178751,30 Hato Mayor,2021,52,val
-5.67436,-3.8434525,-2.7746055,31 San José de Ocoa,2015,1,train
-5.354505,-3.0737207,-1.7788315,31 San José de Ocoa,2015,2,train
-6.368083,-1.7905319,-2.9863172,31 San José de Ocoa,2015,3,train
-5.0499,-1.5157167,-1.6533959,31 San José de Ocoa,2015,4,train
-6.160082,0.22373702,-1.1708603,31 San José de Ocoa,2015,5,train
-5.9475317,0.9425171,-0.83231354,31 San José de Ocoa,2015,6,train
-6.554292,1.2767491,-0.82146764,31 San José de Ocoa,2015,7,train
-6.3159165,1.5126816,0.38616803,31 San José de Ocoa,2015,8,train
-7.153741,2.2151616,0.85201937,31 San José de Ocoa,2015,9,train
-8.020027,2.3033204,1.6510999,31 San José de Ocoa,2015,10,train
-8.448534,2.6083596,2.4595785,31 San José de Ocoa,2015,11,train
-7.498375,3.3630316,2.2939703,31 San José de Ocoa,2015,12,train
-7.865565,4.2875533,2.8808107,31 San José de Ocoa,2015,13,train
-6.764268,4.098492,2.847356,31 San José de Ocoa,2015,14,train
-8.18323,5.1626015,3.685592,31 San José de Ocoa,2015,15,train
-7.0073295,5.1256504,4.2970595,31 San José de Ocoa,2015,16,train
-2.2460315,4.5544806,3.9554152,31 San José de Ocoa,2015,17,train
-2.1480381,4.3771734,4.626215,31 San José de Ocoa,2015,18,train
-2.0512657,4.567531,4.9325285,31 San José de Ocoa,2015,19,train
-1.8408682,3.869315,5.085713,31 San José de Ocoa,2015,20,train
-0.7733305,4.7864394,4.271688,31 San José de Ocoa,2015,21,train
-0.45476684,4.2616515,3.51426,31 San José de Ocoa,2015,22,train
0.065242246,4.888638,3.811721,31 San José de Ocoa,2015,23,train
0.52479285,4.1091194,4.13372,31 San José de Ocoa,2015,24,train
0.8861496,3.3651862,3.8451593,31 San José de Ocoa,2015,25,train
1.2983143,3.6829598,3.8780184,31 San José de Ocoa,2015,26,train
7.139426,0.34905595,2.9430552,31 San José de Ocoa,2015,27,train
5.886382,0.07029793,2.4087899,31 San José de Ocoa,2015,28,train
5.8896484,0.074702404,2.206534,31 San José de Ocoa,2015,29,train
6.6302814,0.43236163,2.446974,31 San José de Ocoa,2015,30,train
6.747665,-0.11833286,3.0706227,31 San José de Ocoa,2015,31,train
7.875479,0.45277345,2.8817482,31 San José de Ocoa,2015,32,train
7.565854,0.10389569,2.6667495,31 San José de Ocoa,2015,33,train
6.9433265,0.14468552,1.983481,31 San José de Ocoa,2015,34,train
13.000312,12.519628,-15.606476,31 San José de Ocoa,2015,35,train
6.555183,-2.957045,-1.1527882,31 San José de Ocoa,2015,36,train
6.1477785,-2.919287,-0.6951705,31 San José de Ocoa,2015,37,train
5.491364,-3.1342869,-0.9848821,31 San José de Ocoa,2015,38,train
5.981444,-3.7950463,-1.8417451,31 San José de Ocoa,2015,39,train
5.1523166,-4.1786466,-2.0025368,31 San José de Ocoa,2015,40,train
6.006944,-5.386565,-2.0489967,31 San José de Ocoa,2015,41,train
5.252902,-5.492431,-2.5118005,31 San José de Ocoa,2015,42,train
4.4891086,-5.1691327,-2.8056014,31 San José de Ocoa,2015,43,train
4.3626924,-5.7077646,-3.0369816,31 San José de Ocoa,2015,44,train
3.121918,-5.2801285,-2.9126873,31 San José de Ocoa,2015,45,train
2.5175376,-5.063748,-2.7985919,31 San José de Ocoa,2015,46,train
1.352745,-4.9820004,-2.619192,31 San José de Ocoa,2015,47,train
-2.8162518,-6.5493584,-4.8341727,31 San José de Ocoa,2015,48,train
-3.5228362,-7.4239426,-6.003022,31 San José de Ocoa,2015,49,train
-3.0619888,-6.54411,-5.2691135,31 San José de Ocoa,2015,50,train
-2.987588,-6.3428364,-4.932661,31 San José de Ocoa,2015,51,train
-7.140614,-4.847661,-4.159946,31 San José de Ocoa,2015,52,train
-7.127763,-2.573826,-2.0427027,31 San José de Ocoa,2016,1,train
-7.092354,-2.3706384,-1.8103982,31 San José de Ocoa,2016,2,train
-7.7480316,-2.46073,-1.7306832,31 San José de Ocoa,2016,3,train
-8.021613,-2.1864028,-2.1153514,31 San José de Ocoa,2016,4,train
-7.8631134,-0.76666105,-0.66584134,31 San José de Ocoa,2016,5,train
-8.768738,-0.36586818,-0.6850462,31 San José de Ocoa,2016,6,train
-8.89481,0.034881845,-0.38451824,31 San José de Ocoa,2016,7,train
-8.924892,0.592399,0.14776021,31 San José de Ocoa,2016,8,train
-9.571684,1.0080537,0.10827045,31 San José de Ocoa,2016,9,train
-7.1563816,2.0807843,1.9211961,31 San José de Ocoa,2016,10,train
-7.5744395,2.9333427,1.7802491,31 San José de Ocoa,2016,11,train
-8.859928,3.6954458,2.8387825,31 San José de Ocoa,2016,12,train
-7.8701115,4.2141953,3.0824137,31 San José de Ocoa,2016,13,train
-8.695452,5.9758496,3.823052,31 San José de Ocoa,2016,14,train
-8.003051,5.4511385,3.8006318,31 San José de Ocoa,2016,15,train
-6.957019,7.0207253,4.005143,31 San José de Ocoa,2016,16,train
-1.8908924,26.243517,-14.802447,31 San José de Ocoa,2016,17,train
-4.7311544,9.961612,4.22265,31 San José de Ocoa,2016,18,train
-5.2035947,9.002567,4.302563,31 San José de Ocoa,2016,19,train
-1.0955124,6.5200076,3.6954741,31 San José de Ocoa,2016,20,train
-0.5000146,6.2642736,3.0734656,31 San José de Ocoa,2016,21,train
-0.016163131,6.686026,2.692779,31 San José de Ocoa,2016,22,train
0.43676832,5.560749,3.0457723,31 San José de Ocoa,2016,23,train
0.91445535,4.2816873,3.9782207,31 San José de Ocoa,2016,24,train
1.1745272,4.065549,2.6803498,31 San José de Ocoa,2016,25,train
1.4932407,3.935591,2.755212,31 San José de Ocoa,2016,26,train
5.0096803,2.1951125,3.4694672,31 San José de Ocoa,2016,27,train
4.4643364,1.8681608,3.523791,31 San José de Ocoa,2016,28,train
4.3218126,2.247645,2.7854679,31 San José de Ocoa,2016,29,train
4.2317724,2.0631483,2.838825,31 San José de Ocoa,2016,30,train
4.1539216,2.0409598,2.3185542,31 San José de Ocoa,2016,31,train
4.3944745,2.6447718,3.281808,31 San José de Ocoa,2016,32,train
4.5633693,1.92935,4.3406053,31 San José de Ocoa,2016,33,train
8.901374,19.73797,-10.526606,31 San José de Ocoa,2016,34,train
6.5889077,-0.2650403,-3.1536005,31 San José de Ocoa,2016,35,train
6.1455436,-0.050774984,-3.578081,31 San José de Ocoa,2016,36,train
6.1804175,0.021579742,-3.569033,31 San José de Ocoa,2016,37,train
5.7256575,-0.43365943,-4.124169,31 San José de Ocoa,2016,38,train
5.8023825,-0.8966368,-4.688296,31 San José de Ocoa,2016,39,train
9.618649,11.951851,-23.743288,31 San José de Ocoa,2016,40,train
4.506973,-1.2022069,-6.3797455,31 San José de Ocoa,2016,41,train
3.8239074,-1.2519894,-6.8447466,31 San José de Ocoa,2016,42,train
3.716166,-1.4817302,-6.7227364,31 San José de Ocoa,2016,43,train
5.2366757,6.2887006,-18.406553,31 San José de Ocoa,2016,44,train
4.9441104,8.232163,-20.315392,31 San José de Ocoa,2016,45,train
3.8181243,8.629347,-20.842068,31 San José de Ocoa,2016,46,train
1.3894792,-1.5288496,-7.7605658,31 San José de Ocoa,2016,47,train
1.0186648,-1.6768647,-6.094647,31 San José de Ocoa,2016,48,train
0.6446747,-2.187576,-5.157027,31 San José de Ocoa,2016,49,train
0.8388339,-2.2345774,-5.760158,31 San José de Ocoa,2016,50,train
0.6921491,-2.1988482,-5.417066,31 San José de Ocoa,2016,51,train
-3.562128,-1.4416003,-4.494764,31 San José de Ocoa,2016,52,train
-3.2657928,-2.9712336,-1.2809787,31 San José de Ocoa,2017,1,train
-3.5540767,-1.4274396,-2.4242375,31 San José de Ocoa,2017,2,train
-4.045193,-2.5733497,0.073582835,31 San José de Ocoa,2017,3,train
-3.718453,-1.8683996,-0.29523364,31 San José de Ocoa,2017,4,train
-4.3213277,-0.97476107,1.0815128,31 San José de Ocoa,2017,5,train
-4.372696,-0.4943974,0.85997564,31 San José de Ocoa,2017,6,train
-3.9799485,1.2393003,-0.58636653,31 San José de Ocoa,2017,7,train
-4.0503783,0.9239811,0.6366115,31 San José de Ocoa,2017,8,train
-5.6480055,0.6124875,2.6323857,31 San José de Ocoa,2017,9,train
-4.7798448,1.190119,2.1259954,31 San José de Ocoa,2017,10,train
-4.817249,2.3335116,2.0340889,31 San José de Ocoa,2017,11,train
-4.3193846,3.6721172,0.9076122,31 San José de Ocoa,2017,12,train
-4.4071107,3.6917942,2.1760685,31 San José de Ocoa,2017,13,train
-5.224596,3.2874966,3.9145033,31 San José de Ocoa,2017,14,train
-4.8894978,3.3557816,3.7677186,31 San José de Ocoa,2017,15,train
-7.7020144,19.516584,-11.625936,31 San José de Ocoa,2017,16,train
-4.112919,8.244804,3.0357242,31 San José de Ocoa,2017,17,train
-4.6297894,6.827968,3.132419,31 San José de Ocoa,2017,18,train
-4.563392,6.203437,3.1770573,31 San José de Ocoa,2017,19,train
-1.1815984,5.4097714,2.8764966,31 San José de Ocoa,2017,20,train
-0.74308544,3.0957348,4.89306,31 San José de Ocoa,2017,21,train
-0.12831546,3.698854,4.6929555,31 San José de Ocoa,2017,22,train
0.11991007,2.6779451,4.607829,31 San José de Ocoa,2017,23,train
0.7349057,3.0965126,5.0316873,31 San José de Ocoa,2017,24,train
1.3630086,3.4596968,4.931659,31 San José de Ocoa,2017,25,train
1.8846229,3.4600587,5.200945,31 San José de Ocoa,2017,26,train
4.320947,1.8987448,4.2817774,31 San José de Ocoa,2017,27,train
3.4428694,2.0266614,2.371703,31 San José de Ocoa,2017,28,train
4.604869,2.2767265,4.2156096,31 San José de Ocoa,2017,29,train
4.4518266,1.7814808,4.4546,31 San José de Ocoa,2017,30,train
4.838631,2.2622252,4.671966,31 San José de Ocoa,2017,31,train
3.9711368,1.5249375,3.9978387,31 San José de Ocoa,2017,32,train
5.129962,2.9817145,4.2704825,31 San José de Ocoa,2017,33,train
4.2746153,2.2147071,3.7068152,31 San José de Ocoa,2017,34,train
6.581529,-2.2566006,0.026747294,31 San José de Ocoa,2017,35,train
9.824469,8.772501,-16.069708,31 San José de Ocoa,2017,36,train
4.7500324,-0.94806355,-3.5041397,31 San José de Ocoa,2017,37,train
4.701934,-1.0496106,-3.5687244,31 San José de Ocoa,2017,38,train
4.0542846,-0.709319,-3.1746726,31 San José de Ocoa,2017,39,train
3.7020433,-0.8833036,-3.9099665,31 San José de Ocoa,2017,40,train
3.413006,-1.2182881,-3.9692705,31 San José de Ocoa,2017,41,train
3.5999777,-1.8021402,-5.0337358,31 San José de Ocoa,2017,42,train
2.4908714,-1.3112719,-3.9831543,31 San José de Ocoa,2017,43,train
2.2408063,-1.6339419,-4.407049,31 San José de Ocoa,2017,44,train
3.5683196,7.914629,-20.863348,31 San José de Ocoa,2017,45,train
3.0767944,7.8862157,-21.51572,31 San José de Ocoa,2017,46,train
0.80653846,-1.5276258,-4.8772445,31 San José de Ocoa,2017,47,train
0.60283244,-1.7722946,-4.5619583,31 San José de Ocoa,2017,48,train
-1.6188403,-2.7963421,-8.05566,31 San José de Ocoa,2017,49,train
-1.3683361,-2.7693462,-6.129752,31 San José de Ocoa,2017,50,train
-1.5729709,-3.1128507,-8.179413,31 San José de Ocoa,2017,51,train
-3.449674,-3.88378,-0.60481757,31 San José de Ocoa,2017,52,train
-2.7481792,-0.9018883,-3.5957675,31 San José de Ocoa,2018,1,train
-3.2043536,-0.6257468,-3.851285,31 San José de Ocoa,2018,2,train
-3.7476783,-0.080042966,-3.999145,31 San José de Ocoa,2018,3,train
-4.1587186,0.2025422,-3.9579623,31 San José de Ocoa,2018,4,train
-3.8247948,0.37625957,-0.2170349,31 San José de Ocoa,2018,5,train
-5.036283,1.8848382,-2.0608501,31 San José de Ocoa,2018,6,train
-4.931421,2.044691,-1.3673366,31 San José de Ocoa,2018,7,train
-5.9893303,2.9463475,-1.4617555,31 San José de Ocoa,2018,8,train
-4.395161,0.7891486,1.5352057,31 San José de Ocoa,2018,9,train
-4.5320783,1.2261662,2.409806,31 San José de Ocoa,2018,10,train
-4.4983406,1.7954026,2.627931,31 San José de Ocoa,2018,11,train
-4.1449056,3.450615,0.9698141,31 San José de Ocoa,2018,12,train
-4.8077617,1.7645918,3.8868978,31 San José de Ocoa,2018,13,train
-4.18718,3.4505265,2.4400556,31 San José de Ocoa,2018,14,train
-5.159641,3.3878732,4.25741,31 San José de Ocoa,2018,15,train
-4.842175,3.5610974,4.133016,31 San José de Ocoa,2018,16,train
-4.690078,4.7511625,3.383298,31 San José de Ocoa,2018,17,train
-1.7997422,3.0279236,2.567766,31 San José de Ocoa,2018,18,train
-1.7497535,2.6179092,2.9605343,31 San José de Ocoa,2018,19,train
-1.6758066,3.2381196,3.1475122,31 San José de Ocoa,2018,20,train
-1.1282898,2.5156822,4.653544,31 San José de Ocoa,2018,21,train
-0.61247057,2.7807443,4.8472266,31 San José de Ocoa,2018,22,train
-0.14754276,2.2980635,5.0079074,31 San José de Ocoa,2018,23,train
0.27694988,2.6741312,3.7273073,31 San José de Ocoa,2018,24,train
0.49683267,2.177958,2.3793952,31 San José de Ocoa,2018,25,train
0.9568981,2.2699509,4.3923197,31 San José de Ocoa,2018,26,train
4.0845246,0.27514237,2.9209661,31 San José de Ocoa,2018,27,train
4.170668,0.83829975,2.1288462,31 San José de Ocoa,2018,28,train
4.596865,1.1851568,2.2387922,31 San José de Ocoa,2018,29,train
3.7517428,0.16428855,2.5897887,31 San José de Ocoa,2018,30,train
4.626347,0.6000074,3.0156522,31 San José de Ocoa,2018,31,train
4.8230667,0.11386644,3.3023446,31 San José de Ocoa,2018,32,train
4.9971375,0.4997857,2.8279858,31 San José de Ocoa,2018,33,train
4.955872,0.17556658,3.0333595,31 San José de Ocoa,2018,34,train
5.2517576,-1.2076668,-1.4459977,31 San José de Ocoa,2018,35,train
4.5526905,-1.4925951,-0.4296511,31 San José de Ocoa,2018,36,train
4.3733974,-1.3532016,-1.2783899,31 San José de Ocoa,2018,37,train
5.40854,-1.4927424,-1.5202253,31 San José de Ocoa,2018,38,train
5.1620636,-1.6630867,-1.8002057,31 San José de Ocoa,2018,39,train
2.9845462,-1.6436688,-2.048231,31 San José de Ocoa,2018,40,train
3.2860575,-2.569223,-2.671907,31 San José de Ocoa,2018,41,train
3.0387526,-2.3862052,-2.845176,31 San José de Ocoa,2018,42,train
2.4566638,-2.2763143,-2.4519994,31 San José de Ocoa,2018,43,train
2.076224,-2.6073918,-2.814331,31 San José de Ocoa,2018,44,train
1.3415221,-3.5160828,-1.659658,31 San José de Ocoa,2018,45,train
1.6564777,-3.7536685,-3.4075842,31 San José de Ocoa,2018,46,train
0.5096018,-3.6977973,-2.0488586,31 San José de Ocoa,2018,47,train
-2.3991556,-5.820266,-3.6258473,31 San José de Ocoa,2018,48,train
-2.8521898,-7.141713,-2.5882726,31 San José de Ocoa,2018,49,train
-2.814875,-7.0450125,-2.6753254,31 San José de Ocoa,2018,50,train
-2.5787685,-6.287457,-2.5636768,31 San José de Ocoa,2018,51,train
-4.761885,-4.5839686,-2.2415822,31 San José de Ocoa,2018,52,train
-4.7488317,-4.0165076,-1.3922348,31 San José de Ocoa,2019,1,train
-4.325499,-2.7988386,-0.97072667,31 San José de Ocoa,2019,2,train
-4.3403187,-2.2675202,-0.81224054,31 San José de Ocoa,2019,3,train
-4.641759,-2.2906103,-0.6114139,31 San José de Ocoa,2019,4,train
-5.1068053,-0.31128255,0.053912774,31 San José de Ocoa,2019,5,train
-5.8659534,-0.25684264,0.033723127,31 San José de Ocoa,2019,6,train
-6.462419,0.45575085,0.07992046,31 San José de Ocoa,2019,7,train
-8.291785,1.1315434,1.1168536,31 San José de Ocoa,2019,8,train
-7.2315307,0.9496504,1.4639856,31 San José de Ocoa,2019,9,train
-6.596454,1.5378094,2.0898895,31 San José de Ocoa,2019,10,train
-6.761323,2.1847568,2.6593711,31 San José de Ocoa,2019,11,train
-6.1441994,2.6430466,2.4972913,31 San José de Ocoa,2019,12,train
-5.2899885,4.458736,2.071722,31 San José de Ocoa,2019,13,train
-6.773155,4.1426797,3.0274198,31 San José de Ocoa,2019,14,train
-5.3260984,3.7192144,3.127383,31 San José de Ocoa,2019,15,train
-6.089866,4.1140666,4.4749255,31 San José de Ocoa,2019,16,train
-4.5915675,5.277146,2.8400187,31 San José de Ocoa,2019,17,train
-1.9418287,3.528495,3.5711932,31 San José de Ocoa,2019,18,train
-1.6810353,3.8958209,3.9995112,31 San José de Ocoa,2019,19,train
-1.1494913,3.7248447,3.9670758,31 San José de Ocoa,2019,20,train
-0.73495084,4.1820903,2.9811656,31 San José de Ocoa,2019,21,train
-0.31600922,3.7017686,2.6444016,31 San José de Ocoa,2019,22,train
0.07936041,4.176235,2.8870893,31 San José de Ocoa,2019,23,train
0.6159199,3.6831539,4.45118,31 San José de Ocoa,2019,24,train
1.2701236,3.3876812,4.8058047,31 San José de Ocoa,2019,25,train
1.3774114,2.7625546,4.6205773,31 San José de Ocoa,2019,26,train
5.9759836,-0.6003832,1.3707795,31 San José de Ocoa,2019,27,train
7.5222864,-0.8839204,1.643652,31 San José de Ocoa,2019,28,train
7.4404597,-1.1327789,2.063181,31 San José de Ocoa,2019,29,train
8.362198,-1.1644924,2.0906637,31 San José de Ocoa,2019,30,train
8.182187,-0.8954222,1.4336293,31 San José de Ocoa,2019,31,train
7.6923704,-0.871308,1.214426,31 San José de Ocoa,2019,32,train
8.349712,-1.12391,2.0942423,31 San José de Ocoa,2019,33,train
7.9451075,-1.043869,1.60664,31 San José de Ocoa,2019,34,train
6.0507,-2.2994301,0.352586,31 San José de Ocoa,2019,35,train
5.5605335,-2.5888426,-0.042869873,31 San José de Ocoa,2019,36,train
5.33579,-2.5309505,-0.27616835,31 San José de Ocoa,2019,37,train
11.912584,18.206278,-20.835825,31 San José de Ocoa,2019,38,train
4.366841,-2.943606,-1.5854868,31 San José de Ocoa,2019,39,train
3.3262439,-2.4136906,-1.3417656,31 San José de Ocoa,2019,40,train
3.1025407,-3.0078914,-0.4374336,31 San José de Ocoa,2019,41,train
2.8336582,-2.6095352,-1.350555,31 San José de Ocoa,2019,42,train
2.595583,-3.4724581,-1.9217521,31 San José de Ocoa,2019,43,train
1.9935871,-4.4290743,-0.8811154,31 San José de Ocoa,2019,44,train
1.8940302,-3.888119,-2.1931977,31 San José de Ocoa,2019,45,train
1.3790288,-3.7105186,-2.5643067,31 San José de Ocoa,2019,46,train
0.6227149,-3.7767022,-2.5919654,31 San José de Ocoa,2019,47,train
0.3460075,-4.3621364,-2.122291,31 San José de Ocoa,2019,48,train
-2.2997901,-5.5525165,-4.7283025,31 San José de Ocoa,2019,49,train
-3.1514351,-6.4457054,-5.5634155,31 San José de Ocoa,2019,50,train
-2.522883,-5.7215276,-5.0383577,31 San José de Ocoa,2019,51,train
-4.588032,-3.4170618,-3.027121,31 San José de Ocoa,2019,52,train
-4.7776957,-3.4927254,-3.041924,31 San José de Ocoa,2020,1,val
-4.669532,-2.9912632,-1.8545433,31 San José de Ocoa,2020,2,val
-5.3054957,-2.5228786,-2.5257163,31 San José de Ocoa,2020,3,val
-4.993334,-1.3970027,-2.2518327,31 San José de Ocoa,2020,4,val
-4.846264,-0.03117999,-0.24044335,31 San José de Ocoa,2020,5,val
-6.2627883,0.093229696,0.22084934,31 San José de Ocoa,2020,6,val
-7.384525,1.0250934,0.37453496,31 San José de Ocoa,2020,7,val
-6.649758,1.4825805,-0.16147137,31 San José de Ocoa,2020,8,val
-6.7873926,1.9295636,0.34458494,31 San José de Ocoa,2020,9,val
-6.5849805,1.8418499,1.2493861,31 San José de Ocoa,2020,10,val
-5.9368405,2.2060862,1.4445326,31 San José de Ocoa,2020,11,val
-6.5034103,2.5969474,2.6332717,31 San José de Ocoa,2020,12,val
-5.9448395,3.4486272,2.4404435,31 San José de Ocoa,2020,13,val
-4.840592,3.7350821,2.9683447,31 San José de Ocoa,2020,14,val
-6.026618,6.931301,3.6053321,31 San José de Ocoa,2020,15,val
-5.5884404,4.4651985,4.3677487,31 San José de Ocoa,2020,16,val
-5.849976,5.20497,4.9312997,31 San José de Ocoa,2020,17,val
-5.2420278,4.658303,4.842206,31 San José de Ocoa,2020,18,val
-5.4632344,6.145965,5.3991313,31 San José de Ocoa,2020,19,val
-1.0523677,4.1065974,3.765883,31 San José de Ocoa,2020,20,val
-0.47048786,3.799674,3.4985275,31 San José de Ocoa,2020,21,val
-0.22136423,3.085904,3.0305853,31 San José de Ocoa,2020,22,val
0.30118382,3.4020832,4.4158607,31 San José de Ocoa,2020,23,val
0.5505938,3.0868387,2.6427553,31 San José de Ocoa,2020,24,val
1.4131807,3.586647,4.4269624,31 San José de Ocoa,2020,25,val
1.9209849,3.038944,5.6102095,31 San José de Ocoa,2020,26,val
3.7175782,1.9392332,3.1744318,31 San José de Ocoa,2020,27,val
3.8795273,1.8958509,3.5802696,31 San José de Ocoa,2020,28,val
4.1704545,2.1237774,3.95521,31 San José de Ocoa,2020,29,val
4.482951,2.4041376,3.9062338,31 San José de Ocoa,2020,30,val
9.55734,19.552097,-9.492315,31 San José de Ocoa,2020,31,val
4.3955207,2.6555564,3.9251153,31 San José de Ocoa,2020,32,val
4.247176,2.6969056,3.4562306,31 San José de Ocoa,2020,33,val
9.080846,18.811085,-10.905011,31 San José de Ocoa,2020,34,val
7.0754175,0.51219606,-3.838937,31 San José de Ocoa,2020,35,val
6.182869,0.25081462,-4.703493,31 San José de Ocoa,2020,36,val
4.5566773,0.18201351,-3.9842403,31 San José de Ocoa,2020,37,val
4.5066338,0.22276632,-3.7246974,31 San José de Ocoa,2020,38,val
4.591415,-0.008828493,-3.8946931,31 San José de Ocoa,2020,39,val
3.962625,-0.40095705,-5.3163548,31 San José de Ocoa,2020,40,val
3.4416792,-0.46260417,-4.72705,31 San José de Ocoa,2020,41,val
3.536157,-0.78541493,-5.5542207,31 San José de Ocoa,2020,42,val
3.0370212,-0.99830383,-5.429228,31 San José de Ocoa,2020,43,val
3.1524825,-1.8377236,-7.5010242,31 San José de Ocoa,2020,44,val
3.5114908,6.400144,-20.166466,31 San José de Ocoa,2020,45,val
1.6478646,-1.1562289,-7.2037106,31 San José de Ocoa,2020,46,val
1.111394,-1.3564161,-6.1508226,31 San José de Ocoa,2020,47,val
0.6117676,-1.8051448,-4.943153,31 San José de Ocoa,2020,48,val
-1.1362038,-1.9213253,-7.375456,31 San José de Ocoa,2020,49,val
-1.1463835,-1.5567799,-8.047185,31 San José de Ocoa,2020,50,val
-1.238213,-1.8819193,-7.249037,31 San José de Ocoa,2020,51,val
-2.5583324,-0.31890997,-4.4729075,31 San José de Ocoa,2020,52,val
-2.4830577,-0.74162763,-3.1623611,31 San José de Ocoa,2021,1,val
-2.6723523,-0.7625079,-2.767308,31 San José de Ocoa,2021,2,val
-2.9794247,-0.22542325,-3.1628966,31 San José de Ocoa,2021,3,val
-3.5329812,-2.9903476,0.6780856,31 San José de Ocoa,2021,4,val
-3.4387732,1.8503985,-2.061874,31 San José de Ocoa,2021,5,val
-4.1721196,2.687824,-2.2877374,31 San José de Ocoa,2021,6,val
-3.9512,0.53927577,1.0691615,31 San José de Ocoa,2021,7,val
-4.3848743,3.3021479,-1.6455189,31 San José de Ocoa,2021,8,val
-3.7377772,2.513275,0.1788199,31 San José de Ocoa,2021,9,val
-4.1153226,2.9049184,-0.36225396,31 San José de Ocoa,2021,10,val
-4.364354,2.0315182,1.9259809,31 San José de Ocoa,2021,11,val
-4.1601925,3.6243258,0.3748068,31 San José de Ocoa,2021,12,val
-4.43404,4.6634216,0.4921353,31 San José de Ocoa,2021,13,val
-4.03538,4.4037294,0.9294515,31 San José de Ocoa,2021,14,val
-3.9803233,3.1383,3.0558233,31 San José de Ocoa,2021,15,val
-4.488328,3.3319852,4.1163273,31 San José de Ocoa,2021,16,val
-4.2545886,4.867703,2.391027,31 San José de Ocoa,2021,17,val
-1.7154515,2.7357643,3.5726483,31 San José de Ocoa,2021,18,val
-1.4871191,3.1634674,3.5454354,31 San José de Ocoa,2021,19,val
-1.3212253,2.8395424,3.2168202,31 San José de Ocoa,2021,20,val
-0.77576596,2.7582898,3.9809115,31 San José de Ocoa,2021,21,val
-0.24723525,3.6257513,3.5261593,31 San José de Ocoa,2021,22,val
2.592112,16.516533,-6.1363626,31 San José de Ocoa,2021,23,val
0.656636,2.967833,4.261716,31 San José de Ocoa,2021,24,val
0.69130117,2.662793,1.966888,31 San José de Ocoa,2021,25,val
1.2897825,3.3866887,2.5541537,31 San José de Ocoa,2021,26,val
3.4945202,1.5379717,3.1163197,31 San José de Ocoa,2021,27,val
3.4172816,1.3622562,3.2446375,31 San José de Ocoa,2021,28,val
3.5269706,1.9060106,2.7425709,31 San José de Ocoa,2021,29,val
3.367694,1.4543022,2.9087954,31 San José de Ocoa,2021,30,val
3.8290722,1.4702853,3.5943096,31 San José de Ocoa,2021,31,val
9.372032,18.184647,-9.369475,31 San José de Ocoa,2021,32,val
9.8112755,18.513865,-9.7626705,31 San José de Ocoa,2021,33,val
4.1664515,0.9631203,3.9768763,31 San José de Ocoa,2021,34,val
5.129794,0.041455537,-2.1450286,31 San José de Ocoa,2021,35,val
6.2953925,0.5229586,-3.0955002,31 San José de Ocoa,2021,36,val
5.138971,0.27136737,-3.3045287,31 San José de Ocoa,2021,37,val
5.177532,-0.030484337,-3.8213036,31 San José de Ocoa,2021,38,val
3.8613017,-0.13078085,-3.8321228,31 San José de Ocoa,2021,39,val
4.122098,-0.20067629,-3.9549031,31 San José de Ocoa,2021,40,val
3.537163,-0.64897704,-5.4122915,31 San José de Ocoa,2021,41,val
3.2139676,-0.9308349,-4.9837794,31 San José de Ocoa,2021,42,val
2.2021627,-0.84835607,-4.042873,31 San José de Ocoa,2021,43,val
2.103079,-1.1599768,-4.648167,31 San José de Ocoa,2021,44,val
1.8659054,-1.6351554,-4.491345,31 San José de Ocoa,2021,45,val
1.4762871,-1.9911776,-4.685772,31 San José de Ocoa,2021,46,val
0.8697758,-1.5563451,-4.7846966,31 San José de Ocoa,2021,47,val
0.8602857,-1.9776124,-5.1487217,31 San José de Ocoa,2021,48,val
0.79957914,-2.140361,-5.081897,31 San José de Ocoa,2021,49,val
0.8708772,-2.2928333,-5.5542545,31 San José de Ocoa,2021,50,val
0.3598799,-1.7536439,-4.3641353,31 San José de Ocoa,2021,51,val
-2.9523535,-2.0650835,-2.4341214,31 San José de Ocoa,2021,52,val
-2.5344365,6.217004,-10.562364,32 Santo Domingo,2015,1,train
-2.7177892,6.648975,-10.522107,32 Santo Domingo,2015,2,train
-3.0020485,6.402093,-9.907773,32 Santo Domingo,2015,3,train
-3.0230694,6.877816,-10.137679,32 Santo Domingo,2015,4,train
-3.2647321,7.5189185,-8.584466,32 Santo Domingo,2015,5,train
-3.61909,6.7484202,-6.9557724,32 Santo Domingo,2015,6,train
-3.614489,7.6690936,-7.49176,32 Santo Domingo,2015,7,train
-3.4920676,7.9310412,-7.0079303,32 Santo Domingo,2015,8,train
-3.567022,7.9407973,-6.163822,32 Santo Domingo,2015,9,train
-3.3458428,8.619585,-6.4785314,32 Santo Domingo,2015,10,train
-3.3195043,9.28342,-6.6358557,32 Santo Domingo,2015,11,train
-3.2474654,9.493677,-5.986328,32 Santo Domingo,2015,12,train
-2.8222895,10.006814,-5.566994,32 Santo Domingo,2015,13,train
-3.1476736,9.862845,-5.2690015,32 Santo Domingo,2015,14,train
-3.1606429,9.807904,-4.3742776,32 Santo Domingo,2015,15,train
-2.93725,10.0346985,-4.641549,32 Santo Domingo,2015,16,train
-0.65648264,8.9638,-3.6740098,32 Santo Domingo,2015,17,train
-0.538494,9.251295,-3.5944185,32 Santo Domingo,2015,18,train
-0.2866576,9.817486,-4.333151,32 Santo Domingo,2015,19,train
-0.2819933,9.707002,-3.4777672,32 Santo Domingo,2015,20,train
0.52014285,9.7074795,-3.948272,32 Santo Domingo,2015,21,train
0.81014204,9.5689945,-4.162109,32 Santo Domingo,2015,22,train
1.2617656,9.360695,-3.6634343,32 Santo Domingo,2015,23,train
1.5335675,9.164794,-3.8819115,32 Santo Domingo,2015,24,train
1.8033396,8.742077,-3.1586468,32 Santo Domingo,2015,25,train
1.9730041,8.513666,-3.1549222,32 Santo Domingo,2015,26,train
7.793525,7.0895405,-4.109597,32 Santo Domingo,2015,27,train
7.4949684,6.9717116,-4.212725,32 Santo Domingo,2015,28,train
7.89782,7.012256,-4.2689824,32 Santo Domingo,2015,29,train
8.164007,7.016148,-4.3121934,32 Santo Domingo,2015,30,train
9.018041,6.905357,-3.9017391,32 Santo Domingo,2015,31,train
9.199057,6.6666136,-3.7083223,32 Santo Domingo,2015,32,train
9.035647,6.66622,-3.7688017,32 Santo Domingo,2015,33,train
9.206016,6.7593446,-3.8057418,32 Santo Domingo,2015,34,train
8.863146,13.553139,-13.858758,32 Santo Domingo,2015,35,train
7.844156,-4.8012223,-2.1784017,32 Santo Domingo,2015,36,train
7.6154227,-4.7556796,-2.0707533,32 Santo Domingo,2015,37,train
7.2508473,-5.231072,-2.568418,32 Santo Domingo,2015,38,train
7.677257,-5.682261,-2.8337305,32 Santo Domingo,2015,39,train
7.6013346,-6.331993,-3.0145836,32 Santo Domingo,2015,40,train
7.1307817,-6.561235,-3.1194828,32 Santo Domingo,2015,41,train
6.719122,-6.67518,-3.3846147,32 Santo Domingo,2015,42,train
6.016723,-6.6929007,-3.4318256,32 Santo Domingo,2015,43,train
5.2138343,-6.571604,-3.5842233,32 Santo Domingo,2015,44,train
4.369384,-6.5659995,-4.0463552,32 Santo Domingo,2015,45,train
4.092877,-6.6642942,-4.0992737,32 Santo Domingo,2015,46,train
2.7702074,-6.027687,-3.7129319,32 Santo Domingo,2015,47,train
-3.803803,-6.8600225,-5.777444,32 Santo Domingo,2015,48,train
-4.003092,-6.787053,-6.0930386,32 Santo Domingo,2015,49,train
-3.658907,-6.098047,-5.6502686,32 Santo Domingo,2015,50,train
-3.353208,-5.0116544,-5.939379,32 Santo Domingo,2015,51,train
-3.2089727,3.2572021,-9.318782,32 Santo Domingo,2015,52,train
-2.5859141,7.697022,-11.540318,32 Santo Domingo,2016,1,train
-2.5391772,7.917771,-11.406894,32 Santo Domingo,2016,2,train
-2.7319248,7.5372243,-10.785931,32 Santo Domingo,2016,3,train
-2.6312573,8.42933,-11.5813465,32 Santo Domingo,2016,4,train
-3.5925636,6.5917253,-7.8841224,32 Santo Domingo,2016,5,train
-3.0252144,8.70532,-9.369775,32 Santo Domingo,2016,6,train
-3.0613275,9.079894,-9.33821,32 Santo Domingo,2016,7,train
-2.886303,9.742517,-9.414753,32 Santo Domingo,2016,8,train
-3.1470816,9.640606,-8.683305,32 Santo Domingo,2016,9,train
-3.4025834,9.084876,-6.813662,32 Santo Domingo,2016,10,train
-3.1387548,9.397308,-6.542636,32 Santo Domingo,2016,11,train
-3.2615144,9.853517,-6.0187426,32 Santo Domingo,2016,12,train
-2.9021945,10.196811,-5.7628393,32 Santo Domingo,2016,13,train
-2.456467,10.775889,-5.4829836,32 Santo Domingo,2016,14,train
-2.8122563,10.495188,-5.352344,32 Santo Domingo,2016,15,train
-2.4971914,11.141406,-5.6412935,32 Santo Domingo,2016,16,train
-0.9679358,18.584213,-12.696473,32 Santo Domingo,2016,17,train
-0.2565431,11.151535,-4.7983823,32 Santo Domingo,2016,18,train
-0.15232077,9.5500965,-3.5197005,32 Santo Domingo,2016,19,train
0.21916083,9.190294,-3.3104324,32 Santo Domingo,2016,20,train
0.64718974,9.623794,-3.6237183,32 Santo Domingo,2016,21,train
2.3761847,17.451654,-12.34949,32 Santo Domingo,2016,22,train
1.3861824,8.860664,-3.0893714,32 Santo Domingo,2016,23,train
1.5920187,8.250777,-2.523735,32 Santo Domingo,2016,24,train
1.9522434,8.551323,-3.3814232,32 Santo Domingo,2016,25,train
2.1358423,8.048332,-3.3191488,32 Santo Domingo,2016,26,train
5.117922,7.253887,-3.5960505,32 Santo Domingo,2016,27,train
4.8721905,6.930903,-3.3419995,32 Santo Domingo,2016,28,train
5.0142746,7.1307364,-3.378822,32 Santo Domingo,2016,29,train
4.878226,7.3258996,-3.5358517,32 Santo Domingo,2016,30,train
7.1628613,15.422651,-11.358548,32 Santo Domingo,2016,31,train
4.8302956,7.004449,-3.042971,32 Santo Domingo,2016,32,train
4.963655,6.8918915,-2.8911946,32 Santo Domingo,2016,33,train
4.295911,7.3874016,-3.570052,32 Santo Domingo,2016,34,train
4.795245,4.6801953,-6.2773585,32 Santo Domingo,2016,35,train
4.447408,4.5903826,-6.582335,32 Santo Domingo,2016,36,train
4.4665594,4.5136523,-6.5620832,32 Santo Domingo,2016,37,train
4.216429,4.4899883,-6.713666,32 Santo Domingo,2016,38,train
3.9651992,4.4358783,-6.9702063,32 Santo Domingo,2016,39,train
5.4815216,12.883104,-16.309984,32 Santo Domingo,2016,40,train
3.0970438,4.191613,-7.635439,32 Santo Domingo,2016,41,train
2.8025057,4.3312244,-8.518815,32 Santo Domingo,2016,42,train
2.4802642,3.903297,-8.018279,32 Santo Domingo,2016,43,train
1.988047,4.171011,-8.687051,32 Santo Domingo,2016,44,train
1.7483763,4.2924623,-9.035412,32 Santo Domingo,2016,45,train
1.430985,4.4895015,-9.639355,32 Santo Domingo,2016,46,train
1.0067569,3.7222567,-9.318997,32 Santo Domingo,2016,47,train
-1.0813314,3.0478287,-11.066013,32 Santo Domingo,2016,48,train
-1.1825544,3.1885705,-11.332188,32 Santo Domingo,2016,49,train
-1.180104,3.1473305,-11.18918,32 Santo Domingo,2016,50,train
-1.1727256,3.1772892,-11.042038,32 Santo Domingo,2016,51,train
-2.3263705,4.3036947,-9.434158,32 Santo Domingo,2016,52,train
-2.5457234,4.4134545,-9.084282,32 Santo Domingo,2017,1,train
-3.0106304,4.8177595,-9.274277,32 Santo Domingo,2017,2,train
-3.1154509,4.464346,-7.9394813,32 Santo Domingo,2017,3,train
-3.2585068,4.915308,-8.197861,32 Santo Domingo,2017,4,train
-3.473601,5.915726,-6.788121,32 Santo Domingo,2017,5,train
-3.5822477,6.0245805,-6.464724,32 Santo Domingo,2017,6,train
-3.5094602,5.8900084,-5.8290796,32 Santo Domingo,2017,7,train
-3.7640798,6.605639,-5.6144953,32 Santo Domingo,2017,8,train
-3.939329,7.391744,-5.689135,32 Santo Domingo,2017,9,train
-3.9251566,6.6952114,-4.5082097,32 Santo Domingo,2017,10,train
-3.9146745,7.248375,-4.03696,32 Santo Domingo,2017,11,train
-3.3219225,7.752144,-3.8124228,32 Santo Domingo,2017,12,train
-3.6749587,8.400659,-3.7881236,32 Santo Domingo,2017,13,train
-3.231907,9.298123,-4.1697645,32 Santo Domingo,2017,14,train
-3.5242894,9.670955,-4.168124,32 Santo Domingo,2017,15,train
-2.0389273,16.459858,-11.881332,32 Santo Domingo,2017,16,train
-0.859141,18.10185,-13.267798,32 Santo Domingo,2017,17,train
-0.34726304,9.055105,-3.444007,32 Santo Domingo,2017,18,train
-0.22279878,8.738723,-3.0613832,32 Santo Domingo,2017,19,train
0.28493503,9.345055,-3.3324919,32 Santo Domingo,2017,20,train
0.6770423,8.862091,-2.9467275,32 Santo Domingo,2017,21,train
1.0091273,9.122923,-3.2507732,32 Santo Domingo,2017,22,train
1.4387531,9.265043,-3.6169367,32 Santo Domingo,2017,23,train
1.6128513,8.719138,-3.2792058,32 Santo Domingo,2017,24,train
1.9640673,8.598681,-3.3681924,32 Santo Domingo,2017,25,train
2.3265285,8.835647,-3.6592221,32 Santo Domingo,2017,26,train
4.4938436,7.289506,-3.2851923,32 Santo Domingo,2017,27,train
4.262332,7.3437705,-3.551068,32 Santo Domingo,2017,28,train
4.742614,7.3350058,-3.1487498,32 Santo Domingo,2017,29,train
4.6738906,7.71307,-3.6430764,32 Santo Domingo,2017,30,train
4.8577194,7.3344226,-3.30682,32 Santo Domingo,2017,31,train
4.6136136,7.3832984,-3.4346633,32 Santo Domingo,2017,32,train
4.809751,7.6909757,-3.5010262,32 Santo Domingo,2017,33,train
4.8129654,7.5494056,-3.4971051,32 Santo Domingo,2017,34,train
4.7869925,5.0070105,-6.6875286,32 Santo Domingo,2017,35,train
4.3305593,5.1107125,-7.1352224,32 Santo Domingo,2017,36,train
3.9951932,5.2313223,-7.344926,32 Santo Domingo,2017,37,train
3.9116688,5.0107064,-7.525767,32 Santo Domingo,2017,38,train
3.7951627,4.744379,-7.4021745,32 Santo Domingo,2017,39,train
3.4947615,4.614606,-7.642358,32 Santo Domingo,2017,40,train
3.0748084,4.3467164,-7.5828204,32 Santo Domingo,2017,41,train
2.8028433,4.4296227,-8.04151,32 Santo Domingo,2017,42,train
2.4477077,4.2186613,-7.912274,32 Santo Domingo,2017,43,train
2.1454208,3.8774588,-7.753861,32 Santo Domingo,2017,44,train
3.0151324,14.057653,-19.33005,32 Santo Domingo,2017,45,train
1.5124687,4.895562,-10.162196,32 Santo Domingo,2017,46,train
1.2781314,3.7604527,-8.630502,32 Santo Domingo,2017,47,train
1.2148978,3.333198,-8.111757,32 Santo Domingo,2017,48,train
-1.0646633,3.1682613,-11.126149,32 Santo Domingo,2017,49,train
-1.0931143,2.8911922,-10.596764,32 Santo Domingo,2017,50,train
-1.2021052,3.1058013,-11.243395,32 Santo Domingo,2017,51,train
-2.313908,4.585643,-9.8932085,32 Santo Domingo,2017,52,train
-2.4874737,4.1238785,-9.2669735,32 Santo Domingo,2018,1,train
-2.7019925,4.2726927,-8.912464,32 Santo Domingo,2018,2,train
-3.0099304,4.36968,-8.643054,32 Santo Domingo,2018,3,train
-3.2998955,4.4843674,-8.499799,32 Santo Domingo,2018,4,train
-3.5911336,5.377224,-6.03407,32 Santo Domingo,2018,5,train
-3.5626786,5.9304104,-6.4761553,32 Santo Domingo,2018,6,train
-3.6495109,5.948435,-5.872798,32 Santo Domingo,2018,7,train
-3.6994736,6.402868,-5.577102,32 Santo Domingo,2018,8,train
-3.4124935,6.0308867,-4.6140647,32 Santo Domingo,2018,9,train
-4.0274205,6.350499,-3.838699,32 Santo Domingo,2018,10,train
-3.7033713,6.709692,-3.671546,32 Santo Domingo,2018,11,train
-3.7397254,7.313557,-3.5349972,32 Santo Domingo,2018,12,train
-4.1837993,7.986251,-3.8090312,32 Santo Domingo,2018,13,train
-3.0566247,8.398,-3.9020872,32 Santo Domingo,2018,14,train
-2.958534,8.760895,-3.9514728,32 Santo Domingo,2018,15,train
-2.713721,8.728997,-3.8064556,32 Santo Domingo,2018,16,train
-2.7590616,8.871276,-3.6079915,32 Santo Domingo,2018,17,train
-0.46630412,8.041025,-3.3022087,32 Santo Domingo,2018,18,train
-0.32639426,8.100454,-3.6105917,32 Santo Domingo,2018,19,train
-0.1119595,8.213909,-3.6901386,32 Santo Domingo,2018,20,train
0.24150805,8.112906,-3.5192115,32 Santo Domingo,2018,21,train
0.785403,8.603054,-3.8466432,32 Santo Domingo,2018,22,train
1.1076466,8.4850235,-3.909678,32 Santo Domingo,2018,23,train
1.4726412,8.528017,-3.893076,32 Santo Domingo,2018,24,train
1.6764127,8.630595,-4.5170617,32 Santo Domingo,2018,25,train
1.8888134,8.434663,-3.9440897,32 Santo Domingo,2018,26,train
5.1789904,6.4560876,-3.680886,32 Santo Domingo,2018,27,train
4.895379,7.579975,-4.6307635,32 Santo Domingo,2018,28,train
5.120146,7.4829483,-4.3697567,32 Santo Domingo,2018,29,train
4.9175406,7.0228596,-4.176659,32 Santo Domingo,2018,30,train
5.3302207,7.1982236,-4.182442,32 Santo Domingo,2018,31,train
5.345339,7.6089606,-4.649809,32 Santo Domingo,2018,32,train
5.4829984,7.5176516,-4.549921,32 Santo Domingo,2018,33,train
5.5919566,7.2400618,-4.287054,32 Santo Domingo,2018,34,train
3.8826947,6.039975,-7.8689337,32 Santo Domingo,2018,35,train
4.269846,5.7216997,-7.387146,32 Santo Domingo,2018,36,train
4.068267,5.7568107,-7.536713,32 Santo Domingo,2018,37,train
3.9321861,5.7117257,-7.7245655,32 Santo Domingo,2018,38,train
3.588278,5.705633,-7.809224,32 Santo Domingo,2018,39,train
3.111357,5.8923836,-8.514068,32 Santo Domingo,2018,40,train
4.409093,13.383943,-16.962719,32 Santo Domingo,2018,41,train
2.6215255,5.407472,-8.240697,32 Santo Domingo,2018,42,train
2.3925624,5.319898,-8.292633,32 Santo Domingo,2018,43,train
2.086215,5.447844,-8.654836,32 Santo Domingo,2018,44,train
1.8278581,5.328413,-8.607056,32 Santo Domingo,2018,45,train
1.6154414,5.80462,-9.405415,32 Santo Domingo,2018,46,train
1.2737246,4.4900446,-8.333667,32 Santo Domingo,2018,47,train
-1.0529182,4.5530515,-11.457998,32 Santo Domingo,2018,48,train
-1.2249452,4.475761,-11.826965,32 Santo Domingo,2018,49,train
-1.1098843,4.4637747,-11.646111,32 Santo Domingo,2018,50,train
-1.087341,4.202665,-11.175411,32 Santo Domingo,2018,51,train
-2.181325,5.6113157,-10.478686,32 Santo Domingo,2018,52,train
-2.2247493,6.4679017,-10.717644,32 Santo Domingo,2019,1,train
-2.5360317,6.203131,-10.008303,32 Santo Domingo,2019,2,train
-2.7599254,6.1655436,-9.517446,32 Santo Domingo,2019,3,train
-2.9260802,6.5638013,-9.789137,32 Santo Domingo,2019,4,train
-3.1582677,7.1099157,-7.9030175,32 Santo Domingo,2019,5,train
-2.9712954,8.417917,-9.046872,32 Santo Domingo,2019,6,train
-2.9718893,8.652647,-8.860667,32 Santo Domingo,2019,7,train
-3.1051922,9.2880125,-8.5617485,32 Santo Domingo,2019,8,train
-2.9283218,9.609967,-8.476344,32 Santo Domingo,2019,9,train
-3.1134837,8.6652975,-6.7617903,32 Santo Domingo,2019,10,train
-3.191344,8.881985,-6.2435913,32 Santo Domingo,2019,11,train
-2.8259518,8.807571,-5.7127967,32 Santo Domingo,2019,12,train
-2.3051105,9.96669,-5.354991,32 Santo Domingo,2019,13,train
-2.8337445,9.595412,-4.8374853,32 Santo Domingo,2019,14,train
-2.6208684,9.465572,-4.464512,32 Santo Domingo,2019,15,train
-2.579451,9.613093,-4.627802,32 Santo Domingo,2019,16,train
-2.5238483,9.675741,-4.482943,32 Santo Domingo,2019,17,train
-0.49297607,8.88308,-3.4440322,32 Santo Domingo,2019,18,train
-0.1981101,9.18924,-3.8246632,32 Santo Domingo,2019,19,train
0.25913697,9.444624,-3.923356,32 Santo Domingo,2019,20,train
0.555494,9.72385,-4.088818,32 Santo Domingo,2019,21,train
0.87680525,9.831121,-4.2786937,32 Santo Domingo,2019,22,train
1.2854111,9.444975,-3.97043,32 Santo Domingo,2019,23,train
1.5729451,9.2361965,-3.6400204,32 Santo Domingo,2019,24,train
1.9353931,8.820904,-3.156514,32 Santo Domingo,2019,25,train
2.105961,8.160962,-2.4777493,32 Santo Domingo,2019,26,train
7.539453,7.156378,-4.706425,32 Santo Domingo,2019,27,train
8.268451,7.423789,-4.825271,32 Santo Domingo,2019,28,train
8.911049,6.945478,-4.389004,32 Santo Domingo,2019,29,train
9.588185,6.6325436,-4.1056523,32 Santo Domingo,2019,30,train
9.271664,6.8709407,-4.418009,32 Santo Domingo,2019,31,train
9.190268,6.7675595,-4.1817765,32 Santo Domingo,2019,32,train
9.275517,6.6356235,-4.1121006,32 Santo Domingo,2019,33,train
9.2557,6.497537,-4.0286913,32 Santo Domingo,2019,34,train
8.257042,-4.292698,-1.8422737,32 Santo Domingo,2019,35,train
8.003618,-5.1104465,-2.2863593,32 Santo Domingo,2019,36,train
8.211913,-5.3730264,-2.4287071,32 Santo Domingo,2019,37,train
8.12713,13.624802,-14.423903,32 Santo Domingo,2019,38,train
6.7470436,-4.9949455,-2.8314111,32 Santo Domingo,2019,39,train
6.1217766,-5.299498,-3.297303,32 Santo Domingo,2019,40,train
6.0443106,-5.53297,-3.2528846,32 Santo Domingo,2019,41,train
5.21445,-5.1018696,-2.9945257,32 Santo Domingo,2019,42,train
3.868035,-4.202639,-3.0274591,32 Santo Domingo,2019,43,train
3.642048,-5.0181375,-2.7458131,32 Santo Domingo,2019,44,train
3.2131095,-4.7681217,-2.9413946,32 Santo Domingo,2019,45,train
2.3340714,-0.9599508,-5.1470222,32 Santo Domingo,2019,46,train
2.2573326,-5.1605396,-2.490479,32 Santo Domingo,2019,47,train
1.4548283,-3.603861,-2.5032063,32 Santo Domingo,2019,48,train
-2.0642304,1.4664316,-11.291414,32 Santo Domingo,2019,49,train
-1.575878,3.1262488,-11.710481,32 Santo Domingo,2019,50,train
-1.3868794,4.161454,-12.369143,32 Santo Domingo,2019,51,train
-1.9910979,6.670269,-11.528258,32 Santo Domingo,2019,52,train
-2.3028038,6.213445,-11.077045,32 Santo Domingo,2020,1,val
-2.6027882,6.5952163,-11.149573,32 Santo Domingo,2020,2,val
-2.7057164,6.8387175,-10.852565,32 Santo Domingo,2020,3,val
-2.923474,5.7623916,-9.180202,32 Santo Domingo,2020,4,val
-3.3018816,6.8695455,-7.5768585,32 Santo Domingo,2020,5,val
-3.371582,7.636626,-7.8425503,32 Santo Domingo,2020,6,val
-3.3530576,7.95577,-7.424489,32 Santo Domingo,2020,7,val
-3.1925318,8.378933,-7.5956507,32 Santo Domingo,2020,8,val
-3.2141209,8.393144,-6.7917027,32 Santo Domingo,2020,9,val
-3.10137,8.71178,-6.7576156,32 Santo Domingo,2020,10,val
-2.9905515,9.16025,-6.5215383,32 Santo Domingo,2020,11,val
-3.19988,9.5794,-6.2336063,32 Santo Domingo,2020,12,val
-2.5274599,10.381642,-5.9680195,32 Santo Domingo,2020,13,val
-2.841279,9.799234,-5.211705,32 Santo Domingo,2020,14,val
-2.4939523,10.560888,-4.957311,32 Santo Domingo,2020,15,val
-2.4933507,10.391209,-4.929705,32 Santo Domingo,2020,16,val
-2.4586759,10.427688,-4.7964067,32 Santo Domingo,2020,17,val
-0.31945252,9.167125,-3.78696,32 Santo Domingo,2020,18,val
0.028812155,8.8583145,-3.2335064,32 Santo Domingo,2020,19,val
0.2573818,9.008935,-3.329327,32 Santo Domingo,2020,20,val
0.8257053,8.92567,-3.2247052,32 Santo Domingo,2020,21,val
1.0786351,8.77286,-3.4271677,32 Santo Domingo,2020,22,val
1.4033436,8.961658,-3.4252856,32 Santo Domingo,2020,23,val
1.7313243,8.751934,-3.3675637,32 Santo Domingo,2020,24,val
2.1446745,8.828707,-3.4253335,32 Santo Domingo,2020,25,val
2.343397,8.392204,-3.3457472,32 Santo Domingo,2020,26,val
4.3433776,7.310181,-3.3366761,32 Santo Domingo,2020,27,val
4.5011163,7.075238,-3.1454775,32 Santo Domingo,2020,28,val
4.6114645,7.1876745,-3.2218494,32 Santo Domingo,2020,29,val
4.5992756,7.368037,-3.4371157,32 Santo Domingo,2020,30,val
4.97667,7.9794903,-3.671247,32 Santo Domingo,2020,31,val
4.5442796,6.798186,-2.7116516,32 Santo Domingo,2020,32,val
4.6755114,7.1158853,-2.7287238,32 Santo Domingo,2020,33,val
7.3506255,16.604193,-13.220113,32 Santo Domingo,2020,34,val
5.037362,5.1101365,-6.7145047,32 Santo Domingo,2020,35,val
4.080439,4.9341784,-7.0677853,32 Santo Domingo,2020,36,val
4.319964,5.050922,-7.236927,32 Santo Domingo,2020,37,val
4.1817613,4.8077755,-6.8713174,32 Santo Domingo,2020,38,val
4.0406013,4.4852576,-6.605265,32 Santo Domingo,2020,39,val
3.1234286,4.7840066,-7.972939,32 Santo Domingo,2020,40,val
3.1100285,4.321447,-7.640733,32 Santo Domingo,2020,41,val
2.8536541,4.790257,-8.536487,32 Santo Domingo,2020,42,val
2.4676275,4.1846175,-8.132312,32 Santo Domingo,2020,43,val
2.1133552,4.5054264,-8.992753,32 Santo Domingo,2020,44,val
2.8681698,10.782921,-16.722359,32 Santo Domingo,2020,45,val
2.5297506,11.254884,-17.25905,32 Santo Domingo,2020,46,val
1.2358522,4.189654,-9.41001,32 Santo Domingo,2020,47,val
1.0466933,2.94673,-7.898015,32 Santo Domingo,2020,48,val
-1.0497032,2.7877111,-10.304344,32 Santo Domingo,2020,49,val
-0.9732868,3.1779974,-10.689546,32 Santo Domingo,2020,50,val
-1.1239986,3.0438132,-10.375266,32 Santo Domingo,2020,51,val
-2.36029,3.5639246,-9.074773,32 Santo Domingo,2020,52,val
-2.4437108,3.4328032,-8.409985,32 Santo Domingo,2021,1,val
-2.6328876,3.5046456,-8.232089,32 Santo Domingo,2021,2,val
-2.8516476,4.0358186,-8.457254,32 Santo Domingo,2021,3,val
-3.0228906,4.4586663,-8.238943,32 Santo Domingo,2021,4,val
-3.3018208,5.3089848,-6.3982663,32 Santo Domingo,2021,5,val
-3.6219313,5.5834017,-5.9185877,32 Santo Domingo,2021,6,val
-3.5388083,5.8102484,-5.4300776,32 Santo Domingo,2021,7,val
-3.881271,6.3270683,-5.077441,32 Santo Domingo,2021,8,val
-3.7128,6.2831936,-4.449947,32 Santo Domingo,2021,9,val
-3.7132468,14.45325,-12.197468,32 Santo Domingo,2021,10,val
-3.6455626,7.011778,-4.307934,32 Santo Domingo,2021,11,val
-3.0644119,7.295951,-3.8193538,32 Santo Domingo,2021,12,val
-2.9688487,7.8513923,-3.699055,32 Santo Domingo,2021,13,val
-2.9139562,8.585642,-3.9536479,32 Santo Domingo,2021,14,val
-2.9647565,8.089346,-3.6544123,32 Santo Domingo,2021,15,val
-2.590642,8.6364,-3.6627138,32 Santo Domingo,2021,16,val
-0.5906573,7.443348,-2.676409,32 Santo Domingo,2021,17,val
-0.45478886,7.661373,-2.776983,32 Santo Domingo,2021,18,val
-0.18733071,8.171653,-3.2059574,32 Santo Domingo,2021,19,val
0.006702553,8.049704,-3.2917676,32 Santo Domingo,2021,20,val
0.48424286,8.274584,-3.4647715,32 Santo Domingo,2021,21,val
0.76529664,8.43748,-3.6161284,32 Santo Domingo,2021,22,val
1.1629834,8.483935,-4.1674414,32 Santo Domingo,2021,23,val
1.5533394,8.283778,-3.640921,32 Santo Domingo,2021,24,val
1.9164237,8.415679,-4.11585,32 Santo Domingo,2021,25,val
3.6073108,14.484816,-11.271307,32 Santo Domingo,2021,26,val
4.1541677,6.5689087,-3.05162,32 Santo Domingo,2021,27,val
3.9949284,6.826419,-3.2805514,32 Santo Domingo,2021,28,val
4.3111396,6.762778,-3.1505425,32 Santo Domingo,2021,29,val
4.372051,6.899949,-3.3281398,32 Santo Domingo,2021,30,val
4.4827776,6.835589,-3.223396,32 Santo Domingo,2021,31,val
6.618665,15.57574,-11.9548235,32 Santo Domingo,2021,32,val
4.702674,7.79174,-4.185976,32 Santo Domingo,2021,33,val
5.1015077,7.158444,-3.6415644,32 Santo Domingo,2021,34,val
4.6639404,4.4754796,-6.209387,32 Santo Domingo,2021,35,val
4.7418156,4.5201974,-6.508292,32 Santo Domingo,2021,36,val
4.342663,4.485198,-6.74315,32 Santo Domingo,2021,37,val
4.457489,4.202235,-6.4186616,32 Santo Domingo,2021,38,val
3.85572,3.9097376,-6.5392056,32 Santo Domingo,2021,39,val
3.6843557,3.5956056,-6.5484056,32 Santo Domingo,2021,40,val
4.8689847,9.622474,-13.828183,32 Santo Domingo,2021,41,val
4.4271293,9.676155,-14.136805,32 Santo Domingo,2021,42,val
2.421407,3.3114083,-7.2963405,32 Santo Domingo,2021,43,val
2.1391342,2.9674308,-7.302312,32 Santo Domingo,2021,44,val
1.9170188,2.5467699,-6.8652716,32 Santo Domingo,2021,45,val
1.7396094,1.5573274,-6.209878,32 Santo Domingo,2021,46,val
1.3984487,2.1917696,-6.8688426,32 Santo Domingo,2021,47,val
-1.2892159,2.343252,-10.430606,32 Santo Domingo,2021,48,val
-1.3575708,2.352257,-10.333217,32 Santo Domingo,2021,49,val
-1.3305097,2.3526769,-10.408673,32 Santo Domingo,2021,50,val
-1.1028869,2.650022,-10.086732,32 Santo Domingo,2021,51,val
-2.3867438,4.0596256,-9.427531,32 Santo Domingo,2021,52,val
