z1,z2,z3,z4,z5,province,year,week,split
8.373926,17.209326,3.446145,4.8407974,1.9260706,01 Distrito Nacional,2015,1,train
11.993806,18.317415,4.2826023,5.22382,0.7152594,01 Distrito Nacional,2015,2,train
9.356741,14.034408,7.7286286,5.993439,-0.3458426,01 Distrito Nacional,2015,3,train
13.754366,15.355155,6.7687616,5.690543,-2.4710708,01 Distrito Nacional,2015,4,train
9.665257,11.8677845,6.4362154,-3.3830702,3.4893305,01 Distrito Nacional,2015,5,train
12.472962,10.643397,3.455489,-1.2977227,1.8743687,01 Distrito Nacional,2015,6,train
13.836361,11.102633,3.5003572,-1.4158843,0.9772174,01 Distrito Nacional,2015,7,train
16.41036,10.319886,5.5224023,-3.1625369,0.45849413,01 Distrito Nacional,2015,8,train
16.187548,8.769367,5.467705,-1.7907473,-2.1815298,01 Distrito Nacional,2015,9,train
16.40725,8.934959,5.8719873,0.5281254,-4.6709614,01 Distrito Nacional,2015,10,train
19.131792,9.491874,6.566512,0.6240305,-7.3372097,01 Distrito Nacional,2015,11,train
18.569954,7.672563,8.238827,-0.44471493,-8.5322895,01 Distrito Nacional,2015,12,train
13.448139,3.8039806,8.8339405,-1.4232206,-8.833058,01 Distrito Nacional,2015,13,train
17.85298,4.8103757,7.6414123,0.8085866,-8.403128,01 Distrito Nacional,2015,14,train
13.300481,3.6455996,6.904528,1.7547635,-7.492618,01 Distrito Nacional,2015,15,train
15.116336,1.2157596,8.693379,0.02239724,-11.128613,01 Distrito Nacional,2015,16,train
1.2688018,-11.561445,9.579289,-2.9363885,-13.01577,01 Distrito Nacional,2015,17,train
0.46891555,-10.874167,8.767174,-1.212477,-13.714735,01 Distrito Nacional,2015,18,train
-2.2981884,-7.896758,12.543255,-5.1788363,-16.888308,01 Distrito Nacional,2015,19,train
-4.147553,-7.2268147,11.260469,-2.5327775,-19.64689,01 Distrito Nacional,2015,20,train
-5.024934,-8.16031,10.281822,-2.5342042,-12.949441,01 Distrito Nacional,2015,21,train
-5.963362,-8.872947,10.419315,-3.0222561,-10.816758,01 Distrito Nacional,2015,22,train
-5.607493,-9.694887,8.217892,-0.4913888,-8.944953,01 Distrito Nacional,2015,23,train
-7.1164103,-10.4643545,7.809983,0.26652384,-9.089876,01 Distrito Nacional,2015,24,train
-10.226952,-12.486656,6.712585,1.6600232,-9.2882185,01 Distrito Nacional,2015,25,train
-10.80129,-10.918917,7.1022463,1.1369499,-6.2872243,01 Distrito Nacional,2015,26,train
-8.447831,-6.229153,12.397787,8.766783,-12.593947,01 Distrito Nacional,2015,27,train
-10.10098,-6.9565215,12.494322,9.227485,-12.767501,01 Distrito Nacional,2015,28,train
-8.703359,-5.8967423,12.363797,8.203137,-11.772611,01 Distrito Nacional,2015,29,train
-10.9129925,-5.1440907,12.96827,9.605149,-11.700144,01 Distrito Nacional,2015,30,train
-12.537173,-6.7650766,11.985371,8.058429,-14.282245,01 Distrito Nacional,2015,31,train
-12.593395,-1.8836439,14.101178,6.0629535,-15.197559,01 Distrito Nacional,2015,32,train
-13.479775,-1.5894984,13.913069,5.5724254,-15.519814,01 Distrito Nacional,2015,33,train
-13.708123,-0.34603164,13.18182,5.587785,-13.768924,01 Distrito Nacional,2015,34,train
-15.28247,0.36431086,23.987219,-11.968993,3.7684882,01 Distrito Nacional,2015,35,train
-16.586113,2.5340772,12.101962,-4.379836,-8.59664,01 Distrito Nacional,2015,36,train
-17.4992,2.4948049,11.920605,-3.8488507,-7.9027104,01 Distrito Nacional,2015,37,train
-17.66312,6.237068,11.166209,-3.4927819,-4.2062163,01 Distrito Nacional,2015,38,train
-15.712703,6.476453,10.581763,-3.0208282,-4.6519923,01 Distrito Nacional,2015,39,train
-19.783506,12.120825,9.223935,-2.2617695,-6.8695064,01 Distrito Nacional,2015,40,train
-22.871843,12.544289,8.693897,-1.7632788,-3.7234032,01 Distrito Nacional,2015,41,train
-19.63132,13.5847845,9.516801,-1.85245,-2.6398308,01 Distrito Nacional,2015,42,train
-21.031567,15.7116375,7.856614,-1.544186,-1.0911344,01 Distrito Nacional,2015,43,train
-17.423733,16.85123,9.604382,-3.6653023,-0.43216637,01 Distrito Nacional,2015,44,train
-11.159675,13.826546,7.627397,-1.1344676,4.010465,01 Distrito Nacional,2015,45,train
-11.850085,14.901296,4.947462,0.8643187,4.2279625,01 Distrito Nacional,2015,46,train
-13.611504,20.807924,3.246629,0.6046634,8.170066,01 Distrito Nacional,2015,47,train
-3.8186078,22.140324,6.8319983,-3.170184,6.0616965,01 Distrito Nacional,2015,48,train
-2.516854,15.375,6.142148,-0.9128097,4.0724077,01 Distrito Nacional,2015,49,train
-0.46272206,16.669426,5.5341454,-0.8493773,4.714942,01 Distrito Nacional,2015,50,train
0.52087027,16.989962,6.6474185,-2.221094,5.5070057,01 Distrito Nacional,2015,51,train
0.34239343,18.331074,6.2483387,4.3431635,2.2498386,01 Distrito Nacional,2015,52,train
3.6641238,26.073097,12.063814,2.7221777,-3.5486672,01 Distrito Nacional,2016,1,train
6.469226,24.826376,10.984554,0.9963762,-5.4168844,01 Distrito Nacional,2016,2,train
10.348455,25.985796,11.570775,1.2267327,-7.760581,01 Distrito Nacional,2016,3,train
6.4867754,20.338411,15.054849,2.3988523,-7.439834,01 Distrito Nacional,2016,4,train
9.335016,23.524628,10.38823,-7.421906,-3.9740684,01 Distrito Nacional,2016,5,train
8.064652,18.98081,10.50496,-6.4478874,-5.751544,01 Distrito Nacional,2016,6,train
9.4745865,18.012592,11.255132,-7.013132,-5.781123,01 Distrito Nacional,2016,7,train
9.358828,17.276255,11.605867,-6.7231545,-8.679985,01 Distrito Nacional,2016,8,train
6.850546,16.15754,11.741171,-6.199834,-10.479592,01 Distrito Nacional,2016,9,train
20.245275,11.706504,7.2841916,-1.8726856,-8.043454,01 Distrito Nacional,2016,10,train
14.74182,9.815908,9.932069,-4.5585575,-8.461836,01 Distrito Nacional,2016,11,train
12.015454,8.718644,9.104235,-2.578703,-9.523836,01 Distrito Nacional,2016,12,train
13.56338,7.6607456,10.984929,-4.748316,-10.415294,01 Distrito Nacional,2016,13,train
6.984311,6.4265842,12.275405,-4.702587,-11.385352,01 Distrito Nacional,2016,14,train
11.917144,7.4463615,12.657462,-1.908006,-17.231176,01 Distrito Nacional,2016,15,train
7.4832454,6.21869,12.645926,-4.0447583,-14.800486,01 Distrito Nacional,2016,16,train
3.2585745,-1.3900286,21.069084,-7.5061283,1.8361535,01 Distrito Nacional,2016,17,train
-2.0380442,-3.053285,13.307809,-5.8265676,-5.755915,01 Distrito Nacional,2016,18,train
2.5916107,-12.3418255,6.054008,0.5128247,-1.8894653,01 Distrito Nacional,2016,19,train
2.938157,-15.469067,4.8089213,3.063534,-1.2129025,01 Distrito Nacional,2016,20,train
0.24096292,-14.268812,6.6916513,1.1071929,-0.23468103,01 Distrito Nacional,2016,21,train
-0.44670093,-14.091963,14.41291,-2.778179,7.930016,01 Distrito Nacional,2016,22,train
-0.7751118,-16.345713,4.121264,4.0322556,1.7244571,01 Distrito Nacional,2016,23,train
-2.9798489,-19.332865,3.6862867,5.073421,1.2375257,01 Distrito Nacional,2016,24,train
-6.7696033,-12.27034,6.0178914,1.9202111,1.9938991,01 Distrito Nacional,2016,25,train
-8.837359,-13.809777,5.2634525,2.9938464,2.3508914,01 Distrito Nacional,2016,26,train
-3.2728624,-11.473862,7.70039,11.236693,-4.156212,01 Distrito Nacional,2016,27,train
-6.3385377,-12.578389,8.342129,12.877419,-5.010705,01 Distrito Nacional,2016,28,train
-4.7301044,-12.366995,8.0399275,11.71941,-4.7653527,01 Distrito Nacional,2016,29,train
-7.892543,-10.47329,7.450475,11.12341,-2.5593257,01 Distrito Nacional,2016,30,train
-1.9374807,-9.172708,19.26653,19.852686,10.180489,01 Distrito Nacional,2016,31,train
-6.6098566,-12.793166,6.3039465,13.264353,-0.016423417,01 Distrito Nacional,2016,32,train
-5.511301,-17.107279,5.2000337,14.33167,-3.0818415,01 Distrito Nacional,2016,33,train
-14.352401,-3.8555806,5.907945,15.765625,7.342783,01 Distrito Nacional,2016,34,train
-13.686587,-16.663961,1.0600125,8.4132595,5.277986,01 Distrito Nacional,2016,35,train
-15.164654,-13.490069,0.22171707,9.241275,10.398606,01 Distrito Nacional,2016,36,train
-12.337503,-14.547863,-0.74188673,9.898005,9.209873,01 Distrito Nacional,2016,37,train
-10.751972,-13.270591,-0.8276063,9.915491,10.523342,01 Distrito Nacional,2016,38,train
-14.586518,-8.644076,-1.8831209,10.47083,11.154002,01 Distrito Nacional,2016,39,train
-11.229623,-6.9215164,15.966251,-2.9279497,20.028816,01 Distrito Nacional,2016,40,train
-13.611855,-1.7579263,0.17150502,6.699257,10.019441,01 Distrito Nacional,2016,41,train
-11.542025,-0.2741122,-0.38375962,6.581087,10.007763,01 Distrito Nacional,2016,42,train
-13.392801,1.2823449,-2.1443872,7.929982,11.651177,01 Distrito Nacional,2016,43,train
-11.606859,2.5175693,-1.3729621,7.235825,12.798742,01 Distrito Nacional,2016,44,train
-10.012775,3.526387,-1.721287,7.2896094,12.689484,01 Distrito Nacional,2016,45,train
-7.013416,4.5170045,-0.7465427,5.8091826,13.558118,01 Distrito Nacional,2016,46,train
-5.322634,7.413737,-1.5514275,6.0922985,16.303694,01 Distrito Nacional,2016,47,train
4.8034616,10.503289,-1.387844,4.210428,12.908708,01 Distrito Nacional,2016,48,train
5.9689403,10.262342,-2.2700474,5.0840387,12.525013,01 Distrito Nacional,2016,49,train
6.0217857,9.618762,-2.2126448,5.1086226,12.547563,01 Distrito Nacional,2016,50,train
7.3662233,9.155527,-0.16811965,3.3045526,10.146436,01 Distrito Nacional,2016,51,train
6.668584,11.128685,1.683608,9.823093,9.150532,01 Distrito Nacional,2016,52,train
9.169995,12.969131,1.1749895,10.663094,8.849464,01 Distrito Nacional,2017,1,train
15.619703,14.295347,-0.9939038,8.203737,5.8461757,01 Distrito Nacional,2017,2,train
23.005135,19.043251,2.6577804,14.420618,3.6630645,01 Distrito Nacional,2017,3,train
21.364323,13.777693,2.178426,11.712374,3.2940383,01 Distrito Nacional,2017,4,train
18.176096,7.1621556,-1.5975426,2.800222,9.541427,01 Distrito Nacional,2017,5,train
15.864133,6.874829,0.7512251,1.4912721,6.2085414,01 Distrito Nacional,2017,6,train
16.398323,6.090856,1.5724051,1.1623772,4.807777,01 Distrito Nacional,2017,7,train
22.298319,7.158832,1.451807,1.9297261,2.6319082,01 Distrito Nacional,2017,8,train
23.699211,6.4724383,1.2140731,2.996287,0.82520163,01 Distrito Nacional,2017,9,train
21.80478,4.2563386,2.0948675,3.9294572,0.12193801,01 Distrito Nacional,2017,10,train
22.145004,-0.104361914,2.2316537,3.8842113,1.6934048,01 Distrito Nacional,2017,11,train
22.185701,-2.551582,4.087591,2.5072417,0.9152676,01 Distrito Nacional,2017,12,train
26.465298,-4.6932325,3.1794102,6.1382613,-3.9366996,01 Distrito Nacional,2017,13,train
18.167557,-5.599759,5.432845,4.490626,-5.7640367,01 Distrito Nacional,2017,14,train
25.087513,-5.403301,5.8137727,6.9025393,-12.015566,01 Distrito Nacional,2017,15,train
12.059945,-10.292761,13.573398,-4.8602567,10.006314,01 Distrito Nacional,2017,16,train
7.745557,-8.354443,11.0628,-1.6976315,6.6195436,01 Distrito Nacional,2017,17,train
3.5265884,-13.687113,7.224044,-0.48903638,-2.5913281,01 Distrito Nacional,2017,18,train
5.4607973,-20.681719,5.3571587,2.3304663,-2.6901178,01 Distrito Nacional,2017,19,train
1.7884762,-13.95291,5.789521,1.0333029,-1.9286469,01 Distrito Nacional,2017,20,train
1.9428732,-17.403023,4.367949,4.0385556,-3.2517712,01 Distrito Nacional,2017,21,train
-1.1684089,-15.678355,6.131298,1.8604586,-2.4922414,01 Distrito Nacional,2017,22,train
-2.5156858,-16.460752,4.4548693,3.6072123,-2.5098524,01 Distrito Nacional,2017,23,train
-6.462282,-17.844757,5.3632226,2.4436054,-2.885981,01 Distrito Nacional,2017,24,train
-8.52353,-17.675728,5.171372,3.1088052,-2.4063964,01 Distrito Nacional,2017,25,train
-8.415519,-14.795412,4.6215777,3.7329462,-1.2869864,01 Distrito Nacional,2017,26,train
-5.420374,-14.186885,7.8301296,14.195213,-3.39263,01 Distrito Nacional,2017,27,train
-6.241551,-11.122872,7.672178,14.601087,1.1762712,01 Distrito Nacional,2017,28,train
-11.661258,-16.61406,5.4190392,14.422629,-1.8607432,01 Distrito Nacional,2017,29,train
-4.8619623,-12.610374,6.828778,12.274065,-0.17134835,01 Distrito Nacional,2017,30,train
-15.292552,-16.372946,5.470676,15.706846,-0.9912534,01 Distrito Nacional,2017,31,train
-10.528673,-12.751202,7.6044383,14.650097,-1.1010826,01 Distrito Nacional,2017,32,train
-15.147336,-10.622895,5.998926,14.924235,2.699541,01 Distrito Nacional,2017,33,train
-7.7479734,-11.112615,6.454159,12.572014,-0.03911424,01 Distrito Nacional,2017,34,train
-12.530956,-15.219105,1.2147199,7.561976,3.9932663,01 Distrito Nacional,2017,35,train
-12.997499,-9.548848,2.5639787,6.6994042,5.1854033,01 Distrito Nacional,2017,36,train
-11.61466,-9.969188,2.4087915,6.541387,6.633767,01 Distrito Nacional,2017,37,train
-15.067468,-6.259863,1.6584656,6.783835,8.747973,01 Distrito Nacional,2017,38,train
-12.7075815,-7.6131897,1.4539483,7.1288085,9.429237,01 Distrito Nacional,2017,39,train
-10.142538,-6.182366,1.1540451,6.939957,11.46217,01 Distrito Nacional,2017,40,train
-11.851182,-5.7197123,-0.39431083,8.546127,13.431795,01 Distrito Nacional,2017,41,train
-11.516845,-3.9133706,-1.5375966,9.507648,13.615364,01 Distrito Nacional,2017,42,train
-11.081466,-2.8669412,-3.0214787,9.8764105,15.211482,01 Distrito Nacional,2017,43,train
-11.612386,-1.0467538,-4.6625795,11.2214575,15.880908,01 Distrito Nacional,2017,44,train
-3.3643157,0.583073,11.1256,1.0003624,17.663958,01 Distrito Nacional,2017,45,train
-2.7782166,0.265354,10.898664,0.59357053,20.850958,01 Distrito Nacional,2017,46,train
-4.325532,1.6540504,-4.281521,8.714375,19.15995,01 Distrito Nacional,2017,47,train
7.5409937,5.3803735,-3.9596615,7.086809,15.451847,01 Distrito Nacional,2017,48,train
5.7383847,11.419862,-2.5290349,4.8449035,12.8684435,01 Distrito Nacional,2017,49,train
8.294928,14.252988,-3.7212193,4.6078434,14.419672,01 Distrito Nacional,2017,50,train
9.845217,13.761539,-4.203812,4.689897,12.033397,01 Distrito Nacional,2017,51,train
8.471994,12.856035,-0.501702,9.183734,9.036193,01 Distrito Nacional,2017,52,train
7.82847,4.880302,2.2078202,11.633529,12.206063,01 Distrito Nacional,2018,1,train
9.395192,4.597425,3.012113,10.989257,10.655259,01 Distrito Nacional,2018,2,train
11.076932,4.1362114,2.8512657,9.215806,7.417356,01 Distrito Nacional,2018,3,train
14.365061,3.7943227,1.1136577,9.84486,6.6900253,01 Distrito Nacional,2018,4,train
20.691917,5.686497,-3.1705322,5.0512557,11.186141,01 Distrito Nacional,2018,5,train
13.943851,7.7313056,2.472488,0.5202159,3.6658175,01 Distrito Nacional,2018,6,train
17.670015,8.556163,2.7838001,-0.011290067,2.593093,01 Distrito Nacional,2018,7,train
20.947313,9.028851,2.6228933,0.44278553,0.11634898,01 Distrito Nacional,2018,8,train
26.361149,9.669331,3.8276784,-2.6047213,0.16233602,01 Distrito Nacional,2018,9,train
24.872484,0.068496235,0.7544605,4.8757973,3.8118913,01 Distrito Nacional,2018,10,train
16.547878,-3.7514973,1.4448737,5.1320763,5.240935,01 Distrito Nacional,2018,11,train
23.223257,-3.3675969,1.3445816,5.6478267,3.2372227,01 Distrito Nacional,2018,12,train
28.33299,2.2044337,3.4531846,5.039471,-6.3282185,01 Distrito Nacional,2018,13,train
16.73072,-1.877551,7.624283,0.24136616,-7.676507,01 Distrito Nacional,2018,14,train
16.357786,-2.6044211,7.6221337,1.1005638,-8.396918,01 Distrito Nacional,2018,15,train
13.369961,-3.6614728,7.851899,-0.31407315,-6.4928536,01 Distrito Nacional,2018,16,train
12.642936,-2.3460414,6.9876533,1.8178556,-6.515805,01 Distrito Nacional,2018,17,train
2.2895184,-11.650879,8.237097,-1.4197872,-6.1873546,01 Distrito Nacional,2018,18,train
1.5690273,-10.762305,7.7652736,-0.92562187,-6.693397,01 Distrito Nacional,2018,19,train
0.9952458,-12.145291,8.19887,-1.0729853,-7.31173,01 Distrito Nacional,2018,20,train
-0.43513095,-12.348815,7.8850584,-0.64741015,-7.3521695,01 Distrito Nacional,2018,21,train
-1.7200886,-10.79944,7.6594334,0.031625263,-5.405664,01 Distrito Nacional,2018,22,train
-3.6554239,-12.039934,6.8927727,0.49559003,-6.662098,01 Distrito Nacional,2018,23,train
-4.929167,-12.34949,6.426051,1.1671373,-6.763786,01 Distrito Nacional,2018,24,train
-8.350032,-11.83876,6.87136,-0.050884202,-2.4798696,01 Distrito Nacional,2018,25,train
-10.72745,-14.524497,5.0997405,2.8663664,-7.039857,01 Distrito Nacional,2018,26,train
-15.965626,-15.517378,8.305337,15.025941,-11.102884,01 Distrito Nacional,2018,27,train
-10.88054,-6.534348,9.993812,13.315056,-2.8935847,01 Distrito Nacional,2018,28,train
-7.564913,-7.135791,9.394634,10.68511,-4.266103,01 Distrito Nacional,2018,29,train
-8.6684475,-8.652754,9.171628,11.778062,-6.1356196,01 Distrito Nacional,2018,30,train
-10.647684,-9.408669,9.037401,12.274367,-6.247951,01 Distrito Nacional,2018,31,train
-7.641963,-5.1168685,10.991869,10.965987,-3.9721158,01 Distrito Nacional,2018,32,train
-7.47897,-4.91471,11.093257,11.154269,-4.077263,01 Distrito Nacional,2018,33,train
-6.5733614,-5.465971,10.790728,10.887022,-5.4036713,01 Distrito Nacional,2018,34,train
-10.931189,-7.130063,12.042565,-2.8430274,8.857548,01 Distrito Nacional,2018,35,train
-14.204242,-8.320744,6.064528,1.6164541,-0.80276865,01 Distrito Nacional,2018,36,train
-14.616832,-7.3945346,5.7704306,2.0774772,0.5516123,01 Distrito Nacional,2018,37,train
-13.21021,-5.2185173,5.049797,2.5049517,1.3438404,01 Distrito Nacional,2018,38,train
-13.378554,-5.718926,6.303534,1.8951508,2.3623555,01 Distrito Nacional,2018,39,train
-16.274479,-0.87652975,2.2543294,3.7171938,8.826912,01 Distrito Nacional,2018,40,train
-13.147756,-1.4722131,11.37092,-3.4561126,16.01323,01 Distrito Nacional,2018,41,train
-15.323917,3.184625,0.67080307,6.3674893,8.350317,01 Distrito Nacional,2018,42,train
-16.33388,4.564511,-0.34718898,6.5101233,9.323273,01 Distrito Nacional,2018,43,train
-16.111568,6.360921,-0.9944022,7.07972,10.637099,01 Distrito Nacional,2018,44,train
-11.740363,7.194997,0.90743244,5.183901,10.368885,01 Distrito Nacional,2018,45,train
-8.108752,7.035131,2.7716,3.44325,10.034021,01 Distrito Nacional,2018,46,train
-11.936686,11.350998,-1.2357256,4.940311,13.278105,01 Distrito Nacional,2018,47,train
3.0368977,14.268495,1.2494974,1.9537894,8.857133,01 Distrito Nacional,2018,48,train
3.6383722,14.986541,-1.1531953,3.0677602,9.330267,01 Distrito Nacional,2018,49,train
4.593786,15.179899,0.32722533,1.8150966,10.833135,01 Distrito Nacional,2018,50,train
6.260523,17.627892,-0.5091616,0.8711641,12.360617,01 Distrito Nacional,2018,51,train
9.252447,18.3034,-1.021492,6.8066316,6.32701,01 Distrito Nacional,2018,52,train
11.689324,19.33433,1.7037085,6.859249,4.374444,01 Distrito Nacional,2019,1,train
13.213037,19.093258,5.195218,9.739278,2.8979688,01 Distrito Nacional,2019,2,train
16.080315,17.719034,6.6540813,9.75991,0.6198617,01 Distrito Nacional,2019,3,train
15.020138,14.160467,7.146475,8.128608,-0.7537903,01 Distrito Nacional,2019,4,train
14.354773,13.739476,4.005268,-3.1804714,4.808497,01 Distrito Nacional,2019,5,train
14.106244,15.650409,5.9223275,-3.1673305,-0.6091039,01 Distrito Nacional,2019,6,train
12.444213,13.2440815,6.975778,-3.2277133,-2.2704961,01 Distrito Nacional,2019,7,train
17.480942,15.590151,6.4882836,-2.7450411,-5.2431865,01 Distrito Nacional,2019,8,train
19.381002,16.48956,7.3805904,-3.2594955,-7.213615,01 Distrito Nacional,2019,9,train
18.284716,10.179297,7.2897444,-2.781608,-4.8655024,01 Distrito Nacional,2019,10,train
19.422365,8.511237,7.224977,-1.1342796,-6.2510242,01 Distrito Nacional,2019,11,train
18.283617,5.8400574,8.589051,-3.6434155,-5.822579,01 Distrito Nacional,2019,12,train
9.1839905,2.2194772,9.505792,-3.1231132,-4.771368,01 Distrito Nacional,2019,13,train
15.759474,1.9592731,8.387817,-0.32391998,-8.687091,01 Distrito Nacional,2019,14,train
11.52172,0.43790954,8.438821,-1.0475825,-5.813776,01 Distrito Nacional,2019,15,train
14.289924,0.77246326,8.523659,0.7970382,-8.8218,01 Distrito Nacional,2019,16,train
13.652855,-1.0868685,8.959118,0.3624899,-9.97917,01 Distrito Nacional,2019,17,train
0.9468217,-11.059418,9.285877,-2.774605,-10.167492,01 Distrito Nacional,2019,18,train
-2.0879662,-9.33173,10.828598,-4.526085,-11.502392,01 Distrito Nacional,2019,19,train
-2.9328911,-7.0452237,8.936377,-2.3113103,-9.318246,01 Distrito Nacional,2019,20,train
-4.8183303,-8.361056,11.30347,-4.88564,-5.868856,01 Distrito Nacional,2019,21,train
-4.2608995,-7.2082133,10.994903,-3.275554,-3.4527335,01 Distrito Nacional,2019,22,train
-6.0170875,-5.8306007,9.566881,-2.4684513,-5.469434,01 Distrito Nacional,2019,23,train
-9.3344755,-8.391242,9.199701,-1.5002508,-8.834326,01 Distrito Nacional,2019,24,train
-9.83675,-6.7396665,7.746457,-0.51396817,-7.393508,01 Distrito Nacional,2019,25,train
-13.532327,-7.2023454,8.397083,0.013956285,-6.098886,01 Distrito Nacional,2019,26,train
-16.949661,-5.70419,11.449555,11.604646,-8.823302,01 Distrito Nacional,2019,27,train
-15.271952,-1.8877896,11.037729,9.083854,-5.0042887,01 Distrito Nacional,2019,28,train
-16.800812,-1.3057877,10.297138,8.925546,-4.9229026,01 Distrito Nacional,2019,29,train
-18.345383,-2.060041,8.872877,8.443636,-4.7340703,01 Distrito Nacional,2019,30,train
-4.7091255,-9.655366,15.441686,18.140816,12.592877,01 Distrito Nacional,2019,31,train
-14.899198,0.808077,9.260005,7.987044,-1.6108615,01 Distrito Nacional,2019,32,train
-18.084389,0.18932784,8.696225,9.70425,-1.8805295,01 Distrito Nacional,2019,33,train
-13.891674,2.4412298,10.427298,8.999356,-0.10501358,01 Distrito Nacional,2019,34,train
-19.72285,-0.29975587,4.4606695,4.152755,-0.3564503,01 Distrito Nacional,2019,35,train
-19.997768,0.15373386,6.947827,1.5228003,-0.7246869,01 Distrito Nacional,2019,36,train
-18.176105,0.20154119,6.744146,1.8046919,-1.8482878,01 Distrito Nacional,2019,37,train
-14.260657,2.2083983,18.39983,-7.370805,9.238491,01 Distrito Nacional,2019,38,train
-14.519151,3.0751753,6.04614,1.1137978,1.5452307,01 Distrito Nacional,2019,39,train
-14.377545,3.1049347,5.0170717,2.4237034,4.1943207,01 Distrito Nacional,2019,40,train
-18.824669,4.383283,1.8599318,4.8860965,4.8471494,01 Distrito Nacional,2019,41,train
-18.62945,5.3800673,1.5041934,4.9485054,5.9513087,01 Distrito Nacional,2019,42,train
-13.881976,6.5971107,4.4525437,2.178579,6.9385467,01 Distrito Nacional,2019,43,train
-19.45964,9.737589,-1.0636585,6.128246,8.472285,01 Distrito Nacional,2019,44,train
-16.090084,9.875915,-0.23697709,5.27379,8.798937,01 Distrito Nacional,2019,45,train
-12.847885,9.892822,0.72994137,3.9265733,9.019034,01 Distrito Nacional,2019,46,train
-17.256926,16.021944,-3.0618165,6.1448703,12.977597,01 Distrito Nacional,2019,47,train
-18.791887,18.961988,-5.040247,6.777526,14.635944,01 Distrito Nacional,2019,48,train
-0.7760057,14.061548,3.0486426,1.3279402,7.409661,01 Distrito Nacional,2019,49,train
0.28985143,12.871234,5.99711,-0.33201525,8.379253,01 Distrito Nacional,2019,50,train
1.9358532,15.631446,3.0150034,0.56527853,7.4873366,01 Distrito Nacional,2019,51,train
2.7481956,19.215702,3.3253016,6.483761,4.6559057,01 Distrito Nacional,2019,52,train
4.9767222,17.813475,2.0393665,6.3655663,4.8588705,01 Distrito Nacional,2020,1,val
8.966819,18.890017,1.7110443,4.872682,2.7307506,01 Distrito Nacional,2020,2,val
11.41543,16.380775,3.4219513,5.071776,0.97186005,01 Distrito Nacional,2020,3,val
8.641827,11.642149,8.129088,6.3512564,0.4930476,01 Distrito Nacional,2020,4,val
11.557431,12.18734,3.8364258,-2.4516923,3.0039687,01 Distrito Nacional,2020,5,val
13.72397,13.616149,3.6985343,-2.0641935,0.30187824,01 Distrito Nacional,2020,6,val
15.451513,13.073647,4.6340137,-1.6072412,-1.7931279,01 Distrito Nacional,2020,7,val
13.211218,9.549201,6.082075,-2.2935889,-0.38713467,01 Distrito Nacional,2020,8,val
15.499134,9.670333,6.6995134,-2.3625128,-3.5487604,01 Distrito Nacional,2020,9,val
13.561906,1.4767396,5.0618243,0.49699548,1.4429922,01 Distrito Nacional,2020,10,val
16.12835,1.0316488,6.049054,-1.3276211,1.4901856,01 Distrito Nacional,2020,11,val
20.898088,2.4457529,5.0583525,2.4165998,-3.707425,01 Distrito Nacional,2020,12,val
18.141434,-2.2729018,6.947194,0.33438116,-1.0266231,01 Distrito Nacional,2020,13,val
20.766232,-6.583565,5.7867723,3.2014418,-2.5232987,01 Distrito Nacional,2020,14,val
13.688502,-8.39278,4.407902,3.484216,0.25877,01 Distrito Nacional,2020,15,val
16.783037,-9.237948,5.53165,4.548473,-3.0924196,01 Distrito Nacional,2020,16,val
15.306233,-9.837123,4.8317394,4.732403,-2.5180516,01 Distrito Nacional,2020,17,val
6.092891,-19.786175,4.936261,3.176613,-3.5959833,01 Distrito Nacional,2020,18,val
4.317937,-17.20628,4.1019826,3.7558734,-2.2225442,01 Distrito Nacional,2020,19,val
3.471285,-17.636827,4.5516257,3.9292305,-2.97463,01 Distrito Nacional,2020,20,val
1.8461208,-17.5334,3.35635,4.2358274,-0.6260793,01 Distrito Nacional,2020,21,val
-0.29937562,-17.048119,4.705153,3.4458697,-1.368884,01 Distrito Nacional,2020,22,val
-2.7555273,-18.611628,4.0286746,4.1807847,-3.1445682,01 Distrito Nacional,2020,23,val
-4.127812,-18.105556,3.867907,4.4757504,-3.3123772,01 Distrito Nacional,2020,24,val
-5.9582667,-17.66297,3.7330692,4.463387,-2.5582633,01 Distrito Nacional,2020,25,val
-12.859227,-20.080002,3.0642123,5.290208,-3.3163934,01 Distrito Nacional,2020,26,val
-4.499196,-13.182781,7.7709165,12.4100275,-2.8509607,01 Distrito Nacional,2020,27,val
-10.355561,-16.841137,7.3939543,14.662477,-2.987194,01 Distrito Nacional,2020,28,val
-7.3392053,-13.66786,8.25057,13.400407,-3.8393378,01 Distrito Nacional,2020,29,val
-8.342556,-12.957085,8.488992,13.688156,-2.476111,01 Distrito Nacional,2020,30,val
-13.132875,-11.830816,6.817304,12.633091,0.6026451,01 Distrito Nacional,2020,31,val
-5.6042347,-20.738966,2.8168771,15.885567,3.8590212,01 Distrito Nacional,2020,32,val
-10.49111,-17.288809,2.1035237,15.212848,2.8579369,01 Distrito Nacional,2020,33,val
-2.2857018,-11.597156,23.996922,17.596777,20.498587,01 Distrito Nacional,2020,34,val
-7.7585344,-18.850695,-0.48262545,9.757927,7.91045,01 Distrito Nacional,2020,35,val
-11.847932,-9.635286,3.323504,5.183676,8.22475,01 Distrito Nacional,2020,36,val
-9.113445,-12.830771,1.0618861,7.860028,8.611575,01 Distrito Nacional,2020,37,val
-12.913164,-15.851807,-1.0164692,10.52825,9.4255,01 Distrito Nacional,2020,38,val
-13.969692,-13.950695,-3.0019796,11.527935,10.9082985,01 Distrito Nacional,2020,39,val
-11.898615,-4.7481337,2.2405334,5.0332317,10.670359,01 Distrito Nacional,2020,40,val
-15.267,-6.1603208,-3.17205,10.364904,14.495841,01 Distrito Nacional,2020,41,val
-9.26798,-3.2365448,-0.04834618,6.7347,11.617984,01 Distrito Nacional,2020,42,val
-12.678552,-2.634807,-4.4044085,10.3302,14.964304,01 Distrito Nacional,2020,43,val
-10.669276,-0.32162866,-2.9718974,9.343431,14.588442,01 Distrito Nacional,2020,44,val
-6.025528,-2.9864187,8.491938,0.9151402,22.139887,01 Distrito Nacional,2020,45,val
-4.13335,-1.1135097,10.814526,-0.7135251,23.442114,01 Distrito Nacional,2020,46,val
-5.32815,2.9514952,-2.7007842,7.9548836,18.013863,01 Distrito Nacional,2020,47,val
-7.791419,5.561603,-7.519248,11.756124,21.236046,01 Distrito Nacional,2020,48,val
0.6851593,-0.07000922,-11.089231,16.114775,26.85879,01 Distrito Nacional,2020,49,val
11.408521,-1.2785126,-4.724351,9.436375,20.32899,01 Distrito Nacional,2020,50,val
13.508636,-0.1769067,-6.296371,10.001184,21.548077,01 Distrito Nacional,2020,51,val
14.198897,0.35531992,-5.5011077,14.769238,19.119097,01 Distrito Nacional,2020,52,val
17.845463,1.4376587,-6.3033786,18.31727,22.28477,01 Distrito Nacional,2021,1,val
17.358849,-2.219404,-4.668177,15.519396,18.956495,01 Distrito Nacional,2021,2,val
19.565172,-3.6149,-4.9328218,15.346942,17.74104,01 Distrito Nacional,2021,3,val
23.951033,-1.7009256,-5.3424783,16.205528,15.988619,01 Distrito Nacional,2021,4,val
18.843624,-6.613463,-4.975956,10.155857,17.883139,01 Distrito Nacional,2021,5,val
20.455904,-2.189638,-4.2379255,8.579645,13.58002,01 Distrito Nacional,2021,6,val
20.679255,-2.4239733,-2.8194265,8.2135725,12.306861,01 Distrito Nacional,2021,7,val
25.062864,-2.321829,-3.6047323,8.981995,10.465437,01 Distrito Nacional,2021,8,val
24.608635,-5.2187366,-2.8768897,8.996879,11.501378,01 Distrito Nacional,2021,9,val
19.249672,1.6296387,4.3118196,1.2273885,3.1664643,01 Distrito Nacional,2021,10,val
23.837816,3.3550596,3.412739,0.8181523,-1.1308929,01 Distrito Nacional,2021,11,val
16.376099,0.5128607,4.4142313,1.4548774,-0.23685263,01 Distrito Nacional,2021,12,val
16.818085,-3.4057505,4.86353,1.578064,-0.87041414,01 Distrito Nacional,2021,13,val
14.972206,-3.1883554,6.2514443,0.5997228,-0.38524768,01 Distrito Nacional,2021,14,val
21.91178,-11.325259,6.0891247,1.5253756,-3.4326131,01 Distrito Nacional,2021,15,val
12.87394,-6.395589,4.9058976,2.7245033,-1.1155394,01 Distrito Nacional,2021,16,val
13.256257,-6.3955445,7.212728,1.1065758,-2.5836668,01 Distrito Nacional,2021,17,val
5.266913,-17.47647,5.8233747,1.7637264,-4.0433626,01 Distrito Nacional,2021,18,val
4.0391965,-15.848669,5.9354377,1.9052986,-3.1790278,01 Distrito Nacional,2021,19,val
2.561337,-15.917335,6.8557744,0.81134635,-2.4332893,01 Distrito Nacional,2021,20,val
1.1761128,-15.651074,6.77691,1.5977855,-2.5129104,01 Distrito Nacional,2021,21,val
-0.60919166,-13.7196865,7.14655,1.118653,-2.450164,01 Distrito Nacional,2021,22,val
-3.1114888,-12.309631,7.4267263,0.23085399,-0.79746383,01 Distrito Nacional,2021,23,val
-4.512715,-14.412938,5.0887127,2.8432558,-3.0383005,01 Distrito Nacional,2021,24,val
-6.559785,-11.666678,6.4990883,1.408343,-0.08969226,01 Distrito Nacional,2021,25,val
-3.820455,-14.563156,14.362282,-1.2505497,10.242215,01 Distrito Nacional,2021,26,val
-5.6246047,-16.104124,5.8907914,18.065006,1.3813245,01 Distrito Nacional,2021,27,val
-9.521124,-10.417966,7.1409082,16.6359,4.2143626,01 Distrito Nacional,2021,28,val
-3.9476812,-14.547299,4.804985,14.387242,3.1440718,01 Distrito Nacional,2021,29,val
-9.681942,-13.56381,5.0923905,16.624563,6.345282,01 Distrito Nacional,2021,30,val
-8.005463,-13.876135,4.571256,16.068878,5.7108836,01 Distrito Nacional,2021,31,val
-4.9704804,-7.5580945,19.97117,20.132624,13.517159,01 Distrito Nacional,2021,32,val
-3.0583148,-7.504622,21.17042,18.875792,11.594827,01 Distrito Nacional,2021,33,val
-12.781975,-12.600205,4.776929,14.028366,-0.39255974,01 Distrito Nacional,2021,34,val
-13.265169,-11.678751,2.6913865,6.9566174,4.3180594,01 Distrito Nacional,2021,35,val
-12.797811,-13.511882,0.6676802,9.475162,8.083411,01 Distrito Nacional,2021,36,val
-11.027668,-12.090469,1.6049105,8.186921,9.357023,01 Distrito Nacional,2021,37,val
-11.531132,-12.776488,-0.8117804,10.257337,9.458877,01 Distrito Nacional,2021,38,val
-12.288865,-9.814636,0.069575794,8.880067,12.513601,01 Distrito Nacional,2021,39,val
-15.216146,-7.364181,-2.8319535,10.975787,12.678862,01 Distrito Nacional,2021,40,val
-10.922584,-5.278832,0.28267202,7.596087,12.577047,01 Distrito Nacional,2021,41,val
-11.905169,-4.396319,-1.0572656,8.91526,14.564436,01 Distrito Nacional,2021,42,val
-13.348334,-3.0445125,-4.880136,11.5753765,16.225676,01 Distrito Nacional,2021,43,val
-11.067462,-1.6702496,-3.831205,10.669269,16.029715,01 Distrito Nacional,2021,44,val
-11.601253,-2.2421,-7.7979326,13.990245,20.118614,01 Distrito Nacional,2021,45,val
-13.999345,1.279956,-12.023005,16.313133,22.679283,01 Distrito Nacional,2021,46,val
-8.14407,1.6674744,-8.48224,13.868207,22.755013,01 Distrito Nacional,2021,47,val
8.626977,5.9974785,-6.2256684,9.311083,18.304424,01 Distrito Nacional,2021,48,val
11.803665,4.30851,-8.34322,10.7826805,20.382204,01 Distrito Nacional,2021,49,val
13.422081,5.2174754,-8.068419,10.176145,20.054365,01 Distrito Nacional,2021,50,val
11.151051,1.8700548,-4.3997335,8.665571,20.935743,01 Distrito Nacional,2021,51,val
15.863087,8.095997,-8.213538,15.800804,19.79501,01 Distrito Nacional,2021,52,val
11.027724,24.437002,-1.7901051,7.0986786,0.98414016,02 Azua,2015,1,train
14.696643,23.438358,-0.9831238,5.514427,-0.8148172,02 Azua,2015,2,train
11.81454,17.615017,3.5452583,7.746563,-2.7856088,02 Azua,2015,3,train
12.539548,16.26679,6.3610735,12.493786,-5.9555974,02 Azua,2015,4,train
12.050326,14.926516,-0.029265366,-5.0873466,1.0611755,02 Azua,2015,5,train
13.86635,12.05115,-1.2434818,-4.4999337,1.6923817,02 Azua,2015,6,train
13.701375,10.916462,-0.42295936,-4.753733,1.0131532,02 Azua,2015,7,train
15.268345,10.659026,0.5318888,-2.5829575,-2.0774276,02 Azua,2015,8,train
16.944279,10.0083685,1.2014992,-2.3513067,-4.328716,02 Azua,2015,9,train
20.317223,11.46954,2.1998749,-0.6031031,-7.7314787,02 Azua,2015,10,train
22.43708,11.711071,2.2396944,-0.66418475,-10.938062,02 Azua,2015,11,train
14.254894,6.066148,4.713401,-4.833411,-8.392981,02 Azua,2015,12,train
13.372323,3.609104,5.2393517,-5.0635104,-9.485317,02 Azua,2015,13,train
14.373852,4.0711427,4.402311,0.4713138,-8.576198,02 Azua,2015,14,train
15.880991,3.959994,4.513347,1.7653114,-11.565733,02 Azua,2015,15,train
16.786314,1.6656384,5.5375643,-1.0560219,-13.88498,02 Azua,2015,16,train
1.2946123,-11.304333,5.709483,-5.8678746,-13.308833,02 Azua,2015,17,train
1.0101249,-14.038327,5.4989133,-7.6796994,-16.031378,02 Azua,2015,18,train
-3.158068,-8.220412,6.783998,-7.997399,-19.661848,02 Azua,2015,19,train
-4.1348896,-7.8778462,7.2882566,-1.9548374,-21.139652,02 Azua,2015,20,train
-7.318014,-11.035885,4.188081,-7.636726,-14.462008,02 Azua,2015,21,train
-7.6941876,-11.271251,4.464144,-6.2185144,-13.450233,02 Azua,2015,22,train
-6.57665,-10.771189,4.185279,-2.7824445,-8.846207,02 Azua,2015,23,train
-9.457928,-13.059922,2.955002,-2.4266853,-10.912113,02 Azua,2015,24,train
-13.172125,-14.463794,1.0755451,-1.7112339,-10.61694,02 Azua,2015,25,train
-13.371235,-12.950107,2.276974,2.8595843,-11.584865,02 Azua,2015,26,train
-11.221318,-11.076043,6.7778745,10.255285,-20.13935,02 Azua,2015,27,train
-9.575049,-10.035379,7.356668,9.188043,-20.380249,02 Azua,2015,28,train
-8.203519,-5.578924,8.511029,8.544096,-16.902153,02 Azua,2015,29,train
-10.28915,-5.1186905,9.142001,10.235707,-17.494877,02 Azua,2015,30,train
-11.32239,-7.2658963,7.471177,7.734716,-18.428036,02 Azua,2015,31,train
-12.772302,-2.587676,10.6498575,5.5302987,-22.821873,02 Azua,2015,32,train
-11.894107,-0.74780345,10.542549,3.414096,-21.98081,02 Azua,2015,33,train
-12.989038,1.3792158,11.069732,12.943557,-17.136019,02 Azua,2015,34,train
-16.510122,0.8643218,23.723537,-17.961178,3.9351904,02 Azua,2015,35,train
-16.495066,2.2849736,8.545747,-5.9365473,-9.6172285,02 Azua,2015,36,train
-18.957088,1.5251637,5.5132976,-5.088705,-11.309384,02 Azua,2015,37,train
-19.277054,4.490132,5.3226314,-3.4603534,-8.625285,02 Azua,2015,38,train
-15.884454,5.6859965,7.9090753,-3.958153,-7.194283,02 Azua,2015,39,train
-18.472013,11.335902,7.325683,-4.4610353,-7.369592,02 Azua,2015,40,train
-24.323748,12.279799,2.7076807,-1.4893343,-5.5522614,02 Azua,2015,41,train
-23.23625,13.748678,2.8935752,-2.7435334,-4.390876,02 Azua,2015,42,train
-20.285128,15.678411,4.9103327,-3.7251868,-3.6382284,02 Azua,2015,43,train
-19.220884,18.936052,3.7482998,-1.7016555,-4.2574344,02 Azua,2015,44,train
-16.750107,18.801315,-0.7111747,1.4974385,0.75381404,02 Azua,2015,45,train
-17.076872,20.319773,-2.0659695,-0.8667833,2.9263625,02 Azua,2015,46,train
-16.403933,24.146225,-3.5637429,2.242915,4.3045154,02 Azua,2015,47,train
-4.106745,26.9546,-0.83391625,-2.805335,2.9308743,02 Azua,2015,48,train
-2.8100572,24.508108,-1.6208583,-1.1552901,2.6359768,02 Azua,2015,49,train
-0.016477227,23.042683,-0.6607535,-2.1448195,2.7306635,02 Azua,2015,50,train
0.98785543,25.434046,-1.7848827,-3.457847,2.9111128,02 Azua,2015,51,train
2.6507936,28.392498,-1.2052617,4.357484,-0.044284046,02 Azua,2015,52,train
3.239351,28.188002,7.1521955,1.0773176,-8.414033,02 Azua,2016,1,train
7.8211827,31.418785,7.969859,4.465693,-10.750584,02 Azua,2016,2,train
9.208028,30.089718,8.309648,2.165512,-12.610336,02 Azua,2016,3,train
10.387766,28.780878,8.9005,1.776396,-14.377408,02 Azua,2016,4,train
8.956438,29.762531,5.3109937,-9.893747,-10.676503,02 Azua,2016,5,train
8.692733,26.660421,6.1420617,-8.863758,-12.20307,02 Azua,2016,6,train
10.836314,26.94832,6.6562862,-8.782093,-14.123186,02 Azua,2016,7,train
9.130267,24.608015,8.498982,-9.197501,-16.891573,02 Azua,2016,8,train
7.018475,15.328145,8.304241,-10.351472,-11.080863,02 Azua,2016,9,train
22.26476,12.173195,3.3868568,-5.108031,-9.67517,02 Azua,2016,10,train
13.371121,8.575875,5.032029,-8.915292,-8.909998,02 Azua,2016,11,train
16.948874,10.649449,5.5423713,-5.198608,-13.890875,02 Azua,2016,12,train
13.750792,7.038454,6.04215,-9.317641,-13.0831585,02 Azua,2016,13,train
5.775229,6.469421,8.657209,-5.278083,-11.667779,02 Azua,2016,14,train
6.627836,7.6151104,8.573989,-2.8201244,-13.331517,02 Azua,2016,15,train
7.6927695,8.641789,8.480491,-1.8675325,-15.587011,02 Azua,2016,16,train
2.233082,2.481671,13.5759535,-13.975133,-3.3435616,02 Azua,2016,17,train
-2.9591887,0.041313432,9.169047,-8.612361,-9.021079,02 Azua,2016,18,train
2.5169137,-13.347909,2.435854,-1.8759525,-2.9683692,02 Azua,2016,19,train
2.0225706,-17.692389,0.25848693,0.06684145,-3.11193,02 Azua,2016,20,train
-0.38502958,-15.948501,0.99241394,-1.2278847,-2.0870214,02 Azua,2016,21,train
-2.1247582,-12.2771225,2.4498014,-2.0783918,0.3117346,02 Azua,2016,22,train
-1.8352077,-18.868574,-0.908054,2.651561,2.057101,02 Azua,2016,23,train
-5.0735598,-24.106491,-3.8666131,4.154555,-0.23734857,02 Azua,2016,24,train
-11.900338,-15.451397,-1.2784888,5.1634045,-3.2220364,02 Azua,2016,25,train
-12.713356,-15.93947,-1.1049342,6.6623917,-3.979828,02 Azua,2016,26,train
-9.02127,-17.00143,2.2140148,14.436052,-9.177276,02 Azua,2016,27,train
-8.5218935,-17.462858,2.4265013,12.732255,-11.075599,02 Azua,2016,28,train
-14.488664,-11.140752,3.3283484,20.729553,-6.736794,02 Azua,2016,29,train
-9.860436,-15.49154,1.8281112,12.1229515,-9.0323515,02 Azua,2016,30,train
-14.583875,-11.054934,1.6392303,15.152211,-5.000206,02 Azua,2016,31,train
-14.1724415,-14.98236,0.5630128,19.607828,-2.9328115,02 Azua,2016,32,train
-8.932509,-20.354664,0.42417437,15.594035,-6.627951,02 Azua,2016,33,train
-6.40971,-8.545288,11.825168,23.835102,15.6770735,02 Azua,2016,34,train
-14.375115,-14.788627,-2.7618253,8.205749,-0.43683788,02 Azua,2016,35,train
-18.048895,-14.0068445,-5.841305,10.424963,4.413898,02 Azua,2016,36,train
-12.228711,-15.019338,-3.6182775,9.626502,3.5983741,02 Azua,2016,37,train
-12.040991,-12.933055,-4.1086283,10.072583,6.9162607,02 Azua,2016,38,train
-19.935444,-8.560321,-7.7481227,11.722124,7.609721,02 Azua,2016,39,train
-10.846353,-7.236761,14.924688,-6.472003,20.774147,02 Azua,2016,40,train
-13.312223,-1.6335762,-3.1434486,6.0520005,8.653515,02 Azua,2016,41,train
-13.179831,-0.45463392,-3.9215052,6.1067777,9.9462385,02 Azua,2016,42,train
-11.404038,1.0717834,-4.1439404,7.1552615,8.979908,02 Azua,2016,43,train
-14.933921,2.2030573,-7.337371,7.2846117,12.112434,02 Azua,2016,44,train
-8.042866,-3.2379572,5.130559,-2.7874374,18.073147,02 Azua,2016,45,train
-8.433362,3.5669925,-4.5035915,4.8729787,12.512117,02 Azua,2016,46,train
-7.8722754,8.173779,-8.127164,8.007158,14.061299,02 Azua,2016,47,train
-8.409242,7.429646,-7.720536,5.76366,14.789559,02 Azua,2016,48,train
-6.8429575,9.505196,-9.786826,9.24403,16.063961,02 Azua,2016,49,train
-5.6503615,9.414366,-8.571555,9.387089,14.292873,02 Azua,2016,50,train
-5.959539,10.75127,-10.518088,10.00045,15.243511,02 Azua,2016,51,train
10.510876,15.438136,-5.5589933,10.158302,8.797263,02 Azua,2016,52,train
15.188123,19.56313,-5.576601,12.057608,8.256302,02 Azua,2017,1,train
21.907515,21.52487,-6.241786,11.293874,5.8824024,02 Azua,2017,2,train
27.938911,23.545471,-4.0656676,14.749583,1.9432678,02 Azua,2017,3,train
23.172281,17.20645,-0.02980902,14.191598,0.38197395,02 Azua,2017,4,train
22.203892,14.222586,-7.453221,1.9398774,6.618705,02 Azua,2017,5,train
21.49543,12.825859,-6.2631836,1.4559091,4.7360253,02 Azua,2017,6,train
17.912655,6.977067,-2.2415266,-0.93462354,4.4497952,02 Azua,2017,7,train
19.259336,5.9334607,-1.3935212,-0.38723597,2.4431329,02 Azua,2017,8,train
30.100887,9.67229,-6.0682163,0.9619768,-2.3483438,02 Azua,2017,9,train
29.834173,7.009452,-3.51613,2.3386168,-3.2746365,02 Azua,2017,10,train
20.097258,0.063747525,-1.1579417,0.49250174,0.23174828,02 Azua,2017,11,train
19.546803,-1.1141907,0.20217124,0.27697977,-1.1188164,02 Azua,2017,12,train
21.291252,-2.9894183,0.91563314,2.9100132,-3.2242892,02 Azua,2017,13,train
20.45142,-5.1226153,2.4618518,3.6081975,-8.939796,02 Azua,2017,14,train
22.386469,-3.1850765,3.2954202,5.6503143,-10.727142,02 Azua,2017,15,train
12.4337225,-7.686414,1.4635997,-3.1873345,-4.488511,02 Azua,2017,16,train
8.437945,-9.814218,6.3300867,-4.8197627,6.5449986,02 Azua,2017,17,train
9.552467,-8.134583,3.1738431,-1.7102731,-2.0748549,02 Azua,2017,18,train
11.075641,-6.2985096,3.0874853,2.5049107,-3.7356563,02 Azua,2017,19,train
0.5144003,-17.08549,0.106605195,-1.9728805,-7.089019,02 Azua,2017,20,train
0.557039,-22.19776,-0.025653174,2.252979,-7.531065,02 Azua,2017,21,train
-3.0546906,-21.832144,-0.9494375,1.1266693,-7.7211695,02 Azua,2017,22,train
-5.6186485,-22.366526,-0.9193301,1.1129264,-7.2571692,02 Azua,2017,23,train
-8.636619,-21.782536,-1.4636484,1.5697968,-8.165364,02 Azua,2017,24,train
-13.292321,-24.05012,-1.9008269,5.680041,-10.977926,02 Azua,2017,25,train
-13.8987,-21.184082,-1.5292767,5.5021634,-7.3941803,02 Azua,2017,26,train
-12.975254,-19.098833,1.7373744,21.396765,-8.830524,02 Azua,2017,27,train
-2.7488098,-12.162132,4.8764114,15.815197,-6.690542,02 Azua,2017,28,train
-21.903826,-23.342173,-1.5273654,19.820898,-10.91797,02 Azua,2017,29,train
-13.804182,-20.59601,0.36515936,19.138506,-6.095425,02 Azua,2017,30,train
-20.753626,-20.244274,-1.7744118,17.719046,-7.1387596,02 Azua,2017,31,train
-13.263519,-20.189829,2.0909507,18.788996,-10.450605,02 Azua,2017,32,train
-20.14388,-17.36682,-1.4285451,18.329275,-5.2739754,02 Azua,2017,33,train
-5.6102624,-12.798499,3.2626126,16.060265,-5.450596,02 Azua,2017,34,train
-16.571138,-17.355038,-3.0785701,8.097645,-0.7797637,02 Azua,2017,35,train
-10.794233,-19.423586,9.700832,-6.173503,23.39554,02 Azua,2017,36,train
-6.740089,-12.670486,3.8307395,1.2535805,12.853216,02 Azua,2017,37,train
-9.354746,-13.6792,3.7300773,-0.60646427,16.476578,02 Azua,2017,38,train
-16.00554,-9.977905,-4.523957,5.572096,7.230599,02 Azua,2017,39,train
-13.178754,-7.4397593,-5.005621,6.055895,11.634934,02 Azua,2017,40,train
-10.661965,-4.4810534,-4.3421526,8.433004,10.663842,02 Azua,2017,41,train
-17.395082,-4.1260753,-9.77628,9.444187,13.764131,02 Azua,2017,42,train
-14.818923,-2.5662806,-9.197622,9.268116,15.879244,02 Azua,2017,43,train
-13.396597,0.35686675,-8.971708,11.871592,15.21312,02 Azua,2017,44,train
-3.9006927,-4.975606,1.8426931,-0.601712,23.457434,02 Azua,2017,45,train
-2.829939,-3.3580527,8.094373,-2.5878196,26.883657,02 Azua,2017,46,train
-5.6225853,3.89876,-9.525972,8.574074,18.59592,02 Azua,2017,47,train
-6.832861,5.625481,-11.908356,9.720111,20.80559,02 Azua,2017,48,train
-10.503282,12.481995,-13.073684,8.49612,18.723722,02 Azua,2017,49,train
-12.33118,13.72997,-16.85169,7.6980295,21.582582,02 Azua,2017,50,train
-10.624776,16.80764,-19.029886,9.520271,21.805225,02 Azua,2017,51,train
-8.687578,18.229012,-13.633758,22.803366,15.874591,02 Azua,2017,52,train
-1.3706195,6.130361,-7.813473,23.351398,16.163298,02 Azua,2018,1,train
-2.695668,7.1186986,-10.88524,28.649284,17.4926,02 Azua,2018,2,train
-1.38849,5.782203,-12.90702,25.112774,16.900976,02 Azua,2018,3,train
-1.2572502,5.6277523,-14.673123,23.486336,15.511456,02 Azua,2018,4,train
28.065233,12.258243,-12.064221,5.8496175,9.647541,02 Azua,2018,5,train
25.825565,17.666182,-8.206514,0.31330094,1.424634,02 Azua,2018,6,train
27.429747,16.014637,-6.440281,0.20095596,-1.1079875,02 Azua,2018,7,train
30.678999,16.531544,-6.027794,3.344322,-5.8990483,02 Azua,2018,8,train
27.144293,10.646463,-2.25879,-2.8609402,-2.4975595,02 Azua,2018,9,train
36.362377,1.7124474,-7.8900623,-2.6819837,2.0691493,02 Azua,2018,10,train
22.479118,0.07310644,-1.2750431,4.7377954,-0.16701317,02 Azua,2018,11,train
20.92412,-0.53514045,-0.30403292,4.0182242,-1.0268073,02 Azua,2018,12,train
29.360355,1.1282539,-0.08271848,3.8812208,-7.363187,02 Azua,2018,13,train
15.292263,-0.96816033,3.4008863,-0.64103353,-6.930151,02 Azua,2018,14,train
23.022282,-2.5585277,2.837651,-0.12616847,-14.347835,02 Azua,2018,15,train
20.812397,-1.5290438,3.433796,2.2983403,-12.847618,02 Azua,2018,16,train
14.926318,-1.5773687,4.0097566,2.1818392,-8.849791,02 Azua,2018,17,train
2.5376675,-12.833599,2.040705,-6.1840367,-6.8999934,02 Azua,2018,18,train
1.7750075,-14.162721,2.1927204,-5.719709,-9.543257,02 Azua,2018,19,train
-0.12450286,-18.110529,1.2653439,-1.5542076,-15.43955,02 Azua,2018,20,train
-0.42767954,-17.05855,3.214092,1.4395484,-15.48128,02 Azua,2018,21,train
-2.1368892,-14.907165,3.578794,0.32015672,-11.4248705,02 Azua,2018,22,train
-7.3779445,-20.264793,1.1709012,-2.3926477,-13.679067,02 Azua,2018,23,train
-7.4799304,-17.816147,2.4615617,1.7726563,-13.163058,02 Azua,2018,24,train
-9.196684,-12.948903,1.7253345,-1.7592835,-4.455899,02 Azua,2018,25,train
-14.176269,-18.833868,0.5545888,2.393837,-11.191351,02 Azua,2018,26,train
-22.916462,-17.829489,2.9602392,20.396757,-15.720997,02 Azua,2018,27,train
-23.490461,-9.083145,4.0857697,26.196356,-9.969285,02 Azua,2018,28,train
-16.413689,-11.558089,4.7982855,18.59237,-11.26367,02 Azua,2018,29,train
-11.123481,-11.786999,5.437397,15.773248,-12.339533,02 Azua,2018,30,train
-18.632008,-16.956522,4.07735,17.372337,-15.12936,02 Azua,2018,31,train
-11.9808235,-8.762786,6.8915334,17.794083,-12.740133,02 Azua,2018,32,train
-18.389475,-11.671248,4.714566,18.99144,-13.729775,02 Azua,2018,33,train
-14.818412,-12.0938425,5.384644,16.23762,-14.569132,02 Azua,2018,34,train
-28.796932,-13.0586405,-4.9133525,6.3204317,-1.9971805,02 Azua,2018,35,train
-15.717356,-10.157043,1.4583421,2.1768808,-4.605947,02 Azua,2018,36,train
-23.41835,-10.407806,-2.923336,2.941921,-2.2280009,02 Azua,2018,37,train
-18.472496,-8.895146,-0.43942222,3.6312795,-2.9620354,02 Azua,2018,38,train
-21.829123,-10.1203375,-1.5729477,5.5081716,-4.307395,02 Azua,2018,39,train
-20.320187,-1.7338899,-4.1768074,2.4611387,7.684857,02 Azua,2018,40,train
-13.305615,0.32373014,-0.17560922,2.0345333,7.5923605,02 Azua,2018,41,train
-22.225832,4.1643896,-7.0757847,8.78058,8.033671,02 Azua,2018,42,train
-18.627197,5.1470113,-4.7531757,7.1213107,8.72778,02 Azua,2018,43,train
-19.343191,7.1371017,-6.219708,7.975497,10.099758,02 Azua,2018,44,train
-18.499388,10.663347,-7.794462,9.049547,10.545284,02 Azua,2018,45,train
-18.683182,11.772214,-9.679034,7.4036646,11.587352,02 Azua,2018,46,train
-16.629208,14.373611,-8.9799,7.647928,12.606031,02 Azua,2018,47,train
-15.708325,17.020845,-10.965437,5.367049,15.035677,02 Azua,2018,48,train
9.593126,23.532953,-8.755896,3.4703708,9.0535,02 Azua,2018,49,train
10.455851,24.63133,-8.956656,2.8000705,10.386082,02 Azua,2018,50,train
11.119482,20.591412,-5.465785,1.1456798,9.114758,02 Azua,2018,51,train
13.858876,26.082369,-7.8954697,8.368631,6.034596,02 Azua,2018,52,train
16.541739,27.65513,-5.1440706,8.788833,3.3508341,02 Azua,2019,1,train
19.15913,24.313513,-1.7687199,8.88911,1.0199558,02 Azua,2019,2,train
17.741789,18.617105,1.0771385,8.046488,-0.36012277,02 Azua,2019,3,train
25.452389,23.548403,-1.5920553,8.173923,-3.347058,02 Azua,2019,4,train
16.292564,16.333426,-2.832203,-3.2227767,2.562352,02 Azua,2019,5,train
17.869335,19.266325,0.08967112,-4.25701,-2.5541356,02 Azua,2019,6,train
18.47218,18.10137,0.33766893,-5.8919344,-4.4217663,02 Azua,2019,7,train
24.678957,20.196825,-0.35730815,-3.2112498,-9.051486,02 Azua,2019,8,train
24.301731,19.0392,1.1453776,-2.8506043,-10.383838,02 Azua,2019,9,train
21.742683,11.416081,0.10100829,-9.328442,-7.2753105,02 Azua,2019,10,train
23.09744,10.527812,2.5730896,-5.1392198,-10.635813,02 Azua,2019,11,train
18.572756,7.9624114,5.1946297,-2.228811,-10.850214,02 Azua,2019,12,train
7.480469,1.4866959,11.79849,-15.32141,0.7003978,02 Azua,2019,13,train
19.574041,2.6957898,3.8951533,-3.23669,-12.958276,02 Azua,2019,14,train
18.169315,2.8816044,4.423873,-0.25681913,-11.863113,02 Azua,2019,15,train
21.937025,1.7614706,4.9497104,-1.2000979,-17.229933,02 Azua,2019,16,train
11.206524,0.02791837,5.011593,-1.170106,-8.411658,02 Azua,2019,17,train
-0.7711004,-14.710634,2.0786748,-8.214916,-16.357195,02 Azua,2019,18,train
-3.114105,-9.143684,5.0556736,-7.0587807,-13.461945,02 Azua,2019,19,train
-4.6073747,-8.742455,5.8627872,-5.402009,-13.543968,02 Azua,2019,20,train
-4.3090143,-6.1340656,7.7455535,-6.6759944,-5.3151026,02 Azua,2019,21,train
-5.514645,-8.570627,6.2901125,-8.062686,-3.5496068,02 Azua,2019,22,train
-6.929997,-5.952462,6.3126893,-3.493994,-8.887513,02 Azua,2019,23,train
-14.122025,-11.429818,3.4403539,-4.190923,-13.730519,02 Azua,2019,24,train
-17.580147,-8.556437,3.0001771,-0.12156061,-12.477242,02 Azua,2019,25,train
-23.433514,-9.559635,2.1428158,1.572156,-12.679587,02 Azua,2019,26,train
-29.360899,0.8982077,7.6522055,20.495256,-15.802562,02 Azua,2019,27,train
-28.563763,-1.4642084,3.9650755,17.59162,-11.264452,02 Azua,2019,28,train
-31.946037,-1.1529839,3.1750154,14.049132,-12.435955,02 Azua,2019,29,train
-26.90657,0.013322739,2.5101395,10.744369,-9.796305,02 Azua,2019,30,train
-26.609346,0.8624254,2.9658885,17.037636,-6.6606793,02 Azua,2019,31,train
-29.089598,-0.546753,1.7124643,15.72532,-6.2788,02 Azua,2019,32,train
-28.481064,2.203684,1.9933087,11.711021,-8.0010805,02 Azua,2019,33,train
-21.36882,4.396484,3.316928,10.088695,-5.593176,02 Azua,2019,34,train
-23.456541,0.033156324,0.41715795,5.123139,-2.3315945,02 Azua,2019,35,train
-21.652294,1.5691464,0.89075947,1.410475,-3.0823488,02 Azua,2019,36,train
-21.834293,1.8919753,1.1770567,2.5497339,-3.312197,02 Azua,2019,37,train
-14.918711,2.1931467,19.51163,-11.042178,10.267515,02 Azua,2019,38,train
-12.998168,3.813801,5.163276,-0.60496163,0.23496553,02 Azua,2019,39,train
-21.314314,2.4341664,-0.59213346,-2.4759104,5.082963,02 Azua,2019,40,train
-20.603668,5.3586,-2.0871212,5.2095957,4.1222324,02 Azua,2019,41,train
-19.741148,6.2611794,-1.9430566,3.7701566,5.378686,02 Azua,2019,42,train
-21.482162,9.353967,-4.4613104,5.540976,6.013311,02 Azua,2019,43,train
-19.995962,9.974137,-4.997285,5.4569974,7.448941,02 Azua,2019,44,train
-20.131554,12.633434,-6.939322,6.652386,8.609901,02 Azua,2019,45,train
-12.800158,10.616654,-2.2886496,3.4955566,7.4945645,02 Azua,2019,46,train
-15.56387,15.873432,-6.111906,2.9077606,10.752214,02 Azua,2019,47,train
-18.979017,20.269566,-10.039116,5.504654,12.961426,02 Azua,2019,48,train
0.69002634,20.68977,-3.136038,1.5188134,7.2295423,02 Azua,2019,49,train
1.895309,25.268694,-6.828726,1.098569,8.201057,02 Azua,2019,50,train
3.2491899,22.560326,-5.400103,-0.06398602,7.6011434,02 Azua,2019,51,train
4.017798,19.498636,0.64206487,5.614314,2.2266018,02 Azua,2019,52,train
4.7709303,21.16694,-1.2962366,7.7273912,4.1593924,02 Azua,2020,1,val
10.1640625,25.57953,-4.0922565,7.271072,2.23404,02 Azua,2020,2,val
19.23034,26.282791,-5.5328755,5.1910257,-1.58339,02 Azua,2020,3,val
8.159581,14.164791,5.869233,11.634819,-2.5313692,02 Azua,2020,4,val
11.840723,13.02803,0.039929435,-3.1383173,2.1972046,02 Azua,2020,5,val
15.494926,15.890398,-2.3663611,-3.1972456,0.2321337,02 Azua,2020,6,val
21.525375,18.076988,-2.203663,-1.4802915,-2.5456958,02 Azua,2020,7,val
18.375454,12.509138,-0.90881205,-3.4407444,-2.1969693,02 Azua,2020,8,val
12.346589,7.632455,2.9437566,-3.136796,-3.1204932,02 Azua,2020,9,val
16.750742,1.7573107,-0.30832258,-3.147911,-0.3337471,02 Azua,2020,10,val
19.352522,2.5938866,0.6140026,-2.3529804,-3.5063322,02 Azua,2020,11,val
29.663883,4.466815,0.17951758,3.3345048,-9.873694,02 Azua,2020,12,val
23.275145,-2.7873862,0.80768496,-2.8992,-6.977091,02 Azua,2020,13,val
21.118334,-5.987344,1.6480823,2.0609689,-5.2153773,02 Azua,2020,14,val
14.532543,-8.271237,1.4650656,3.3389425,-2.9689937,02 Azua,2020,15,val
20.709301,-12.214725,0.49614796,3.5443728,-7.055915,02 Azua,2020,16,val
17.363611,-7.945292,2.0898564,4.7293744,-7.3854065,02 Azua,2020,17,val
18.351389,-8.862539,2.4480453,4.6970143,-9.366445,02 Azua,2020,18,val
14.369453,-11.106958,1.349082,3.5473628,-6.927604,02 Azua,2020,19,val
13.649728,-9.141378,2.0954702,4.727482,-7.5689597,02 Azua,2020,20,val
11.736788,-11.517509,1.7621235,4.8033924,-6.148579,02 Azua,2020,21,val
11.355127,-12.109617,2.3842554,5.162243,-6.540215,02 Azua,2020,22,val
13.802813,-15.471253,2.4987373,8.383024,-10.747331,02 Azua,2020,23,val
8.774414,-10.29109,2.8051133,6.436707,-5.1022296,02 Azua,2020,24,val
11.015296,-12.856442,2.570805,8.988851,-9.229516,02 Azua,2020,25,val
12.109253,-15.732906,1.5420651,10.989776,-14.415805,02 Azua,2020,26,val
11.831354,-8.155894,5.697691,18.241226,-10.225722,02 Azua,2020,27,val
12.68866,-9.767387,4.940927,18.43501,-11.516013,02 Azua,2020,28,val
11.318974,-7.906463,4.9858136,17.15224,-10.567674,02 Azua,2020,29,val
14.628902,-12.534513,4.94047,19.57831,-16.960672,02 Azua,2020,30,val
14.900654,-17.174028,24.554434,20.576775,19.577284,02 Azua,2020,31,val
12.75537,-10.373788,2.9527633,20.343666,-2.747582,02 Azua,2020,32,val
12.142681,-9.57282,2.406305,18.906801,-3.9541364,02 Azua,2020,33,val
12.313451,-12.337265,19.867565,20.717346,17.70377,02 Azua,2020,34,val
9.799308,-11.870385,-0.15936942,10.223272,2.2043703,02 Azua,2020,35,val
9.028332,-10.109053,0.45114422,9.732721,-0.9289095,02 Azua,2020,36,val
7.0090303,-7.7859364,1.8464359,7.4198236,1.0783494,02 Azua,2020,37,val
-11.997434,-13.77294,-4.065325,8.776795,7.2866316,02 Azua,2020,38,val
-13.552127,-13.68787,-5.0079017,10.467292,7.487007,02 Azua,2020,39,val
-21.181828,-5.9271226,-8.9733305,10.09559,9.822216,02 Azua,2020,40,val
-18.505865,-5.1033034,-9.201949,8.426747,12.761657,02 Azua,2020,41,val
-12.837044,-2.1661808,-5.7360644,8.170751,10.937297,02 Azua,2020,42,val
-16.250229,-1.9687852,-9.5801,10.261566,15.000447,02 Azua,2020,43,val
-19.490032,1.2654608,-13.731532,13.091975,16.791262,02 Azua,2020,44,val
-7.5879993,-7.4124055,0.41018718,-2.2936249,25.310371,02 Azua,2020,45,val
-9.580675,2.1519263,-10.108259,5.7265873,17.327314,02 Azua,2020,46,val
-5.5780315,5.2363234,-8.16027,7.932117,15.983781,02 Azua,2020,47,val
-8.576182,6.5957932,-12.9047165,8.439553,20.353796,02 Azua,2020,48,val
13.380288,2.805665,-9.96775,9.238425,18.623821,02 Azua,2020,49,val
12.821387,1.5796759,-9.848836,9.227667,20.033133,02 Azua,2020,50,val
14.210302,3.568939,-10.638194,8.950163,19.47498,02 Azua,2020,51,val
15.453344,6.3709826,-10.399636,18.175087,18.357992,02 Azua,2020,52,val
17.861597,6.437133,-9.3763075,20.735476,18.497263,02 Azua,2021,1,val
21.02403,5.615837,-10.112102,19.727697,17.296144,02 Azua,2021,2,val
21.489546,2.0005581,-9.239332,18.458923,15.389513,02 Azua,2021,3,val
25.880974,4.604849,-8.045368,20.258698,12.487626,02 Azua,2021,4,val
24.34242,-2.337197,-12.079133,10.355159,18.109621,02 Azua,2021,5,val
26.722778,2.429925,-12.306209,8.829753,13.238535,02 Azua,2021,6,val
30.35267,0.42545718,-14.227953,7.7992425,13.5278635,02 Azua,2021,7,val
32.025154,3.6506107,-11.372325,7.519906,6.8620553,02 Azua,2021,8,val
30.173576,-4.2860117,-9.641823,5.7339697,10.050105,02 Azua,2021,9,val
17.770973,1.9146938,-1.4880968,-1.9719527,0.6019453,02 Azua,2021,10,val
26.535248,3.7027576,-1.1622702,-1.9071293,-3.3756435,02 Azua,2021,11,val
24.338545,0.011875775,-1.6212194,-1.8304067,-4.3803496,02 Azua,2021,12,val
23.768492,-2.8395648,0.05320674,0.41729543,-7.424857,02 Azua,2021,13,val
12.994157,-4.435277,1.4789332,-1.5827005,-1.5264455,02 Azua,2021,14,val
21.408997,-9.428905,0.89356726,-1.9706551,-6.1851754,02 Azua,2021,15,val
19.502943,-5.5929856,2.1941817,2.5680692,-7.6848526,02 Azua,2021,16,val
19.439686,-8.820535,1.6234527,0.561002,-9.347438,02 Azua,2021,17,val
4.995604,-20.31693,0.17284954,-1.6070176,-7.4399643,02 Azua,2021,18,val
3.9337738,-21.328451,-1.2463856,-1.8086046,-6.5945,02 Azua,2021,19,val
1.6116711,-21.9345,-0.27478406,-1.2191375,-10.230537,02 Azua,2021,20,val
-0.14753594,-22.65251,-1.423899,0.029128468,-7.663687,02 Azua,2021,21,val
-3.6892242,-22.296675,-1.1747106,0.058864206,-10.875113,02 Azua,2021,22,val
-7.304901,-22.591791,-1.4387362,-2.628662,-9.212702,02 Azua,2021,23,val
-9.638865,-23.061499,-1.1873231,2.952581,-10.8204775,02 Azua,2021,24,val
-15.004014,-19.56257,-2.359555,1.5454543,-6.2343273,02 Azua,2021,25,val
-18.544401,-17.054865,-3.2375417,4.487096,-4.717203,02 Azua,2021,26,val
-15.562405,-22.675385,-0.6330662,26.189898,-5.8939366,02 Azua,2021,27,val
-19.795288,-17.675217,-2.1583667,23.304533,-1.2422397,02 Azua,2021,28,val
-15.7577,-20.653599,-1.6484667,21.934425,-1.685164,02 Azua,2021,29,val
-16.075916,-19.871859,-2.1664028,20.620895,-0.7173205,02 Azua,2021,30,val
-12.902716,-19.55955,-1.0865669,20.292952,-1.5788217,02 Azua,2021,31,val
-5.6018844,-13.361613,13.351781,23.01415,15.196689,02 Azua,2021,32,val
-3.5628257,-9.161431,17.56724,23.453379,13.386228,02 Azua,2021,33,val
-11.172799,-12.725883,3.267743,19.32164,-7.3565006,02 Azua,2021,34,val
-15.724592,-11.597238,-1.942538,4.4511633,3.2773392,02 Azua,2021,35,val
-14.478578,-16.087791,-4.377806,9.838305,4.1084404,02 Azua,2021,36,val
-15.685234,-13.914787,-5.0509872,9.011203,6.1327333,02 Azua,2021,37,val
-17.537498,-13.142897,-6.6700654,10.641192,8.490805,02 Azua,2021,38,val
-16.630268,-9.771419,-5.957771,9.078383,9.220118,02 Azua,2021,39,val
-23.226748,-7.196951,-10.605228,12.800442,11.487918,02 Azua,2021,40,val
-17.005215,-5.4305606,-7.792027,10.250255,12.043575,02 Azua,2021,41,val
-15.959471,-4.208089,-8.778202,9.93601,13.600478,02 Azua,2021,42,val
-19.710918,-1.5247079,-12.155946,13.882257,17.151543,02 Azua,2021,43,val
-17.063757,-0.1383216,-12.086144,13.200945,17.228989,02 Azua,2021,44,val
-18.79701,-0.5789499,-17.007944,16.079046,21.895977,02 Azua,2021,45,val
-21.410675,5.0956044,-23.605448,18.729181,25.443369,02 Azua,2021,46,val
-9.08876,2.5075939,-14.086768,12.926617,22.261467,02 Azua,2021,47,val
9.808804,10.741719,-12.763889,9.844599,17.954704,02 Azua,2021,48,val
16.182838,13.361986,-16.596033,10.8762245,18.610416,02 Azua,2021,49,val
18.553402,16.041668,-17.620361,10.084806,15.880349,02 Azua,2021,50,val
13.2100935,3.7753506,-10.829762,9.483351,19.669819,02 Azua,2021,51,val
20.628393,15.1024885,-14.134598,19.869053,18.758404,02 Azua,2021,52,val
6.8035293,23.028404,-1.7528632,16.168552,-3.257177,03 Baoruco,2015,1,train
7.7624288,23.308632,-0.3262071,19.1755,-5.5337977,03 Baoruco,2015,2,train
9.851247,19.692957,-0.3750848,14.766509,-7.6262712,03 Baoruco,2015,3,train
13.8386545,19.237186,-0.84979093,13.814793,-9.8781595,03 Baoruco,2015,4,train
9.466369,14.531266,-6.650361,-11.445117,0.76062405,03 Baoruco,2015,5,train
11.447396,10.858601,-6.3307266,-8.139654,1.1032544,03 Baoruco,2015,6,train
13.085379,11.462176,-7.454671,-8.022409,-0.93034554,03 Baoruco,2015,7,train
13.422371,9.577603,-5.1628046,-7.104039,-2.875963,03 Baoruco,2015,8,train
13.959677,7.529876,-3.38543,-7.995708,-3.8675022,03 Baoruco,2015,9,train
16.413776,8.141923,-3.2327628,-8.838668,-7.9604383,03 Baoruco,2015,10,train
17.88385,6.8205094,-3.551234,-10.512032,-9.6267,03 Baoruco,2015,11,train
11.953981,4.6904354,-0.6214955,-10.131793,-12.332334,03 Baoruco,2015,12,train
12.728421,2.157613,0.13606416,-9.590342,-12.642929,03 Baoruco,2015,13,train
15.428633,3.5324106,0.19431065,-2.3030214,-11.38909,03 Baoruco,2015,14,train
13.651278,1.8118713,0.12850979,-3.6368191,-11.485107,03 Baoruco,2015,15,train
15.541654,-0.39446926,-0.32455826,-4.476529,-16.674578,03 Baoruco,2015,16,train
12.566434,-2.5808656,-0.16415651,-3.2438288,-18.195793,03 Baoruco,2015,17,train
0.075945236,-13.732805,-3.510518,-8.458338,-20.10224,03 Baoruco,2015,18,train
-2.3744957,-8.882295,-1.0134486,-12.180294,-17.179068,03 Baoruco,2015,19,train
-5.303049,-7.325578,-0.075040296,-10.715751,-19.984463,03 Baoruco,2015,20,train
-6.732849,-9.082264,-1.8518536,-8.215513,-15.32733,03 Baoruco,2015,21,train
-8.792465,-10.498017,-2.7406697,-10.000443,-13.761112,03 Baoruco,2015,22,train
-8.566854,-12.375256,-3.1500905,-5.6239624,-12.0482,03 Baoruco,2015,23,train
-11.536582,-14.073798,-4.436489,-3.7134109,-15.145158,03 Baoruco,2015,24,train
-13.239904,-12.761747,-4.6682844,-1.5828329,-11.9934225,03 Baoruco,2015,25,train
-13.167812,-11.549676,-3.1292024,-0.7395176,-10.113868,03 Baoruco,2015,26,train
-11.696869,-3.448106,4.761635,25.176105,-22.383205,03 Baoruco,2015,27,train
-9.284277,-2.0629578,5.9553914,22.664497,-21.761818,03 Baoruco,2015,28,train
-8.465147,-0.64425486,6.6355796,22.457651,-20.019674,03 Baoruco,2015,29,train
-10.03154,-4.0685434,3.783102,14.4582815,-20.077868,03 Baoruco,2015,30,train
-13.28038,-4.6756115,4.109381,21.342047,-23.103416,03 Baoruco,2015,31,train
-11.098181,3.3929222,8.275154,13.9162245,-23.997633,03 Baoruco,2015,32,train
-12.305938,2.8326063,7.304238,12.14493,-25.494913,03 Baoruco,2015,33,train
-15.316451,2.0018368,6.0892777,14.280348,-25.460989,03 Baoruco,2015,34,train
-17.174025,-0.5271007,17.40353,-22.925385,5.6389565,03 Baoruco,2015,35,train
-18.686628,1.200056,0.5226254,-9.1935,-10.451635,03 Baoruco,2015,36,train
-20.270777,0.6988457,-0.25224188,-7.061878,-11.956373,03 Baoruco,2015,37,train
-21.94437,1.391769,-1.6311307,-8.542056,-10.118033,03 Baoruco,2015,38,train
-21.127117,4.30452,-0.5928409,-5.042238,-9.811297,03 Baoruco,2015,39,train
-25.458782,8.629325,-3.6902554,-9.117256,-6.878316,03 Baoruco,2015,40,train
-25.959448,11.0033455,-5.5528164,-3.0705712,-7.504246,03 Baoruco,2015,41,train
-24.526705,14.0229645,-4.01929,-1.862129,-7.4388494,03 Baoruco,2015,42,train
-23.633095,14.1239195,-4.616107,-8.8037815,-5.1398454,03 Baoruco,2015,43,train
-22.191076,17.384235,-3.5923796,-4.5551257,-5.299395,03 Baoruco,2015,44,train
-18.685982,16.568075,-7.546752,-1.9154072,0.07144436,03 Baoruco,2015,45,train
-14.577768,18.158838,-5.885764,-2.458532,0.6515212,03 Baoruco,2015,46,train
-15.687869,20.564123,-9.235533,-3.9050992,1.9406918,03 Baoruco,2015,47,train
-3.5082617,27.661966,-9.936462,-5.106159,0.8841076,03 Baoruco,2015,48,train
-2.648659,15.926042,-3.35632,-5.5621405,2.4112868,03 Baoruco,2015,49,train
-1.2423203,18.238443,-4.884958,-6.491092,2.9324517,03 Baoruco,2015,50,train
-0.5783278,17.737335,-3.8443925,-7.1636424,2.1272545,03 Baoruco,2015,51,train
-1.7045674,26.377491,0.34727138,17.360722,-3.7189074,03 Baoruco,2015,52,train
2.1438947,32.100494,3.235567,15.626357,-11.862807,03 Baoruco,2016,1,train
5.519576,30.371893,3.1499171,11.634539,-13.57727,03 Baoruco,2016,2,train
7.9518676,29.897465,3.1941884,10.636414,-16.611261,03 Baoruco,2016,3,train
6.788175,25.3124,7.3861475,10.524927,-16.662245,03 Baoruco,2016,4,train
8.451,27.283035,-3.862025,-12.38975,-10.966956,03 Baoruco,2016,5,train
7.8715844,23.59611,-1.2311438,-8.615476,-12.286156,03 Baoruco,2016,6,train
7.478131,18.376991,-1.2633142,-13.924012,-10.175748,03 Baoruco,2016,7,train
9.454152,18.093279,-1.5397336,-16.472223,-13.154841,03 Baoruco,2016,8,train
-0.7982346,11.316679,15.9732275,-23.522026,-2.6543705,03 Baoruco,2016,9,train
14.001058,6.3105497,-0.9015617,-13.841144,-7.386488,03 Baoruco,2016,10,train
9.255743,6.2388096,1.1990081,-11.833889,-8.152821,03 Baoruco,2016,11,train
13.907154,6.7369637,0.012379692,-10.851155,-12.178856,03 Baoruco,2016,12,train
11.837671,5.617441,1.2063779,-11.69173,-13.792499,03 Baoruco,2016,13,train
4.940745,4.441595,3.951402,-12.609757,-15.269388,03 Baoruco,2016,14,train
7.9573283,6.8298483,3.8964558,-6.475779,-20.47512,03 Baoruco,2016,15,train
4.898965,5.828817,4.841147,-9.047628,-16.866043,03 Baoruco,2016,16,train
1.4654659,-0.43154508,16.254293,-15.493834,1.8943487,03 Baoruco,2016,17,train
-2.6937995,-0.42432678,3.92063,-10.651179,-6.2230825,03 Baoruco,2016,18,train
2.428522,-13.85469,-4.062899,-4.996032,1.5082015,03 Baoruco,2016,19,train
2.7091382,-17.408356,-5.96909,-1.2183533,0.03329823,03 Baoruco,2016,20,train
-1.0397103,-13.824354,-4.340211,-4.4343214,0.06957829,03 Baoruco,2016,21,train
-2.512502,-11.701624,-3.3735836,-4.501423,1.3821452,03 Baoruco,2016,22,train
-3.2075422,-19.932129,-7.9899774,0.83452064,-0.4153583,03 Baoruco,2016,23,train
-4.877084,-22.657648,-9.73438,3.28417,-1.185913,03 Baoruco,2016,24,train
-10.57453,-17.427763,-9.465083,-1.0550469,1.5462382,03 Baoruco,2016,25,train
-12.512367,-15.010765,-8.258097,1.8490188,-0.120391406,03 Baoruco,2016,26,train
-10.851602,-9.40295,-1.011513,28.739557,-7.789572,03 Baoruco,2016,27,train
-14.126614,-12.142626,-3.111212,24.607935,-9.066602,03 Baoruco,2016,28,train
-13.570302,-10.8589945,-1.8305992,22.88973,-10.116107,03 Baoruco,2016,29,train
-12.071912,-10.27551,-1.7732947,21.046223,-9.919994,03 Baoruco,2016,30,train
-11.234224,-1.7661786,2.376387,28.25897,-6.0388594,03 Baoruco,2016,31,train
-8.433154,-11.904901,-2.4451976,23.303394,-3.8596075,03 Baoruco,2016,32,train
-13.8299675,-16.187605,-5.2739825,29.663185,-5.726895,03 Baoruco,2016,33,train
-16.078636,0.36065856,-1.5282993,29.81656,1.3925534,03 Baoruco,2016,34,train
-16.105526,-16.340347,-11.22853,3.732123,3.742669,03 Baoruco,2016,35,train
-17.982292,-16.585402,-14.204576,8.222499,6.276416,03 Baoruco,2016,36,train
-18.935814,-18.088491,-16.134125,12.016199,4.336821,03 Baoruco,2016,37,train
-18.63861,-14.928078,-16.105394,12.270008,5.4631486,03 Baoruco,2016,38,train
-18.74764,-12.174918,-15.420164,10.692407,7.973518,03 Baoruco,2016,39,train
-8.423842,-7.275726,13.129964,-10.013532,20.466997,03 Baoruco,2016,40,train
-13.715162,-4.0235963,-8.348595,-0.087326586,8.009422,03 Baoruco,2016,41,train
-12.612643,-4.3552065,-8.379668,-4.211526,10.091028,03 Baoruco,2016,42,train
-12.346877,-1.5253079,-8.71869,0.30378717,9.600031,03 Baoruco,2016,43,train
-13.454916,-0.8721319,-11.240807,-0.59457475,11.127381,03 Baoruco,2016,44,train
-10.4710045,0.38153735,-9.090593,1.2778956,10.268985,03 Baoruco,2016,45,train
-8.039658,0.9372843,-8.304522,-0.14639878,10.939331,03 Baoruco,2016,46,train
-8.320238,2.9424014,-11.709489,-1.9845387,13.238336,03 Baoruco,2016,47,train
5.171534,8.794696,-11.085779,-1.3867406,12.4740505,03 Baoruco,2016,48,train
6.7600303,8.189454,-12.791601,1.0581071,13.299198,03 Baoruco,2016,49,train
5.5698147,8.513119,-10.393108,2.400306,11.361379,03 Baoruco,2016,50,train
8.801484,12.0477,-14.586843,1.5762578,12.241125,03 Baoruco,2016,51,train
7.4577465,15.518804,-10.131727,18.974722,7.334009,03 Baoruco,2016,52,train
10.677216,17.763302,-14.117673,15.415643,4.435294,03 Baoruco,2017,1,train
17.603407,21.465546,-14.793995,18.310837,0.60249054,03 Baoruco,2017,2,train
23.809698,19.360437,-16.765537,14.235902,-3.451266,03 Baoruco,2017,3,train
21.576595,11.122815,-11.872299,20.535608,0.06765655,03 Baoruco,2017,4,train
21.08166,9.909863,-20.956356,4.527441,2.9777513,03 Baoruco,2017,5,train
17.809036,7.0551715,-15.124876,-2.7219646,4.0406656,03 Baoruco,2017,6,train
19.696005,6.9802485,-14.758225,-2.3582387,2.0417683,03 Baoruco,2017,7,train
23.50629,6.5697618,-17.399956,-4.723112,0.029038046,03 Baoruco,2017,8,train
25.423752,6.024393,-16.620073,-1.6530706,-4.8478956,03 Baoruco,2017,9,train
23.588137,2.4059653,-11.557468,1.5268241,-3.916142,03 Baoruco,2017,10,train
23.782843,-2.6066105,-13.297685,-1.5760635,-1.5681087,03 Baoruco,2017,11,train
22.279114,-2.6719708,-9.529818,0.55673134,-4.318136,03 Baoruco,2017,12,train
26.22599,-8.474938,-12.860178,5.128924,-10.94648,03 Baoruco,2017,13,train
17.443258,-8.295011,-6.165371,-0.25385574,-11.581676,03 Baoruco,2017,14,train
21.190756,-10.909116,-8.101824,-0.41463152,-15.245171,03 Baoruco,2017,15,train
9.436767,-12.422106,4.3100266,-12.662973,8.877126,03 Baoruco,2017,16,train
7.041712,-10.326062,3.6095085,-5.973196,8.032368,03 Baoruco,2017,17,train
11.3693905,-11.541924,-2.3165815,-4.022831,-6.049914,03 Baoruco,2017,18,train
13.883208,-15.709215,-4.1530213,1.8077483,-4.509227,03 Baoruco,2017,19,train
10.201403,-11.7238035,-2.716504,-0.93554044,-8.830559,03 Baoruco,2017,20,train
14.701641,-16.124805,-5.589664,7.486617,-11.192291,03 Baoruco,2017,21,train
13.425024,-15.271509,-4.374934,7.5731244,-11.470731,03 Baoruco,2017,22,train
13.170139,-14.8128395,-4.7062902,9.50711,-15.1224165,03 Baoruco,2017,23,train
10.986802,-12.803151,-2.279813,8.492755,-12.967056,03 Baoruco,2017,24,train
-13.337014,-20.236784,-11.197909,0.1915242,-8.475075,03 Baoruco,2017,25,train
-14.645234,-19.32342,-10.712063,3.964441,-8.919952,03 Baoruco,2017,26,train
-12.553692,-21.030983,-8.183419,23.664278,-11.069706,03 Baoruco,2017,27,train
-14.222435,-14.90808,-5.8895073,26.411867,-6.3135176,03 Baoruco,2017,28,train
-16.471472,-17.695097,-7.25028,26.190744,-8.296761,03 Baoruco,2017,29,train
-11.597638,-19.61408,-7.205721,21.019747,-7.4333587,03 Baoruco,2017,30,train
-19.0178,-15.038552,-8.374261,21.120907,-6.8349867,03 Baoruco,2017,31,train
-12.8856945,-13.707684,-4.8610086,27.134373,-4.4586215,03 Baoruco,2017,32,train
-17.88022,-17.616835,-8.759771,23.43212,-6.537472,03 Baoruco,2017,33,train
-17.244045,-13.089078,-7.947865,23.603384,-4.9808707,03 Baoruco,2017,34,train
-18.632704,-18.937347,-14.570313,8.948089,-1.1833373,03 Baoruco,2017,35,train
-23.342491,-11.368104,-14.61298,8.259497,1.0942818,03 Baoruco,2017,36,train
-17.547146,-10.663363,-12.1652565,5.8117366,2.5349195,03 Baoruco,2017,37,train
-21.812185,-10.705244,-14.679088,10.88195,-0.4174225,03 Baoruco,2017,38,train
-21.647114,-10.040736,-14.193385,8.32287,3.498085,03 Baoruco,2017,39,train
-18.53913,-8.806047,-15.134156,8.289219,8.211875,03 Baoruco,2017,40,train
-14.45346,-8.214586,-13.732485,7.0579433,10.563724,03 Baoruco,2017,41,train
-14.260619,-5.741897,-13.656665,7.400265,10.698965,03 Baoruco,2017,42,train
-17.084976,-5.1438074,-19.019041,10.662711,13.090496,03 Baoruco,2017,43,train
-14.420781,-2.1216795,-18.211098,10.731599,11.788734,03 Baoruco,2017,44,train
-2.2688265,-5.0095577,5.0265694,-2.872252,20.354303,03 Baoruco,2017,45,train
-3.0973427,-2.383194,-8.25552,1.2931502,13.508845,03 Baoruco,2017,46,train
-6.729558,-1.4425714,-16.658676,5.3888545,17.364178,03 Baoruco,2017,47,train
-6.4468317,0.36649132,-18.864826,11.277129,16.483282,03 Baoruco,2017,48,train
5.2964993,13.539945,-15.148235,4.9369316,9.429145,03 Baoruco,2017,49,train
7.972462,15.89275,-19.98623,5.9726653,9.035297,03 Baoruco,2017,50,train
9.726514,18.07583,-24.219397,4.53008,10.984572,03 Baoruco,2017,51,train
11.778498,20.237236,-20.05494,13.861729,4.2846956,03 Baoruco,2017,52,train
10.772044,5.465341,-11.249943,20.056784,11.541253,03 Baoruco,2018,1,train
10.939237,-6.384872,8.468845,19.864618,21.085146,03 Baoruco,2018,2,train
13.989708,3.983206,-7.9217286,16.934334,7.12106,03 Baoruco,2018,3,train
17.379465,2.5733237,-10.335249,15.647489,5.9671664,03 Baoruco,2018,4,train
20.817314,3.157176,-18.164158,3.5505526,10.013217,03 Baoruco,2018,5,train
18.723858,11.324938,-13.471018,-3.6808918,-1.1237234,03 Baoruco,2018,6,train
22.483858,12.376512,-14.026319,-0.7270319,-5.3283434,03 Baoruco,2018,7,train
24.414282,11.4915,-14.895313,-3.0455918,-6.576369,03 Baoruco,2018,8,train
22.000172,7.59908,-13.089854,-8.295032,-3.9980597,03 Baoruco,2018,9,train
30.577011,-2.3098595,-17.49357,-3.2986658,0.62795156,03 Baoruco,2018,10,train
25.734066,-3.6299896,-14.57405,5.34366,-1.1522619,03 Baoruco,2018,11,train
23.636158,-6.3261037,-12.789181,3.1249626,0.2612657,03 Baoruco,2018,12,train
32.261913,-4.490248,-14.88875,5.6387916,-11.082737,03 Baoruco,2018,13,train
20.69827,-1.7216222,-6.9172378,0.5444653,-16.926207,03 Baoruco,2018,14,train
16.07881,-5.406308,-4.6030316,-3.0572798,-14.337884,03 Baoruco,2018,15,train
15.987141,-7.2526217,-3.9745347,-6.1216264,-14.148344,03 Baoruco,2018,16,train
14.846305,-5.253783,-2.738974,-0.6895899,-13.962571,03 Baoruco,2018,17,train
9.711655,-7.847209,-1.5598272,-4.6841555,-9.491597,03 Baoruco,2018,18,train
1.0208701,-10.859181,-2.079692,-6.9600105,-7.2538776,03 Baoruco,2018,19,train
-0.89183986,-12.155742,-4.0461655,-7.8945794,-7.851345,03 Baoruco,2018,20,train
-2.3398063,-14.338381,-4.4735327,-5.317521,-11.407037,03 Baoruco,2018,21,train
-3.7642767,-13.9163685,-3.9643638,-3.262801,-11.323916,03 Baoruco,2018,22,train
-7.0656977,-17.982853,-7.006538,-1.7934238,-16.659792,03 Baoruco,2018,23,train
-8.823242,-15.5203,-5.7400637,-3.8143785,-10.770845,03 Baoruco,2018,24,train
-11.213129,-13.994892,-6.355297,-4.123961,-7.5295334,03 Baoruco,2018,25,train
-16.364462,-18.186195,-8.8384495,1.4652439,-14.056087,03 Baoruco,2018,26,train
-19.083517,-14.110958,-4.856582,21.127357,-19.464344,03 Baoruco,2018,27,train
-20.364624,-7.2219276,-0.918766,25.7894,-12.798126,03 Baoruco,2018,28,train
-17.3862,-8.20448,-1.35193,20.567923,-12.20126,03 Baoruco,2018,29,train
-16.050982,-6.16356,-0.10529883,21.670244,-10.892369,03 Baoruco,2018,30,train
-19.402348,-14.39004,-4.475426,19.046515,-18.04967,03 Baoruco,2018,31,train
-18.924309,-8.498712,-1.4448797,21.646404,-15.382651,03 Baoruco,2018,32,train
-14.333358,-8.405719,0.12807323,19.020466,-16.108616,03 Baoruco,2018,33,train
-15.151434,-3.884461,1.2547423,23.292545,-13.272883,03 Baoruco,2018,34,train
-23.07224,-10.250761,-9.885697,1.0433011,-2.4049692,03 Baoruco,2018,35,train
-20.834738,-10.473637,-7.9049516,-0.10294793,-6.0730505,03 Baoruco,2018,36,train
-25.367304,-9.242254,-11.48906,2.9876049,-5.5440946,03 Baoruco,2018,37,train
-17.931946,-6.992378,-6.3837957,-0.10656282,-2.3851898,03 Baoruco,2018,38,train
-13.652341,-4.940781,7.901379,-16.634565,6.5653925,03 Baoruco,2018,39,train
-19.575596,-3.212601,-9.643619,-2.3733888,5.6173654,03 Baoruco,2018,40,train
-16.24837,-0.89828116,-7.720994,-1.1220906,5.572047,03 Baoruco,2018,41,train
-25.88604,2.7643,-16.392004,5.2540545,5.1234264,03 Baoruco,2018,42,train
-23.478554,5.5428877,-16.697197,8.907023,3.404887,03 Baoruco,2018,43,train
-22.886578,6.7912927,-16.609684,6.9070644,6.175815,03 Baoruco,2018,44,train
-24.904886,9.487388,-20.490686,5.9260564,7.5364037,03 Baoruco,2018,45,train
-16.06964,8.893465,-13.680397,2.0090148,7.461165,03 Baoruco,2018,46,train
-18.577755,13.693475,-19.6727,5.184039,8.212487,03 Baoruco,2018,47,train
-15.653785,14.672639,-18.638584,3.9623854,7.975046,03 Baoruco,2018,48,train
-14.329196,16.823826,-21.79501,5.057417,9.960965,03 Baoruco,2018,49,train
-10.753226,16.221216,-19.662607,0.13254495,11.754229,03 Baoruco,2018,50,train
4.661376,20.612398,-15.712322,-0.2130669,7.4364448,03 Baoruco,2018,51,train
6.335966,23.000038,-10.454226,12.788609,2.598573,03 Baoruco,2018,52,train
3.6594267,26.588125,-4.502381,23.869633,-1.4651462,03 Baoruco,2019,1,train
12.849736,23.074087,-8.555668,11.089096,-4.0666423,03 Baoruco,2019,2,train
14.310515,20.455944,-7.3518653,9.193942,-5.9791927,03 Baoruco,2019,3,train
18.53003,20.62869,-7.9116445,9.618802,-9.013512,03 Baoruco,2019,4,train
12.330082,14.476272,-8.827764,-5.841372,-0.506201,03 Baoruco,2019,5,train
14.881533,19.231472,-10.609272,-8.453458,-6.802856,03 Baoruco,2019,6,train
12.911725,14.678889,-5.788469,-8.874259,-5.5553813,03 Baoruco,2019,7,train
20.474712,18.122551,-9.582796,-5.556156,-12.861955,03 Baoruco,2019,8,train
15.703893,14.311448,-6.0450916,-10.317799,-10.791486,03 Baoruco,2019,9,train
15.569221,9.269694,-5.5730095,-9.956237,-9.600626,03 Baoruco,2019,10,train
21.758371,9.245561,-8.100016,-10.944109,-14.777418,03 Baoruco,2019,11,train
20.006184,7.492349,-5.7250614,-7.5163946,-20.170658,03 Baoruco,2019,12,train
5.0499573,0.86092305,9.719399,-20.989954,0.72320354,03 Baoruco,2019,13,train
13.6453705,-0.6000609,-1.7793264,-7.877348,-14.848082,03 Baoruco,2019,14,train
14.298073,0.019452231,-1.7012495,-7.412097,-14.455755,03 Baoruco,2019,15,train
15.00462,-0.7718518,-2.5214615,-5.8819456,-16.889,03 Baoruco,2019,16,train
11.704585,-6.634783,-1.2609668,-11.346116,-15.335211,03 Baoruco,2019,17,train
-1.1514722,-10.065281,-3.6767185,-10.492329,-11.362511,03 Baoruco,2019,18,train
-5.584334,-11.012689,-5.335378,-9.992021,-20.274633,03 Baoruco,2019,19,train
-7.7800384,-12.9924555,-6.150358,-7.469416,-24.052732,03 Baoruco,2019,20,train
-8.234767,-9.2052,-3.9641676,-11.421519,-11.663749,03 Baoruco,2019,21,train
-7.679535,-7.3990164,6.8619776,-18.022676,3.905434,03 Baoruco,2019,22,train
-11.074126,-8.55996,-2.7941525,-7.8355994,-12.856709,03 Baoruco,2019,23,train
-13.603028,-9.68641,-3.4330027,-5.5038548,-14.055067,03 Baoruco,2019,24,train
-20.975504,-9.226229,-6.721593,0.5057961,-15.760661,03 Baoruco,2019,25,train
-25.402637,-8.589488,-8.426738,2.5521898,-14.75531,03 Baoruco,2019,26,train
-29.841705,-4.0554037,-5.700681,20.139318,-18.24283,03 Baoruco,2019,27,train
-24.169807,3.5492163,-0.60201204,25.344114,-11.282902,03 Baoruco,2019,28,train
-27.394175,-1.0345646,-4.9934096,17.66952,-13.225518,03 Baoruco,2019,29,train
-27.641556,0.81107163,-4.915528,20.550686,-12.469332,03 Baoruco,2019,30,train
-21.75437,2.670199,-0.13851587,21.115532,-8.380768,03 Baoruco,2019,31,train
-23.958996,5.4068017,-0.73728746,20.261286,-9.48075,03 Baoruco,2019,32,train
-24.374651,2.186693,-3.102429,19.50298,-10.255091,03 Baoruco,2019,33,train
-19.56149,3.3565104,-0.5622225,16.63551,-7.2420216,03 Baoruco,2019,34,train
-30.370867,-3.509451,-12.1601515,6.095975,-8.974687,03 Baoruco,2019,35,train
-26.01741,-1.8742611,-8.875536,0.073975585,-7.725639,03 Baoruco,2019,36,train
-25.750973,-1.9823518,-7.9972434,1.2906151,-8.106603,03 Baoruco,2019,37,train
-15.560659,0.18562277,15.120418,-18.553705,9.6346655,03 Baoruco,2019,38,train
-17.515177,1.7588204,-3.2781184,-3.312027,-1.3039916,03 Baoruco,2019,39,train
-23.47841,2.0566647,-9.61051,1.9031258,0.18015987,03 Baoruco,2019,40,train
-27.851006,4.728024,-16.023506,7.465303,-0.8810266,03 Baoruco,2019,41,train
-27.436533,5.211589,-15.330982,5.009591,0.7964631,03 Baoruco,2019,42,train
-14.805979,2.6447623,7.6122055,-19.312614,10.876217,03 Baoruco,2019,43,train
-24.217333,7.9813476,-15.974272,1.9378839,3.5384622,03 Baoruco,2019,44,train
-22.237356,10.180077,-15.721899,2.9313781,4.9664555,03 Baoruco,2019,45,train
-17.272879,10.219992,-12.8786545,0.59128743,4.9363256,03 Baoruco,2019,46,train
-17.86299,15.37861,-16.797682,2.5043266,5.684275,03 Baoruco,2019,47,train
-23.21141,20.649231,-25.66158,5.426633,6.35394,03 Baoruco,2019,48,train
-1.216263,20.429848,-11.611149,-0.21686624,3.2026575,03 Baoruco,2019,49,train
-3.5900059,12.959842,10.972753,-21.793167,11.908273,03 Baoruco,2019,50,train
0.98715585,15.808601,-6.608534,-3.315912,4.6973867,03 Baoruco,2019,51,train
0.6438359,23.397827,-4.965077,13.645989,-0.104290366,03 Baoruco,2019,52,train
3.1386344,24.216927,-9.775586,11.537673,-0.28302088,03 Baoruco,2020,1,val
4.473973,24.52863,-8.665935,13.611827,-2.7079306,03 Baoruco,2020,2,val
12.476098,24.27764,-9.717222,9.762755,-5.5229435,03 Baoruco,2020,3,val
11.663509,20.008886,-3.85611,13.242139,-7.1089177,03 Baoruco,2020,4,val
13.914718,18.161526,-12.665924,-4.2432756,-4.0883574,03 Baoruco,2020,5,val
12.592643,15.394173,-9.00162,-5.372381,-4.4860005,03 Baoruco,2020,6,val
18.441086,16.357327,-11.717534,-4.9275837,-7.318251,03 Baoruco,2020,7,val
14.37573,11.552615,-8.070707,-9.686068,-5.8106446,03 Baoruco,2020,8,val
12.7558,8.1539955,-4.3422065,-9.281786,-5.518549,03 Baoruco,2020,9,val
16.117252,0.54174167,-6.504437,-4.2675877,-2.3489897,03 Baoruco,2020,10,val
19.549992,-0.19609973,-6.875693,-3.9751384,-5.9481707,03 Baoruco,2020,11,val
27.500595,-1.3918619,-11.798324,-0.029230831,-15.046179,03 Baoruco,2020,12,val
21.120949,-7.3267236,-6.279909,-2.3474956,-10.397938,03 Baoruco,2020,13,val
25.832453,-14.138184,-10.929342,1.9033518,-14.349878,03 Baoruco,2020,14,val
17.96713,-16.184338,-8.831294,2.944659,-7.375822,03 Baoruco,2020,15,val
20.676973,-11.598373,-7.4672537,5.9387884,-13.306868,03 Baoruco,2020,16,val
19.088242,-17.366783,-8.154418,3.729757,-11.543848,03 Baoruco,2020,17,val
17.90704,-13.389451,-5.932681,5.0867705,-13.110474,03 Baoruco,2020,18,val
2.6691191,-20.800941,-10.4795265,-0.19830115,-7.178439,03 Baoruco,2020,19,val
1.9161396,-21.48419,-9.754841,0.48367083,-6.8734965,03 Baoruco,2020,20,val
-1.2517138,-24.483406,-12.771566,0.35593754,-8.185712,03 Baoruco,2020,21,val
-2.041379,-23.854239,-11.825868,1.1664562,-4.545734,03 Baoruco,2020,22,val
-5.8341284,-22.334175,-10.150736,1.2744954,-9.68764,03 Baoruco,2020,23,val
-8.571453,-22.217377,-11.219272,1.2258266,-10.390706,03 Baoruco,2020,24,val
-9.886988,-19.496485,-9.72736,2.7033293,-8.066764,03 Baoruco,2020,25,val
-17.068653,-23.805365,-15.033013,6.298121,-12.66542,03 Baoruco,2020,26,val
3.6479564,-23.255463,10.025439,24.573648,18.558886,03 Baoruco,2020,27,val
-14.843364,-18.959396,-7.4455266,25.011375,-8.824763,03 Baoruco,2020,28,val
-17.567987,-13.130398,-5.9357476,27.433466,-8.723103,03 Baoruco,2020,29,val
-14.527751,-15.045223,-5.0860147,23.83177,-7.993479,03 Baoruco,2020,30,val
-23.380114,-14.441569,-9.548748,26.366488,-7.2230606,03 Baoruco,2020,31,val
-14.726456,-21.594273,-11.14394,28.674406,0.048911545,03 Baoruco,2020,32,val
-15.487976,-23.613499,-14.496175,22.391068,-2.294958,03 Baoruco,2020,33,val
-0.35367894,-22.72434,13.078707,22.31623,27.46213,03 Baoruco,2020,34,val
-10.4441,-18.763603,-12.199256,9.676992,5.3582487,03 Baoruco,2020,35,val
-14.310738,-12.3168,-11.304922,7.419971,4.0667095,03 Baoruco,2020,36,val
-14.14524,-13.763836,-12.663754,7.1621785,6.8377557,03 Baoruco,2020,37,val
-16.490707,-15.055805,-15.317559,11.008378,6.0866528,03 Baoruco,2020,38,val
-18.950645,-13.92337,-18.45394,13.071075,6.0704083,03 Baoruco,2020,39,val
-19.362198,-6.802041,-15.76869,6.868916,6.4237175,03 Baoruco,2020,40,val
-18.857376,-7.4365296,-17.923502,7.417374,10.126665,03 Baoruco,2020,41,val
-17.064528,-6.0466948,-17.77253,8.86898,9.712855,03 Baoruco,2020,42,val
-16.336187,-3.9922743,-17.461695,9.744977,11.691448,03 Baoruco,2020,43,val
-18.506012,-2.4037526,-21.228403,10.118606,12.287376,03 Baoruco,2020,44,val
-10.713448,-1.8272346,-14.160392,3.778866,13.100689,03 Baoruco,2020,45,val
-3.6909552,-10.742385,-2.144613,-4.925866,25.072964,03 Baoruco,2020,46,val
-7.6166463,0.82745045,-15.153836,6.083056,14.278863,03 Baoruco,2020,47,val
-9.486365,1.5060264,-21.802288,5.930797,18.303568,03 Baoruco,2020,48,val
13.676634,-0.8712297,-19.3046,12.080613,19.473928,03 Baoruco,2020,49,val
13.603075,-0.8180519,-18.72386,11.460267,19.754627,03 Baoruco,2020,50,val
15.50337,0.52243644,-22.900143,12.708554,19.105526,03 Baoruco,2020,51,val
15.267516,0.4375724,-17.9193,24.237463,18.276474,03 Baoruco,2020,52,val
19.61377,1.8057125,-22.604437,21.717783,16.361727,03 Baoruco,2021,1,val
20.136599,-2.977874,-18.67376,24.249554,16.668081,03 Baoruco,2021,2,val
22.235296,-4.702197,-18.910707,21.858528,14.505555,03 Baoruco,2021,3,val
27.790869,0.355815,-19.184475,24.159342,9.484399,03 Baoruco,2021,4,val
21.941814,-5.808626,-20.099903,11.532322,15.756831,03 Baoruco,2021,5,val
20.266977,-3.2561097,-16.646801,9.521278,10.590909,03 Baoruco,2021,6,val
23.529327,-2.3779128,-19.308323,10.604709,7.4671006,03 Baoruco,2021,7,val
25.730106,-4.462704,-19.332823,6.341894,7.969022,03 Baoruco,2021,8,val
28.431932,-7.7730594,-20.677513,7.013071,8.199013,03 Baoruco,2021,9,val
13.503734,-10.184169,2.7516294,-9.573567,16.361948,03 Baoruco,2021,10,val
25.247837,0.09721809,-12.00885,-3.5212326,-4.299807,03 Baoruco,2021,11,val
18.506268,-4.2725096,-8.197923,-4.5277185,-2.8653617,03 Baoruco,2021,12,val
19.200354,-6.5561547,-7.9132833,-2.5905306,-6.673858,03 Baoruco,2021,13,val
13.675719,-7.4689126,-3.1569138,-4.132689,-3.1024282,03 Baoruco,2021,14,val
23.985937,-13.213738,-9.211886,0.8342468,-11.354067,03 Baoruco,2021,15,val
19.242414,-9.305421,-6.174978,2.1225312,-10.912153,03 Baoruco,2021,16,val
15.792734,-11.445908,-5.051649,-2.3119128,-8.54938,03 Baoruco,2021,17,val
15.52086,-11.057664,-5.0862913,0.9349965,-11.280809,03 Baoruco,2021,18,val
14.344357,-10.819907,-4.5500093,2.6009076,-11.639413,03 Baoruco,2021,19,val
15.190693,-17.19645,-6.858811,0.4883757,-13.083741,03 Baoruco,2021,20,val
14.147874,-15.878236,-5.8920603,4.412638,-13.413809,03 Baoruco,2021,21,val
11.940437,-11.730903,-3.5452955,5.686785,-12.988848,03 Baoruco,2021,22,val
12.041241,-12.29494,-2.4966092,6.425754,-15.056407,03 Baoruco,2021,23,val
11.8395,-13.296398,-3.262816,7.880162,-15.95149,03 Baoruco,2021,24,val
10.120705,-11.040479,-1.743426,8.07911,-14.562479,03 Baoruco,2021,25,val
-16.47455,-14.390037,-10.1434355,0.9833204,-5.0266957,03 Baoruco,2021,26,val
-9.705071,-19.650448,-6.3994484,29.825533,-6.145067,03 Baoruco,2021,27,val
-15.542165,-12.522164,-6.5468745,30.951769,-0.51233566,03 Baoruco,2021,28,val
-16.726294,-16.119284,-8.427825,29.189526,-0.9215791,03 Baoruco,2021,29,val
-14.552153,-18.381634,-9.238315,23.394339,-0.67186624,03 Baoruco,2021,30,val
-16.380291,-21.258934,-11.536871,22.835045,-4.069237,03 Baoruco,2021,31,val
-22.976889,-9.18309,-6.1603117,29.458132,-5.2851567,03 Baoruco,2021,32,val
-0.63305765,-9.679841,25.847525,19.925568,20.66391,03 Baoruco,2021,33,val
-18.747063,-10.586978,-4.5879583,24.36837,-6.255173,03 Baoruco,2021,34,val
-21.043354,-12.970349,-12.28814,6.5452056,0.54599386,03 Baoruco,2021,35,val
-20.988844,-19.153105,-17.363258,11.886217,1.023262,03 Baoruco,2021,36,val
-21.130072,-16.116655,-17.228445,10.368123,4.2665315,03 Baoruco,2021,37,val
-20.205332,-14.040598,-17.465084,10.737803,6.053491,03 Baoruco,2021,38,val
-19.048918,-11.466073,-16.290752,8.620637,7.83388,03 Baoruco,2021,39,val
-20.16279,-8.669849,-17.507116,9.605784,8.951765,03 Baoruco,2021,40,val
-18.221357,-8.175446,-16.164444,6.3300133,10.590614,03 Baoruco,2021,41,val
-16.432762,-5.699161,-16.233728,7.45567,9.7100525,03 Baoruco,2021,42,val
-19.140366,-5.626619,-21.802895,10.535776,14.193765,03 Baoruco,2021,43,val
-16.105635,-3.2997499,-19.96925,10.192244,13.255507,03 Baoruco,2021,44,val
-15.070219,-3.2332227,-23.765066,14.763259,14.97485,03 Baoruco,2021,45,val
-18.399837,-0.29618114,-31.49502,16.767397,17.95485,03 Baoruco,2021,46,val
-10.194724,-0.45324105,-25.147226,13.542009,17.67703,03 Baoruco,2021,47,val
9.337192,8.513287,-23.59876,10.896693,14.241048,03 Baoruco,2021,48,val
12.770255,6.119077,-25.214642,12.620081,16.055489,03 Baoruco,2021,49,val
14.209132,7.1027923,-25.932468,12.447551,16.948961,03 Baoruco,2021,50,val
13.75875,2.0956182,-21.912172,11.9908,18.12911,03 Baoruco,2021,51,val
15.399692,9.096951,-18.745352,29.926989,15.09826,03 Baoruco,2021,52,val
2.9824152,13.177214,0.06123909,8.122617,-2.7992709,04 Barahona,2015,1,train
4.0667515,14.29685,1.8090905,11.118067,-4.336436,04 Barahona,2015,2,train
4.9682655,13.481995,3.9167368,13.216435,-5.728722,04 Barahona,2015,3,train
6.694567,12.799568,4.223889,11.713845,-6.536166,04 Barahona,2015,4,train
4.6774917,9.344451,-1.9506696,-7.3677373,0.47678983,04 Barahona,2015,5,train
6.607309,7.0392337,-2.5735424,-5.2744174,0.9660302,04 Barahona,2015,6,train
8.567618,7.850775,-3.4629,-7.504887,0.5399899,04 Barahona,2015,7,train
8.952531,6.6954417,-2.711012,-6.6214156,-1.4046215,04 Barahona,2015,8,train
7.5378575,4.780979,-0.86409503,-4.723344,-2.5714607,04 Barahona,2015,9,train
8.512795,5.577839,0.052999765,-3.5857089,-5.0706873,04 Barahona,2015,10,train
9.868481,5.120081,-0.69626397,-4.2407227,-6.2975883,04 Barahona,2015,11,train
7.885904,4.221574,1.6693242,-6.452636,-6.978499,04 Barahona,2015,12,train
8.055771,3.0013866,1.7611058,-5.8417277,-8.219576,04 Barahona,2015,13,train
9.472378,1.6604844,0.6680205,-4.8301463,-6.573216,04 Barahona,2015,14,train
7.8816833,2.1285655,0.85749525,-1.9584285,-7.3361316,04 Barahona,2015,15,train
8.694402,1.531038,0.99959683,-2.4984133,-9.285925,04 Barahona,2015,16,train
0.29914978,-6.3771095,1.310353,-5.4351544,-11.434529,04 Barahona,2015,17,train
-0.11318814,-6.499553,1.2639782,-4.5581765,-12.608655,04 Barahona,2015,18,train
-1.8812732,-1.8579834,2.9065695,-5.6792784,-13.045665,04 Barahona,2015,19,train
-3.328032,-0.3671105,4.241496,-4.3898506,-15.471277,04 Barahona,2015,20,train
-5.2822723,1.0225344,5.2013254,-5.574603,-16.314833,04 Barahona,2015,21,train
-6.2121444,-4.5013056,0.5483148,-7.1679635,-7.6159167,04 Barahona,2015,22,train
-4.724509,-5.878469,0.37638393,-3.337351,-6.283088,04 Barahona,2015,23,train
-5.6670265,-6.062843,0.33176157,-1.9077208,-7.533146,04 Barahona,2015,24,train
-6.4492903,-5.314409,0.1373105,-1.0776263,-6.8054757,04 Barahona,2015,25,train
-7.8443537,-6.096824,-1.2528428,-1.0814693,-6.1286693,04 Barahona,2015,26,train
-4.6937027,1.930345,5.596016,15.688821,-12.724623,04 Barahona,2015,27,train
-4.8724346,4.1029725,7.2037406,20.818504,-12.93651,04 Barahona,2015,28,train
-3.8897285,4.3018703,6.963657,16.76532,-11.29249,04 Barahona,2015,29,train
-6.7297096,1.4877435,6.146145,18.590824,-13.667849,04 Barahona,2015,30,train
-5.8000684,1.6416967,5.6406083,14.870243,-12.536109,04 Barahona,2015,31,train
-6.4977584,6.3876185,8.123611,11.6013155,-14.910249,04 Barahona,2015,32,train
-7.6729927,3.8620436,6.6200266,10.342577,-13.191505,04 Barahona,2015,33,train
-8.656107,6.1351767,7.7302976,13.8808365,-13.650891,04 Barahona,2015,34,train
-11.37513,1.5472082,18.581427,-14.608619,4.4035244,04 Barahona,2015,35,train
-12.93625,4.0061197,3.2401733,-6.272343,-9.281359,04 Barahona,2015,36,train
-14.24775,2.559687,1.4669105,-5.5113316,-8.8416,04 Barahona,2015,37,train
-13.599142,4.4764457,2.1871014,-6.3253326,-7.8924265,04 Barahona,2015,38,train
-13.124126,6.5320625,2.877539,-4.827267,-7.5732584,04 Barahona,2015,39,train
-16.899343,9.545854,1.8803903,-6.9326935,-8.18535,04 Barahona,2015,40,train
-16.512154,10.039731,0.60752136,-3.3865862,-7.380129,04 Barahona,2015,41,train
-14.90193,11.505044,1.7904541,-3.7891047,-6.894348,04 Barahona,2015,42,train
-15.834332,13.613502,1.8137857,-6.6954274,-6.533622,04 Barahona,2015,43,train
-15.277374,13.649827,0.94344383,-6.952319,-5.015688,04 Barahona,2015,44,train
-11.632138,12.16652,-1.9548588,-2.4694536,-0.9869503,04 Barahona,2015,45,train
-9.885386,12.260887,-0.7746043,-2.2007997,-1.2073361,04 Barahona,2015,46,train
-9.466601,13.869843,-1.8673031,-2.2403593,-0.15251006,04 Barahona,2015,47,train
-4.1986446,17.345446,-2.45087,-5.485425,0.23515692,04 Barahona,2015,48,train
-2.6589513,10.905275,-0.1727512,-3.0568995,-0.2761905,04 Barahona,2015,49,train
-2.0323837,11.209258,-0.3758591,-3.806418,0.23788524,04 Barahona,2015,50,train
-1.6462715,10.3127985,0.05040573,-4.3067183,0.001571009,04 Barahona,2015,51,train
-2.5012977,15.263513,1.2305758,7.8325458,-3.1572301,04 Barahona,2015,52,train
-3.066566,20.99523,7.4918694,8.8859825,-9.7540045,04 Barahona,2016,1,train
-0.8128723,20.30009,7.2479596,8.013176,-10.475002,04 Barahona,2016,2,train
0.1641734,21.876333,9.029786,11.499898,-13.675172,04 Barahona,2016,3,train
1.073294,19.851803,9.080501,10.469756,-13.965598,04 Barahona,2016,4,train
0.48565075,17.769993,3.640162,-9.767159,-8.609047,04 Barahona,2016,5,train
1.6724503,16.686525,3.6217282,-8.319897,-9.156371,04 Barahona,2016,6,train
2.2486708,13.764562,2.5239694,-10.421719,-7.9070497,04 Barahona,2016,7,train
3.5625288,13.341525,3.2948246,-9.752964,-9.484099,04 Barahona,2016,8,train
-0.08593087,12.370664,5.324303,-11.301491,-10.400431,04 Barahona,2016,9,train
9.282307,5.468908,0.0342027,-8.027207,-5.6696234,04 Barahona,2016,10,train
5.8322806,5.041635,1.892038,-6.6281657,-5.665665,04 Barahona,2016,11,train
6.843102,4.8183293,1.3669724,-5.828125,-7.685943,04 Barahona,2016,12,train
6.2719474,4.2480645,2.4810798,-7.142297,-8.078354,04 Barahona,2016,13,train
2.960019,5.920602,4.8335304,-7.6092415,-11.64877,04 Barahona,2016,14,train
2.9497204,5.4075146,4.7598543,-8.340621,-12.137251,04 Barahona,2016,15,train
1.1151785,5.342559,4.610936,-7.2133718,-10.89624,04 Barahona,2016,16,train
0.6128225,0.22958225,14.701972,-11.4828415,1.9598393,04 Barahona,2016,17,train
1.0699626,-0.5976271,14.435796,-9.960035,3.9886014,04 Barahona,2016,18,train
2.4026506,-9.683152,-1.9305859,-1.2806813,0.4417997,04 Barahona,2016,19,train
2.7566724,-13.020184,-3.8518217,0.64722127,0.39105365,04 Barahona,2016,20,train
-0.22542,-9.96356,-2.793713,-2.0454507,0.7718805,04 Barahona,2016,21,train
-1.2618722,-8.644142,-1.5926416,-2.4411416,2.2997472,04 Barahona,2016,22,train
0.38056365,-13.233551,-3.659204,2.9994984,2.7488914,04 Barahona,2016,23,train
-1.2387161,-16.037395,-6.0060897,4.0416574,2.0130901,04 Barahona,2016,24,train
-3.2642045,-10.455496,-3.823267,1.5873967,2.2948506,04 Barahona,2016,25,train
-5.4510674,-10.062468,-3.898001,2.5365527,0.31294605,04 Barahona,2016,26,train
-3.5613048,-5.6114106,0.94678545,18.177498,-3.7852757,04 Barahona,2016,27,train
-4.1971574,-6.2491016,0.82624304,16.481678,-4.2724347,04 Barahona,2016,28,train
-5.729373,-2.0269556,2.3768325,21.611835,-4.1865196,04 Barahona,2016,29,train
-6.4757385,-5.5834494,0.6059959,15.038654,-4.341893,04 Barahona,2016,30,train
-5.684809,0.663786,2.7309074,20.698423,-3.141081,04 Barahona,2016,31,train
-3.0180132,-6.9964395,-0.43427703,19.338652,-0.03588003,04 Barahona,2016,32,train
-1.5027618,-10.254495,-1.1555793,17.489693,-1.252991,04 Barahona,2016,33,train
-0.2694409,-9.259354,7.4243774,19.185648,14.369386,04 Barahona,2016,34,train
-7.901606,-11.402941,-6.585189,5.001176,3.6182506,04 Barahona,2016,35,train
-7.0756764,-12.324873,-8.106455,6.7079325,7.1976876,04 Barahona,2016,36,train
-7.0877824,-13.069545,-8.594747,8.587505,6.8883886,04 Barahona,2016,37,train
-7.0054436,-11.866617,-8.180716,8.214536,7.9638147,04 Barahona,2016,38,train
-7.9863386,-9.594738,-8.781647,7.215209,7.5597544,04 Barahona,2016,39,train
-6.1732464,-6.193362,13.98767,-7.5132055,18.464018,04 Barahona,2016,40,train
-11.003033,-2.9539711,-6.1936255,1.6448224,6.632595,04 Barahona,2016,41,train
-6.8453035,-4.596968,4.404798,-5.334708,14.109324,04 Barahona,2016,42,train
-9.190012,-1.0054119,-6.3475685,1.5602015,7.684559,04 Barahona,2016,43,train
-9.740205,-0.4718518,-7.851172,0.8787988,8.775229,04 Barahona,2016,44,train
-8.42369,0.88098836,-7.245547,2.6487935,8.473089,04 Barahona,2016,45,train
-6.6800575,0.59696424,-6.5779395,0.30154088,9.343853,04 Barahona,2016,46,train
-5.4110947,2.805152,-7.8758144,1.352793,9.248087,04 Barahona,2016,47,train
-7.1431174,4.149677,-11.239006,0.44695732,11.484976,04 Barahona,2016,48,train
-3.5474625,3.5904126,-8.724674,3.5707424,9.654121,04 Barahona,2016,49,train
-2.4902527,4.627315,-8.138449,4.8002863,8.936995,04 Barahona,2016,50,train
-2.8310046,5.473715,-10.176844,4.719662,9.4256,04 Barahona,2016,51,train
4.2431498,10.035724,-3.9973235,13.309535,4.6897783,04 Barahona,2016,52,train
4.489342,9.618292,-1.9998105,15.692325,3.6645856,04 Barahona,2017,1,train
13.717902,15.603327,-8.81817,15.338158,1.933699,04 Barahona,2017,2,train
13.043315,13.126546,-2.7196085,18.78527,-1.5482031,04 Barahona,2017,3,train
13.110105,10.530031,-2.2278707,20.097538,-1.9483507,04 Barahona,2017,4,train
11.586264,4.794336,-7.8931513,0.5806673,4.5834804,04 Barahona,2017,5,train
10.129204,2.970471,-6.0323067,-2.496864,4.9221773,04 Barahona,2017,6,train
12.23365,2.3749628,-6.9351134,-4.697802,5.0737085,04 Barahona,2017,7,train
14.004048,2.359441,-6.8980007,-3.4019532,2.4762604,04 Barahona,2017,8,train
13.729751,3.1536553,-5.0945845,0.5714812,-1.4642743,04 Barahona,2017,9,train
12.767735,-0.9250939,-4.7399197,0.38345647,0.9288029,04 Barahona,2017,10,train
13.432512,-3.8954775,-4.7628136,-0.487703,2.7970061,04 Barahona,2017,11,train
15.472091,-5.398801,-5.515503,-2.255873,1.8982213,04 Barahona,2017,12,train
14.536337,-6.895706,-4.279259,0.8476091,1.0702364,04 Barahona,2017,13,train
9.679376,-4.693805,-1.330765,-0.45449775,-2.5531235,04 Barahona,2017,14,train
14.830022,-10.070556,-4.5446014,-4.2736993,-6.884564,04 Barahona,2017,15,train
7.291261,-9.550103,7.8308077,-7.954544,10.748523,04 Barahona,2017,16,train
4.6289115,-5.3356037,-0.24800742,-1.3701446,0.75181603,04 Barahona,2017,17,train
3.1897562,-11.787308,2.8059034,-5.8521023,6.9763937,04 Barahona,2017,18,train
4.3735986,-15.206317,-4.4328213,-1.0548811,1.586326,04 Barahona,2017,19,train
0.4344878,-8.442253,-2.297894,-3.9500384,1.3274493,04 Barahona,2017,20,train
2.3277981,-13.065647,-2.9197524,2.4878829,-0.7681364,04 Barahona,2017,21,train
0.7718557,-12.6447525,-3.0059087,2.2113686,-1.8187573,04 Barahona,2017,22,train
-1.7799776,-11.534152,-2.8825698,1.2341516,-1.6736182,04 Barahona,2017,23,train
-3.266975,-9.474363,-2.5827048,-0.018404204,-0.60215944,04 Barahona,2017,24,train
-5.2902617,-10.308523,-3.499927,1.1234182,-2.1825109,04 Barahona,2017,25,train
-5.7957606,-10.709587,-3.2678013,2.3233585,-2.203491,04 Barahona,2017,26,train
-0.18980236,-9.658631,-0.3480067,16.904005,-3.7574828,04 Barahona,2017,27,train
-0.34138706,-5.6591744,1.3946489,20.46621,-0.65731573,04 Barahona,2017,28,train
-2.3808076,-10.715569,-1.1884055,14.440711,-4.4754586,04 Barahona,2017,29,train
-0.28152108,-8.239547,-0.02556399,19.764826,-1.1096249,04 Barahona,2017,30,train
-5.515806,-6.9892097,-1.1355644,15.748065,-1.9882193,04 Barahona,2017,31,train
-1.7677293,-5.9765325,1.3438087,21.910536,-2.201394,04 Barahona,2017,32,train
-5.5359697,-8.150834,-1.54192,19.339552,-2.2819445,04 Barahona,2017,33,train
-5.0196404,-8.532626,-0.6878311,18.21239,-2.309712,04 Barahona,2017,34,train
-6.744454,-12.943331,-6.99104,5.0779204,3.495579,04 Barahona,2017,35,train
-13.844392,-8.707592,-8.967096,3.156063,4.077264,04 Barahona,2017,36,train
-7.5376725,-7.9773793,-4.9651885,3.1770132,5.243287,04 Barahona,2017,37,train
-12.988417,-9.181746,-9.683373,4.6698947,4.965305,04 Barahona,2017,38,train
-6.335494,-6.0751023,-4.8185453,3.6701083,5.369071,04 Barahona,2017,39,train
-6.390681,-7.4573536,-6.585023,3.4333973,8.572937,04 Barahona,2017,40,train
-7.826298,-8.066015,-9.033149,4.7665186,10.167892,04 Barahona,2017,41,train
-4.134028,-4.2431664,-5.4879026,5.599112,7.044854,04 Barahona,2017,42,train
-7.0707703,-6.212927,-10.256967,5.5892553,11.510624,04 Barahona,2017,43,train
-7.35234,-4.4004107,-10.748882,5.6130676,11.74213,04 Barahona,2017,44,train
-1.1167567,-3.4524758,6.5331626,-1.6716659,17.377459,04 Barahona,2017,45,train
-0.1377174,-4.9479504,0.545546,-0.561111,17.114132,04 Barahona,2017,46,train
-2.8291223,-3.0376954,-11.097985,4.5767493,13.896847,04 Barahona,2017,47,train
-2.3705862,-2.2288797,-12.7158985,6.4807777,14.681356,04 Barahona,2017,48,train
3.2230756,7.506207,-7.984347,3.0786026,7.9592485,04 Barahona,2017,49,train
4.450267,8.408396,-9.821553,1.4180425,10.109197,04 Barahona,2017,50,train
5.1901336,9.504726,-10.7612705,1.7467713,8.955828,04 Barahona,2017,51,train
5.1309967,12.4913225,-6.429112,13.61264,4.9794707,04 Barahona,2017,52,train
7.041329,3.2214444,-4.7852707,17.339956,8.853638,04 Barahona,2018,1,train
6.8340926,-1.8911858,12.978433,14.518736,15.903985,04 Barahona,2018,2,train
9.639489,2.8524742,-3.5246909,14.471779,5.263098,04 Barahona,2018,3,train
10.177361,2.2470539,-3.4470155,11.223857,3.413696,04 Barahona,2018,4,train
12.457388,0.16284488,-8.500196,3.3233957,7.760999,04 Barahona,2018,5,train
11.264465,6.1444726,-5.1365633,-0.584794,0.2806223,04 Barahona,2018,6,train
12.680359,5.7357025,-4.8872457,-1.4107809,-0.6008141,04 Barahona,2018,7,train
13.183076,5.491055,-4.302057,-0.124336116,-2.0500062,04 Barahona,2018,8,train
15.043334,3.6161232,-5.0521655,-6.468753,-1.0095271,04 Barahona,2018,9,train
15.8506565,-4.9414406,-6.6279325,0.8702587,4.361548,04 Barahona,2018,10,train
13.021103,-6.5937247,-4.5082746,3.4704652,5.3234215,04 Barahona,2018,11,train
14.048911,-7.510792,-5.1410713,1.3817252,4.892801,04 Barahona,2018,12,train
19.198524,-5.4276085,-6.6298995,1.2307297,-0.80694956,04 Barahona,2018,13,train
10.6061325,-3.2385573,-0.6672006,-5.77703,-4.425906,04 Barahona,2018,14,train
7.8064113,-2.2887828,0.19739383,-1.7844372,-4.122474,04 Barahona,2018,15,train
7.9334645,-3.6628704,0.1089833,-3.440689,-4.9630437,04 Barahona,2018,16,train
8.001958,-4.35345,0.16398512,-3.0132442,-5.827011,04 Barahona,2018,17,train
3.7990658,-4.197629,5.906315,-6.161334,4.2534328,04 Barahona,2018,18,train
0.2884734,-5.143749,6.875899,-5.9567633,3.2090423,04 Barahona,2018,19,train
0.41467696,-4.7495594,0.43078002,-2.8297765,-2.445112,04 Barahona,2018,20,train
-0.13577697,-6.0656404,0.5745979,-2.1228392,-3.9498112,04 Barahona,2018,21,train
-0.8740901,-5.2698007,1.2405963,-1.114201,-3.1746469,04 Barahona,2018,22,train
-2.099692,-6.600261,0.63233507,-1.2153667,-4.247932,04 Barahona,2018,23,train
-2.2392757,-5.361405,1.1148376,-0.8721516,-2.8292232,04 Barahona,2018,24,train
-3.7017944,-5.2040553,0.9540299,-1.8912002,-0.92565954,04 Barahona,2018,25,train
-5.9988327,-7.9226933,-0.84971094,-0.35986567,-4.332627,04 Barahona,2018,26,train
-4.181987,-1.5406365,3.8284159,16.028759,-8.028192,04 Barahona,2018,27,train
-6.784317,0.9187073,4.0768986,20.195461,-6.722738,04 Barahona,2018,28,train
-4.865103,-0.81491786,3.9388204,15.750978,-6.638221,04 Barahona,2018,29,train
-3.5488532,0.59795374,4.012893,14.154648,-4.8654037,04 Barahona,2018,30,train
-3.354617,-3.5935042,3.0261073,11.642036,-7.9783044,04 Barahona,2018,31,train
-3.6442075,0.40163442,4.6470428,13.805226,-7.1295743,04 Barahona,2018,32,train
-4.1937437,-3.0204377,3.2499094,10.788593,-8.966016,04 Barahona,2018,33,train
-3.962098,2.211883,5.0081577,16.265387,-6.82682,04 Barahona,2018,34,train
-9.605783,-4.198311,-2.1917138,0.25614932,-0.6506382,04 Barahona,2018,35,train
-9.923301,-4.215391,-1.0390182,-0.0856031,-2.6536615,04 Barahona,2018,36,train
-13.213751,-5.157041,-4.011094,-1.971821,-1.2230934,04 Barahona,2018,37,train
-9.236517,-2.8632956,-1.5209104,-0.5207047,-1.0359628,04 Barahona,2018,38,train
-10.387826,-3.342952,-2.2794046,-0.21372865,-1.672665,04 Barahona,2018,39,train
-10.153252,-1.7480445,-3.5401278,-3.3348653,4.7334633,04 Barahona,2018,40,train
-7.0689654,-0.00016966478,-1.5995495,-2.1055841,4.048339,04 Barahona,2018,41,train
-13.922487,1.6405419,-7.2306924,0.9980257,4.0680885,04 Barahona,2018,42,train
-12.800073,3.0025663,-6.260345,1.9629732,4.692343,04 Barahona,2018,43,train
-11.141129,3.900297,-6.280832,1.219547,5.116718,04 Barahona,2018,44,train
-12.201616,5.9665546,-7.932471,2.0066807,5.781511,04 Barahona,2018,45,train
-7.840584,5.329771,-4.7488227,0.51050806,4.7095723,04 Barahona,2018,46,train
-8.152534,7.382757,-6.5357513,-0.3974984,6.4553885,04 Barahona,2018,47,train
0.5269736,10.686489,-4.3963532,-0.80102175,4.6297116,04 Barahona,2018,48,train
1.4547276,11.543562,-7.04508,0.1898428,5.7819963,04 Barahona,2018,49,train
1.3631381,9.807657,-5.3112826,-0.6596897,5.7658834,04 Barahona,2018,50,train
2.2234805,10.496856,-6.4367204,-2.7960734,6.700705,04 Barahona,2018,51,train
4.229554,11.249301,-3.612262,6.508284,1.1109563,04 Barahona,2018,52,train
1.6478708,12.544834,0.81008255,12.63791,-0.8096566,04 Barahona,2019,1,train
4.5830956,17.455608,2.2276607,21.50875,-3.637727,04 Barahona,2019,2,train
6.853211,13.601252,2.6593337,15.71037,-4.4147716,04 Barahona,2019,3,train
7.501646,13.235018,3.1881802,18.170597,-6.7286105,04 Barahona,2019,4,train
5.4873395,7.2667847,-1.6818486,-4.3527646,1.1481467,04 Barahona,2019,5,train
6.1870446,10.561257,-1.3690673,-7.516386,-1.8457952,04 Barahona,2019,6,train
3.7272496,8.017374,1.2589506,-5.1542926,-3.1709282,04 Barahona,2019,7,train
7.693894,9.373817,-0.21319972,-3.832387,-5.7568507,04 Barahona,2019,8,train
5.5169153,7.518299,0.9629799,-6.6139317,-4.9850407,04 Barahona,2019,9,train
8.455664,4.827123,-0.26170987,-7.239851,-3.998064,04 Barahona,2019,10,train
12.14571,5.065434,-1.2450559,-6.8808565,-6.5342984,04 Barahona,2019,11,train
10.24193,3.8951323,0.5589739,-8.3550005,-7.3024225,04 Barahona,2019,12,train
5.766794,1.0281016,1.8808036,-9.4010315,-5.261721,04 Barahona,2019,13,train
8.494649,0.7922742,0.55152136,-4.1061983,-7.31398,04 Barahona,2019,14,train
6.081028,0.44289806,1.3344653,-4.3316875,-5.3652034,04 Barahona,2019,15,train
5.7672443,-0.04829622,1.2890768,-3.9276073,-5.559966,04 Barahona,2019,16,train
6.2044873,-2.4653401,1.2381105,-6.5218225,-6.457974,04 Barahona,2019,17,train
-0.17352907,-3.8662572,0.8857378,-4.321261,-5.492631,04 Barahona,2019,18,train
-2.5787845,-4.0072317,0.96457845,-7.3010674,-8.380334,04 Barahona,2019,19,train
-3.3804362,-3.9791608,1.8170649,-5.2183456,-8.406874,04 Barahona,2019,20,train
-4.5682125,-3.6332188,0.84087044,-7.7563777,-4.5123186,04 Barahona,2019,21,train
-4.73065,-6.4359355,6.619819,-11.246859,3.331396,04 Barahona,2019,22,train
-5.886487,-2.1766713,2.1086628,-4.6921515,-5.7022324,04 Barahona,2019,23,train
-6.952461,-2.973619,1.1490589,-3.330724,-7.1789165,04 Barahona,2019,24,train
-7.866618,-2.0032914,1.0410811,-2.7338057,-6.451016,04 Barahona,2019,25,train
-11.517451,-2.3365269,0.38558352,-2.7454662,-7.4068794,04 Barahona,2019,26,train
-14.183333,10.9806595,6.3307037,19.459688,-10.537709,04 Barahona,2019,27,train
-12.61105,10.725149,5.998105,16.268177,-8.507269,04 Barahona,2019,28,train
-12.8880005,6.8156223,3.3114033,13.512452,-7.3578553,04 Barahona,2019,29,train
-15.962181,9.489015,4.2083907,15.445276,-9.186002,04 Barahona,2019,30,train
-12.943015,8.503535,4.1262407,18.285294,-6.9657373,04 Barahona,2019,31,train
-12.006386,8.452807,4.763894,15.541175,-6.5728054,04 Barahona,2019,32,train
-11.202102,6.492861,3.4379404,12.354584,-5.3949184,04 Barahona,2019,33,train
-9.847715,7.0775332,4.5363297,11.977144,-4.8212748,04 Barahona,2019,34,train
-14.760199,0.7591409,-1.7510834,1.1197997,-2.5709379,04 Barahona,2019,35,train
-14.193587,1.689687,-1.0013317,-2.1051388,-3.4400802,04 Barahona,2019,36,train
-12.672401,1.9787769,-0.1309608,-0.9211974,-3.2195437,04 Barahona,2019,37,train
-10.329204,2.2591274,20.33594,-12.167113,10.108172,04 Barahona,2019,38,train
-11.35543,2.9257233,0.7192214,-4.52054,-1.068424,04 Barahona,2019,39,train
-12.238493,1.6529142,-2.0177808,-2.977433,1.3356198,04 Barahona,2019,40,train
-12.995777,2.8621166,-3.4950542,0.17583545,1.231052,04 Barahona,2019,41,train
-14.081454,3.2274365,-4.7568455,-0.95908743,2.2943153,04 Barahona,2019,42,train
-12.32849,4.3552866,-4.6781445,-1.1223332,2.6781673,04 Barahona,2019,43,train
-14.617034,6.2859163,-7.635693,0.28547826,3.4850116,04 Barahona,2019,44,train
-11.6961565,7.0167255,-5.795154,0.14053322,3.5319493,04 Barahona,2019,45,train
-10.17811,6.963015,-5.2328224,-2.1776402,4.801469,04 Barahona,2019,46,train
-10.792198,10.106849,-7.576978,-1.2447835,5.445095,04 Barahona,2019,47,train
-12.629955,13.201337,-12.201599,0.09554375,6.06512,04 Barahona,2019,48,train
-1.1604055,12.637633,-4.145895,-2.5466733,3.8407998,04 Barahona,2019,49,train
-0.52998674,12.584875,-4.5838084,-1.6756016,2.9022152,04 Barahona,2019,50,train
-0.22449994,9.276836,-1.7214136,-1.9973625,1.7520112,04 Barahona,2019,51,train
-0.4790395,13.945397,1.5192626,9.774217,-0.7073298,04 Barahona,2019,52,train
0.7118674,15.106477,-0.56326,11.665946,0.05134346,04 Barahona,2020,1,val
3.0678902,15.022482,-2.4362392,10.667977,-1.6286522,04 Barahona,2020,2,val
6.898496,13.47376,-2.6748238,7.9926405,-3.325253,04 Barahona,2020,3,val
3.8807693,11.378469,4.8078628,14.970914,-4.4095173,04 Barahona,2020,4,val
7.221616,9.589073,-3.458617,-6.2692223,1.2081612,04 Barahona,2020,5,val
5.5567055,8.62242,-1.7724003,-5.255295,-1.3357239,04 Barahona,2020,6,val
7.6631165,8.342342,-1.0764573,-2.6442533,-3.1099923,04 Barahona,2020,7,val
6.626999,6.4159827,-1.0731256,-5.572884,-2.22117,04 Barahona,2020,8,val
7.097793,5.326746,-0.4595974,-6.4659348,-2.7073429,04 Barahona,2020,9,val
8.036777,-0.9600647,-2.2432728,-3.2507946,1.0577295,04 Barahona,2020,10,val
11.947677,-1.2393317,-2.9595788,-4.0308,-1.2239708,04 Barahona,2020,11,val
17.66673,0.030667985,-4.1796083,-0.5314575,-6.0652685,04 Barahona,2020,12,val
11.97016,-3.347338,-2.2371,-0.75239587,-2.813836,04 Barahona,2020,13,val
15.365689,-6.5563984,-3.4306464,0.6600902,-2.916789,04 Barahona,2020,14,val
11.1526985,-9.400164,-2.9663892,2.2298717,0.31831536,04 Barahona,2020,15,val
11.812492,-7.1115623,-2.8600044,2.8623586,-3.2938848,04 Barahona,2020,16,val
9.838308,-9.989462,-2.879379,2.1146166,0.058782525,04 Barahona,2020,17,val
9.052874,-9.316677,-2.2752538,1.6033944,-1.2095902,04 Barahona,2020,18,val
3.148284,-11.36336,-3.1044056,-0.027040636,1.0444372,04 Barahona,2020,19,val
2.5258303,-10.567557,-2.217833,0.6031245,0.8652153,04 Barahona,2020,20,val
1.4341632,-12.768343,-3.5560215,0.7806731,0.7098154,04 Barahona,2020,21,val
1.1821964,-12.699871,-3.2209067,1.8074862,1.9919882,04 Barahona,2020,22,val
-1.5105678,-12.492408,-3.7403564,1.5140972,-1.100119,04 Barahona,2020,23,val
-3.6592917,-11.5726795,-3.2262537,0.1801247,-0.56508714,04 Barahona,2020,24,val
-3.288001,-9.707458,-2.5588257,1.6781403,-0.39372656,04 Barahona,2020,25,val
-6.706191,-11.993977,-4.4797974,3.0832176,-3.0803125,04 Barahona,2020,26,val
-3.502937,-7.64575,-0.23453377,23.629715,-2.8045473,04 Barahona,2020,27,val
-2.850638,-7.4544597,-0.02853359,21.828611,-2.9469745,04 Barahona,2020,28,val
-3.5843072,-6.4973497,0.5587603,19.1151,-2.869589,04 Barahona,2020,29,val
-3.0902934,-7.366318,1.0947,15.989406,-6.2789016,04 Barahona,2020,30,val
-12.055744,-6.3095565,-3.09486,21.639793,-1.982562,04 Barahona,2020,31,val
1.7644944,-11.054723,-2.3528686,17.112942,3.6939313,04 Barahona,2020,32,val
-0.8863142,-14.224069,-3.7731442,16.060339,0.006994969,04 Barahona,2020,33,val
3.090567,-16.95501,6.60739,18.967241,20.968872,04 Barahona,2020,34,val
-3.2862182,-14.820963,-7.955789,7.792965,7.5120673,04 Barahona,2020,35,val
-5.07115,-10.005936,-6.0779963,4.8886995,6.2648425,04 Barahona,2020,36,val
-5.473709,-11.951646,-7.265336,4.982589,8.467777,04 Barahona,2020,37,val
-7.0744143,-13.059205,-9.21256,6.539945,8.833519,04 Barahona,2020,38,val
-8.519343,-12.439493,-10.690358,8.190424,8.935606,04 Barahona,2020,39,val
-3.0668097,-9.978339,0.30390897,-0.00015772166,14.211529,04 Barahona,2020,40,val
-8.489961,-7.233824,-9.466815,3.7973492,9.30645,04 Barahona,2020,41,val
-6.309148,-5.8554754,-7.835816,5.020627,9.042574,04 Barahona,2020,42,val
-6.519073,-4.5815988,-8.054847,4.6497235,9.370932,04 Barahona,2020,43,val
-6.7959547,-2.594019,-8.835419,5.757552,8.605981,04 Barahona,2020,44,val
-2.2635627,-5.7709875,4.3449984,-3.3972237,19.231081,04 Barahona,2020,45,val
-3.6555645,-1.0310376,-6.6323943,2.500723,9.383737,04 Barahona,2020,46,val
-3.2594461,-0.29751346,-8.152973,4.137479,10.430118,04 Barahona,2020,47,val
-4.9201784,1.3086361,-13.833489,4.5876417,14.025278,04 Barahona,2020,48,val
10.685246,-3.2364016,-11.896149,9.219852,15.968766,04 Barahona,2020,49,val
10.6584635,-3.1430702,-11.241195,8.964505,16.109695,04 Barahona,2020,50,val
11.031281,-3.0508945,-11.5076475,8.82424,15.361973,04 Barahona,2020,51,val
11.195471,-1.7377907,-9.226008,17.585243,13.404651,04 Barahona,2020,52,val
12.267933,-1.5870543,-9.622633,17.498327,13.28127,04 Barahona,2021,1,val
15.1612215,-5.376406,-10.885471,20.34102,14.591971,04 Barahona,2021,2,val
16.614965,-5.736623,-11.444966,18.908382,13.637619,04 Barahona,2021,3,val
18.217394,-5.9342375,-10.628867,20.18755,11.369421,04 Barahona,2021,4,val
15.084993,-9.176394,-11.781837,9.928214,15.585495,04 Barahona,2021,5,val
13.195095,-5.851762,-8.985521,7.491362,10.648021,04 Barahona,2021,6,val
15.636557,-5.1659203,-9.495393,7.981289,9.22655,04 Barahona,2021,7,val
15.491322,-3.52822,-8.817538,7.5006294,5.8046904,04 Barahona,2021,8,val
16.840849,-9.53893,-9.341991,6.9848104,10.516735,04 Barahona,2021,9,val
13.525721,-1.1323977,-5.041114,-2.494364,1.4902344,04 Barahona,2021,10,val
13.707792,-0.53315526,-3.7782624,-0.08292934,-1.3554201,04 Barahona,2021,11,val
11.007228,-2.6846542,-2.6348863,-0.8705568,0.0063965945,04 Barahona,2021,12,val
10.275124,-3.791137,-1.9809682,-0.26341522,-0.87663877,04 Barahona,2021,13,val
9.41913,-5.685243,-1.8875813,-2.3581817,-0.48901165,04 Barahona,2021,14,val
14.508572,-10.164604,-4.084755,0.77215755,-1.8812199,04 Barahona,2021,15,val
9.474477,-6.7413936,-1.5283006,1.1103054,-1.1853818,04 Barahona,2021,16,val
10.14717,-8.108104,-2.0588102,-1.0107834,-2.1098132,04 Barahona,2021,17,val
4.4406185,-12.97425,-3.754146,-1.8526423,-1.1839827,04 Barahona,2021,18,val
3.2066348,-10.745596,-2.3758323,-0.6909051,-0.42216292,04 Barahona,2021,19,val
1.6225191,-10.584675,-2.9373226,-2.7771478,-0.65930873,04 Barahona,2021,20,val
0.9947774,-12.756447,-4.3127384,-0.7410053,-1.5872157,04 Barahona,2021,21,val
0.5539237,-10.00627,-1.3016729,1.9425048,-4.554542,04 Barahona,2021,22,val
-1.8958031,-10.544903,-2.3647416,-0.60445654,-1.9516691,04 Barahona,2021,23,val
-2.5610352,-9.43173,-2.223969,0.8999933,-2.0112467,04 Barahona,2021,24,val
-5.3151245,-9.822973,-2.9029224,0.2854305,-2.3192675,04 Barahona,2021,25,val
-1.5209178,-11.5851345,10.006201,-4.7238746,12.031894,04 Barahona,2021,26,val
1.0902262,-9.744429,-1.4997107,23.802168,1.0084778,04 Barahona,2021,27,val
-0.29353938,-8.816245,-1.4202814,15.730085,0.23549823,04 Barahona,2021,28,val
-0.5155221,-9.656275,-1.9507556,18.240786,2.2900853,04 Barahona,2021,29,val
0.288748,-9.260328,-1.7784216,17.204395,3.0119455,04 Barahona,2021,30,val
-0.9394239,-10.0504055,-2.3787847,21.503798,3.5779612,04 Barahona,2021,31,val
-9.423094,-2.6011887,0.36014935,23.96652,-1.5187296,04 Barahona,2021,32,val
-0.48214892,-6.919008,34.44335,16.819866,22.53593,04 Barahona,2021,33,val
-6.97672,-6.2943654,-0.58615816,17.460556,-2.6378403,04 Barahona,2021,34,val
-9.915681,-9.04009,-5.302401,3.4585664,3.2141514,04 Barahona,2021,35,val
-7.160809,-12.017236,-7.6490884,7.831185,5.0352745,04 Barahona,2021,36,val
-8.362524,-10.926928,-7.8725224,7.26483,6.2408404,04 Barahona,2021,37,val
-9.806273,-12.0184145,-10.522544,6.214725,8.717738,04 Barahona,2021,38,val
-8.708836,-10.46438,-9.171296,4.4737535,9.461541,04 Barahona,2021,39,val
-8.377289,-6.711457,-7.9698215,5.7131014,7.7321577,04 Barahona,2021,40,val
-8.803794,-7.1582756,-8.060945,2.6854053,9.867958,04 Barahona,2021,41,val
-9.9277935,-6.1829953,-10.733447,4.7397547,9.879547,04 Barahona,2021,42,val
-7.8485694,-4.6366963,-10.007399,8.016354,10.713121,04 Barahona,2021,43,val
-7.4352193,-4.0299883,-10.183026,4.535651,11.451439,04 Barahona,2021,44,val
-6.957551,-4.802219,-13.71802,8.564059,13.705398,04 Barahona,2021,45,val
-7.3531814,-3.5281353,-16.485952,9.423489,14.764818,04 Barahona,2021,46,val
-3.181058,-2.320804,-13.322332,6.780085,15.077132,04 Barahona,2021,47,val
6.9151335,3.4460568,-12.004092,6.7879453,12.695153,04 Barahona,2021,48,val
9.153177,0.93333375,-12.576377,8.3724985,13.646011,04 Barahona,2021,49,val
9.3113,3.2891417,-14.288882,9.2792425,11.731205,04 Barahona,2021,50,val
9.982864,-0.4831619,-11.782493,6.9812126,15.173663,04 Barahona,2021,51,val
10.02926,3.9298604,-9.87518,16.538778,10.216315,04 Barahona,2021,52,val
0.013841688,20.141228,-2.2660832,25.145071,-8.502125,05 Dajabón,2015,1,train
2.4143887,22.099312,-0.5765006,32.28271,-11.011282,05 Dajabón,2015,2,train
3.8879676,18.356344,0.82164055,25.148403,-11.125474,05 Dajabón,2015,3,train
6.746602,18.932535,1.9991683,28.702831,-14.266173,05 Dajabón,2015,4,train
2.2311795,4.0977993,11.948459,-19.2225,13.330645,05 Dajabón,2015,5,train
5.4595795,5.611426,-7.5465746,-12.299033,2.6163077,05 Dajabón,2015,6,train
5.1192894,4.6560206,-5.7769923,-12.167657,2.437416,05 Dajabón,2015,7,train
6.628798,2.113254,-6.901284,-15.540156,1.3846805,05 Dajabón,2015,8,train
7.684288,2.1444438,-6.419162,-13.000827,-1.9102259,05 Dajabón,2015,9,train
11.337916,1.9905728,-10.696062,-16.60842,-5.2892437,05 Dajabón,2015,10,train
10.650852,1.9535234,-10.21377,-12.630561,-7.1025653,05 Dajabón,2015,11,train
7.2694626,1.6102091,-3.8177798,-10.8294735,-6.6276064,05 Dajabón,2015,12,train
8.631925,-0.3519946,-5.9897375,-13.259647,-12.686798,05 Dajabón,2015,13,train
8.552684,-2.12241,-7.360221,-14.539255,-6.610764,05 Dajabón,2015,14,train
10.438987,-1.243701,-10.261136,-9.9865055,-13.193598,05 Dajabón,2015,15,train
10.526733,-1.115769,-8.960669,-5.616022,-16.677574,05 Dajabón,2015,16,train
6.5063925,-4.8125257,-6.512834,-7.45212,-16.278856,05 Dajabón,2015,17,train
10.731524,-8.299551,-11.902718,-6.9404755,-28.281149,05 Dajabón,2015,18,train
6.647966,-1.1250134,-8.463043,-6.414221,-30.485128,05 Dajabón,2015,19,train
-5.4359584,-4.777807,-11.087301,-8.528608,-20.793013,05 Dajabón,2015,20,train
-6.875462,-5.795024,-9.838117,-10.538615,-11.237834,05 Dajabón,2015,21,train
-7.039852,-6.020693,-8.422738,-11.058805,-6.128333,05 Dajabón,2015,22,train
-7.2697816,-6.7120934,-7.2715263,-6.492227,-7.9006166,05 Dajabón,2015,23,train
-9.231123,-8.056295,-10.005229,-5.76071,-9.588208,05 Dajabón,2015,24,train
-11.143945,-8.549322,-11.928229,-2.3094401,-12.914554,05 Dajabón,2015,25,train
-16.397713,-12.820405,-17.20541,-1.7952889,-17.73796,05 Dajabón,2015,26,train
-13.565635,-4.492496,-10.263681,21.1907,-26.927994,05 Dajabón,2015,27,train
-10.915946,1.4443376,-4.0472407,25.816177,-21.688042,05 Dajabón,2015,28,train
-11.722195,3.447276,-2.7969515,26.36904,-21.785955,05 Dajabón,2015,29,train
-15.097898,2.567479,-4.796621,26.124817,-22.52903,05 Dajabón,2015,30,train
-14.740878,-3.7354925,-10.070964,17.562931,-26.39378,05 Dajabón,2015,31,train
-16.049664,2.377404,-5.8275676,19.38791,-26.417015,05 Dajabón,2015,32,train
-13.937126,5.947843,-2.937727,15.277177,-25.068676,05 Dajabón,2015,33,train
-16.066013,8.486658,-2.2807355,15.563707,-24.425364,05 Dajabón,2015,34,train
-18.466202,0.5049175,-11.637916,-3.3758457,-13.625501,05 Dajabón,2015,35,train
-15.850727,3.252157,-5.069884,-8.053038,-11.106044,05 Dajabón,2015,36,train
-20.254406,2.69945,-10.618925,-7.94215,-15.237759,05 Dajabón,2015,37,train
-17.42747,5.7714605,-6.4867077,-5.503626,-12.752043,05 Dajabón,2015,38,train
-17.080807,4.815161,-6.5455728,-7.5351696,-10.257326,05 Dajabón,2015,39,train
-26.889156,10.855148,-15.501931,-8.2061615,-15.655492,05 Dajabón,2015,40,train
-23.552244,11.131702,-12.244041,-6.938019,-13.788938,05 Dajabón,2015,41,train
-22.377457,13.446704,-11.922329,-4.120575,-13.116106,05 Dajabón,2015,42,train
-15.734662,11.29793,-2.7859354,-15.5991125,-5.32465,05 Dajabón,2015,43,train
-15.105096,12.677935,-4.1613374,-11.86391,-6.7317004,05 Dajabón,2015,44,train
-14.590593,14.567551,-12.800236,-1.91152,-5.8014984,05 Dajabón,2015,45,train
-15.679092,15.180851,-17.020548,-3.7375054,-5.440238,05 Dajabón,2015,46,train
-14.443885,18.951496,-19.762619,-10.665226,-2.6210294,05 Dajabón,2015,47,train
-9.894893,13.783895,-10.929166,-16.0779,2.2399967,05 Dajabón,2015,48,train
-8.334223,13.857605,-12.273766,-11.041025,1.1443342,05 Dajabón,2015,49,train
-7.3917313,12.68407,-12.200421,-11.907476,2.6853333,05 Dajabón,2015,50,train
-7.2819796,13.85057,-14.687371,-9.424916,1.453289,05 Dajabón,2015,51,train
-9.993498,20.105415,-7.4209557,23.848267,-6.9154453,05 Dajabón,2015,52,train
-2.0993404,29.028973,2.5167053,22.509907,-16.442694,05 Dajabón,2016,1,train
0.07892465,30.67565,0.8432167,23.440666,-19.377863,05 Dajabón,2016,2,train
0.048645403,26.204557,4.096985,24.48924,-19.143995,05 Dajabón,2016,3,train
1.0584593,25.307417,6.5224714,23.623768,-19.721565,05 Dajabón,2016,4,train
1.6856549,19.329332,-8.413281,-20.973743,-7.3724546,05 Dajabón,2016,5,train
-1.5452971,13.842492,-1.3397378,-16.525513,-5.8786507,05 Dajabón,2016,6,train
-0.4271236,13.385095,-2.7170954,-17.918108,-7.241487,05 Dajabón,2016,7,train
0.6523234,12.427082,-2.022941,-21.209608,-8.532391,05 Dajabón,2016,8,train
-0.44623205,11.965386,0.42499176,-17.07304,-10.910535,05 Dajabón,2016,9,train
11.0113735,3.3582616,-10.982322,-16.310928,-7.0402994,05 Dajabón,2016,10,train
9.091074,6.603869,-8.482302,-16.365707,-14.127929,05 Dajabón,2016,11,train
11.955615,9.123251,-12.272868,-10.112957,-23.693214,05 Dajabón,2016,12,train
9.978378,9.419564,-9.261385,-5.0849943,-24.091024,05 Dajabón,2016,13,train
3.1161487,2.4229465,-3.5502636,-16.340797,-16.186514,05 Dajabón,2016,14,train
4.7738547,3.0406868,-3.076495,-13.390037,-14.867427,05 Dajabón,2016,15,train
2.2173145,1.9539688,-2.4403703,-16.569355,-12.437288,05 Dajabón,2016,16,train
0.43475762,0.9848374,9.257583,-12.843418,0.45810705,05 Dajabón,2016,17,train
-5.2742057,-0.29864588,-3.0580547,-17.766438,-9.280779,05 Dajabón,2016,18,train
1.8133434,-12.295971,-8.983387,-4.8695087,2.519842,05 Dajabón,2016,19,train
2.3321717,-17.274862,-14.409091,0.057595603,-0.04175162,05 Dajabón,2016,20,train
-0.19588248,-12.356554,6.7709823,-9.571643,11.502883,05 Dajabón,2016,21,train
1.867017,-16.195494,-0.016706536,-4.4819155,14.275685,05 Dajabón,2016,22,train
-0.25536305,-18.076235,-13.591033,1.6576202,5.2237725,05 Dajabón,2016,23,train
-2.533628,-19.005487,-15.166453,1.228181,3.8490453,05 Dajabón,2016,24,train
-6.421199,-15.29861,-14.415783,0.1593474,0.4747742,05 Dajabón,2016,25,train
-8.921049,-15.70505,-16.985853,2.7753167,-1.5580376,05 Dajabón,2016,26,train
-11.308101,-4.805352,-10.046729,29.630917,-11.245241,05 Dajabón,2016,27,train
-10.479516,-5.06282,-8.926333,25.128124,-10.608949,05 Dajabón,2016,28,train
-10.7389345,-4.266483,-8.253834,28.686815,-8.945845,05 Dajabón,2016,29,train
-15.526417,-1.9834336,-9.40355,29.49198,-9.891725,05 Dajabón,2016,30,train
-16.888262,-5.3015847,-12.039693,25.19708,-11.226104,05 Dajabón,2016,31,train
-9.314083,-7.636773,-12.149747,26.01269,-4.8965054,05 Dajabón,2016,32,train
-13.623799,-8.72951,-14.524315,29.423431,-8.055897,05 Dajabón,2016,33,train
-12.699536,0.37544462,-6.9001765,29.318151,-1.9706626,05 Dajabón,2016,34,train
-13.304293,-15.740108,-21.137474,4.066923,1.2011447,05 Dajabón,2016,35,train
-8.323376,-14.489292,-17.70745,5.232432,5.6146317,05 Dajabón,2016,36,train
-10.886051,-14.454484,-20.989202,6.9847493,4.34828,05 Dajabón,2016,37,train
-8.497449,-13.932851,-18.295942,5.7421837,6.423324,05 Dajabón,2016,38,train
-11.213977,-11.914896,-20.275368,6.8846207,4.491041,05 Dajabón,2016,39,train
-13.269048,-5.1587353,-14.590483,-2.0429733,2.4025908,05 Dajabón,2016,40,train
-10.87719,-4.429006,-11.977064,-2.1920319,4.868148,05 Dajabón,2016,41,train
-4.8918996,-3.9349282,5.8898125,-6.472948,13.438992,05 Dajabón,2016,42,train
-6.552592,-2.7597187,-7.289106,-3.8496127,6.7282753,05 Dajabón,2016,43,train
-6.323143,-2.137794,-8.639485,-5.5409636,7.790244,05 Dajabón,2016,44,train
-2.1613197,-1.2493551,-3.9191365,-2.7418697,6.0438023,05 Dajabón,2016,45,train
-2.28092,-2.4186087,0.46021125,-7.3563247,12.54376,05 Dajabón,2016,46,train
-2.8668344,0.12053848,-8.428263,-7.298948,9.369509,05 Dajabón,2016,47,train
-3.1908374,0.4113387,-8.968776,-6.2955737,9.223922,05 Dajabón,2016,48,train
-2.4070654,0.42401114,-12.219067,-5.884305,10.432647,05 Dajabón,2016,49,train
-2.0201166,1.0454462,-14.07714,-6.5964975,11.531785,05 Dajabón,2016,50,train
-0.86712617,1.9731348,-13.023286,-5.8436265,9.601949,05 Dajabón,2016,51,train
-6.5758877,10.687385,-5.5244465,30.289457,0.28985608,05 Dajabón,2016,52,train
-7.0489054,10.728378,-14.724824,28.906595,0.37575254,05 Dajabón,2017,1,train
-3.863882,14.298874,-0.30121285,40.01706,-3.7823122,05 Dajabón,2017,2,train
-4.5716896,17.004704,-2.849745,50.17393,-5.246921,05 Dajabón,2017,3,train
12.321786,14.280672,-5.482818,35.617134,-8.748007,05 Dajabón,2017,4,train
10.919695,3.6370177,-18.98049,-0.78238845,3.0374947,05 Dajabón,2017,5,train
9.866668,4.467891,-15.0546465,-2.43576,1.1867037,05 Dajabón,2017,6,train
10.868071,2.8531182,-13.456739,-3.011971,0.82845515,05 Dajabón,2017,7,train
14.234683,1.9422324,-18.03823,-8.073492,-0.34959185,05 Dajabón,2017,8,train
15.27219,3.9232771,-20.130024,-1.6481518,-7.733962,05 Dajabón,2017,9,train
13.0770235,-1.9856457,-15.7606735,-6.917558,-2.657838,05 Dajabón,2017,10,train
14.322694,-5.1442432,-15.401049,-2.897064,-0.927497,05 Dajabón,2017,11,train
9.599401,-9.277897,7.900495,-10.641654,15.58199,05 Dajabón,2017,12,train
13.656365,-8.863678,-9.867634,-6.721738,1.2764213,05 Dajabón,2017,13,train
11.529201,-10.580383,-9.522311,-5.558674,-4.1188684,05 Dajabón,2017,14,train
10.326045,-7.2988777,-6.9507117,-9.043419,-2.1753376,05 Dajabón,2017,15,train
8.491293,-8.7385025,-6.500101,-10.014107,-2.858246,05 Dajabón,2017,16,train
6.7003984,-8.644064,-3.9701397,-4.9660745,-0.54006773,05 Dajabón,2017,17,train
5.3510523,-8.195541,4.3882174,-7.6037803,6.731475,05 Dajabón,2017,18,train
9.833992,-12.92734,-6.2780423,-3.2788868,-0.18255232,05 Dajabón,2017,19,train
5.846581,-8.049249,-4.6184015,-2.0577836,-3.3209507,05 Dajabón,2017,20,train
12.612216,-17.756224,-11.278248,5.294269,-4.0892506,05 Dajabón,2017,21,train
-1.2342813,-17.611988,-16.21259,0.68643963,-5.6030183,05 Dajabón,2017,22,train
-3.4843466,-14.861581,-13.563468,0.81144106,-5.7579303,05 Dajabón,2017,23,train
-7.6211834,-15.468296,-16.261858,0.13661262,-10.143107,05 Dajabón,2017,24,train
-9.724708,-14.795663,-17.483088,2.7367692,-11.347177,05 Dajabón,2017,25,train
-12.498648,-14.095371,-17.812733,3.1802385,-9.858189,05 Dajabón,2017,26,train
-10.064865,-11.653002,-15.009494,18.072815,-13.495562,05 Dajabón,2017,27,train
-6.8559904,-1.6161135,-3.6867115,29.755499,-3.2542267,05 Dajabón,2017,28,train
-10.351852,-9.24638,-13.611967,24.793455,-7.4231105,05 Dajabón,2017,29,train
-9.580371,-7.3886347,-11.622625,26.16089,-4.5984135,05 Dajabón,2017,30,train
-9.943754,-11.923487,-15.415286,14.041515,-13.17501,05 Dajabón,2017,31,train
-9.042859,-6.342391,-9.077928,25.512985,-8.056647,05 Dajabón,2017,32,train
-15.133114,-9.390668,-16.193398,22.61869,-9.7742195,05 Dajabón,2017,33,train
-8.813009,-7.5249114,-10.615756,22.92677,-5.1718616,05 Dajabón,2017,34,train
-12.978218,-12.323664,-19.507994,6.192823,-3.4128356,05 Dajabón,2017,35,train
-2.7547169,-14.953654,5.367698,-6.5216866,19.892874,05 Dajabón,2017,36,train
-7.431258,-8.810618,-9.838622,0.33165222,4.181909,05 Dajabón,2017,37,train
-2.3307173,-14.687094,-0.4942549,-3.8162491,17.813284,05 Dajabón,2017,38,train
-9.98888,-9.840613,-13.817628,-0.06041249,5.0827208,05 Dajabón,2017,39,train
-7.158583,-8.77513,-11.970221,0.63299245,7.0429926,05 Dajabón,2017,40,train
-8.234752,-8.682314,-13.917463,-1.4233538,8.579355,05 Dajabón,2017,41,train
-10.048566,-6.893448,-18.262012,3.6843452,7.3355145,05 Dajabón,2017,42,train
-9.689601,-5.11778,-18.999828,5.3665333,7.099697,05 Dajabón,2017,43,train
-7.8513327,-4.82194,-16.699982,1.8994517,8.554176,05 Dajabón,2017,44,train
-3.6074872,-4.93572,-11.506078,-0.49733132,10.821839,05 Dajabón,2017,45,train
-0.3056038,-4.539014,3.2894258,-5.3569374,18.335749,05 Dajabón,2017,46,train
-1.6270026,-4.9663115,-12.380022,-0.00907526,11.745224,05 Dajabón,2017,47,train
-1.0519805,-3.7947712,-15.927247,-0.087725446,12.588459,05 Dajabón,2017,48,train
-4.9070525,2.997216,-16.103092,-3.180432,8.597485,05 Dajabón,2017,49,train
-3.9356282,2.4479558,-15.936229,-4.6757474,9.4994,05 Dajabón,2017,50,train
4.651349,7.464054,-13.045882,-1.4471921,6.1818624,05 Dajabón,2017,51,train
2.4991179,15.0334015,-5.980716,27.813093,-0.20284952,05 Dajabón,2017,52,train
5.7778316,4.6379137,-3.8115463,24.006744,4.5257387,05 Dajabón,2018,1,train
7.6669984,3.4221013,-5.788008,22.875605,4.790575,05 Dajabón,2018,2,train
8.156905,3.6741078,-5.1215796,23.682163,2.4448004,05 Dajabón,2018,3,train
9.211068,3.1335702,-7.345554,21.629581,-0.026760086,05 Dajabón,2018,4,train
11.897863,-0.7317676,-17.103004,2.3156776,6.4942913,05 Dajabón,2018,5,train
10.695915,6.8463397,-17.688503,-5.265913,-2.7573383,05 Dajabón,2018,6,train
11.717212,5.631112,-16.187614,-4.986358,-4.267059,05 Dajabón,2018,7,train
10.377619,3.514753,-14.454575,-5.7927313,-3.7173693,05 Dajabón,2018,8,train
13.585387,2.9647253,-12.2998085,-7.4776936,-4.507786,05 Dajabón,2018,9,train
18.04121,-9.249738,-18.987848,-5.2829003,4.4542174,05 Dajabón,2018,10,train
18.708769,-9.087821,-20.780085,-2.468748,1.8697871,05 Dajabón,2018,11,train
15.082588,-7.7148995,-14.865377,-2.828819,0.7498974,05 Dajabón,2018,12,train
16.818554,-2.202534,-14.097458,-5.1820006,-8.553851,05 Dajabón,2018,13,train
9.3030405,-5.077761,-5.808474,-9.757099,-6.0417805,05 Dajabón,2018,14,train
11.057051,-5.178588,-9.787934,-6.622422,-12.278801,05 Dajabón,2018,15,train
10.568615,-6.9701767,-11.302245,-6.1018147,-14.566506,05 Dajabón,2018,16,train
10.839078,-5.279034,-9.542126,-3.1199715,-13.992844,05 Dajabón,2018,17,train
7.784827,-7.4968786,-6.35919,-7.484322,-8.973085,05 Dajabón,2018,18,train
7.5417223,-6.243659,-5.7389474,-4.2266045,-11.6330595,05 Dajabón,2018,19,train
10.759602,-2.9625707,-10.582419,4.190857,-18.681578,05 Dajabón,2018,20,train
10.6044235,-3.7255673,-11.429656,5.262058,-21.042753,05 Dajabón,2018,21,train
7.7413,-7.0618105,-10.356946,2.6362376,-20.35266,05 Dajabón,2018,22,train
7.98604,-8.115215,-10.963127,4.56803,-24.376865,05 Dajabón,2018,23,train
-9.726118,-15.5500965,-17.913807,-1.852063,-18.787003,05 Dajabón,2018,24,train
-9.931878,-11.917326,-13.088327,-0.40790138,-12.869779,05 Dajabón,2018,25,train
-13.266306,-13.506275,-17.51352,4.4931636,-18.463535,05 Dajabón,2018,26,train
-17.82148,-7.6305394,-14.009977,21.812925,-19.66796,05 Dajabón,2018,27,train
-18.161674,-8.000107,-14.157057,20.208387,-18.670626,05 Dajabón,2018,28,train
-15.551556,-9.293366,-14.575045,17.123842,-19.721128,05 Dajabón,2018,29,train
-11.513189,-8.899242,-11.548441,16.409124,-19.585749,05 Dajabón,2018,30,train
-14.315849,-6.792434,-11.955979,16.741262,-16.228714,05 Dajabón,2018,31,train
-16.547775,-4.5595927,-10.057256,21.426777,-17.48782,05 Dajabón,2018,32,train
-12.989154,-7.378073,-11.869457,13.947794,-18.435606,05 Dajabón,2018,33,train
-16.233534,-7.2559986,-11.918027,19.534092,-20.761044,05 Dajabón,2018,34,train
-19.97235,-8.394579,-18.301086,1.5126004,-7.540459,05 Dajabón,2018,35,train
-14.117171,-6.4320207,-10.546962,-4.3846197,-4.3750415,05 Dajabón,2018,36,train
-15.127941,-5.4359846,-12.880936,1.0547588,-7.2088532,05 Dajabón,2018,37,train
-18.49975,-5.802231,-16.604784,-0.69277316,-5.8497443,05 Dajabón,2018,38,train
-18.879883,-6.5413737,-17.650425,-1.0032825,-7.1197963,05 Dajabón,2018,39,train
-13.658257,-3.6767366,-10.764216,-7.773762,3.5699987,05 Dajabón,2018,40,train
-11.734829,-1.256704,-9.183203,-5.1458244,3.0822525,05 Dajabón,2018,41,train
-14.797629,0.51794916,-15.457655,-1.698072,1.5926292,05 Dajabón,2018,42,train
-15.697483,2.4442544,-17.781403,1.0792814,0.60387385,05 Dajabón,2018,43,train
-14.280854,2.5817235,-16.634745,-1.6419913,2.3004553,05 Dajabón,2018,44,train
-13.554045,3.8278155,-18.000767,-4.422365,3.589007,05 Dajabón,2018,45,train
-11.872151,6.3767886,-17.060009,0.27419755,1.994233,05 Dajabón,2018,46,train
-13.393277,8.895932,-22.694706,-1.6687601,3.3847392,05 Dajabón,2018,47,train
0.8508774,13.390351,-14.610736,-2.4652553,1.9167181,05 Dajabón,2018,48,train
1.8183925,14.719207,-19.126575,0.63878036,0.9988007,05 Dajabón,2018,49,train
3.3527782,17.538748,-23.009003,-1.03257,1.7423351,05 Dajabón,2018,50,train
4.590427,17.458773,-23.455881,-3.3070362,2.4451158,05 Dajabón,2018,51,train
1.8046792,16.695719,-14.055168,14.964787,-4.1119404,05 Dajabón,2018,52,train
5.7602262,20.34679,-15.510746,14.438493,-6.8534946,05 Dajabón,2019,1,train
4.857027,21.056534,-7.495178,24.498295,-8.761837,05 Dajabón,2019,2,train
8.569304,20.485254,-6.6415997,24.566246,-11.489173,05 Dajabón,2019,3,train
9.842404,18.146818,-8.713743,19.526377,-13.252839,05 Dajabón,2019,4,train
9.918323,13.98507,-19.51173,-4.1992283,-6.051402,05 Dajabón,2019,5,train
5.1509585,10.971981,-10.373714,-11.083242,-4.107538,05 Dajabón,2019,6,train
8.005737,12.369746,-12.973486,-9.774007,-8.348198,05 Dajabón,2019,7,train
11.154721,13.197554,-16.439655,-7.364744,-14.611743,05 Dajabón,2019,8,train
10.51217,12.884062,-14.722747,-8.042689,-15.44649,05 Dajabón,2019,9,train
12.824351,8.571172,-13.764247,-1.9649336,-14.102738,05 Dajabón,2019,10,train
13.612991,5.834801,-13.903391,-4.789197,-14.082734,05 Dajabón,2019,11,train
12.041872,3.9937449,-11.835076,-10.448627,-16.482431,05 Dajabón,2019,12,train
6.400431,0.23648395,-3.9597435,-12.113223,-8.708672,05 Dajabón,2019,13,train
11.4067955,-1.460689,-12.834886,-9.591266,-16.821554,05 Dajabón,2019,14,train
12.486898,-0.3706978,-13.084378,-4.810216,-22.602064,05 Dajabón,2019,15,train
13.591815,0.15868916,-14.29451,-0.79873407,-25.997015,05 Dajabón,2019,16,train
8.671351,-3.8498087,-9.585035,-6.487128,-16.806032,05 Dajabón,2019,17,train
-2.8245857,-11.062756,-16.650618,-11.842463,-16.818157,05 Dajabón,2019,18,train
-4.3907356,-7.593521,-13.287762,-7.59838,-18.697412,05 Dajabón,2019,19,train
-6.865379,-7.855743,-13.0345335,-10.142456,-16.221237,05 Dajabón,2019,20,train
-5.9502325,-4.8697696,-5.6487465,-11.462158,-5.0227723,05 Dajabón,2019,21,train
-5.8295903,-5.931353,5.4006987,-16.542776,5.584669,05 Dajabón,2019,22,train
-8.485166,-4.110815,-5.292383,-9.008974,-6.438004,05 Dajabón,2019,23,train
-11.564617,-6.817312,-11.429829,-6.2837152,-13.745419,05 Dajabón,2019,24,train
-15.335561,-6.7910094,-14.644581,-2.6895742,-17.770138,05 Dajabón,2019,25,train
-19.383305,-6.0468707,-16.16122,-0.7529021,-15.177027,05 Dajabón,2019,26,train
-19.878525,2.6861835,-8.865647,23.351498,-18.734562,05 Dajabón,2019,27,train
-22.489206,0.38742968,-12.691257,20.961262,-19.867332,05 Dajabón,2019,28,train
-23.146135,-1.6955073,-16.174158,13.882877,-20.20519,05 Dajabón,2019,29,train
-21.454441,-0.21631148,-13.829297,14.002052,-18.987183,05 Dajabón,2019,30,train
-17.136538,8.5392,-4.413437,24.571108,-13.370999,05 Dajabón,2019,31,train
-23.152248,3.4727757,-11.142869,22.354237,-16.81096,05 Dajabón,2019,32,train
-23.060965,5.765555,-10.3349085,24.889698,-16.868782,05 Dajabón,2019,33,train
-18.802126,4.623144,-8.099762,21.710411,-14.058339,05 Dajabón,2019,34,train
-19.446142,-1.1981393,-14.845436,1.7079703,-10.5011425,05 Dajabón,2019,35,train
-22.025915,-0.6035334,-16.663914,-0.5860493,-12.476758,05 Dajabón,2019,36,train
-16.44119,-0.8173774,-10.286128,-4.532029,-6.3159375,05 Dajabón,2019,37,train
-10.356123,0.6213803,7.028752,-13.218061,4.0808554,05 Dajabón,2019,38,train
-8.321949,0.8067819,5.4229345,-9.775118,3.484157,05 Dajabón,2019,39,train
-8.421871,-0.72904557,3.2464256,-10.44625,6.2444863,05 Dajabón,2019,40,train
-13.750897,1.2964582,-10.1412325,-2.5175083,-0.6268226,05 Dajabón,2019,41,train
-14.950425,1.9033482,-11.896989,-4.0144386,0.16385579,05 Dajabón,2019,42,train
-14.063715,2.3027933,-11.919364,-7.7548914,1.5541654,05 Dajabón,2019,43,train
-14.175847,4.4359837,-14.008164,-5.242089,0.662155,05 Dajabón,2019,44,train
-14.99564,6.729678,-17.16847,-3.892512,0.4338602,05 Dajabón,2019,45,train
-10.231354,6.4136705,-10.975655,-6.6447325,2.5094686,05 Dajabón,2019,46,train
-9.460495,8.1880455,-12.855008,-13.612663,4.9627557,05 Dajabón,2019,47,train
-9.369041,10.092069,-15.678366,-11.6783085,4.7363806,05 Dajabón,2019,48,train
-0.78651714,11.567424,-6.2802844,-7.7132106,3.1535587,05 Dajabón,2019,49,train
-0.11790984,13.315963,-10.078777,-4.5508313,1.4504949,05 Dajabón,2019,50,train
0.6762668,15.876137,-14.546594,-2.2351763,-0.65805036,05 Dajabón,2019,51,train
-0.91522425,24.2356,-9.738743,20.710596,-6.62414,05 Dajabón,2019,52,train
-0.019911272,19.183128,-6.9274673,18.419615,-5.132483,05 Dajabón,2020,1,val
1.6605225,16.123663,-9.512916,13.245519,-5.8212585,05 Dajabón,2020,2,val
3.7712803,17.042961,-7.468667,20.120655,-8.826687,05 Dajabón,2020,3,val
5.29719,19.787107,-0.68747705,29.286411,-11.76846,05 Dajabón,2020,4,val
6.253952,10.635945,-12.42637,-10.054428,-0.38981616,05 Dajabón,2020,5,val
5.606234,11.088419,-13.59991,-13.255661,-3.238041,05 Dajabón,2020,6,val
9.467786,11.9285555,-16.2182,-4.8179293,-9.452778,05 Dajabón,2020,7,val
8.087376,8.47637,-13.038646,-8.730822,-7.6207128,05 Dajabón,2020,8,val
7.795541,4.4308667,-9.69109,-12.18251,-4.6285458,05 Dajabón,2020,9,val
8.524733,-2.3054006,-9.312489,-10.372485,-0.041866943,05 Dajabón,2020,10,val
9.774183,-3.4660432,-8.105828,-11.626962,-0.28335643,05 Dajabón,2020,11,val
14.148481,-2.9401515,-12.675287,-9.065868,-5.9612904,05 Dajabón,2020,12,val
16.298326,-8.527644,-15.169532,-11.289043,-7.459612,05 Dajabón,2020,13,val
15.756129,-12.917762,-14.89044,-5.3884425,-6.56092,05 Dajabón,2020,14,val
16.43119,-12.592959,-16.764303,2.0636373,-12.941848,05 Dajabón,2020,15,val
14.722542,-12.011754,-16.86029,4.3814754,-12.876486,05 Dajabón,2020,16,val
16.141771,-14.625785,-18.145578,5.99394,-14.901686,05 Dajabón,2020,17,val
14.659144,-12.039251,-16.138632,6.945693,-15.027069,05 Dajabón,2020,18,val
12.24403,-15.997672,-12.508822,0.2512091,-5.5476427,05 Dajabón,2020,19,val
11.813329,-14.81349,-12.122067,3.7249446,-6.2889996,05 Dajabón,2020,20,val
10.440461,-12.79735,-11.596092,5.25308,-7.8037286,05 Dajabón,2020,21,val
12.893257,-17.97346,-11.633782,7.2837105,-4.815952,05 Dajabón,2020,22,val
12.537795,-16.422771,-15.379422,10.529211,-17.512465,05 Dajabón,2020,23,val
10.798007,-13.951488,-12.799799,10.241887,-16.910992,05 Dajabón,2020,24,val
10.434429,-14.770435,-11.052869,10.524451,-10.851392,05 Dajabón,2020,25,val
9.570436,-13.76627,-16.06491,12.455352,-19.032875,05 Dajabón,2020,26,val
12.022537,-9.730712,-7.7600603,26.5736,-11.596687,05 Dajabón,2020,27,val
12.157359,-10.741151,-11.993548,22.413534,-16.205427,05 Dajabón,2020,28,val
11.712192,-10.12058,-10.0898285,24.713827,-16.614447,05 Dajabón,2020,29,val
10.898698,-9.045444,-10.323205,23.206507,-15.722744,05 Dajabón,2020,30,val
8.621225,-6.865258,-7.885773,21.302214,-11.179083,05 Dajabón,2020,31,val
13.9492445,-14.407259,-14.834699,25.672504,-11.120133,05 Dajabón,2020,32,val
11.366001,-10.323082,-15.033555,21.244955,-11.727618,05 Dajabón,2020,33,val
13.855076,-17.70125,13.467903,21.448473,22.24582,05 Dajabón,2020,34,val
11.521462,-15.268361,-9.2353735,13.789762,2.2028677,05 Dajabón,2020,35,val
8.749444,-11.215085,-9.800337,11.894703,-1.4719955,05 Dajabón,2020,36,val
9.151899,-11.296129,-8.893973,11.834895,-0.75006324,05 Dajabón,2020,37,val
8.190319,-10.9821,-8.422661,10.824685,1.7015191,05 Dajabón,2020,38,val
8.2066555,-11.603119,-12.72117,11.64277,-0.07955299,05 Dajabón,2020,39,val
6.001452,-8.482191,-19.740772,11.410161,-3.919667,05 Dajabón,2020,40,val
4.8010926,-5.0799913,-22.54222,10.665624,-2.5416756,05 Dajabón,2020,41,val
4.676597,-4.594415,-17.068813,8.880073,2.664406,05 Dajabón,2020,42,val
5.5887322,-1.3525761,-19.321173,8.332536,4.320277,05 Dajabón,2020,43,val
5.4348736,2.3898258,-23.62708,9.307825,1.5816865,05 Dajabón,2020,44,val
8.557494,-11.389154,2.0925798,-1.8950928,25.92467,05 Dajabón,2020,45,val
5.5944033,1.4907154,-13.412113,2.7855222,8.729612,05 Dajabón,2020,46,val
7.2582135,-6.9757457,1.9149708,-2.365649,20.96612,05 Dajabón,2020,47,val
5.886046,2.869386,-12.215587,0.699431,9.790761,05 Dajabón,2020,48,val
11.793,-3.302883,-18.983479,7.323702,15.919456,05 Dajabón,2020,49,val
11.179223,-5.49865,-15.2457,5.8900113,17.503645,05 Dajabón,2020,50,val
11.817979,-5.376217,-16.70263,5.583295,17.90029,05 Dajabón,2020,51,val
11.247489,-2.081058,-12.141644,25.899529,11.028583,05 Dajabón,2020,52,val
13.63115,0.7692212,-14.258771,34.088516,9.419474,05 Dajabón,2021,1,val
15.619797,-3.775052,-17.366785,27.165695,9.939186,05 Dajabón,2021,2,val
15.249886,-5.980733,-15.671519,25.899895,9.226478,05 Dajabón,2021,3,val
16.454433,-3.288106,-15.331814,30.68738,5.862298,05 Dajabón,2021,4,val
13.942272,-10.897118,-16.018099,5.977675,16.895693,05 Dajabón,2021,5,val
15.409338,-8.112586,-20.53428,8.295578,10.589551,05 Dajabón,2021,6,val
19.535625,-7.2279277,-28.217867,8.317534,7.1426315,05 Dajabón,2021,7,val
17.587559,-5.5054345,-23.968946,7.726694,2.909284,05 Dajabón,2021,8,val
18.347395,-11.853771,-22.289665,4.7781787,8.160887,05 Dajabón,2021,9,val
7.6115355,-2.8197944,-6.121256,-7.4803905,1.8189095,05 Dajabón,2021,10,val
14.769881,-3.9162252,-13.444646,-9.550137,-2.1320834,05 Dajabón,2021,11,val
13.308616,-4.6162167,-13.694443,-4.9160867,-4.2549767,05 Dajabón,2021,12,val
11.307616,-6.74247,-12.834051,-6.384011,-6.3102393,05 Dajabón,2021,13,val
9.277181,-5.659846,-6.39087,-8.066906,-1.4566445,05 Dajabón,2021,14,val
16.765318,-13.979477,-12.699458,-8.159869,-2.196297,05 Dajabón,2021,15,val
14.966019,-13.845118,-14.676826,-1.4614714,-6.9805984,05 Dajabón,2021,16,val
11.69748,-9.196797,-11.851952,-2.075251,-8.753491,05 Dajabón,2021,17,val
4.754258,-17.333607,-17.26573,-4.0283523,-8.506315,05 Dajabón,2021,18,val
3.8317287,-19.490686,-20.042452,0.15865575,-8.484417,05 Dajabón,2021,19,val
-0.045261394,-12.776952,-13.564976,-6.8824363,-2.3947554,05 Dajabón,2021,20,val
-0.74877405,-12.367422,-13.028528,-4.276808,-3.879653,05 Dajabón,2021,21,val
-2.8097281,-13.610144,-15.785148,-3.5993185,-5.011652,05 Dajabón,2021,22,val
-4.4379115,-13.537377,-13.971707,-4.2203474,-3.1928675,05 Dajabón,2021,23,val
-5.9628377,-17.06884,-18.166328,2.2710104,-10.174901,05 Dajabón,2021,24,val
-11.050549,-12.60974,-16.935717,-1.5274749,-7.1663904,05 Dajabón,2021,25,val
-13.428563,-12.360115,-18.16656,0.9381524,-7.4173446,05 Dajabón,2021,26,val
-11.203664,-20.702572,-22.689726,24.304167,-12.670451,05 Dajabón,2021,27,val
-13.348325,-13.149863,-19.068853,21.489464,-9.795372,05 Dajabón,2021,28,val
-14.158604,-13.414687,-20.35719,22.98826,-4.9714437,05 Dajabón,2021,29,val
-13.3853655,-13.091985,-19.089182,24.803328,-3.8111408,05 Dajabón,2021,30,val
-11.740889,-11.4948845,-17.828062,22.081022,-3.9242268,05 Dajabón,2021,31,val
-14.024173,-2.5565164,-9.805026,24.760307,-5.9321165,05 Dajabón,2021,32,val
-18.395718,-2.204077,-12.921598,26.802332,-5.976768,05 Dajabón,2021,33,val
-20.789824,-11.758613,-20.193954,21.364416,-12.028957,05 Dajabón,2021,34,val
-18.89277,-11.045682,-21.92188,7.0948997,-5.0840454,05 Dajabón,2021,35,val
-15.935293,-16.785616,-26.337889,10.773344,-2.4651198,05 Dajabón,2021,36,val
-11.749216,-11.710271,-18.393055,3.4984508,2.877713,05 Dajabón,2021,37,val
-10.611592,-10.772925,-16.974213,2.8169303,4.064821,05 Dajabón,2021,38,val
-9.8538475,-12.2908,-16.628551,0.65190196,7.501528,05 Dajabón,2021,39,val
-12.244052,-7.914407,-19.728512,5.6901193,4.03151,05 Dajabón,2021,40,val
-9.990834,-8.858519,-16.120619,-0.016908178,7.972624,05 Dajabón,2021,41,val
-7.970603,-7.597383,-14.647409,1.0528433,8.566956,05 Dajabón,2021,42,val
-9.932702,-7.454892,-21.52109,4.316319,9.030119,05 Dajabón,2021,43,val
-9.180033,-6.4755692,-20.246954,3.3957024,9.74919,05 Dajabón,2021,44,val
-9.658384,-8.548918,-25.966606,2.9291294,13.012254,05 Dajabón,2021,45,val
-8.523104,-3.2647595,-28.187458,8.901319,9.68957,05 Dajabón,2021,46,val
-5.171313,-5.783156,-21.956768,-3.1418452,15.403158,05 Dajabón,2021,47,val
7.8580346,0.3067864,-15.327432,2.5735052,13.111429,05 Dajabón,2021,48,val
11.208772,-0.7641566,-22.763956,7.008937,13.712471,05 Dajabón,2021,49,val
9.952196,0.9021616,-21.959196,8.636168,9.6992,05 Dajabón,2021,50,val
11.208872,-2.5151856,-19.594652,6.2687144,15.189083,05 Dajabón,2021,51,val
10.772908,4.6794477,-16.767408,28.144869,6.6521306,05 Dajabón,2021,52,val
2.7875643,18.087051,10.495578,18.671406,0.9976668,06 Duarte,2015,1,train
6.040055,20.814045,12.596471,24.41016,-1.2519078,06 Duarte,2015,2,train
7.370981,16.607706,11.7262945,18.39776,-3.1555686,06 Duarte,2015,3,train
11.648166,17.39273,11.73426,19.718843,-6.2515,06 Duarte,2015,4,train
7.733919,11.723957,3.837583,-9.799866,6.3344417,06 Duarte,2015,5,train
12.09048,10.728086,0.47374356,-7.490713,4.345026,06 Duarte,2015,6,train
12.446882,10.067348,0.14764248,-8.7093935,3.707695,06 Duarte,2015,7,train
12.155464,5.226246,14.909186,-17.235632,11.269534,06 Duarte,2015,8,train
15.902898,7.265666,2.4954956,-8.817516,-0.89956474,06 Duarte,2015,9,train
14.630971,5.5318766,5.020348,-10.049434,-0.97030187,06 Duarte,2015,10,train
14.92972,4.8029637,5.122372,-11.852904,-2.3693497,06 Duarte,2015,11,train
16.495787,2.7648158,5.663759,-11.253893,-7.0351872,06 Duarte,2015,12,train
14.9920435,0.38351077,7.6015825,-8.437941,-14.32393,06 Duarte,2015,13,train
13.577901,-0.82554454,6.9731,-11.047253,-3.9076817,06 Duarte,2015,14,train
12.72884,-2.3530874,6.894685,-9.063019,-7.249715,06 Duarte,2015,15,train
15.4097595,-5.352113,7.1815257,-8.173976,-14.758175,06 Duarte,2015,16,train
1.2427999,-15.491145,6.6041245,-8.2993145,-16.986977,06 Duarte,2015,17,train
-0.56527954,-17.01351,6.3013325,-7.462013,-18.790693,06 Duarte,2015,18,train
-5.427245,-12.74949,8.4322605,-10.088109,-22.990976,06 Duarte,2015,19,train
-6.882961,-11.668157,6.899252,-11.679738,-15.835377,06 Duarte,2015,20,train
-6.5883064,-8.119751,8.330487,-10.3445635,-7.6277013,06 Duarte,2015,21,train
-5.7703643,-8.36271,9.729158,-7.347574,-4.0737824,06 Duarte,2015,22,train
-8.196466,-11.14494,5.9369206,-5.976309,-6.9188757,06 Duarte,2015,23,train
-10.56789,-12.944219,5.277996,-4.362825,-9.146735,06 Duarte,2015,24,train
-11.041511,-10.84184,6.059358,-3.8651106,-4.9461694,06 Duarte,2015,25,train
-14.819972,-13.193611,4.2739124,-2.8281984,-6.8722997,06 Duarte,2015,26,train
-8.620769,0.9300789,14.204466,19.847424,-12.729612,06 Duarte,2015,27,train
-9.943567,2.8707347,16.072018,25.084835,-11.368446,06 Duarte,2015,28,train
-12.36345,1.5574309,13.976504,22.271902,-12.367644,06 Duarte,2015,29,train
-15.732025,-2.0182476,11.536462,19.329226,-13.615454,06 Duarte,2015,30,train
-16.811342,-1.8950858,11.043253,19.946068,-13.438618,06 Duarte,2015,31,train
-16.120224,3.4474158,15.0074215,20.36078,-15.982754,06 Duarte,2015,32,train
-16.433002,3.084859,13.192949,15.790167,-15.471042,06 Duarte,2015,33,train
-18.904606,3.0206258,12.97223,17.647972,-16.308056,06 Duarte,2015,34,train
-15.591337,-1.5664325,15.555839,-10.048808,3.7500556,06 Duarte,2015,35,train
-21.207308,0.9947818,7.2576056,-6.056071,-8.878208,06 Duarte,2015,36,train
-21.822273,1.4367336,6.7432466,-7.059177,-7.3305235,06 Duarte,2015,37,train
-21.387096,5.049334,7.145478,-7.631876,-2.8325703,06 Duarte,2015,38,train
-20.664917,6.02359,6.2884574,-5.0610385,-3.5772045,06 Duarte,2015,39,train
-30.205297,11.635778,2.448855,-4.241719,-5.7902393,06 Duarte,2015,40,train
-27.942017,11.59092,2.9219084,-3.504413,-3.3775918,06 Duarte,2015,41,train
-23.386103,12.343816,4.0620456,-4.356369,-2.4025354,06 Duarte,2015,42,train
-22.41256,13.255215,6.077616,-9.254897,0.6463028,06 Duarte,2015,43,train
-19.83205,14.654063,6.477262,-8.946657,0.78293204,06 Duarte,2015,44,train
-10.790826,12.171102,6.2917295,-5.502173,4.904311,06 Duarte,2015,45,train
-11.467544,13.565671,4.4770603,-4.4368415,4.881919,06 Duarte,2015,46,train
-12.40256,19.051296,2.1002748,-9.579717,8.704741,06 Duarte,2015,47,train
-3.565277,22.20712,1.9104856,-8.923305,6.9469547,06 Duarte,2015,48,train
-3.1559892,17.805708,2.9764805,-5.1870737,6.043311,06 Duarte,2015,49,train
-1.1987946,18.782297,1.7321595,-4.1231737,5.450021,06 Duarte,2015,50,train
-0.12926812,17.510939,3.1043622,-5.5274563,6.2751093,06 Duarte,2015,51,train
-3.1213672,19.416971,11.405569,15.233518,1.27114,06 Duarte,2015,52,train
0.32524914,29.339836,14.389241,15.708054,-6.7479043,06 Duarte,2016,1,train
3.8864489,29.726877,15.006198,15.819216,-8.98382,06 Duarte,2016,2,train
5.3760724,27.615105,16.736366,16.97692,-11.235857,06 Duarte,2016,3,train
4.6518455,23.088463,19.304754,15.346614,-10.89509,06 Duarte,2016,4,train
5.996255,22.20721,9.606091,-13.984303,-1.5716666,06 Duarte,2016,5,train
5.128903,19.432861,8.383957,-12.488624,-3.689109,06 Duarte,2016,6,train
7.1805058,19.792202,8.540125,-17.305506,-3.6850216,06 Duarte,2016,7,train
8.933064,17.991396,9.128882,-13.190177,-9.141873,06 Duarte,2016,8,train
7.389922,16.256212,10.403854,-14.439646,-9.73606,06 Duarte,2016,9,train
14.407394,7.364047,6.385241,-11.02084,-3.185034,06 Duarte,2016,10,train
15.964565,10.210204,6.7164264,-10.777211,-11.018067,06 Duarte,2016,11,train
15.107982,9.473064,7.676751,-9.749588,-14.199732,06 Duarte,2016,12,train
14.403746,6.4883113,8.639878,-11.398869,-15.30435,06 Duarte,2016,13,train
8.107158,3.3969107,11.018905,-11.422405,-17.31737,06 Duarte,2016,14,train
11.868269,2.9088428,10.514027,-12.959005,-19.010408,06 Duarte,2016,15,train
4.9905577,1.7274168,11.069211,-16.371773,-12.802891,06 Duarte,2016,16,train
3.6468954,-2.5056603,19.758932,-9.239332,1.4112446,06 Duarte,2016,17,train
-4.357018,-2.304897,9.84764,-13.123873,-11.473645,06 Duarte,2016,18,train
2.5253532,-15.96238,3.3562589,-2.7175307,1.4586785,06 Duarte,2016,19,train
3.051239,-22.585075,-0.26382935,2.348136,0.7823045,06 Duarte,2016,20,train
-1.2308099,-16.845943,2.1062047,-3.29253,1.9224945,06 Duarte,2016,21,train
-2.964417,-15.156864,4.468793,-3.1225195,1.7842023,06 Duarte,2016,22,train
-1.2504448,-23.943094,-2.182686,4.9243693,3.2067158,06 Duarte,2016,23,train
-3.4648056,-26.618872,-2.6185317,6.344191,1.613198,06 Duarte,2016,24,train
-7.838795,-13.605338,4.1137943,-0.21854755,3.721422,06 Duarte,2016,25,train
-12.044605,-17.937101,-1.0742283,1.9853226,5.1716366,06 Duarte,2016,26,train
-9.177245,-9.458094,6.15988,25.837097,-1.7206949,06 Duarte,2016,27,train
-12.281126,-7.3390417,8.575324,30.079878,-2.3455021,06 Duarte,2016,28,train
-11.862872,-7.7968774,6.945895,25.996855,-1.0852343,06 Duarte,2016,29,train
-10.263808,-1.2268196,10.08451,25.70355,0.22492029,06 Duarte,2016,30,train
-2.4778564,-8.105915,17.392075,26.594376,10.114236,06 Duarte,2016,31,train
-9.539321,-11.580627,4.226464,26.757645,3.9061441,06 Duarte,2016,32,train
-10.421771,-14.827758,3.096359,29.2535,1.8597716,06 Duarte,2016,33,train
-12.340182,0.043100707,7.4294195,26.475952,4.9346557,06 Duarte,2016,34,train
-16.007355,-19.089445,-5.1019077,6.57266,8.388907,06 Duarte,2016,35,train
-11.824304,-15.522084,-4.194118,6.860368,12.056235,06 Duarte,2016,36,train
-10.625172,-17.79877,-4.1732535,6.1037664,12.537236,06 Duarte,2016,37,train
-12.200885,-17.00476,-6.176605,7.939564,13.439697,06 Duarte,2016,38,train
-10.626592,-11.687613,-3.7495503,6.021137,13.163844,06 Duarte,2016,39,train
-16.940073,-5.1828938,-3.5735898,2.0061622,10.049623,06 Duarte,2016,40,train
-17.56879,-4.028859,-4.810961,3.1972308,11.32561,06 Duarte,2016,41,train
-15.656939,-2.8124442,-4.3570843,2.3787735,12.000966,06 Duarte,2016,42,train
-14.492934,-1.3911636,-4.613869,2.09241,13.237729,06 Duarte,2016,43,train
-9.573197,0.59762645,-2.1672528,0.5951105,13.646838,06 Duarte,2016,44,train
-6.6330023,1.763842,-2.1218057,0.6231434,13.776066,06 Duarte,2016,45,train
-6.4648027,2.79646,-3.660908,0.47606382,15.144633,06 Duarte,2016,46,train
-5.4775314,4.4760695,-3.6273606,-1.1913168,17.757307,06 Duarte,2016,47,train
3.7840104,7.7651544,-2.8573444,0.1501659,14.906582,06 Duarte,2016,48,train
5.8761954,7.6578445,-4.510279,0.94899195,16.98509,06 Duarte,2016,49,train
5.9798594,7.1480536,-4.7489724,1.7726063,16.54555,06 Duarte,2016,50,train
5.232529,6.3519535,-1.020238,-1.0492065,14.298042,06 Duarte,2016,51,train
4.0273094,14.221145,4.3626466,24.07136,8.889219,06 Duarte,2016,52,train
6.7917747,14.618443,1.1694303,21.166235,7.8450375,06 Duarte,2017,1,train
9.4517765,15.275954,8.074185,25.714344,4.9322686,06 Duarte,2017,2,train
16.627045,20.724344,10.27945,36.562054,-0.40029556,06 Duarte,2017,3,train
22.594372,16.103436,4.103504,31.520737,0.36690867,06 Duarte,2017,4,train
15.19441,4.6775255,-4.5402017,-1.4722339,11.536005,06 Duarte,2017,5,train
15.703319,4.9555717,-4.466022,-5.4539895,10.999652,06 Duarte,2017,6,train
15.886416,3.8351622,-2.727538,-5.291199,8.841698,06 Duarte,2017,7,train
23.642641,4.9679017,-5.4356065,-7.669714,7.173533,06 Duarte,2017,8,train
20.380907,2.4701576,-3.2259,-6.712128,5.199442,06 Duarte,2017,9,train
19.58471,-2.961939,-0.9876606,-7.5803165,7.8704247,06 Duarte,2017,10,train
22.88278,-4.2525854,-3.2034128,-2.7582574,5.242098,06 Duarte,2017,11,train
16.590054,-4.807018,2.519974,-6.443588,4.7850885,06 Duarte,2017,12,train
23.09214,-9.85068,-1.2477617,-5.054675,1.9430431,06 Duarte,2017,13,train
20.524187,-14.571886,1.4735956,-3.656811,-5.5581183,06 Duarte,2017,14,train
21.767918,-14.022772,1.3293806,-9.824452,-6.0103264,06 Duarte,2017,15,train
12.020821,-10.397666,8.622426,-9.006767,5.499557,06 Duarte,2017,16,train
11.026064,-12.454212,12.740004,-7.3766823,7.5201316,06 Duarte,2017,17,train
3.4786396,-18.392199,16.415215,-9.718831,8.847692,06 Duarte,2017,18,train
5.4854636,-24.277185,-0.19455709,-4.5277495,1.5603038,06 Duarte,2017,19,train
0.28560668,-16.558582,2.032536,-5.5569963,0.42285958,06 Duarte,2017,20,train
1.8871564,-27.031128,-1.9253777,2.165977,0.12775806,06 Duarte,2017,21,train
1.3724662,-24.106646,8.974397,-3.0763478,13.143936,06 Duarte,2017,22,train
-4.445821,-24.24544,-0.570623,1.3154767,-1.898835,06 Duarte,2017,23,train
-7.691689,-18.216293,1.9021465,-2.062505,-0.40767467,06 Duarte,2017,24,train
-9.258219,-15.542853,2.3899004,-2.077147,2.184859,06 Duarte,2017,25,train
-9.651982,-14.482371,2.8135781,-0.25426254,2.310022,06 Duarte,2017,26,train
-7.800695,-4.2260566,11.198833,33.04897,-0.30259034,06 Duarte,2017,27,train
-12.081661,-4.7626123,8.793448,33.52537,2.49103,06 Duarte,2017,28,train
-6.856308,-8.000436,7.6846137,28.354013,0.9408016,06 Duarte,2017,29,train
-5.069489,-9.424562,7.6705475,27.283861,1.3463494,06 Duarte,2017,30,train
-7.9563046,-7.011668,7.3577585,26.401903,2.157325,06 Duarte,2017,31,train
-11.345246,-8.091138,7.444891,31.053856,0.21059087,06 Duarte,2017,32,train
-9.398945,-3.0234637,8.728105,26.416056,1.5936769,06 Duarte,2017,33,train
-8.389599,-7.941908,6.56861,27.01753,1.8057618,06 Duarte,2017,34,train
-10.188172,-17.14106,-1.8539568,4.6660037,7.198778,06 Duarte,2017,35,train
-9.862025,-12.8172865,8.344578,0.06358056,15.7017975,06 Duarte,2017,36,train
-15.323933,-12.466738,-3.5269206,3.9568536,9.766012,06 Duarte,2017,37,train
-11.124766,-11.664197,8.810581,-1.0722268,17.431454,06 Duarte,2017,38,train
-13.642847,-11.243779,-3.6832871,4.209111,11.183841,06 Duarte,2017,39,train
-11.805144,-9.519524,-3.5442429,3.9329467,13.721563,06 Duarte,2017,40,train
-12.232925,-9.468699,-5.909745,3.9142137,16.219297,06 Duarte,2017,41,train
-13.775618,-7.6738224,-7.7723475,6.2472167,16.975595,06 Duarte,2017,42,train
-11.94034,-6.4256973,-8.008716,5.8052382,17.872223,06 Duarte,2017,43,train
-10.867766,-5.2309256,-8.39739,5.522815,18.75373,06 Duarte,2017,44,train
-3.899685,1.0322089,9.6635065,0.23102894,17.59544,06 Duarte,2017,45,train
-3.0455394,-0.39629877,-3.6383502,2.3509965,17.662933,06 Duarte,2017,46,train
-5.380849,-1.6913663,-9.821666,4.309626,22.658169,06 Duarte,2017,47,train
-3.660025,0.30165145,-10.818816,6.8064685,22.08372,06 Duarte,2017,48,train
-7.0006423,7.1118736,-8.090143,1.005819,19.384167,06 Duarte,2017,49,train
-9.344039,8.480433,-13.234126,0.32639474,23.244612,06 Duarte,2017,50,train
-3.9490564,7.8600097,-7.14643,0.3745371,18.836931,06 Duarte,2017,51,train
-6.316823,13.038879,4.007189,27.654762,10.374095,06 Duarte,2017,52,train
-1.0852493,5.876713,3.361944,27.236355,13.307387,06 Duarte,2018,1,train
-1.4474168,6.2887053,4.6925607,28.787855,10.152959,06 Duarte,2018,2,train
7.0446124,6.2508264,7.4474535,20.412252,4.932109,06 Duarte,2018,3,train
10.644187,5.129899,6.403131,22.792463,5.7110558,06 Duarte,2018,4,train
16.124687,1.4056258,-4.305034,0.49369556,14.992094,06 Duarte,2018,5,train
11.223787,5.8732615,1.1435385,-5.8552303,8.080897,06 Duarte,2018,6,train
13.022381,4.7638226,2.3588138,-6.376998,6.4068966,06 Duarte,2018,7,train
15.235426,4.3333654,1.7624918,-8.104145,5.485419,06 Duarte,2018,8,train
24.162046,5.971707,-1.7081395,-14.559831,3.2476995,06 Duarte,2018,9,train
27.44025,-5.0000224,-5.509513,-4.4246264,8.793736,06 Duarte,2018,10,train
23.180845,-6.4787574,-4.0369215,2.159179,7.4987197,06 Duarte,2018,11,train
22.11829,-7.2380595,-2.4559603,-0.005622537,6.360978,06 Duarte,2018,12,train
21.323704,-3.516754,2.7792704,-5.747216,1.3563886,06 Duarte,2018,13,train
17.41855,-6.3370557,3.8003936,-9.224528,-8.08666,06 Duarte,2018,14,train
15.171865,-7.013829,5.3111515,-7.710487,-7.9223127,06 Duarte,2018,15,train
14.565512,-7.869195,5.030358,-7.2909255,-8.85906,06 Duarte,2018,16,train
14.299194,-9.2633,5.308429,-5.428922,-11.316164,06 Duarte,2018,17,train
12.620242,-10.781603,4.8009143,-8.321463,-9.193514,06 Duarte,2018,18,train
1.3699137,-15.387988,5.374836,-8.135987,-8.326077,06 Duarte,2018,19,train
0.037691034,-13.451696,5.7943845,-7.7388806,-4.9847,06 Duarte,2018,20,train
-3.4093747,-18.798246,3.5014963,-7.994822,-9.508558,06 Duarte,2018,21,train
-4.168519,-16.093163,4.2102427,-5.021599,-7.8156896,06 Duarte,2018,22,train
-7.2257323,-18.307343,3.5782685,-4.189609,-9.448681,06 Duarte,2018,23,train
-9.013453,-18.197166,3.6029196,-3.3815942,-8.574244,06 Duarte,2018,24,train
-10.410804,-14.426248,2.9678786,-3.624895,-3.5362377,06 Duarte,2018,25,train
-11.428032,-15.353693,3.2959735,-1.0343819,-5.6789694,06 Duarte,2018,26,train
-14.078467,-5.255388,10.044645,27.571465,-10.133057,06 Duarte,2018,27,train
-16.206062,-2.402523,9.667464,28.049706,-6.166003,06 Duarte,2018,28,train
-10.790548,-1.8014665,11.258699,24.400309,-5.730667,06 Duarte,2018,29,train
-17.035763,-3.7546244,9.163653,27.46737,-7.004298,06 Duarte,2018,30,train
-11.623011,-2.0088391,11.752617,26.497696,-6.744464,06 Duarte,2018,31,train
-14.586732,-0.71886075,11.881397,28.709644,-7.2041945,06 Duarte,2018,32,train
-10.127304,1.3482227,13.537364,26.479889,-5.2769947,06 Duarte,2018,33,train
-11.035584,-0.5340626,13.522513,27.464289,-8.388713,06 Duarte,2018,34,train
-12.597929,-8.974799,11.612224,-5.2193995,9.49399,06 Duarte,2018,35,train
-15.308305,-8.561487,4.0049505,-2.5996962,1.47519,06 Duarte,2018,36,train
-14.761579,-6.978295,2.8890595,-2.2300985,2.5223768,06 Duarte,2018,37,train
-16.15952,-6.1308374,1.3737049,-0.96008897,2.6754966,06 Duarte,2018,38,train
-15.05815,-6.8374004,3.5973809,-2.3380444,3.0189412,06 Duarte,2018,39,train
-14.925186,-1.7456635,0.77916986,-1.9607368,9.74395,06 Duarte,2018,40,train
-16.434187,-0.83216,-0.8382969,-2.3566918,10.818093,06 Duarte,2018,41,train
-13.100441,1.060618,0.27707395,-0.8894814,10.002089,06 Duarte,2018,42,train
-17.669302,2.919377,-3.524755,1.5041999,10.299538,06 Duarte,2018,43,train
-16.29128,4.033704,-3.8940399,-0.49809462,12.184876,06 Duarte,2018,44,train
-10.124841,5.4451857,0.056419045,-1.1246992,11.483853,06 Duarte,2018,45,train
-10.528225,6.996987,-2.0647104,-1.6186266,12.427316,06 Duarte,2018,46,train
-12.776215,10.472468,-5.7535186,-0.7199687,14.348235,06 Duarte,2018,47,train
-10.2247,12.15776,-5.714349,-1.6681339,15.001248,06 Duarte,2018,48,train
-7.3412647,11.618924,-5.0866404,-1.8909063,15.029954,06 Duarte,2018,49,train
3.8648233,14.879641,-3.2247963,-2.4573445,11.902632,06 Duarte,2018,50,train
5.7133813,17.101164,-4.7801085,-4.297323,13.37451,06 Duarte,2018,51,train
1.5741262,15.951585,6.9770474,19.117981,4.891608,06 Duarte,2018,52,train
5.6726665,21.362942,5.5236115,20.772453,2.4237108,06 Duarte,2019,1,train
7.7951283,21.447933,9.277492,25.679966,-0.12894922,06 Duarte,2019,2,train
14.020038,21.793724,8.46584,24.600422,-4.0588746,06 Duarte,2019,3,train
16.565426,19.532469,8.889582,22.29554,-6.403006,06 Duarte,2019,4,train
14.257592,14.017497,-1.4120586,-6.81878,4.7427783,06 Duarte,2019,5,train
12.933315,16.066956,1.9536841,-12.908865,2.3321424,06 Duarte,2019,6,train
11.673336,13.088453,4.3215685,-11.012536,0.07001923,06 Duarte,2019,7,train
16.156351,14.229174,3.07278,-10.296345,-3.6085942,06 Duarte,2019,8,train
15.835902,13.144523,3.7431698,-12.058022,-4.900403,06 Duarte,2019,9,train
19.32762,8.25558,2.2065744,-10.3918915,-3.8695,06 Duarte,2019,10,train
18.835527,4.9105062,3.4046097,-11.4559355,-3.9327621,06 Duarte,2019,11,train
22.418552,0.96985906,4.4306684,-15.663881,-12.78301,06 Duarte,2019,12,train
10.59456,-2.0919116,15.841347,-15.2905655,2.3499448,06 Duarte,2019,13,train
13.790935,-2.2177744,6.528514,-8.080027,-6.406159,06 Duarte,2019,14,train
17.464155,-4.870365,5.901155,-9.964361,-11.930557,06 Duarte,2019,15,train
16.908392,-5.5032973,6.513273,-8.22638,-13.381992,06 Duarte,2019,16,train
14.830546,-9.113542,6.5737214,-10.441452,-14.148536,06 Duarte,2019,17,train
0.40962654,-14.289472,4.523948,-12.140277,-9.4017725,06 Duarte,2019,18,train
-2.8551836,-12.357648,6.2529955,-10.716492,-11.505754,06 Duarte,2019,19,train
-6.0999637,-13.291622,5.472878,-8.656626,-13.308129,06 Duarte,2019,20,train
-5.374145,-11.229939,7.1296186,-9.828745,-4.69569,06 Duarte,2019,21,train
-6.291224,-11.099639,6.6799197,-8.771431,-3.6708534,06 Duarte,2019,22,train
-9.262479,-9.494691,7.809489,-7.708169,-5.1009755,06 Duarte,2019,23,train
-11.647413,-10.914661,6.0561423,-5.3648043,-9.467287,06 Duarte,2019,24,train
-15.430806,-11.989035,4.891198,-4.5699706,-10.254633,06 Duarte,2019,25,train
-15.77991,-9.552276,5.241087,-3.7730925,-5.938667,06 Duarte,2019,26,train
-19.947422,-2.1209471,11.892977,28.589771,-13.555536,06 Duarte,2019,27,train
-15.395841,2.360558,14.112112,26.8295,-9.574755,06 Duarte,2019,28,train
-13.013358,3.8159564,14.450157,23.618053,-6.2332597,06 Duarte,2019,29,train
-20.041216,3.0216591,12.036099,25.527937,-7.5914717,06 Duarte,2019,30,train
-14.58783,6.892271,14.558136,25.54931,-3.428104,06 Duarte,2019,31,train
-18.367529,3.481801,10.321645,20.703156,-4.392211,06 Duarte,2019,32,train
-18.456139,3.8712459,9.705342,22.251059,-3.9993994,06 Duarte,2019,33,train
-16.592123,4.4251566,11.86438,23.518774,-3.0269165,06 Duarte,2019,34,train
-25.153526,-3.6440184,0.65929854,1.9580417,-1.0451825,06 Duarte,2019,35,train
-23.457499,-3.2549343,1.6844676,-1.9912606,-1.6182905,06 Duarte,2019,36,train
-21.501614,-2.9644146,4.018653,-2.7119324,0.00072324945,06 Duarte,2019,37,train
-15.9862385,0.0076957066,12.875866,-7.641922,8.444617,06 Duarte,2019,38,train
-15.345627,-0.08256935,15.428858,-8.63681,11.350651,06 Duarte,2019,39,train
-21.827326,0.6524099,-0.8053059,-0.859593,5.126552,06 Duarte,2019,40,train
-20.49762,2.7750275,-0.80822575,0.64859277,5.7018204,06 Duarte,2019,41,train
-23.167427,3.8183722,-2.9936886,1.1251253,7.199665,06 Duarte,2019,42,train
-13.795908,4.2190633,1.5265739,-2.7357028,8.325601,06 Duarte,2019,43,train
-13.125078,6.087457,0.53293693,-1.1141617,8.34519,06 Duarte,2019,44,train
-15.572046,8.19088,-1.8344609,-1.6469837,9.784305,06 Duarte,2019,45,train
-13.976866,9.367591,-1.5659014,-1.6179379,10.350283,06 Duarte,2019,46,train
-16.307995,14.048653,-5.781178,-4.2096934,13.504719,06 Duarte,2019,47,train
-15.082859,16.796719,-6.6987042,-2.4356046,13.471835,06 Duarte,2019,48,train
-1.3754007,16.002228,-0.076137766,-3.656433,9.260635,06 Duarte,2019,49,train
-0.71718526,11.336772,4.5213156,-4.627925,9.017149,06 Duarte,2019,50,train
0.59941024,15.6192,0.37878287,-4.5689945,9.341605,06 Duarte,2019,51,train
-0.7472827,20.44943,5.9594827,15.93767,3.5720797,06 Duarte,2019,52,train
1.0628954,17.350685,4.9862795,14.057832,3.7954957,06 Duarte,2020,1,val
2.7936206,18.371801,7.7147336,18.58549,2.3937612,06 Duarte,2020,2,val
4.822421,15.9374075,10.9746275,19.91869,0.32973972,06 Duarte,2020,3,val
8.044501,17.224377,8.8915825,18.371244,-2.4004178,06 Duarte,2020,4,val
12.157242,15.267619,-0.9311403,-7.759945,3.9374042,06 Duarte,2020,5,val
10.204125,12.727174,1.932165,-8.313795,2.482969,06 Duarte,2020,6,val
9.353814,9.674557,5.301164,-7.1025634,1.3436939,06 Duarte,2020,7,val
12.479109,9.074268,2.530821,-8.898243,1.0403569,06 Duarte,2020,8,val
14.741397,9.191151,2.8716888,-12.409587,-1.4444637,06 Duarte,2020,9,val
16.636995,-0.04430473,2.519741,-8.802087,3.8331368,06 Duarte,2020,10,val
15.554707,-2.0157452,4.323694,-8.138036,2.6296875,06 Duarte,2020,11,val
18.734055,-2.7332554,3.9188168,-9.860415,1.0137396,06 Duarte,2020,12,val
21.161427,-7.504462,2.5904133,-9.363842,-1.0993006,06 Duarte,2020,13,val
23.24666,-14.93559,0.35415286,-6.843343,-2.0793529,06 Duarte,2020,14,val
19.287918,-17.53705,1.0838224,-0.47687,-4.398234,06 Duarte,2020,15,val
18.014574,-16.42479,1.614344,1.1628036,-1.0405086,06 Duarte,2020,16,val
21.876348,-20.798435,0.67301,2.831357,-6.289922,06 Duarte,2020,17,val
7.880765,-30.608555,-2.4823105,0.22566256,-3.5169592,06 Duarte,2020,18,val
4.111961,-24.822039,-2.4308038,-0.8996464,-0.6300329,06 Duarte,2020,19,val
3.5460064,-27.211292,-2.328654,0.27132395,-1.0191991,06 Duarte,2020,20,val
0.36396173,-24.414064,-2.004876,0.3879489,-0.19003505,06 Duarte,2020,21,val
-1.1626588,-27.965176,-2.8159714,1.1763408,0.8752386,06 Duarte,2020,22,val
-4.1748834,-25.768446,-1.3394794,1.6722523,-1.8237841,06 Duarte,2020,23,val
-7.0283136,-23.69643,-0.79231596,1.1637758,-2.703674,06 Duarte,2020,24,val
-9.00113,-25.50981,-1.6132162,3.323725,-2.1352143,06 Duarte,2020,25,val
-12.096992,-22.188375,-1.4383161,2.7944565,-0.93994784,06 Duarte,2020,26,val
-10.21359,-14.736526,4.298988,30.646845,-0.9343247,06 Duarte,2020,27,val
-7.0416613,-12.3629465,6.4317293,27.924192,-1.8791208,06 Duarte,2020,28,val
-11.20713,-14.713535,4.640199,29.561508,-1.3483001,06 Duarte,2020,29,val
-11.056301,-5.33231,11.172834,32.327362,-1.8606284,06 Duarte,2020,30,val
-1.6055475,-9.468459,19.651878,26.501604,11.384172,06 Duarte,2020,31,val
-7.734115,-20.456348,-0.29188627,26.926779,5.326895,06 Duarte,2020,32,val
-7.9788985,-12.819954,2.5000353,26.787306,6.207958,06 Duarte,2020,33,val
-3.0240424,-12.762114,17.470753,27.951233,20.121502,06 Duarte,2020,34,val
-7.6299133,-20.769665,-4.0995617,8.029978,11.542285,06 Duarte,2020,35,val
-9.736849,-12.40786,-0.445112,3.6016536,9.945614,06 Duarte,2020,36,val
-12.011385,-17.903238,-4.97136,7.3003135,11.29785,06 Duarte,2020,37,val
-11.526142,-15.153833,-4.3432083,6.700854,11.679731,06 Duarte,2020,38,val
-15.786871,-16.70323,-8.102629,7.8608346,13.841587,06 Duarte,2020,39,val
-8.367677,-5.2725544,8.189289,1.0683511,14.386364,06 Duarte,2020,40,val
-15.08521,-8.467216,-7.3984213,4.5926957,15.476622,06 Duarte,2020,41,val
-12.673663,-7.2378736,-6.4403605,5.2447543,15.368487,06 Duarte,2020,42,val
-16.73844,-5.7534013,-10.749558,8.063559,18.083025,06 Duarte,2020,43,val
-9.926831,-2.5277255,-5.217259,3.8695097,15.775294,06 Duarte,2020,44,val
-6.8124285,-0.17442448,-2.8928561,2.185623,15.307233,06 Duarte,2020,45,val
-5.019892,0.7915785,-3.366844,2.102156,15.887571,06 Duarte,2020,46,val
-4.865271,0.9702221,-4.8097196,2.077496,18.132391,06 Duarte,2020,47,val
-5.1578484,2.0617728,-10.344937,2.8473032,22.73146,06 Duarte,2020,48,val
2.0814624,-4.4390426,-15.239301,10.049014,29.844578,06 Duarte,2020,49,val
13.956301,-2.99803,-9.245322,7.8910856,26.575422,06 Duarte,2020,50,val
12.455643,-3.2634153,-6.967674,7.2788377,23.148151,06 Duarte,2020,51,val
11.296372,-0.27715513,-2.27804,21.052761,17.623356,06 Duarte,2020,52,val
16.97316,1.4178653,-6.6528473,27.147184,20.635233,06 Duarte,2021,1,val
20.208435,-2.2712572,-8.01313,25.40761,20.178907,06 Duarte,2021,2,val
18.087463,-5.337346,-4.267076,22.57798,17.316809,06 Duarte,2021,3,val
22.855272,-3.1326628,-5.089833,28.529135,16.335333,06 Duarte,2021,4,val
20.107529,-8.548387,-9.226574,9.1346655,22.543013,06 Duarte,2021,5,val
21.23109,-5.420836,-8.634423,6.605675,18.057953,06 Duarte,2021,6,val
22.083218,-6.394198,-8.278336,7.0399156,17.328856,06 Duarte,2021,7,val
23.18918,-7.9138217,-7.42276,4.271253,16.239758,06 Duarte,2021,8,val
27.94978,-8.60223,-9.555289,5.295712,14.970539,06 Duarte,2021,9,val
15.986301,-1.2237213,2.1287024,-6.3494153,5.5650277,06 Duarte,2021,10,val
22.904133,-0.90027404,-0.97179955,-6.8215795,1.812682,06 Duarte,2021,11,val
18.467411,-4.2843003,0.4383777,-5.3802967,1.7304835,06 Duarte,2021,12,val
22.30934,-10.497581,-0.65817094,-6.468796,-2.0723925,06 Duarte,2021,13,val
17.640547,-8.204831,1.7072177,-10.188505,0.88264436,06 Duarte,2021,14,val
26.913074,-19.761467,-1.1752223,-5.9743004,-5.4252973,06 Duarte,2021,15,val
20.081787,-16.914366,0.6258614,0.2064113,-3.3517635,06 Duarte,2021,16,val
17.550722,-14.591143,2.501237,-3.9664912,-2.669761,06 Duarte,2021,17,val
7.8288236,-26.4565,-1.7836063,-3.4746344,-2.0235524,06 Duarte,2021,18,val
5.225461,-24.705605,-1.3303769,-1.7606473,-0.7718849,06 Duarte,2021,19,val
0.69001734,-22.414707,-1.3947581,-8.495462,-0.5606606,06 Duarte,2021,20,val
0.47005048,-18.255533,2.8869834,-2.762428,1.0147011,06 Duarte,2021,21,val
-1.4867011,-14.06277,4.6873646,-2.8839183,0.9710794,06 Duarte,2021,22,val
-1.6804335,-19.684477,11.429346,-5.642456,10.622097,06 Duarte,2021,23,val
-5.188045,-16.778967,2.2364368,0.30476737,0.04615979,06 Duarte,2021,24,val
-9.523567,-12.98032,4.331374,-2.358641,2.0278704,06 Duarte,2021,25,val
-12.4242735,-16.045738,1.5434471,-0.4363107,1.262157,06 Duarte,2021,26,val
-6.0636516,-11.124432,5.7408204,32.924343,4.0446973,06 Duarte,2021,27,val
-6.185826,-4.896477,9.017922,32.03524,3.6364603,06 Duarte,2021,28,val
-12.284678,-13.60801,1.8058213,30.9966,5.984161,06 Duarte,2021,29,val
-7.592677,-11.067189,4.5993586,28.956144,6.140915,06 Duarte,2021,30,val
-6.1680717,-10.055657,6.013066,29.937449,5.7818317,06 Duarte,2021,31,val
-3.2472215,-4.6120443,19.608719,28.547731,9.040066,06 Duarte,2021,32,val
-13.154304,-0.7674452,8.491783,28.524014,3.2851822,06 Duarte,2021,33,val
-14.468337,-9.732244,3.1106684,25.113554,2.0681577,06 Duarte,2021,34,val
-19.708176,-16.587902,-3.7922802,6.6205277,5.762423,06 Duarte,2021,35,val
-15.233349,-20.28058,-6.189665,9.435248,10.534174,06 Duarte,2021,36,val
-10.821642,-12.633123,-1.865088,3.4563391,11.358598,06 Duarte,2021,37,val
-11.819309,-11.757669,-2.2001917,4.6981554,11.671123,06 Duarte,2021,38,val
-13.969307,-12.374886,-4.406286,3.2619176,14.275978,06 Duarte,2021,39,val
-16.648348,-10.381609,-7.405726,7.016606,14.7863,06 Duarte,2021,40,val
-12.598539,-7.1220183,-2.9761007,3.2666209,13.66566,06 Duarte,2021,41,val
-15.82602,-8.407158,-8.419781,5.708718,17.7942,06 Duarte,2021,42,val
-18.818092,-6.559878,-12.357646,9.674528,20.449715,06 Duarte,2021,43,val
-13.693458,-5.1195197,-9.872863,6.797564,19.164696,06 Duarte,2021,44,val
-12.961804,-4.6285357,-12.557487,11.431755,22.331385,06 Duarte,2021,45,val
-9.806753,-2.6768513,-12.1345625,9.711275,22.29496,06 Duarte,2021,46,val
-7.1064053,-1.793741,-13.075086,5.191895,25.091845,06 Duarte,2021,47,val
9.458735,3.7163305,-9.722832,6.6413536,21.482292,06 Duarte,2021,48,val
12.332892,0.28097352,-9.924491,7.4778023,23.43672,06 Duarte,2021,49,val
12.480226,0.18703143,-8.0020075,4.6177607,24.317274,06 Duarte,2021,50,val
13.67503,0.02975996,-10.118127,6.4994454,24.46001,06 Duarte,2021,51,val
14.524427,7.7101293,-7.077593,25.282778,18.84795,06 Duarte,2021,52,val
12.878311,30.358934,-6.47157,24.67927,-8.394669,07 Elías Piña,2015,1,train
14.652102,31.327002,-5.015558,29.031805,-11.213964,07 Elías Piña,2015,2,train
11.682289,25.811535,-0.5626419,27.64613,-12.235909,07 Elías Piña,2015,3,train
13.533756,22.47178,2.359438,27.725254,-14.3412695,07 Elías Piña,2015,4,train
7.2296205,11.620378,-6.857023,-15.207728,3.4993188,07 Elías Piña,2015,5,train
14.561328,12.49876,-12.639073,-14.009016,2.0699847,07 Elías Piña,2015,6,train
11.036382,7.7826953,-7.5036182,-13.455204,2.988311,07 Elías Piña,2015,7,train
15.128379,7.830648,-9.338454,-14.246931,-1.1004449,07 Elías Piña,2015,8,train
19.744856,8.07541,-11.564362,-16.067574,-5.9357853,07 Elías Piña,2015,9,train
27.169287,10.295027,-13.057284,-12.611544,-12.741034,07 Elías Piña,2015,10,train
25.535862,8.868637,-11.318987,-10.378545,-15.099933,07 Elías Piña,2015,11,train
13.271046,3.800305,-2.4628048,-12.1990385,-9.038842,07 Elías Piña,2015,12,train
15.879986,3.072163,-3.595852,-13.985752,-16.011059,07 Elías Piña,2015,13,train
14.488691,-1.201736,-3.3557734,-16.242208,-7.4399147,07 Elías Piña,2015,14,train
20.728662,1.5073045,-6.2918167,-8.278801,-17.886581,07 Elías Piña,2015,15,train
20.74338,0.33854622,-6.519151,-4.6646323,-23.581537,07 Elías Piña,2015,16,train
16.678684,1.8168437,-4.366703,2.2539232,-22.406416,07 Elías Piña,2015,17,train
21.917,-1.7813412,-8.206777,-0.49892896,-31.43718,07 Elías Piña,2015,18,train
15.83345,-0.29182953,-3.3839607,-8.751806,-29.620424,07 Elías Piña,2015,19,train
11.665922,-0.7584392,-1.7728487,-5.473158,-28.539005,07 Elías Piña,2015,20,train
6.603853,-4.7326975,0.8439868,-8.915328,-17.79188,07 Elías Piña,2015,21,train
5.436112,-4.795191,1.6148372,-8.921183,-10.196651,07 Elías Piña,2015,22,train
6.8927274,-4.081044,2.370316,1.4367362,-16.63689,07 Elías Piña,2015,23,train
8.685108,-6.4901586,0.74645674,2.923431,-23.45327,07 Elías Piña,2015,24,train
-17.985489,-17.491976,-11.648205,-11.046032,-11.0466175,07 Elías Piña,2015,25,train
-20.259638,-18.212635,-11.443687,-10.878361,-10.06442,07 Elías Piña,2015,26,train
-11.612442,-3.9539015,2.9661353,37.264416,-35.14373,07 Elías Piña,2015,27,train
-6.732428,-5.138793,2.8279793,29.340124,-32.31107,07 Elías Piña,2015,28,train
-7.6921296,-3.6878686,3.3423197,29.079727,-31.909496,07 Elías Piña,2015,29,train
-12.610456,-4.98476,0.5201373,23.033216,-30.465342,07 Elías Piña,2015,30,train
-16.648386,-5.527704,0.15333208,33.304283,-35.968193,07 Elías Piña,2015,31,train
-14.708834,-0.73178905,3.1595664,23.364023,-35.991714,07 Elías Piña,2015,32,train
-12.900493,-2.271809,1.41099,16.273193,-36.52128,07 Elías Piña,2015,33,train
-15.070399,3.995034,5.0896215,28.338911,-28.545786,07 Elías Piña,2015,34,train
-26.187262,-5.928827,-10.992936,-7.7870803,-13.596962,07 Elías Piña,2015,35,train
-26.2859,-2.8749402,-6.789585,-13.884796,-11.475792,07 Elías Piña,2015,36,train
-26.931654,-2.8513255,-8.470368,-8.413581,-17.203175,07 Elías Piña,2015,37,train
-26.087555,-0.9137222,-7.3283978,-13.403207,-10.406184,07 Elías Piña,2015,38,train
-22.97949,1.4842731,-5.677515,-11.993807,-7.068869,07 Elías Piña,2015,39,train
-27.550884,7.4431567,-8.907813,-13.198195,-7.726708,07 Elías Piña,2015,40,train
-32.596558,11.961582,-13.861067,-6.631711,-12.318066,07 Elías Piña,2015,41,train
-32.38867,16.083384,-12.609699,-4.185552,-9.654873,07 Elías Piña,2015,42,train
-21.404922,11.444942,-3.7964208,-17.831108,-1.6992991,07 Elías Piña,2015,43,train
-21.183125,14.515325,-5.254596,-12.618556,-3.3337724,07 Elías Piña,2015,44,train
-18.829327,17.612278,-11.782997,-4.7123632,-0.725944,07 Elías Piña,2015,45,train
-19.357557,20.211233,-14.314768,-6.2133503,-0.0008629466,07 Elías Piña,2015,46,train
-18.899145,24.535872,-19.622438,-7.9497075,2.2833502,07 Elías Piña,2015,47,train
-2.259852,23.836927,-9.667902,-13.790893,2.9857216,07 Elías Piña,2015,48,train
-1.3709155,20.470196,-7.5311313,-8.897241,2.6038568,07 Elías Piña,2015,49,train
0.5781586,22.4038,-10.698046,-11.957329,4.323235,07 Elías Piña,2015,50,train
2.1931279,22.339565,-9.987998,-10.875569,2.938683,07 Elías Piña,2015,51,train
1.5503309,34.44085,-3.0902226,27.72881,-6.1545963,07 Elías Piña,2015,52,train
3.5012095,35.620174,2.571887,23.194603,-15.393532,07 Elías Piña,2016,1,train
8.126246,35.976135,1.1724824,21.021297,-18.089378,07 Elías Piña,2016,2,train
7.2585583,30.459555,5.2791467,18.91719,-18.692978,07 Elías Piña,2016,3,train
10.148571,29.580164,6.227924,17.496948,-20.533669,07 Elías Piña,2016,4,train
8.826648,28.258228,-6.9251714,-19.087975,-8.81941,07 Elías Piña,2016,5,train
6.8085356,22.582499,-3.5916653,-14.172461,-10.081137,07 Elías Piña,2016,6,train
9.453897,22.876444,-3.8195305,-18.806759,-10.540061,07 Elías Piña,2016,7,train
10.569226,18.359772,-5.508116,-20.186272,-12.284124,07 Elías Piña,2016,8,train
3.12774,12.330256,2.629239,-18.992615,-9.549494,07 Elías Piña,2016,9,train
21.402788,5.363162,-7.434976,-24.02034,-6.4967027,07 Elías Piña,2016,10,train
14.831564,7.744447,-4.901129,-17.94095,-12.714787,07 Elías Piña,2016,11,train
19.757915,8.201995,-6.882968,-16.443306,-19.365398,07 Elías Piña,2016,12,train
16.596828,9.313353,-4.710505,-9.653019,-24.301077,07 Elías Piña,2016,13,train
7.2409387,3.726221,0.26527083,-15.918417,-16.929203,07 Elías Piña,2016,14,train
10.209777,2.889513,-0.80207497,-19.715874,-17.817856,07 Elías Piña,2016,15,train
6.341331,2.1575913,1.1629114,-18.832476,-13.6443205,07 Elías Piña,2016,16,train
3.0161555,-0.34533927,2.962356,-15.899321,-7.8652,07 Elías Piña,2016,17,train
3.1033168,0.86937267,2.6968834,-15.493916,-8.7976,07 Elías Piña,2016,18,train
9.810303,-12.459649,-3.1714444,-6.893697,-0.8794396,07 Elías Piña,2016,19,train
12.756495,-13.443184,-4.7602277,-0.11834745,-6.044819,07 Elías Piña,2016,20,train
9.272466,-14.703989,1.7124422,-8.178654,10.804102,07 Elías Piña,2016,21,train
8.123112,-11.444641,-1.5058416,-2.2118032,-2.6935093,07 Elías Piña,2016,22,train
-5.0343156,-21.843676,-11.787045,-4.852125,1.1918011,07 Elías Piña,2016,23,train
-8.877241,-27.124968,-16.001726,-3.2125535,-2.2204475,07 Elías Piña,2016,24,train
-13.4348345,-20.561365,-14.252988,-8.811671,5.0922437,07 Elías Piña,2016,25,train
-15.429294,-19.92681,-14.30385,-6.3403172,3.327508,07 Elías Piña,2016,26,train
-9.86441,-5.260125,1.140443,46.310364,-14.908382,07 Elías Piña,2016,27,train
-13.390709,-6.566668,-0.80057335,42.403633,-14.527875,07 Elías Piña,2016,28,train
-15.498009,-8.457502,-2.8057115,36.722786,-15.996344,07 Elías Piña,2016,29,train
-13.1288185,-0.9528914,2.3586016,44.273357,-12.5343895,07 Elías Piña,2016,30,train
-14.075113,-1.4175462,1.4370409,42.894726,-12.232636,07 Elías Piña,2016,31,train
-11.104394,-5.3592978,-0.75957936,45.126087,-6.9017897,07 Elías Piña,2016,32,train
-12.368503,-12.267481,-4.130381,47.98658,-14.839656,07 Elías Piña,2016,33,train
-17.591194,3.7871213,-1.0868428,43.256348,-1.6667691,07 Elías Piña,2016,34,train
-22.860199,-22.03202,-20.495909,-3.619664,3.2597196,07 Elías Piña,2016,35,train
-19.220165,-21.10568,-20.904263,-0.13954683,9.507478,07 Elías Piña,2016,36,train
-15.978058,-21.130342,-19.433685,2.0985723,10.561173,07 Elías Piña,2016,37,train
-16.06879,-18.65962,-19.268862,0.2825097,12.085391,07 Elías Piña,2016,38,train
-20.650408,-15.444616,-21.393127,0.84832025,10.704958,07 Elías Piña,2016,39,train
-13.845826,-7.2420917,-9.280673,-8.112648,8.96218,07 Elías Piña,2016,40,train
-13.419344,-5.4875803,-9.534581,-5.3600683,9.514696,07 Elías Piña,2016,41,train
-10.506202,-4.189504,-7.8592486,-7.0863833,10.734545,07 Elías Piña,2016,42,train
-10.673442,-3.0274277,-9.337944,-6.5707097,11.170743,07 Elías Piña,2016,43,train
-12.069522,-2.4430256,-12.2566395,-9.806788,13.870437,07 Elías Piña,2016,44,train
-6.4764996,-0.10026537,-7.7898674,-4.5333886,10.273558,07 Elías Piña,2016,45,train
-4.604939,0.4498876,-7.5332294,-6.909975,11.578689,07 Elías Piña,2016,46,train
-4.7137833,2.2946076,-10.874125,-9.562367,14.156681,07 Elías Piña,2016,47,train
-7.2329087,2.7179232,-15.365869,-11.665613,17.387539,07 Elías Piña,2016,48,train
-6.14795,3.1818871,-18.855154,-7.435283,17.911125,07 Elías Piña,2016,49,train
8.251022,9.618206,-15.936265,-4.559948,14.839926,07 Elías Piña,2016,50,train
10.46357,13.966883,-17.427586,-3.9436052,11.629671,07 Elías Piña,2016,51,train
7.7997527,21.867235,-9.182402,31.37322,3.2427404,07 Elías Piña,2016,52,train
13.098103,23.260715,-14.235089,25.177586,0.38008592,07 Elías Piña,2017,1,train
11.1953535,23.973318,0.2963878,43.799953,-6.086938,07 Elías Piña,2017,2,train
20.15291,25.788456,-2.3726676,46.64362,-9.279169,07 Elías Piña,2017,3,train
21.061516,19.380016,-5.864494,42.138313,-7.2490373,07 Elías Piña,2017,4,train
20.165905,9.9416685,-23.890917,-4.063843,5.7752457,07 Elías Piña,2017,5,train
17.365961,8.809443,-16.688751,-4.2560234,2.7311413,07 Elías Piña,2017,6,train
16.805735,5.7913656,-14.199597,-8.169908,3.9244223,07 Elías Piña,2017,7,train
19.983788,5.1633196,-15.194994,-9.260395,0.82183456,07 Elías Piña,2017,8,train
27.656137,9.801457,-19.338259,0.31160265,-11.126978,07 Elías Piña,2017,9,train
24.875423,0.020491846,-15.784516,-10.336555,-2.6622806,07 Elías Piña,2017,10,train
22.318468,0.4279736,-12.691614,-1.1726637,-5.87213,07 Elías Piña,2017,11,train
13.094825,-9.196576,6.9816527,-14.241303,14.296235,07 Elías Piña,2017,12,train
20.721163,-7.3557158,-9.227742,-11.878956,-1.6060408,07 Elías Piña,2017,13,train
18.624714,-9.490306,-9.988704,-7.5289464,-10.619168,07 Elías Piña,2017,14,train
18.045492,-9.632204,-8.055254,-17.379206,-4.7255654,07 Elías Piña,2017,15,train
7.7234235,-7.702808,4.4009714,-12.333214,4.1624937,07 Elías Piña,2017,16,train
9.7165985,-11.551444,1.1122097,-12.7973385,6.956622,07 Elías Piña,2017,17,train
11.086957,-14.169158,5.374885,-13.697311,10.484106,07 Elías Piña,2017,18,train
14.173548,-15.548525,-5.588098,-9.845838,-0.6694011,07 Elías Piña,2017,19,train
10.759989,-10.4278965,-3.4320211,-5.1941223,-6.937184,07 Elías Piña,2017,20,train
15.418353,-16.766132,-6.8557577,2.7788327,-10.7027235,07 Elías Piña,2017,21,train
14.657613,-16.899706,-6.1059546,2.5118916,-10.672759,07 Elías Piña,2017,22,train
-7.5642295,-24.739542,-14.354034,-4.306173,-10.530095,07 Elías Piña,2017,23,train
-10.911815,-21.782185,-13.401489,-6.6775136,-6.3176575,07 Elías Piña,2017,24,train
-13.485871,-21.339432,-13.927556,-2.871944,-8.26378,07 Elías Piña,2017,25,train
-14.71618,-21.383345,-13.825628,2.1571562,-11.509295,07 Elías Piña,2017,26,train
-5.4847603,-14.275998,-4.457687,34.054565,-20.3455,07 Elías Piña,2017,27,train
-7.0006475,-3.3974335,1.6005245,44.637955,-10.03182,07 Elías Piña,2017,28,train
-10.0796795,-13.2744,-4.1295166,38.13677,-18.970152,07 Elías Piña,2017,29,train
-6.6776376,-10.619312,-1.2966546,42.61603,-12.40354,07 Elías Piña,2017,30,train
-12.319179,-10.01775,-4.0335593,35.228436,-14.404981,07 Elías Piña,2017,31,train
-9.662917,-9.2093315,-1.1947572,41.993618,-14.306979,07 Elías Piña,2017,32,train
-15.794785,-12.632033,-6.4649167,38.097824,-14.990259,07 Elías Piña,2017,33,train
-9.940105,-10.085991,-3.5774033,34.57346,-13.340903,07 Elías Piña,2017,34,train
-21.93149,-21.923077,-19.502983,2.7251463,-5.6250477,07 Elías Piña,2017,35,train
-18.880484,-12.84307,-15.017792,-5.0127096,6.9103866,07 Elías Piña,2017,36,train
-7.7939463,-16.089046,-1.8200905,-7.5124736,17.24371,07 Elías Piña,2017,37,train
-13.805582,-11.5092535,-10.6647835,-3.5408907,7.6531253,07 Elías Piña,2017,38,train
-21.52368,-12.999282,-18.8226,-1.9052268,7.6968527,07 Elías Piña,2017,39,train
-18.920906,-10.023035,-18.938505,2.400936,10.188926,07 Elías Piña,2017,40,train
-13.718967,-10.643274,-16.100986,-1.5924715,13.641524,07 Elías Piña,2017,41,train
-21.80265,-8.10004,-26.564835,2.3073995,13.808806,07 Elías Piña,2017,42,train
-21.563282,-5.2702093,-29.390257,4.275259,14.355894,07 Elías Piña,2017,43,train
-15.413201,-4.922964,-22.762423,3.4911885,14.920238,07 Elías Piña,2017,44,train
-7.758243,-3.9759643,-17.627665,-3.0014818,16.907522,07 Elías Piña,2017,45,train
-0.51474404,-8.653149,2.2049255,-10.403088,29.901018,07 Elías Piña,2017,46,train
-5.7416716,-2.844062,-19.85644,-3.7655811,19.538784,07 Elías Piña,2017,47,train
-5.54496,-2.3243186,-22.228268,-2.7240508,20.756897,07 Elías Piña,2017,48,train
7.1149836,12.601895,-17.574915,-3.0909712,12.349529,07 Elías Piña,2017,49,train
8.815134,14.558009,-21.060581,-2.2134135,11.800752,07 Elías Piña,2017,50,train
10.315876,15.921686,-21.912306,-4.0201087,11.75587,07 Elías Piña,2017,51,train
10.219417,22.87644,-13.759567,25.77352,2.6499567,07 Elías Piña,2017,52,train
11.635113,-5.5300827,10.864062,26.726192,22.913454,07 Elías Piña,2018,1,train
12.547222,10.154334,-8.04878,29.722923,6.112092,07 Elías Piña,2018,2,train
14.9481125,8.851149,-6.9772983,29.241438,3.497313,07 Elías Piña,2018,3,train
18.687353,9.410576,-9.021995,23.869244,-0.3084503,07 Elías Piña,2018,4,train
21.50942,4.5039964,-23.177446,-3.1986616,11.302607,07 Elías Piña,2018,5,train
20.628742,13.080976,-19.473114,-9.232861,-0.2956438,07 Elías Piña,2018,6,train
23.701342,12.157646,-19.589521,-11.524771,-2.1865506,07 Elías Piña,2018,7,train
26.939095,11.797135,-19.16438,-9.155568,-6.8790355,07 Elías Piña,2018,8,train
25.25604,6.8557124,-15.14001,-15.67747,-4.04403,07 Elías Piña,2018,9,train
32.367813,1.690597,-20.025452,-8.562511,-5.9112988,07 Elías Piña,2018,10,train
28.093855,-6.063674,-20.058681,-3.713822,-0.40906945,07 Elías Piña,2018,11,train
23.881187,-4.5135536,-14.006632,-4.4492965,-3.1332426,07 Elías Piña,2018,12,train
27.872456,-4.1435556,-12.732831,-11.095388,-7.3946104,07 Elías Piña,2018,13,train
14.733416,-4.547482,-4.43897,-13.736482,-5.1604924,07 Elías Piña,2018,14,train
20.588913,-3.0183856,-8.282777,-8.55971,-13.47834,07 Elías Piña,2018,15,train
22.067776,-1.3292913,-8.545689,-0.5376032,-18.36431,07 Elías Piña,2018,16,train
15.403523,-6.0329003,-4.667007,-7.7808213,-11.553496,07 Elías Piña,2018,17,train
16.01518,-6.7229886,-5.9696717,-6.478824,-13.630851,07 Elías Piña,2018,18,train
15.426121,-4.181381,-4.1897154,0.12242695,-16.377926,07 Elías Piña,2018,19,train
16.31591,-2.20364,-5.1151085,5.03567,-18.789347,07 Elías Piña,2018,20,train
17.999792,-3.0511072,-6.829514,7.6979485,-24.233154,07 Elías Piña,2018,21,train
15.134435,-4.9585757,-6.144081,7.139051,-23.962427,07 Elías Piña,2018,22,train
15.757807,-7.7105255,-7.510777,9.416995,-30.419079,07 Elías Piña,2018,23,train
-9.148618,-20.32463,-12.335053,-2.6328611,-20.023058,07 Elías Piña,2018,24,train
-14.269649,-18.432276,-12.168437,-10.389136,-8.81556,07 Elías Piña,2018,25,train
-17.7367,-21.671991,-14.844755,-3.4939375,-16.464993,07 Elías Piña,2018,26,train
-11.393091,-12.3986225,-4.01974,31.756447,-30.012875,07 Elías Piña,2018,27,train
-15.090692,-10.921121,-4.10444,31.713167,-26.126,07 Elías Piña,2018,28,train
-17.29807,-9.689092,-3.6555529,32.232098,-23.570272,07 Elías Piña,2018,29,train
-16.616774,-6.040158,-2.0355706,35.84878,-21.772053,07 Elías Piña,2018,30,train
-14.189242,-8.982165,-1.6903429,34.335,-25.709906,07 Elías Piña,2018,31,train
-19.61021,-5.504435,-1.1193523,39.830067,-25.474396,07 Elías Piña,2018,32,train
-13.821223,-2.5891378,2.2536266,38.220413,-23.500803,07 Elías Piña,2018,33,train
-12.115099,1.2101,4.305946,39.814568,-20.610495,07 Elías Piña,2018,34,train
-25.88774,-15.03362,-15.675123,-8.664278,-1.9479483,07 Elías Piña,2018,35,train
-24.478186,-15.7998905,-14.831443,-9.475416,-6.1008725,07 Elías Piña,2018,36,train
-23.736052,-11.898615,-13.649238,-8.294037,-2.1331663,07 Elías Piña,2018,37,train
-26.611729,-13.854936,-17.299564,-8.614256,-4.073428,07 Elías Piña,2018,38,train
-26.470818,-12.341503,-16.996103,-8.901901,-2.4976623,07 Elías Piña,2018,39,train
-20.109867,-5.166746,-12.215159,-10.742165,8.490729,07 Elías Piña,2018,40,train
-17.53329,-3.5176032,-10.9421215,-10.702835,8.631075,07 Elías Piña,2018,41,train
-22.565422,-0.7540942,-16.83636,-8.51779,9.338453,07 Elías Piña,2018,42,train
-24.418621,2.355926,-20.937319,-3.9527109,8.288392,07 Elías Piña,2018,43,train
-24.052347,3.2709882,-22.368025,-7.0922966,10.568684,07 Elías Piña,2018,44,train
-18.406355,5.5719357,-18.455149,-7.327844,10.578523,07 Elías Piña,2018,45,train
-16.020239,9.474436,-19.68732,-2.7685726,8.866397,07 Elías Piña,2018,46,train
-19.287989,11.293452,-24.364822,-4.9771333,10.835993,07 Elías Piña,2018,47,train
4.226157,20.084652,-16.85809,-4.90611,6.5383387,07 Elías Piña,2018,48,train
8.479278,23.642872,-22.737637,-0.90991247,4.5972037,07 Elías Piña,2018,49,train
9.847166,22.711771,-21.704264,-3.7305365,5.866633,07 Elías Piña,2018,50,train
9.819979,22.16668,-21.53568,-6.377683,7.2894316,07 Elías Piña,2018,51,train
9.354191,29.640465,-12.349322,25.323927,-2.429391,07 Elías Piña,2018,52,train
11.731398,30.58815,-10.646153,26.461855,-5.6146603,07 Elías Piña,2019,1,train
14.554431,28.552837,-5.5579524,30.278397,-8.4272995,07 Elías Piña,2019,2,train
17.825724,26.093317,-6.1019497,26.557533,-10.722622,07 Elías Piña,2019,3,train
22.578585,24.295767,-7.710116,23.036118,-13.799488,07 Elías Piña,2019,4,train
14.416064,16.47391,-16.014143,-13.753686,1.6402686,07 Elías Piña,2019,5,train
13.514328,16.543139,-11.03863,-16.759256,-1.7624363,07 Elías Piña,2019,6,train
17.487766,18.035496,-14.266432,-18.487883,-5.511985,07 Elías Piña,2019,7,train
23.981426,18.941895,-17.198286,-15.554709,-12.499332,07 Elías Piña,2019,8,train
20.391253,16.709225,-13.609947,-16.15792,-13.543987,07 Elías Piña,2019,9,train
20.550875,9.714334,-11.543641,-10.990689,-12.092549,07 Elías Piña,2019,10,train
22.664686,5.9886427,-10.108254,-13.190317,-12.0216255,07 Elías Piña,2019,11,train
20.103607,3.8454802,-9.673707,-18.532587,-15.719326,07 Elías Piña,2019,12,train
8.120215,-2.5412447,15.476711,-21.551105,8.6048975,07 Elías Piña,2019,13,train
14.420698,-1.6302274,-3.5083165,-14.910184,-8.150449,07 Elías Piña,2019,14,train
18.699095,-0.24206042,-6.8500657,-11.536138,-14.059675,07 Elías Piña,2019,15,train
21.494648,1.9161034,-7.696113,-4.649171,-18.852066,07 Elías Piña,2019,16,train
14.81135,-6.0069404,-4.3547893,-17.346064,-11.741523,07 Elías Piña,2019,17,train
15.55532,-5.620014,-5.822967,-11.285779,-17.292107,07 Elías Piña,2019,18,train
13.201074,2.3502169,-2.5084395,2.4687383,-21.366573,07 Elías Piña,2019,19,train
-7.7487283,-12.996054,-9.369851,-16.782293,-18.540993,07 Elías Piña,2019,20,train
-3.520788,-9.280626,10.571926,-16.432774,6.183519,07 Elías Piña,2019,21,train
-3.0991726,-10.029847,15.074075,-15.042355,8.382998,07 Elías Piña,2019,22,train
-10.2464,-7.5480895,-3.34571,-13.988282,-3.4558554,07 Elías Piña,2019,23,train
-13.988124,-9.716452,-5.0350466,-11.512158,-8.679763,07 Elías Piña,2019,24,train
-23.58687,-13.3426075,-12.308109,-8.948528,-15.370723,07 Elías Piña,2019,25,train
-25.477087,-10.977575,-12.283485,-10.153544,-10.254763,07 Elías Piña,2019,26,train
-28.544683,8.25869,0.686842,45.894463,-21.36557,07 Elías Piña,2019,27,train
-29.485447,6.6057143,-2.24735,32.409,-22.681751,07 Elías Piña,2019,28,train
-30.555662,2.8741803,-4.934185,33.6832,-23.00262,07 Elías Piña,2019,29,train
-29.39643,1.7939572,-5.620768,26.860802,-21.184187,07 Elías Piña,2019,30,train
-24.334812,8.706265,0.6037165,37.874,-12.811109,07 Elías Piña,2019,31,train
-28.794304,7.4126415,-2.3558283,32.284794,-15.652669,07 Elías Piña,2019,32,train
-29.430515,2.9495447,-6.5563507,27.696217,-18.642862,07 Elías Piña,2019,33,train
-24.810633,9.327417,-0.45019463,34.13223,-12.538848,07 Elías Piña,2019,34,train
-32.163815,-6.0954003,-17.501072,-5.7752333,-4.978926,07 Elías Piña,2019,35,train
-29.670555,-4.2587924,-14.434184,-7.265233,-6.1431556,07 Elías Piña,2019,36,train
-18.165802,-2.2501924,8.580376,-21.931076,6.4578996,07 Elías Piña,2019,37,train
-19.534725,-1.5753402,-6.9085984,-12.286639,1.6040081,07 Elías Piña,2019,38,train
-10.677329,-0.0702952,4.4215775,-8.807496,6.0539403,07 Elías Piña,2019,39,train
-15.659174,-3.1506002,6.9313555,-17.102676,15.560148,07 Elías Piña,2019,40,train
-20.282873,-0.40751916,-11.229154,-8.717048,5.7862153,07 Elías Piña,2019,41,train
-19.255589,0.50188303,-11.529199,-9.882901,6.3064976,07 Elías Piña,2019,42,train
-18.732628,1.7345445,-12.139566,-11.162789,7.3135386,07 Elías Piña,2019,43,train
-16.324108,4.5013423,-11.759196,-8.578543,6.7655993,07 Elías Piña,2019,44,train
-19.909796,7.9914193,-17.61981,-7.856557,8.011726,07 Elías Piña,2019,45,train
-11.847994,7.124486,-9.620436,-9.802546,7.7901545,07 Elías Piña,2019,46,train
-12.369678,10.331017,-13.676628,-14.1132555,10.177443,07 Elías Piña,2019,47,train
-14.953427,13.407815,-19.294712,-15.153132,12.324039,07 Elías Piña,2019,48,train
-7.747588,9.780276,-9.8922,-11.980922,9.16284,07 Elías Piña,2019,49,train
-8.767226,13.943526,-17.195868,-13.152486,11.808359,07 Elías Piña,2019,50,train
-7.8299394,14.781066,-17.234825,-11.286369,10.54421,07 Elías Piña,2019,51,train
-11.095833,23.267626,-4.4117236,31.386402,-1.935421,07 Elías Piña,2019,52,train
-11.284587,22.301178,-5.456189,33.93477,-1.9842999,07 Elías Piña,2020,1,val
-10.900133,25.675518,-10.493658,37.42228,-3.6258488,07 Elías Piña,2020,2,val
13.821678,26.223557,-5.5177903,26.735403,-8.689311,07 Elías Piña,2020,3,val
11.921186,26.118315,1.4267479,35.696857,-12.729399,07 Elías Piña,2020,4,val
14.256359,16.190445,-15.820519,-12.3591385,1.131768,07 Elías Piña,2020,5,val
14.183901,14.626263,-14.070351,-13.164131,-1.4264216,07 Elías Piña,2020,6,val
21.694344,15.784757,-19.162064,-13.91404,-5.282168,07 Elías Piña,2020,7,val
15.263855,11.399203,-12.295404,-15.340202,-5.4505897,07 Elías Piña,2020,8,val
15.0206785,7.2189803,-8.519364,-12.9561205,-4.9814205,07 Elías Piña,2020,9,val
16.605755,-0.40384018,-10.581556,-14.029763,-1.180483,07 Elías Piña,2020,10,val
20.104803,-2.486259,-9.593719,-18.124418,-1.7028211,07 Elías Piña,2020,11,val
26.118343,-2.885006,-12.890744,-16.633425,-7.4551845,07 Elías Piña,2020,12,val
23.335155,-7.8130436,-11.291214,-11.413338,-8.757083,07 Elías Piña,2020,13,val
23.53424,-11.336464,-12.302414,-2.83162,-11.213459,07 Elías Piña,2020,14,val
22.377537,-16.054457,-13.878358,-1.9738879,-13.381163,07 Elías Piña,2020,15,val
24.353636,-12.0331135,-12.462572,4.652458,-18.140993,07 Elías Piña,2020,16,val
23.376108,-16.216969,-13.667945,3.8798735,-17.946726,07 Elías Piña,2020,17,val
20.949593,-12.571602,-10.418259,4.886857,-18.585655,07 Elías Piña,2020,18,val
14.344924,-21.061584,2.901893,-11.508321,17.11531,07 Elías Piña,2020,19,val
17.314878,-18.668,-10.158089,-0.8295001,-10.560849,07 Elías Piña,2020,20,val
14.473212,-17.71705,-7.913907,-0.7138087,-10.026748,07 Elías Piña,2020,21,val
15.799121,-20.313953,-7.993352,0.7969983,-8.782662,07 Elías Piña,2020,22,val
14.285903,-18.246689,-6.1915812,6.107243,-12.25982,07 Elías Piña,2020,23,val
11.869118,-15.363141,-3.972099,5.0680175,-10.981858,07 Elías Piña,2020,24,val
11.730614,-15.73097,-3.370321,7.816206,-9.049191,07 Elías Piña,2020,25,val
12.968215,-14.492563,-7.117364,12.62424,-20.79669,07 Elías Piña,2020,26,val
15.277763,-3.5047934,5.7722526,44.22934,-17.40881,07 Elías Piña,2020,27,val
17.007818,-8.580928,-0.18506509,31.441103,-21.39498,07 Elías Piña,2020,28,val
16.164547,-8.224701,1.2347047,34.11043,-20.538883,07 Elías Piña,2020,29,val
15.884819,-6.2381735,3.757996,37.53654,-19.2114,07 Elías Piña,2020,30,val
13.164389,-7.732242,0.035228994,27.619658,-18.124166,07 Elías Piña,2020,31,val
18.086657,-15.162554,-7.4261985,29.518375,-17.251194,07 Elías Piña,2020,32,val
15.290326,-11.524061,-7.8479924,23.221304,-14.267791,07 Elías Piña,2020,33,val
16.78776,-19.423277,17.327116,27.67392,22.565845,07 Elías Piña,2020,34,val
-9.386843,-20.010464,-13.266331,1.0153239,10.416769,07 Elías Piña,2020,35,val
-15.132808,-17.75683,-15.26351,-4.445155,10.808552,07 Elías Piña,2020,36,val
-12.744797,-15.999537,-13.498611,-2.4598434,10.406657,07 Elías Piña,2020,37,val
-15.16803,-17.266203,-16.008207,-2.2429464,10.555608,07 Elías Piña,2020,38,val
-17.082214,-16.996181,-18.749552,-2.0995123,11.202326,07 Elías Piña,2020,39,val
-21.022844,-10.254154,-20.108912,-1.8106256,9.824403,07 Elías Piña,2020,40,val
-20.936144,-10.07807,-23.990774,-0.85803014,12.917417,07 Elías Piña,2020,41,val
-16.290089,-8.044846,-19.27862,-0.44117272,12.960608,07 Elías Piña,2020,42,val
-17.54228,-7.097899,-21.333298,-1.4614673,14.772721,07 Elías Piña,2020,43,val
-18.552956,-1.8604586,-25.065378,4.92694,13.352049,07 Elías Piña,2020,44,val
-12.650043,-4.6852984,-21.29961,-4.8453856,17.974007,07 Elías Piña,2020,45,val
-7.57178,-3.1393654,-15.817955,-5.590192,17.241705,07 Elías Piña,2020,46,val
-5.5497007,-1.3420242,-16.072027,-5.0273623,17.450142,07 Elías Piña,2020,47,val
-3.9380755,0.5488574,-16.443352,-5.996455,17.081978,07 Elías Piña,2020,48,val
2.379698,-7.0700693,-23.779387,2.743048,24.999989,07 Elías Piña,2020,49,val
13.607078,-2.867836,-16.990717,4.7168355,21.60985,07 Elías Piña,2020,50,val
15.248744,-1.8338464,-19.740452,5.0731406,22.117886,07 Elías Piña,2020,51,val
13.893221,6.811068,-13.101832,35.155815,13.438902,07 Elías Piña,2020,52,val
15.461303,5.011417,-10.625135,39.809895,12.536168,07 Elías Piña,2021,1,val
20.852835,5.6122518,-16.69522,38.045776,11.068516,07 Elías Piña,2021,2,val
19.564568,-0.2142178,-12.5965185,32.967518,10.8088875,07 Elías Piña,2021,3,val
23.559105,2.0756683,-12.740024,37.409466,6.2802715,07 Elías Piña,2021,4,val
21.699429,-9.42096,-22.594212,3.137815,21.808285,07 Elías Piña,2021,5,val
22.992014,-3.2875588,-23.72852,3.0937405,13.029754,07 Elías Piña,2021,6,val
28.313452,-2.7526257,-27.06366,2.948976,9.041877,07 Elías Piña,2021,7,val
29.23952,-3.1519666,-24.50357,-0.4313551,6.067124,07 Elías Piña,2021,8,val
28.542175,-9.763853,-23.787155,-0.8500779,9.102951,07 Elías Piña,2021,9,val
14.126709,-3.3016884,-7.12675,-14.790272,2.6034868,07 Elías Piña,2021,10,val
25.05734,-3.6319427,-14.062601,-16.07721,-0.8800414,07 Elías Piña,2021,11,val
16.685112,-14.623809,1.6124849,-17.379364,17.815634,07 Elías Piña,2021,12,val
19.266945,-8.026747,-9.70456,-12.543516,-3.968671,07 Elías Piña,2021,13,val
12.519096,-6.879176,-3.952966,-10.590348,-0.07471843,07 Elías Piña,2021,14,val
26.870201,-16.666328,-14.662884,-13.060644,-9.272544,07 Elías Piña,2021,15,val
22.936554,-13.148391,-12.831458,-6.967866,-11.714578,07 Elías Piña,2021,16,val
17.514078,-11.79672,-7.117273,-11.848737,-6.0329676,07 Elías Piña,2021,17,val
19.865038,-12.764288,-9.3814335,-3.3903754,-11.9710245,07 Elías Piña,2021,18,val
18.622023,-14.847978,-10.293581,-2.0278583,-13.84107,07 Elías Piña,2021,19,val
16.05658,-18.143423,-8.390554,-7.671532,-9.043379,07 Elías Piña,2021,20,val
11.07932,-18.097374,8.472872,-9.242147,15.2622385,07 Elías Piña,2021,21,val
-2.939538,-18.51225,-9.5655155,-10.585765,-0.018829817,07 Elías Piña,2021,22,val
-1.0769037,-19.256876,6.32623,-13.688656,14.555397,07 Elías Piña,2021,23,val
-8.668822,-19.973795,-11.273022,-4.9990954,-6.6304984,07 Elías Piña,2021,24,val
-12.358324,-17.227394,-10.788328,-9.120251,0.026986279,07 Elías Piña,2021,25,val
-15.637574,-17.799385,-12.586682,-6.5206304,-3.781434,07 Elías Piña,2021,26,val
-6.2534313,-15.943145,-6.486577,41.240364,-15.959944,07 Elías Piña,2021,27,val
-15.461204,-8.307391,-5.7692227,47.568302,-6.3965745,07 Elías Piña,2021,28,val
-9.872281,-13.498561,-6.6563888,36.731133,-11.14592,07 Elías Piña,2021,29,val
-11.295173,-13.486318,-7.030007,37.57449,-7.7330627,07 Elías Piña,2021,30,val
-10.051022,-13.675839,-6.7049227,39.593895,-7.7655654,07 Elías Piña,2021,31,val
-14.887587,-3.7164357,-1.5899136,39.80642,-9.666097,07 Elías Piña,2021,32,val
0.5112307,-9.00553,12.248639,26.609413,13.802738,07 Elías Piña,2021,33,val
-15.888123,-4.8271017,-2.7133121,42.438095,-11.294587,07 Elías Piña,2021,34,val
-26.907763,-17.517136,-20.294468,2.8603735,-3.577257,07 Elías Piña,2021,35,val
-23.918104,-23.251797,-24.32113,3.2886648,3.1096747,07 Elías Piña,2021,36,val
-19.363392,-17.936392,-18.861956,-2.3520265,7.761633,07 Elías Piña,2021,37,val
-16.841082,-15.023385,-17.331583,1.2505147,9.204769,07 Elías Piña,2021,38,val
-15.873918,-14.304511,-16.365934,-2.9954035,12.208704,07 Elías Piña,2021,39,val
-21.104813,-11.950493,-22.46251,-0.17994232,11.811199,07 Elías Piña,2021,40,val
-8.364522,-13.600397,1.5637939,-9.220662,24.853971,07 Elías Piña,2021,41,val
-15.610081,-9.78549,-17.385038,-4.8740716,15.621867,07 Elías Piña,2021,42,val
-20.521942,-8.953224,-25.461212,-2.9692,18.357681,07 Elías Piña,2021,43,val
-17.011894,-7.5899515,-22.884161,-2.8101559,18.697706,07 Elías Piña,2021,44,val
-13.407839,-8.354146,-24.70007,0.9467742,20.057106,07 Elías Piña,2021,45,val
-15.415711,-3.0508833,-33.235157,3.10272,20.483475,07 Elías Piña,2021,46,val
-7.7472086,-3.371914,-23.521633,-2.7273636,21.454206,07 Elías Piña,2021,47,val
10.330595,5.156658,-18.29067,1.8094537,16.620432,07 Elías Piña,2021,48,val
14.661847,5.610544,-25.171947,4.043588,18.856783,07 Elías Piña,2021,49,val
15.335533,6.329573,-25.68421,2.2888384,19.961231,07 Elías Piña,2021,50,val
14.183056,4.486385,-21.624012,3.572496,18.286165,07 Elías Piña,2021,51,val
14.901359,18.342836,-16.759212,41.78488,8.449925,07 Elías Piña,2021,52,val
0.39520347,8.20433,1.1112306,7.092983,-3.298843,08 El Seibo,2015,1,train
1.7336708,9.175907,1.7595475,8.549082,-4.1692743,08 El Seibo,2015,2,train
1.4569995,10.6362505,3.957517,14.104596,-5.653134,08 El Seibo,2015,3,train
3.7566621,11.849401,4.7882757,16.279339,-7.279995,08 El Seibo,2015,4,train
2.1853204,6.0940332,-1.4757711,-6.9496794,0.53816676,08 El Seibo,2015,5,train
5.1157503,5.586386,-2.9078667,-4.586215,0.14448029,08 El Seibo,2015,6,train
3.1429954,3.3153894,-1.4258078,-5.3868527,0.6652851,08 El Seibo,2015,7,train
4.3932624,3.6171913,-1.7057885,-4.8680277,-0.83628005,08 El Seibo,2015,8,train
6.1115484,4.043367,-1.7420343,-3.3490798,-2.9772863,08 El Seibo,2015,9,train
6.317184,4.2805653,-1.1064662,-1.897971,-3.8644547,08 El Seibo,2015,10,train
6.0685563,3.7989721,-1.6557672,-2.512532,-4.7128997,08 El Seibo,2015,11,train
8.52191,3.0528188,-0.65600455,-5.1863556,-5.858413,08 El Seibo,2015,12,train
7.817244,1.3588011,-0.426349,-5.624144,-8.682374,08 El Seibo,2015,13,train
8.391756,1.9483267,-1.1940507,-2.8610268,-6.7348576,08 El Seibo,2015,14,train
5.895671,1.411362,-0.89333934,-2.1453114,-5.9375005,08 El Seibo,2015,15,train
6.342418,0.0843483,-0.9037342,-3.5565104,-8.046496,08 El Seibo,2015,16,train
6.6494474,-1.8741089,-0.79338753,-3.7573047,-12.055049,08 El Seibo,2015,17,train
5.3805995,-1.7930827,-2.013113,-2.4430585,-13.336857,08 El Seibo,2015,18,train
1.7460772,1.7425506,0.96204436,-3.2082691,-14.738144,08 El Seibo,2015,19,train
0.929756,2.465666,1.438642,-2.023595,-13.203622,08 El Seibo,2015,20,train
1.5661172,-0.42769474,1.849728,-1.4940609,-7.649428,08 El Seibo,2015,21,train
1.5719987,-0.13851151,2.6656694,-1.0279475,-7.130317,08 El Seibo,2015,22,train
2.6999469,-1.8420583,2.3693156,0.21508409,-8.947419,08 El Seibo,2015,23,train
3.0006664,-1.8761482,1.362769,1.3488715,-10.344476,08 El Seibo,2015,24,train
2.3866854,-0.6816602,1.4423182,2.3245163,-8.497187,08 El Seibo,2015,25,train
-5.9953785,-3.7820203,-2.3491802,-0.70753324,-4.624656,08 El Seibo,2015,26,train
-3.2417269,3.89789,3.1454976,11.491064,-8.2392435,08 El Seibo,2015,27,train
-4.3269944,6.167277,5.0586524,16.405827,-9.029503,08 El Seibo,2015,28,train
-5.1093564,4.761803,4.1620073,15.495925,-9.854454,08 El Seibo,2015,29,train
-6.183688,4.5825896,4.7212663,15.689772,-10.026312,08 El Seibo,2015,30,train
-6.02908,2.5438213,2.25121,11.033676,-9.87207,08 El Seibo,2015,31,train
-7.2623315,7.383656,5.332741,14.969113,-12.598052,08 El Seibo,2015,32,train
-8.181121,5.274881,4.31331,12.880018,-12.758109,08 El Seibo,2015,33,train
-8.1183815,8.402848,6.2507463,15.273252,-12.767044,08 El Seibo,2015,34,train
-7.7265253,1.6402267,-1.1423976,-3.0214312,-5.0350223,08 El Seibo,2015,35,train
-11.987204,4.537354,1.5069275,-5.917894,-8.399201,08 El Seibo,2015,36,train
-11.000117,4.6026297,0.82790595,-4.265441,-8.005549,08 El Seibo,2015,37,train
-9.755778,5.9524546,2.3480873,-5.6710806,-6.474643,08 El Seibo,2015,38,train
-12.594557,4.937515,0.90364414,-5.9845986,-6.654427,08 El Seibo,2015,39,train
-12.803868,8.897992,1.3602952,-5.1167884,-8.664441,08 El Seibo,2015,40,train
-14.468258,10.150475,0.8258505,-5.2739835,-8.284193,08 El Seibo,2015,41,train
-13.098001,10.493176,0.89579046,-4.777482,-6.653169,08 El Seibo,2015,42,train
-12.517556,9.218263,0.41797757,-8.932572,-3.7450225,08 El Seibo,2015,43,train
-9.831135,10.331169,2.365035,-8.1319895,-4.60641,08 El Seibo,2015,44,train
-5.7700887,6.3014,0.44432402,-4.3959875,-1.1626444,08 El Seibo,2015,45,train
-7.1887193,8.493725,-2.09719,-1.3542106,-1.339675,08 El Seibo,2015,46,train
-6.2384405,9.073375,-2.6239085,-3.0803015,0.08650886,08 El Seibo,2015,47,train
-2.7258618,12.022473,-1.124736,-7.03883,0.4557915,08 El Seibo,2015,48,train
-2.0855405,9.755612,-1.6224443,-3.665141,-0.5188884,08 El Seibo,2015,49,train
-1.0685846,11.019041,-2.5334148,-3.2173204,-0.009127379,08 El Seibo,2015,50,train
-0.9613041,9.593287,-1.0537144,-2.197416,-1.1783538,08 El Seibo,2015,51,train
-1.6912332,9.903721,0.790367,6.2517486,-3.761265,08 El Seibo,2015,52,train
-3.6879027,18.384691,7.814367,13.425565,-9.995968,08 El Seibo,2016,1,train
-1.3361769,19.913294,6.647361,13.895115,-11.468066,08 El Seibo,2016,2,train
-0.24040058,19.252878,7.209787,14.131115,-12.888177,08 El Seibo,2016,3,train
0.046312563,16.773056,7.33592,14.542907,-12.327885,08 El Seibo,2016,4,train
-1.0559767,12.780433,2.2029343,-9.3468485,-6.012321,08 El Seibo,2016,5,train
1.3421049,12.4448805,1.1939532,-8.693193,-7.205516,08 El Seibo,2016,6,train
0.914915,11.094522,1.7096912,-7.76639,-7.186329,08 El Seibo,2016,7,train
2.27008,12.410725,2.300107,-9.517616,-9.744571,08 El Seibo,2016,8,train
0.37241125,11.21837,4.019424,-7.624192,-9.697463,08 El Seibo,2016,9,train
6.2518454,4.197505,-1.1636375,-3.3254335,-4.2150574,08 El Seibo,2016,10,train
6.385295,4.559486,-0.36228612,-6.656864,-6.1577644,08 El Seibo,2016,11,train
5.472695,3.8789806,-1.0913829,-5.3331766,-7.1136403,08 El Seibo,2016,12,train
5.484101,3.8122728,0.24260326,-5.5033336,-7.824369,08 El Seibo,2016,13,train
3.6005278,3.2329738,1.7953879,-8.460014,-11.089724,08 El Seibo,2016,14,train
4.4248447,2.9435406,1.7616748,-7.9599037,-11.092065,08 El Seibo,2016,15,train
1.4676836,2.4109933,1.5873377,-10.068304,-8.145773,08 El Seibo,2016,16,train
1.0473546,-0.8098814,16.753439,-7.18027,5.649173,08 El Seibo,2016,17,train
-2.0623934,-1.8076469,7.5613666,-10.563125,1.1517572,08 El Seibo,2016,18,train
1.1637806,-7.1690187,-2.5761752,-3.1725488,1.1456283,08 El Seibo,2016,19,train
2.4480972,-10.370178,-3.9322054,1.4688066,-0.8628218,08 El Seibo,2016,20,train
0.5796633,-10.791489,-4.4932346,-0.85813856,1.5592579,08 El Seibo,2016,21,train
0.119917296,-7.935926,8.471305,-3.678175,7.192855,08 El Seibo,2016,22,train
0.27951375,-13.197059,-5.572206,2.7989023,3.0178263,08 El Seibo,2016,23,train
-0.52667284,-13.491884,-6.269757,3.7721615,1.9058564,08 El Seibo,2016,24,train
-2.8103688,-6.6859856,-3.152716,0.9997642,0.6796953,08 El Seibo,2016,25,train
-4.2574987,-8.205721,-4.6100874,1.8165444,0.24778247,08 El Seibo,2016,26,train
-2.4558885,-2.520273,0.35617983,15.336478,-3.8345237,08 El Seibo,2016,27,train
-3.6937006,-1.6911668,0.6370762,17.039446,-4.3310833,08 El Seibo,2016,28,train
-2.5646472,-2.5430171,0.6200459,15.5181465,-4.3095813,08 El Seibo,2016,29,train
-4.5578365,0.18557587,0.5901701,16.647362,-2.2999184,08 El Seibo,2016,30,train
1.8683262,-7.3234973,8.36609,12.283222,10.638744,08 El Seibo,2016,31,train
-2.2529695,-3.4142735,-0.5589216,17.476929,-0.78541505,08 El Seibo,2016,32,train
-1.2488955,-6.5862803,-1.3975832,17.45383,-1.5589118,08 El Seibo,2016,33,train
-0.003994523,-4.0892806,11.685512,16.005661,10.627007,08 El Seibo,2016,34,train
-4.9284587,-9.083056,-6.5983834,4.008949,2.966691,08 El Seibo,2016,35,train
-4.1851325,-8.674097,-6.778556,4.1851597,5.3837624,08 El Seibo,2016,36,train
-2.927881,-8.692881,-5.967852,5.3880816,5.8008127,08 El Seibo,2016,37,train
-3.4392073,-10.941956,-7.8561697,5.7420235,7.7459726,08 El Seibo,2016,38,train
-4.572816,-5.665539,-6.4186053,5.781,4.2691703,08 El Seibo,2016,39,train
-6.7783966,-3.2867224,-4.4579587,0.4080967,4.137044,08 El Seibo,2016,40,train
-7.3327284,-2.7183836,-5.1346583,0.9879151,4.987695,08 El Seibo,2016,41,train
-6.164172,-2.3243158,-4.6493025,-0.028053325,5.468623,08 El Seibo,2016,42,train
-6.730618,-1.6999313,-5.5655065,0.24337737,6.0964136,08 El Seibo,2016,43,train
-2.6305783,-2.5203266,1.8222488,-3.691996,8.965462,08 El Seibo,2016,44,train
-2.4502814,-2.337808,1.4007747,-4.135803,9.749583,08 El Seibo,2016,45,train
-2.546501,-1.815918,4.1625085,-5.399999,13.033318,08 El Seibo,2016,46,train
-0.83133185,-0.18727387,-3.1582372,-1.2223763,5.511234,08 El Seibo,2016,47,train
-2.9103942,1.5078776,-6.6555037,-1.2538863,7.5555496,08 El Seibo,2016,48,train
-1.1474799,1.9932567,-5.892314,2.7654638,5.8892746,08 El Seibo,2016,49,train
-1.1539476,2.4293287,-6.7127895,2.6997528,5.848766,08 El Seibo,2016,50,train
-0.7361864,2.0078492,-6.184739,1.6201447,5.328362,08 El Seibo,2016,51,train
-3.6446872,6.946183,-2.4486706,17.634932,2.6895216,08 El Seibo,2016,52,train
-4.6237526,8.879531,-4.0946217,22.216263,1.7931476,08 El Seibo,2017,1,train
-2.8386266,9.216391,-2.6362727,24.337093,-1.03333,08 El Seibo,2017,2,train
-4.712038,15.515683,-1.6549232,40.593903,-2.5539277,08 El Seibo,2017,3,train
-3.2896721,10.809654,-4.355716,31.22499,-1.3894067,08 El Seibo,2017,4,train
2.37858,-1.2748736,-13.105253,-5.526684,5.110348,08 El Seibo,2017,5,train
1.9657159,-1.2825727,-10.635357,-6.237531,4.1270185,08 El Seibo,2017,6,train
1.8902988,-3.5093362,-11.090464,-11.974454,7.122572,08 El Seibo,2017,7,train
2.6621144,-4.75849,-13.504284,-14.381251,5.9736958,08 El Seibo,2017,8,train
2.0581605,-3.3372135,-11.695368,-7.3293276,1.4293286,08 El Seibo,2017,9,train
3.6472902,-6.47958,-10.602581,-9.675639,4.839152,08 El Seibo,2017,10,train
5.8753133,-10.431024,-14.555745,-7.4018836,6.1350117,08 El Seibo,2017,11,train
6.0338054,-11.190747,-10.706061,-7.6703024,7.803711,08 El Seibo,2017,12,train
7.6715274,-13.908413,-15.519944,-7.863719,6.3006907,08 El Seibo,2017,13,train
13.202573,-6.897312,-6.7417374,-4.1046567,-5.5234795,08 El Seibo,2017,14,train
11.082399,-4.7059236,-4.298452,-1.7889433,-4.5754976,08 El Seibo,2017,15,train
6.837231,-5.615207,-3.6752186,-6.0351176,-1.0470961,08 El Seibo,2017,16,train
5.3723345,-6.5359974,-2.331476,-5.4209933,-0.20552824,08 El Seibo,2017,17,train
6.992181,-8.534974,-3.0328872,-2.981819,-1.3775907,08 El Seibo,2017,18,train
8.816973,-10.849734,-3.759281,0.513287,-0.78844047,08 El Seibo,2017,19,train
7.0125213,-8.767733,-3.4555066,1.3803481,-3.9108183,08 El Seibo,2017,20,train
8.125857,-10.378044,-4.3308434,3.4757452,-3.8962226,08 El Seibo,2017,21,train
6.894899,-9.316053,-3.0892515,3.3488092,-3.50651,08 El Seibo,2017,22,train
8.098273,-10.878432,-3.7509,5.9501805,-5.0071,08 El Seibo,2017,23,train
6.5318823,-7.8257656,-2.141535,5.7667146,-6.557607,08 El Seibo,2017,24,train
6.025249,-7.2315817,-2.0438077,6.1712637,-5.3494477,08 El Seibo,2017,25,train
6.024637,-7.08988,-1.7036258,6.692616,-4.5954447,08 El Seibo,2017,26,train
7.126481,-3.377272,-0.025006581,19.095585,-6.4966288,08 El Seibo,2017,27,train
6.7688694,-1.7228112,2.6672971,25.612509,-5.812282,08 El Seibo,2017,28,train
6.3971663,-3.5669942,0.16808696,16.930178,-4.6355853,08 El Seibo,2017,29,train
8.284512,-5.7245884,0.36561283,20.89634,-3.9299402,08 El Seibo,2017,30,train
6.95896,-4.135977,-1.00831,17.443138,-5.5635414,08 El Seibo,2017,31,train
7.6927967,-4.331114,1.0508559,21.543036,-5.2337866,08 El Seibo,2017,32,train
6.000669,-3.194289,0.5964844,17.276157,-3.556549,08 El Seibo,2017,33,train
6.4298534,-4.381337,1.21563,17.13239,-2.3168113,08 El Seibo,2017,34,train
8.260525,-9.805066,-2.4696128,9.676386,-0.9850984,08 El Seibo,2017,35,train
7.588495,-11.620312,5.574154,6.410202,13.608125,08 El Seibo,2017,36,train
7.482737,-9.076191,-1.0210071,8.652487,1.5217344,08 El Seibo,2017,37,train
6.107884,-10.396579,16.839256,1.3523012,20.419685,08 El Seibo,2017,38,train
-6.692908,-6.680106,-6.926148,1.8877039,5.077645,08 El Seibo,2017,39,train
-4.121241,-7.4840455,-6.4682937,1.1600668,7.9745235,08 El Seibo,2017,40,train
-1.4613642,-10.601819,-1.8023589,0.34722626,15.456237,08 El Seibo,2017,41,train
-4.7200994,-3.7748315,-7.857172,5.35094,5.7989893,08 El Seibo,2017,42,train
-4.737185,-4.613048,-8.383081,3.5225098,8.522527,08 El Seibo,2017,43,train
-4.7069488,-4.361305,-9.80483,3.8104796,9.655941,08 El Seibo,2017,44,train
-0.7696212,-2.9310448,-4.3970737,-0.6885585,8.932011,08 El Seibo,2017,45,train
0.30299833,-3.257001,5.698912,-2.8421533,16.793472,08 El Seibo,2017,46,train
-2.0151613,-4.155785,-11.306554,-1.3076799,13.655904,08 El Seibo,2017,47,train
-0.7077771,-2.7550395,-12.25242,2.6139643,12.785417,08 El Seibo,2017,48,train
3.2224195,5.1290636,-6.942338,1.0284773,5.541203,08 El Seibo,2017,49,train
4.290796,7.3852654,-8.955733,-1.420577,7.9635367,08 El Seibo,2017,50,train
3.9695244,5.312915,-6.361991,1.9310751,4.640459,08 El Seibo,2017,51,train
3.0084202,8.723666,-3.3075829,13.421422,1.8234603,08 El Seibo,2017,52,train
5.1694164,2.8502126,-2.939292,18.887241,5.163913,08 El Seibo,2018,1,train
4.729687,1.7135262,-2.766561,14.472446,3.6738317,08 El Seibo,2018,2,train
6.329427,2.0439262,-2.4618077,14.11413,2.941906,08 El Seibo,2018,3,train
6.344184,1.9234358,-2.637017,13.315367,1.0572861,08 El Seibo,2018,4,train
9.044616,0.2899217,-7.4710264,1.961951,5.151168,08 El Seibo,2018,5,train
6.7526417,3.3229184,-3.9962585,-0.11003868,0.18603738,08 El Seibo,2018,6,train
6.8869295,2.538924,-3.531513,-0.9325743,0.0009860174,08 El Seibo,2018,7,train
8.409443,2.3953404,-5.2839785,-2.4789958,-1.4293513,08 El Seibo,2018,8,train
11.692964,0.67677796,-6.772053,-11.675193,-0.021099554,08 El Seibo,2018,9,train
14.727017,-5.3373723,-9.525401,-2.206131,3.7610884,08 El Seibo,2018,10,train
15.31385,-7.2834153,-9.2423115,1.9882072,4.1424155,08 El Seibo,2018,11,train
14.146013,-6.6491,-7.805369,-0.43260092,2.6678636,08 El Seibo,2018,12,train
11.157256,-1.6691005,-3.7386935,-1.6855623,-1.8093315,08 El Seibo,2018,13,train
10.182854,-3.446259,-2.93179,-7.1619463,-5.9988956,08 El Seibo,2018,14,train
8.33609,-2.2292101,-3.384005,-2.9786212,-6.139095,08 El Seibo,2018,15,train
7.3915315,-3.4449172,-2.4921477,-3.9822974,-5.6405163,08 El Seibo,2018,16,train
8.7281475,-4.8118696,-3.0079646,-3.9049346,-8.359349,08 El Seibo,2018,17,train
6.7099934,-5.517241,-2.6026251,-4.8088264,-6.787469,08 El Seibo,2018,18,train
6.5547214,-4.250967,-2.4455912,-2.3848305,-8.019804,08 El Seibo,2018,19,train
3.8579726,-2.7360854,-1.7628449,-0.8753241,-5.4310436,08 El Seibo,2018,20,train
5.598174,-5.4357443,-1.9254346,-1.0716197,-9.649696,08 El Seibo,2018,21,train
4.872132,-5.105147,-0.49285126,-0.23938717,-8.546483,08 El Seibo,2018,22,train
5.6381726,-5.7207656,-0.9290813,1.4493654,-11.6831,08 El Seibo,2018,23,train
5.057972,-5.036765,0.094636984,2.0382497,-10.362108,08 El Seibo,2018,24,train
-7.797773,-7.6836042,-5.205886,-5.4477606,-1.5715084,08 El Seibo,2018,25,train
-7.8056436,-7.8311443,-4.9196835,-0.31464568,-5.3894315,08 El Seibo,2018,26,train
-7.806451,0.6141678,-0.2472813,20.048792,-8.796274,08 El Seibo,2018,27,train
-9.032859,2.9988198,0.8659521,21.453264,-5.8472595,08 El Seibo,2018,28,train
-7.8832345,0.44752964,0.94926584,17.550728,-6.2519927,08 El Seibo,2018,29,train
-10.91169,0.18663767,-0.2051879,20.412073,-7.3501267,08 El Seibo,2018,30,train
-5.647343,0.29967904,1.1618165,17.55875,-8.037464,08 El Seibo,2018,31,train
-10.820902,2.793811,1.6447725,23.948212,-7.840818,08 El Seibo,2018,32,train
-6.5209503,2.0299115,2.1249332,19.124046,-8.2378845,08 El Seibo,2018,33,train
-6.6359076,1.83181,2.5264013,19.94287,-9.11848,08 El Seibo,2018,34,train
-8.55211,-3.7196646,-4.3945975,-0.6223269,-0.11743549,08 El Seibo,2018,35,train
-9.958534,-4.2917266,-3.1559832,-2.193503,-1.7418816,08 El Seibo,2018,36,train
-9.115368,-3.4586802,-3.4517548,-2.09991,-1.111213,08 El Seibo,2018,37,train
-10.703315,-3.7436666,-4.1961875,-2.2330375,-0.604504,08 El Seibo,2018,38,train
-7.948033,-2.1366146,-2.8762543,-0.38359705,-1.5046661,08 El Seibo,2018,39,train
-12.102986,-3.515179,-6.320313,-7.307707,5.5725303,08 El Seibo,2018,40,train
-7.6106343,-1.3129346,-3.7646825,-4.8145204,4.5181656,08 El Seibo,2018,41,train
-7.2053556,1.809369,-4.1899557,1.3957442,1.6816424,08 El Seibo,2018,42,train
-9.99763,2.405544,-6.0800295,0.34921265,3.539314,08 El Seibo,2018,43,train
-10.532232,2.878737,-9.009215,-2.6432679,5.186993,08 El Seibo,2018,44,train
-6.0882287,3.181469,-4.6626387,-1.5175012,3.6321492,08 El Seibo,2018,45,train
-5.093569,4.0432115,-4.8393993,-0.49094784,2.8896098,08 El Seibo,2018,46,train
-6.4970613,6.170991,-7.4308195,-1.7376648,5.3755693,08 El Seibo,2018,47,train
-6.9923677,7.9836574,-10.408545,-3.5865219,6.931218,08 El Seibo,2018,48,train
-3.8037457,6.377478,-7.3260965,-0.5772197,4.723284,08 El Seibo,2018,49,train
-3.4172516,7.576695,-8.821461,-2.486622,6.365015,08 El Seibo,2018,50,train
-3.6254425,8.211516,-10.8153,-5.331457,8.039226,08 El Seibo,2018,51,train
-4.0837927,8.998588,-3.3366547,14.092221,-0.26352882,08 El Seibo,2018,52,train
-4.9453983,11.761848,-2.7641063,17.346558,-1.2446909,08 El Seibo,2019,1,train
-6.331003,15.0646715,2.567001,31.213667,-4.348305,08 El Seibo,2019,2,train
-6.1832876,14.745938,0.7243514,29.67318,-4.5201406,08 El Seibo,2019,3,train
-5.0517416,12.553784,-0.2966085,25.309061,-5.087897,08 El Seibo,2019,4,train
-0.42936864,2.526834,-9.447038,-12.038175,3.8292994,08 El Seibo,2019,5,train
-1.5730646,2.811881,-7.9118204,-13.847244,2.090883,08 El Seibo,2019,6,train
-1.6692053,1.9846892,-7.495728,-12.918941,0.2716401,08 El Seibo,2019,7,train
-1.2041488,1.4263672,-7.7421293,-11.518128,-1.1951956,08 El Seibo,2019,8,train
-1.1154869,1.2011184,-9.675035,-13.812973,-2.3964858,08 El Seibo,2019,9,train
0.1587118,-1.0431573,-9.48553,-14.466243,-0.715521,08 El Seibo,2019,10,train
0.9341819,-2.518875,-9.950143,-16.589579,-0.60807574,08 El Seibo,2019,11,train
1.2353923,-2.8886037,-9.569556,-17.503357,-1.6924369,08 El Seibo,2019,12,train
5.7011347,-1.1126353,-0.37789515,-10.39658,-3.8910503,08 El Seibo,2019,13,train
8.35379,-0.34334788,-2.991413,-5.9604383,-6.2807984,08 El Seibo,2019,14,train
8.736141,-0.365843,-2.605929,-4.9658275,-7.4422655,08 El Seibo,2019,15,train
7.569797,-1.1794732,-3.051687,-4.861479,-8.1065445,08 El Seibo,2019,16,train
8.246797,-5.4388256,-3.1461148,-11.030557,-8.355027,08 El Seibo,2019,17,train
0.69401306,-5.2932143,-4.3777866,-8.299957,-5.179973,08 El Seibo,2019,18,train
-0.8757947,-5.0117764,-2.5910554,-8.155696,-5.816325,08 El Seibo,2019,19,train
-3.218121,-5.928505,-2.5668232,-6.8404865,-7.206557,08 El Seibo,2019,20,train
-3.5011787,-4.4220085,-1.1487155,-8.330041,-1.9162544,08 El Seibo,2019,21,train
-3.396341,-5.8283715,5.5752964,-11.002127,4.61422,08 El Seibo,2019,22,train
-5.594844,-3.5362718,-0.34746817,-6.619,-3.2824168,08 El Seibo,2019,23,train
-6.0073705,-3.546225,-1.8352978,-2.835169,-6.184148,08 El Seibo,2019,24,train
-8.174689,-4.646849,-3.6685185,-2.1194613,-6.664692,08 El Seibo,2019,25,train
-8.844177,-4.4408374,-3.2491367,-1.7528517,-5.4918914,08 El Seibo,2019,26,train
-7.487226,4.6480904,3.188762,22.899143,-10.778227,08 El Seibo,2019,27,train
-8.4038925,4.5527444,2.1046119,17.94422,-8.420527,08 El Seibo,2019,28,train
-8.404023,4.5881634,1.7079587,15.737106,-7.864273,08 El Seibo,2019,29,train
-10.832829,4.2618103,0.285223,13.937167,-8.075539,08 El Seibo,2019,30,train
-8.533779,7.220488,3.228583,19.553045,-6.0769634,08 El Seibo,2019,31,train
-10.130775,6.718713,2.6925638,17.86425,-6.722143,08 El Seibo,2019,32,train
-10.504381,5.479082,1.5157489,15.396966,-6.438669,08 El Seibo,2019,33,train
-10.391652,5.871433,1.958701,15.539146,-5.8422575,08 El Seibo,2019,34,train
-14.643651,-0.91430104,-4.6534557,-0.6909442,-2.924718,08 El Seibo,2019,35,train
-13.651861,0.42033514,-3.634673,-2.5512636,-3.3713162,08 El Seibo,2019,36,train
-12.456838,0.41377822,-2.526551,-1.990857,-3.3349051,08 El Seibo,2019,37,train
-8.572524,0.95600784,11.813033,-10.204699,7.7697263,08 El Seibo,2019,38,train
-10.343566,1.4674431,5.930859,-10.682201,3.5895934,08 El Seibo,2019,39,train
-10.233747,1.6961772,-1.5521898,-4.7191877,1.0472666,08 El Seibo,2019,40,train
-13.560466,2.820098,-5.57504,-1.2219951,0.03745146,08 El Seibo,2019,41,train
-13.610287,3.2787097,-5.902898,-1.5000067,1.1354434,08 El Seibo,2019,42,train
-7.637954,3.7518606,-2.501123,-3.2611284,0.9745652,08 El Seibo,2019,43,train
-9.439619,5.902726,-5.556196,0.030549124,1.2279603,08 El Seibo,2019,44,train
-9.497792,5.8446627,-6.3570924,-1.9006631,2.173403,08 El Seibo,2019,45,train
-8.862426,6.536484,-5.9750423,-4.2519217,3.874048,08 El Seibo,2019,46,train
-8.750636,8.779504,-8.726116,-5.955008,4.813288,08 El Seibo,2019,47,train
-7.4900594,9.840035,-8.491449,-4.268557,4.1527233,08 El Seibo,2019,48,train
-1.3229858,9.860945,-3.1016037,-3.9772437,2.763035,08 El Seibo,2019,49,train
-0.61004037,7.414482,-1.8720409,-1.403052,0.017957462,08 El Seibo,2019,50,train
-0.082805045,9.597952,-4.190822,-1.4765059,0.6574312,08 El Seibo,2019,51,train
-2.2794468,14.215466,0.999457,13.998916,-2.7076678,08 El Seibo,2019,52,train
-0.025603395,11.536167,-0.5683499,11.161347,-1.5721467,08 El Seibo,2020,1,val
0.3955316,8.947037,-0.84039843,10.122611,-2.7751327,08 El Seibo,2020,2,val
2.0417287,8.546879,-0.09050653,11.690506,-3.8428783,08 El Seibo,2020,3,val
2.7718313,11.658743,3.3340259,18.283203,-5.268046,08 El Seibo,2020,4,val
6.0009847,8.594756,-4.7919006,-7.0501776,1.3203164,08 El Seibo,2020,5,val
4.503543,7.233123,-3.171541,-4.870287,-1.3676801,08 El Seibo,2020,6,val
4.209307,5.7521973,-2.1964817,-3.1567194,-2.5957747,08 El Seibo,2020,7,val
4.7447276,4.623026,-2.8936248,-7.2177167,-1.3779225,08 El Seibo,2020,8,val
6.43839,4.954735,-1.9934913,-8.5314865,-3.1128163,08 El Seibo,2020,9,val
7.628932,-0.60795814,-3.9784446,-4.298817,0.48182693,08 El Seibo,2020,10,val
6.668387,-2.1968827,-3.0996299,-6.2114944,1.2208313,08 El Seibo,2020,11,val
8.355042,-0.7482367,-3.232524,-2.9236462,-1.6567681,08 El Seibo,2020,12,val
8.831654,-2.8772066,-3.206378,-3.8930528,-1.4057386,08 El Seibo,2020,13,val
15.966953,-9.814814,-7.245444,-6.094446,-1.1650434,08 El Seibo,2020,14,val
11.672218,-12.519029,-5.7687964,-2.6808758,-0.6963157,08 El Seibo,2020,15,val
9.9734335,-8.316046,-5.29662,0.24419121,-3.1169796,08 El Seibo,2020,16,val
10.989256,-9.674372,-6.010619,0.5818442,-4.855245,08 El Seibo,2020,17,val
11.172805,-11.414232,-5.942065,0.34983167,-4.64443,08 El Seibo,2020,18,val
9.327527,-11.945019,-5.0187993,1.581024,-1.7447709,08 El Seibo,2020,19,val
8.41514,-9.757818,-4.443909,2.552335,-3.1230407,08 El Seibo,2020,20,val
8.650796,-11.758558,-3.827192,3.195982,-2.283929,08 El Seibo,2020,21,val
9.226887,-13.043598,-3.4965742,4.4427905,-1.0943542,08 El Seibo,2020,22,val
7.408815,-9.966135,-3.5859435,5.4652815,-4.478733,08 El Seibo,2020,23,val
9.2087555,-13.156394,-2.633106,7.266021,-3.5392337,08 El Seibo,2020,24,val
7.858405,-10.462842,-3.7292519,7.7404113,-5.5773177,08 El Seibo,2020,25,val
-7.1466227,-9.210718,-7.4877615,1.4618357,-2.7366984,08 El Seibo,2020,26,val
-7.9035673,-4.0138016,-2.9051938,25.273766,-3.7705204,08 El Seibo,2020,27,val
-5.6761045,-3.4262023,-2.0917501,20.612597,-4.7722335,08 El Seibo,2020,28,val
-3.8679256,-3.2011414,-0.6110839,21.113142,-5.124649,08 El Seibo,2020,29,val
-5.2547536,-2.5927637,-1.523779,19.050919,-4.8748646,08 El Seibo,2020,30,val
2.653815,-9.293599,17.39697,13.688036,16.173496,08 El Seibo,2020,31,val
-0.83946157,-10.532762,-5.465253,20.968985,1.7145057,08 El Seibo,2020,32,val
-5.95048,-7.1196322,-6.3078794,18.870258,1.2339412,08 El Seibo,2020,33,val
4.0228176,-15.492751,7.876237,16.143967,20.788948,08 El Seibo,2020,34,val
-3.990705,-13.51199,-10.039935,6.9754524,5.1499505,08 El Seibo,2020,35,val
-6.638658,-7.333333,-7.6860733,3.7667375,3.229048,08 El Seibo,2020,36,val
-5.396729,-10.010084,-7.591233,3.7051725,5.6481786,08 El Seibo,2020,37,val
-6.8614507,-12.782431,-10.810393,5.379728,6.9547114,08 El Seibo,2020,38,val
-6.4840174,-11.795144,-10.45927,5.3155904,7.60412,08 El Seibo,2020,39,val
-6.132963,-4.8002553,-6.3052506,0.7969102,4.5730166,08 El Seibo,2020,40,val
-6.8037715,-5.8807607,-9.166812,2.7443254,6.6968007,08 El Seibo,2020,41,val
-5.716477,-4.723617,-7.6329703,2.0652838,6.778956,08 El Seibo,2020,42,val
-8.297397,-5.4667444,-12.239936,3.1457589,9.259587,08 El Seibo,2020,43,val
-4.9801917,-1.3083268,-9.251805,5.193953,4.8686733,08 El Seibo,2020,44,val
-0.22866003,-6.1280003,4.6479506,-4.576326,17.875027,08 El Seibo,2020,45,val
-1.1506052,-1.3287894,-5.689987,0.28845465,6.9394865,08 El Seibo,2020,46,val
-1.8771917,-0.9186735,-8.02541,0.09662458,9.08663,08 El Seibo,2020,47,val
-1.5575306,-0.4573642,-9.858181,-2.4220805,10.322022,08 El Seibo,2020,48,val
4.7665777,-6.446005,-15.840749,5.9532623,17.677437,08 El Seibo,2020,49,val
6.089963,-8.212179,-12.490016,6.4400096,16.814436,08 El Seibo,2020,50,val
6.0211506,-7.3695054,-13.661499,6.7218065,16.11014,08 El Seibo,2020,51,val
3.418002,-3.3475966,-8.272347,22.23175,10.493989,08 El Seibo,2020,52,val
5.044955,-3.855414,-10.289979,28.527452,13.3434,08 El Seibo,2021,1,val
6.191838,-7.0032063,-11.781808,24.362055,13.428942,08 El Seibo,2021,2,val
6.1751604,-6.604329,-11.198299,25.00171,12.419228,08 El Seibo,2021,3,val
5.3226995,-4.568255,-10.125815,26.974157,9.820706,08 El Seibo,2021,4,val
9.376154,-13.150886,-16.525864,6.3834476,15.492846,08 El Seibo,2021,5,val
6.786881,-9.01887,-15.367535,2.3952315,9.466506,08 El Seibo,2021,6,val
7.065723,-9.63652,-16.581919,2.0656736,8.852589,08 El Seibo,2021,7,val
6.479536,-9.144064,-14.762672,1.332936,7.59809,08 El Seibo,2021,8,val
8.92517,-14.018683,-17.544996,0.4029366,11.768537,08 El Seibo,2021,9,val
3.1975033,-6.1332645,-9.700918,-10.136237,4.383764,08 El Seibo,2021,10,val
11.497314,-1.3235425,-6.2523427,-5.466614,-1.6860961,08 El Seibo,2021,11,val
9.869989,-2.3978503,-4.883879,-3.853846,-1.4796072,08 El Seibo,2021,12,val
10.225766,-4.460549,-5.158249,-2.9214034,-1.932791,08 El Seibo,2021,13,val
10.0947275,-4.9502063,-4.79108,-7.43283,-1.2906355,08 El Seibo,2021,14,val
14.157382,-11.820893,-7.090681,-5.923199,-1.5071023,08 El Seibo,2021,15,val
10.473749,-7.742543,-5.3393345,-0.10547756,-3.5072727,08 El Seibo,2021,16,val
8.155611,-6.2028604,-3.3567877,-2.4259593,-2.364367,08 El Seibo,2021,17,val
8.451086,-6.93263,-4.5626283,-0.17312486,-3.9714203,08 El Seibo,2021,18,val
7.8641696,-8.109411,-4.0984297,0.07878187,-4.174023,08 El Seibo,2021,19,val
7.897093,-9.1744585,-3.6046278,0.036511,-3.974747,08 El Seibo,2021,20,val
7.057605,-8.240365,-3.1076267,1.9005401,-3.2491639,08 El Seibo,2021,21,val
4.6636047,-5.175382,-2.1490202,2.2117903,-3.265552,08 El Seibo,2021,22,val
5.2921906,-6.5028896,-0.6204266,2.0832508,-3.0218408,08 El Seibo,2021,23,val
5.347734,-6.0988817,-1.8434018,3.8775885,-5.1225777,08 El Seibo,2021,24,val
4.685387,-5.201598,-0.5637761,4.157155,-4.7619843,08 El Seibo,2021,25,val
5.0480657,-5.8515644,-1.5231421,5.1973314,-5.396704,08 El Seibo,2021,26,val
6.972728,-3.1857486,-0.73110825,18.383072,-4.3369317,08 El Seibo,2021,27,val
6.0567775,-2.144183,0.2899085,19.103788,-3.9845772,08 El Seibo,2021,28,val
8.054998,-5.1913223,-0.5993149,20.4659,-2.3999224,08 El Seibo,2021,29,val
-3.4120214,-4.034789,-2.700153,22.28254,1.0352294,08 El Seibo,2021,30,val
-1.0754613,-5.139926,-1.9357646,21.587093,1.6045389,08 El Seibo,2021,31,val
1.2292444,-8.264295,9.985228,16.045153,13.959757,08 El Seibo,2021,32,val
-8.235565,1.20287,-0.7963112,20.14937,-1.5334593,08 El Seibo,2021,33,val
-6.990027,-3.7553551,-2.4533257,17.538721,-3.5630293,08 El Seibo,2021,34,val
-11.71537,-10.1587715,-9.438184,2.8859138,2.105155,08 El Seibo,2021,35,val
-6.720759,-9.413873,-8.176397,5.0137897,4.1003613,08 El Seibo,2021,36,val
-4.2682657,-9.33556,-6.8094726,3.1380677,5.807659,08 El Seibo,2021,37,val
-6.3280888,-11.856813,-9.721795,4.326992,7.320977,08 El Seibo,2021,38,val
-7.883596,-11.069359,-9.939568,0.5767522,8.742378,08 El Seibo,2021,39,val
-7.186923,-5.244905,-8.934295,5.597908,4.549523,08 El Seibo,2021,40,val
-6.457628,-5.867984,-6.891604,-0.58442354,7.643694,08 El Seibo,2021,41,val
-7.1762724,-6.0741324,-10.031375,2.4454963,8.493311,08 El Seibo,2021,42,val
-8.697282,-3.8699663,-12.606613,6.124855,9.420945,08 El Seibo,2021,43,val
-6.7472987,-3.1277704,-11.456346,5.589881,9.155562,08 El Seibo,2021,44,val
-5.9217377,-3.3114529,-14.110038,6.2008643,10.944427,08 El Seibo,2021,45,val
-4.8809834,-0.3873799,-14.588097,9.247045,8.558701,08 El Seibo,2021,46,val
-2.5914488,-0.4051178,-13.266042,4.9851265,11.507969,08 El Seibo,2021,47,val
-1.5011808,-0.5264765,-14.282268,5.56242,11.63316,08 El Seibo,2021,48,val
2.167922,-1.3698431,-13.975538,9.2967415,10.590818,08 El Seibo,2021,49,val
2.6462348,-2.1205933,-11.46898,7.617787,9.918441,08 El Seibo,2021,50,val
4.6457663,-6.523056,-14.167923,2.583724,17.180939,08 El Seibo,2021,51,val
1.3239199,1.2844028,-9.461859,23.154463,8.500542,08 El Seibo,2021,52,val
1.1052814,9.696283,6.6083927,7.560197,-0.168885,09 Espaillat,2015,1,train
2.8608327,11.70259,6.3582196,10.660388,-2.1670477,09 Espaillat,2015,2,train
4.0314484,10.719545,6.808353,9.265305,-2.7715638,09 Espaillat,2015,3,train
6.867019,12.483556,6.789585,11.900563,-4.998379,09 Espaillat,2015,4,train
5.0061536,6.9830785,14.372791,-12.422652,11.807883,09 Espaillat,2015,5,train
6.965586,7.353701,0.13063672,-5.0685186,2.1951997,09 Espaillat,2015,6,train
7.053481,6.726932,0.85304624,-4.63201,1.5966543,09 Espaillat,2015,7,train
7.3990154,3.009399,16.13354,-13.671375,11.494016,09 Espaillat,2015,8,train
9.168681,5.5779314,1.6568363,-4.288928,-1.801365,09 Espaillat,2015,9,train
7.4990263,4.7474957,2.9412808,-4.7287602,-2.5099392,09 Espaillat,2015,10,train
6.357706,3.9859817,4.266707,-4.8792505,-2.1580985,09 Espaillat,2015,11,train
8.565534,2.804873,3.7005413,-6.7160654,-4.6624737,09 Espaillat,2015,12,train
8.470178,0.5390939,4.6753454,-6.462047,-9.699751,09 Espaillat,2015,13,train
6.132822,0.28097823,5.8321204,-5.071427,-1.8612931,09 Espaillat,2015,14,train
6.509208,0.75256044,4.4029093,-3.312055,-3.8702939,09 Espaillat,2015,15,train
8.982666,-1.34473,3.7701592,-4.4283285,-9.229652,09 Espaillat,2015,16,train
8.4903555,-4.625885,4.548182,-4.6591406,-13.45646,09 Espaillat,2015,17,train
-1.6125901,-13.223528,2.1601534,-5.897136,-16.663784,09 Espaillat,2015,18,train
-3.648841,-6.232892,4.895271,-6.1739635,-15.375809,09 Espaillat,2015,19,train
-3.9977248,-4.705752,4.493591,-6.5493097,-9.236236,09 Espaillat,2015,20,train
-4.4014764,-2.9254258,5.361151,-5.8812633,-5.7023106,09 Espaillat,2015,21,train
-4.1584754,-4.014031,7.093817,-4.7777634,-2.8493176,09 Espaillat,2015,22,train
-6.1740522,-7.53538,2.7688737,-3.83079,-6.5066204,09 Espaillat,2015,23,train
-7.345986,-7.9694486,2.6367126,-2.5922964,-7.0457125,09 Espaillat,2015,24,train
-6.3742642,-5.2216053,5.49548,-1.8187053,-2.4942803,09 Espaillat,2015,25,train
-8.878209,-7.4394197,2.0789697,-0.936699,-5.6549225,09 Espaillat,2015,26,train
-4.987445,1.7567133,8.364262,10.893376,-8.915706,09 Espaillat,2015,27,train
-5.5154324,3.3358376,10.086819,14.849784,-8.246895,09 Espaillat,2015,28,train
-7.284498,2.4143836,8.566694,12.480041,-8.565021,09 Espaillat,2015,29,train
-11.107174,-0.7818662,6.829964,11.659275,-10.518605,09 Espaillat,2015,30,train
-9.6439295,0.19759162,6.915094,11.137813,-9.654402,09 Espaillat,2015,31,train
-10.439253,4.8057404,9.303616,10.111667,-12.153508,09 Espaillat,2015,32,train
-10.719532,3.6520624,8.268139,7.669827,-11.333257,09 Espaillat,2015,33,train
-12.363164,3.1608868,8.767513,11.124139,-13.068302,09 Espaillat,2015,34,train
-12.69057,1.2204105,4.5573726,-4.7672033,-4.253876,09 Espaillat,2015,35,train
-16.702095,3.3219914,4.691403,-4.501522,-9.663361,09 Espaillat,2015,36,train
-15.300206,4.3678536,4.828556,-4.378106,-8.580314,09 Espaillat,2015,37,train
-14.610794,6.140492,5.4615273,-4.586714,-6.1520863,09 Espaillat,2015,38,train
-15.9328165,6.4413013,4.7492456,-4.106161,-6.4498267,09 Espaillat,2015,39,train
-22.70716,11.093917,2.3906286,-4.3953023,-8.033679,09 Espaillat,2015,40,train
-20.92612,11.948993,2.5863779,-2.8542845,-7.062616,09 Espaillat,2015,41,train
-17.681648,12.4186535,3.8149216,-2.9044116,-6.0546336,09 Espaillat,2015,42,train
-14.727134,11.624299,7.3264194,-8.888471,-1.5590445,09 Espaillat,2015,43,train
-14.488481,14.450665,5.0917993,-6.255762,-3.7652447,09 Espaillat,2015,44,train
-8.396624,9.652904,4.7906346,-3.4248095,0.9953465,09 Espaillat,2015,45,train
-9.107397,11.127567,2.336814,-1.1359495,0.44260657,09 Espaillat,2015,46,train
-9.481595,15.024922,0.8831799,-4.2369885,1.6405671,09 Espaillat,2015,47,train
-4.1858096,16.830997,0.6099251,-6.797784,2.279905,09 Espaillat,2015,48,train
-3.6576755,14.3778515,1.300508,-2.0825524,1.3184938,09 Espaillat,2015,49,train
-2.2425086,15.465814,0.32947487,-1.5875642,2.1982586,09 Espaillat,2015,50,train
-1.3546789,13.007433,1.175222,-2.1734264,1.696427,09 Espaillat,2015,51,train
-2.62892,10.783647,8.773196,7.4657774,0.2311167,09 Espaillat,2015,52,train
-2.0433564,21.317648,8.985655,5.6321883,-7.465755,09 Espaillat,2016,1,train
-0.09432953,24.299295,9.230325,9.21312,-10.010295,09 Espaillat,2016,2,train
-0.05581327,20.395021,12.74166,10.660628,-10.484497,09 Espaillat,2016,3,train
1.4821616,18.933535,12.3089075,9.203322,-11.121195,09 Espaillat,2016,4,train
1.2295865,17.389454,5.550543,-10.671925,-5.2647624,09 Espaillat,2016,5,train
0.58844763,15.249692,6.674078,-10.980073,-5.117944,09 Espaillat,2016,6,train
0.6529443,14.291711,7.0320544,-12.195646,-5.49904,09 Espaillat,2016,7,train
2.9380927,13.9073515,7.224742,-8.669688,-8.906021,09 Espaillat,2016,8,train
1.2001684,12.855203,8.970624,-10.75246,-8.771493,09 Espaillat,2016,9,train
7.2969747,5.7228174,3.5346622,-5.8942323,-3.5048664,09 Espaillat,2016,10,train
9.185432,7.611555,4.702368,-6.727281,-8.563156,09 Espaillat,2016,11,train
7.643912,6.878784,5.2303257,-6.126911,-9.619422,09 Espaillat,2016,12,train
7.9828286,5.701348,5.4173846,-7.969879,-11.116646,09 Espaillat,2016,13,train
4.977238,4.2962623,7.1616955,-9.138006,-14.158348,09 Espaillat,2016,14,train
5.5893493,4.3848395,7.2685595,-8.535381,-12.84081,09 Espaillat,2016,15,train
1.5161285,2.3174386,8.281787,-12.119278,-8.067906,09 Espaillat,2016,16,train
1.4172487,-0.12983759,11.246938,-6.338509,-4.281406,09 Espaillat,2016,17,train
-4.8390317,0.30440867,6.2622604,-12.293803,-10.05172,09 Espaillat,2016,18,train
1.9714639,-10.480555,1.6737583,-0.8505899,0.88637584,09 Espaillat,2016,19,train
2.7152567,-16.368143,-1.6747146,2.456571,0.86104405,09 Espaillat,2016,20,train
-1.0048015,-13.1123705,-1.4672134,-2.3697484,1.7349635,09 Espaillat,2016,21,train
-1.6748209,-10.765266,1.7744472,-1.0132184,1.9998903,09 Espaillat,2016,22,train
-0.5377487,-19.43913,-3.7041306,5.2009363,1.5774592,09 Espaillat,2016,23,train
-1.517227,-20.34832,-4.116779,6.127714,1.5519155,09 Espaillat,2016,24,train
-4.040305,-10.699895,1.1291627,1.9989831,2.2916634,09 Espaillat,2016,25,train
-7.164288,-11.567484,-1.8076648,3.3276381,1.9063053,09 Espaillat,2016,26,train
-5.5350423,-8.20874,2.084868,16.162792,-0.9565253,09 Espaillat,2016,27,train
-6.1501393,-4.0945897,4.5172606,18.530428,-2.1055417,09 Espaillat,2016,28,train
-7.588445,-5.644301,2.8124304,16.627487,-1.3896769,09 Espaillat,2016,29,train
-6.822853,-2.3214471,4.7678194,15.210501,0.40546748,09 Espaillat,2016,30,train
-8.413543,-2.7729645,2.9882379,14.897683,0.25063482,09 Espaillat,2016,31,train
-4.82607,-10.515687,0.014115345,16.50892,2.515855,09 Espaillat,2016,32,train
-3.860244,-12.381368,-0.053849287,17.834963,1.7350161,09 Espaillat,2016,33,train
-7.8931336,-1.4446758,2.6625593,16.12672,4.055288,09 Espaillat,2016,34,train
-9.069379,-12.34601,-4.4306107,6.7531085,4.96871,09 Espaillat,2016,35,train
-6.5162735,-12.3058815,-4.9761786,7.510132,8.329129,09 Espaillat,2016,36,train
-6.410292,-12.856914,-4.681696,8.892742,7.897291,09 Espaillat,2016,37,train
-7.370639,-12.0892,-5.5295544,7.967135,9.287352,09 Espaillat,2016,38,train
-7.5223923,-8.282842,-4.4527063,7.360467,8.228866,09 Espaillat,2016,39,train
-11.5078335,-3.5438054,-3.5061872,2.7197435,6.126691,09 Espaillat,2016,40,train
-10.979562,-3.27069,-3.424957,2.007484,7.694419,09 Espaillat,2016,41,train
-9.9946,-2.9221065,-1.8106918,0.40713453,9.560891,09 Espaillat,2016,42,train
-7.4232864,-3.5199842,7.564461,-3.3109999,16.20461,09 Espaillat,2016,43,train
-6.954677,-0.4434519,-2.7768278,0.41560784,9.813592,09 Espaillat,2016,44,train
-4.4848733,-0.97457385,6.22288,-2.5990756,15.263725,09 Espaillat,2016,45,train
-4.342542,2.3429222,0.27533913,0.6947902,13.047836,09 Espaillat,2016,46,train
-3.6178386,2.0649483,-4.173774,-0.2568076,11.404466,09 Espaillat,2016,47,train
-4.259427,2.9966135,-4.6804957,0.54623634,11.273776,09 Espaillat,2016,48,train
3.824805,5.5471277,-5.374513,3.0975072,11.158938,09 Espaillat,2016,49,train
3.5066648,4.919904,-3.9386528,3.6579916,9.875201,09 Espaillat,2016,50,train
3.0544155,3.3931255,-0.86953515,1.2839351,8.609378,09 Espaillat,2016,51,train
3.0814974,8.263989,0.026041223,14.200907,6.2432313,09 Espaillat,2016,52,train
6.2772775,10.567723,-2.303836,12.986948,6.810652,09 Espaillat,2017,1,train
4.38623,5.6912446,18.682726,20.762821,10.488629,09 Espaillat,2017,2,train
9.1543865,14.026473,5.515535,29.124678,-2.1119099,09 Espaillat,2017,3,train
13.53233,10.902574,2.6356797,21.05476,-1.0610979,09 Espaillat,2017,4,train
11.164982,2.4436183,-4.448353,-0.38298142,8.132171,09 Espaillat,2017,5,train
10.657789,2.716732,-4.6591215,-4.5463104,8.024215,09 Espaillat,2017,6,train
10.4442215,1.970889,-2.3451302,-3.3722851,6.1404524,09 Espaillat,2017,7,train
14.84973,2.1206641,-4.149186,-3.8631473,4.4737926,09 Espaillat,2017,8,train
12.524025,0.15008046,-2.6678116,-4.885793,3.6589801,09 Espaillat,2017,9,train
11.371056,-2.8419034,-1.2815148,-4.0341415,5.1393604,09 Espaillat,2017,10,train
14.814709,-2.9001963,-2.0235114,0.8612878,3.1004176,09 Espaillat,2017,11,train
10.764874,-5.383922,11.400859,-6.3013144,11.98008,09 Espaillat,2017,12,train
15.200874,-7.0230618,-2.21852,-2.4700966,2.6157002,09 Espaillat,2017,13,train
13.165447,-8.790267,-0.15287784,-1.9626943,-2.2312639,09 Espaillat,2017,14,train
11.671624,-6.484716,0.37500378,-5.501612,-0.34891236,09 Espaillat,2017,15,train
7.8730307,-6.9092274,1.3714579,-5.877375,0.74299854,09 Espaillat,2017,16,train
7.84019,-10.282208,11.211788,-5.115877,9.999294,09 Espaillat,2017,17,train
2.8479097,-14.102874,-1.6883515,-7.337656,-0.58770114,09 Espaillat,2017,18,train
4.9794955,-19.108133,-3.5333729,-4.537431,2.8062298,09 Espaillat,2017,19,train
0.15532357,-13.287515,-1.8604295,-4.9335785,0.70377076,09 Espaillat,2017,20,train
2.1114125,-20.242561,-3.904414,2.2341793,1.0573277,09 Espaillat,2017,21,train
-0.5813052,-17.36872,-2.722067,0.11327913,0.69962794,09 Espaillat,2017,22,train
-2.9587717,-18.227564,-1.8107704,2.8663995,-3.8443713,09 Espaillat,2017,23,train
-4.250481,-12.325846,0.13882354,1.3464321,-1.8307194,09 Espaillat,2017,24,train
-5.551131,-10.965368,0.25125226,1.6345037,-1.1489921,09 Espaillat,2017,25,train
-5.1897235,-9.986171,0.40084478,2.1886537,0.122761734,09 Espaillat,2017,26,train
-3.0065715,-5.642996,3.887274,17.314165,-1.7128339,09 Espaillat,2017,27,train
-4.62827,0.0818027,8.288155,22.229824,0.3491827,09 Espaillat,2017,28,train
-3.7618651,-8.205508,2.1699147,15.6081915,-0.86996627,09 Espaillat,2017,29,train
-4.4686666,-10.058707,1.0422342,19.435202,1.2337321,09 Espaillat,2017,30,train
-4.883465,-8.680852,0.9774252,14.423585,0.7485424,09 Espaillat,2017,31,train
-7.2162824,-6.1354923,2.1040175,22.023611,0.23678929,09 Espaillat,2017,32,train
-5.675686,-2.6794627,3.759811,17.483381,0.46499032,09 Espaillat,2017,33,train
-3.7829902,-8.339289,2.2987297,15.020666,-0.5563045,09 Espaillat,2017,34,train
-7.0468163,-12.7333975,-3.1659474,5.456733,4.547755,09 Espaillat,2017,35,train
-5.886157,-12.577147,15.937685,-3.4841535,19.53854,09 Espaillat,2017,36,train
-9.539048,-9.424307,-3.8981113,4.0707345,6.6427245,09 Espaillat,2017,37,train
-7.0319242,-14.828927,14.826395,-5.0652895,23.531538,09 Espaillat,2017,38,train
-11.60711,-8.787062,-4.9335647,6.1223073,6.844311,09 Espaillat,2017,39,train
-9.99607,-9.125352,-6.86724,5.1892715,10.506524,09 Espaillat,2017,40,train
-8.297128,-7.8636346,-5.875477,3.3681066,11.778764,09 Espaillat,2017,41,train
-9.122992,-5.294299,-7.040717,8.259037,10.940934,09 Espaillat,2017,42,train
-9.355872,-5.8697915,-8.923376,7.2622085,13.521127,09 Espaillat,2017,43,train
-5.4636283,-2.848766,-5.2448473,6.3430433,11.7031555,09 Espaillat,2017,44,train
-2.5289564,-5.3432856,3.6420498,-0.42717987,21.232405,09 Espaillat,2017,45,train
-2.466407,1.3101946,0.04432059,2.1885073,14.354474,09 Espaillat,2017,46,train
-4.9360914,-2.7826552,-11.285486,5.479527,17.482996,09 Espaillat,2017,47,train
6.4584365,0.9964715,-6.329969,5.236372,14.133435,09 Espaillat,2017,48,train
3.0824616,6.114997,-4.5835586,1.559053,10.265901,09 Espaillat,2017,49,train
4.2199616,8.354849,-6.553193,1.8540974,12.031627,09 Espaillat,2017,50,train
3.8802922,5.911878,-3.5164945,0.9993216,9.347175,09 Espaillat,2017,51,train
2.782082,9.190727,0.5483287,14.053774,5.448666,09 Espaillat,2017,52,train
7.7371826,0.745372,13.573953,21.060205,17.906609,09 Espaillat,2018,1,train
6.575488,2.2081723,-0.10518224,12.914892,7.056034,09 Espaillat,2018,2,train
5.378298,3.661248,4.843486,15.530588,4.3215184,09 Espaillat,2018,3,train
6.2435637,4.268454,6.151445,16.740267,3.5529716,09 Espaillat,2018,4,train
11.589682,-0.89282227,-4.735688,2.5223598,10.514345,09 Espaillat,2018,5,train
6.6477914,3.0347147,-0.04687027,-1.8983246,4.071414,09 Espaillat,2018,6,train
7.7803016,2.3754115,0.83356994,-2.7094417,3.6450696,09 Espaillat,2018,7,train
9.263205,1.8145275,0.4452437,-4.599763,3.1467047,09 Espaillat,2018,8,train
13.72384,2.2303824,-0.94272447,-8.106619,1.400592,09 Espaillat,2018,9,train
18.240637,-6.590789,-5.7933993,-1.2218717,7.659908,09 Espaillat,2018,10,train
18.51779,-7.8558893,-5.542991,1.6082567,7.27936,09 Espaillat,2018,11,train
16.157133,-8.1200695,-3.5688818,-0.69511384,6.415589,09 Espaillat,2018,12,train
12.707206,-3.702175,0.22504161,-1.8964479,2.337733,09 Espaillat,2018,13,train
10.619591,-4.1294675,1.7310436,-7.173453,-3.9809704,09 Espaillat,2018,14,train
10.664752,-2.01635,2.6996312,-1.4942077,-5.0810194,09 Espaillat,2018,15,train
9.522612,-3.1052427,2.8025506,-1.6900251,-4.946255,09 Espaillat,2018,16,train
10.593795,-4.995087,2.5174189,-2.1847255,-7.5718184,09 Espaillat,2018,17,train
7.705188,-5.3270655,2.451961,-2.7422755,-4.9225106,09 Espaillat,2018,18,train
7.971794,-2.8701932,3.2724574,0.035847098,-6.4494843,09 Espaillat,2018,19,train
0.7850349,-9.162593,2.4559321,-3.0930543,-5.8676867,09 Espaillat,2018,20,train
-0.9076404,-11.78805,1.4806349,-3.246433,-7.978156,09 Espaillat,2018,21,train
-2.8731968,-12.998072,1.015121,-2.1937659,-8.980218,09 Espaillat,2018,22,train
-4.339472,-13.141246,1.338857,-0.59789026,-9.606471,09 Espaillat,2018,23,train
-4.9122186,-11.4977865,1.782888,-0.29176423,-7.4346113,09 Espaillat,2018,24,train
-8.842829,-11.969189,-0.24190365,-1.9465257,-5.0905013,09 Espaillat,2018,25,train
-7.420516,-10.2562275,1.7170113,0.7020961,-5.1716948,09 Espaillat,2018,26,train
-8.249651,-6.1211166,5.153789,16.162823,-9.183612,09 Espaillat,2018,27,train
-12.584331,-1.4199716,4.6678653,21.330235,-5.6312885,09 Espaillat,2018,28,train
-6.6778665,-3.9788315,4.9548326,12.418744,-5.6125746,09 Espaillat,2018,29,train
-9.601978,-5.82439,4.309551,14.083519,-6.995485,09 Espaillat,2018,30,train
-6.9722333,-4.7622967,5.1209817,13.435934,-6.9229918,09 Espaillat,2018,31,train
-8.50749,-3.5583816,5.5402036,13.878363,-7.261469,09 Espaillat,2018,32,train
-6.3771887,0.90689975,7.3994865,16.848396,-5.087542,09 Espaillat,2018,33,train
-6.79842,-2.7707448,6.0254993,13.788444,-7.8234262,09 Espaillat,2018,34,train
-10.356337,-5.671019,0.6531462,-1.3982593,2.0901217,09 Espaillat,2018,35,train
-10.1399975,-4.6678853,1.6842622,-0.62984324,-0.6442274,09 Espaillat,2018,36,train
-11.180952,-4.2932687,0.26759002,-0.75420505,0.2469277,09 Espaillat,2018,37,train
-12.694968,-3.9876451,0.09451405,2.357709,-0.37960804,09 Espaillat,2018,38,train
-10.166045,-3.9239762,1.0401154,-1.1483233,0.31798357,09 Espaillat,2018,39,train
-11.192799,-1.6375027,-0.22355896,-2.072425,6.577136,09 Espaillat,2018,40,train
-12.859795,-0.2861787,-2.9902298,0.0386695,5.807521,09 Espaillat,2018,41,train
-8.73631,0.858606,0.15576325,-0.30867553,6.069551,09 Espaillat,2018,42,train
-13.330705,2.6931543,-3.6235554,1.8698521,6.7105045,09 Espaillat,2018,43,train
-11.062121,3.3568723,-3.6662242,-0.15556687,7.6215696,09 Espaillat,2018,44,train
-7.7415137,4.3749857,-1.340535,-0.4289296,7.291675,09 Espaillat,2018,45,train
-7.8452764,5.612255,-2.7977123,0.5212478,6.9861403,09 Espaillat,2018,46,train
-9.19364,8.480818,-4.5164533,1.870349,8.692933,09 Espaillat,2018,47,train
-6.862377,8.669278,-4.116457,0.10684641,8.655083,09 Espaillat,2018,48,train
0.91190463,9.724734,-2.5763133,0.5404963,6.828897,09 Espaillat,2018,49,train
2.4203598,13.249056,-4.670629,0.92539763,7.897393,09 Espaillat,2018,50,train
2.5275333,12.8701515,-4.9120626,-0.83615226,8.503983,09 Espaillat,2018,51,train
0.95505965,11.088926,2.058961,12.212294,2.566589,09 Espaillat,2018,52,train
4.1804023,14.607732,1.6747613,11.774982,1.1107303,09 Espaillat,2019,1,train
4.623548,14.343313,5.3517094,18.392925,-1.9196297,09 Espaillat,2019,2,train
8.715496,16.332277,5.6076355,20.573988,-4.52713,09 Espaillat,2019,3,train
10.991054,12.691104,4.0178366,11.92796,-4.1096983,09 Espaillat,2019,4,train
10.3787,10.910087,-1.6995164,-3.5073323,1.545375,09 Espaillat,2019,5,train
6.7494526,10.686126,1.0585033,-10.001226,0.35810646,09 Espaillat,2019,6,train
8.139744,10.679576,0.97632605,-9.589416,-1.7379254,09 Espaillat,2019,7,train
9.003912,10.176972,2.6762512,-4.116265,-4.420571,09 Espaillat,2019,8,train
9.068514,9.806212,3.041723,-5.331482,-5.2735763,09 Espaillat,2019,9,train
11.814042,6.0602336,1.554173,-5.6450095,-3.6715882,09 Espaillat,2019,10,train
11.315208,3.3696673,1.7049209,-8.164404,-3.1699383,09 Espaillat,2019,11,train
14.141711,1.8460413,1.8398292,-10.980293,-8.236544,09 Espaillat,2019,12,train
6.1680675,-0.5411048,6.4559684,-6.9176702,-2.6678674,09 Espaillat,2019,13,train
7.824722,-0.020514516,3.664413,-3.9320595,-4.5288734,09 Espaillat,2019,14,train
12.208118,-0.30718443,3.333819,-2.5968156,-9.417964,09 Espaillat,2019,15,train
11.34416,-0.044825356,3.7080154,-1.1501687,-8.930249,09 Espaillat,2019,16,train
9.847953,-5.218865,3.0980945,-6.6978674,-9.681861,09 Espaillat,2019,17,train
7.4186764,-4.9743915,2.9915104,-4.90776,-8.163799,09 Espaillat,2019,18,train
-1.559066,-7.6914535,3.5499501,-5.7456236,-9.220569,09 Espaillat,2019,19,train
-5.4524903,-11.542866,1.6432654,-6.281531,-14.21507,09 Espaillat,2019,20,train
-4.782042,-7.723021,2.9072042,-8.5532875,-3.4613197,09 Espaillat,2019,21,train
-4.7553277,-6.706902,2.7875028,-5.5157065,-4.073454,09 Espaillat,2019,22,train
-8.38572,-7.04198,2.0709617,-6.474359,-6.90081,09 Espaillat,2019,23,train
-9.8867655,-9.070007,2.3820963,-2.8004668,-10.9891615,09 Espaillat,2019,24,train
-11.054998,-7.45691,2.236301,-2.22123,-9.672326,09 Espaillat,2019,25,train
-9.808302,-4.8475995,3.1697052,-1.2077111,-5.7632513,09 Espaillat,2019,26,train
-11.167507,-1.9235708,6.5268874,13.329824,-10.646739,09 Espaillat,2019,27,train
-12.546909,-1.1830938,5.8390236,10.992156,-9.520365,09 Espaillat,2019,28,train
-10.608272,3.047679,6.476621,12.796864,-6.018442,09 Espaillat,2019,29,train
-13.932939,1.0177583,5.0019455,10.80816,-6.533627,09 Espaillat,2019,30,train
-11.045967,4.8939285,6.3191195,13.938342,-4.1852217,09 Espaillat,2019,31,train
-16.774534,-0.32149622,3.2087011,10.220339,-5.7302847,09 Espaillat,2019,32,train
-15.856412,1.50194,3.7403798,11.260761,-4.9877524,09 Espaillat,2019,33,train
-14.987734,2.2756474,3.8284914,10.118722,-4.636364,09 Espaillat,2019,34,train
-17.637554,-0.7605124,-0.1823932,1.6506107,-2.2013197,09 Espaillat,2019,35,train
-17.307375,-0.18135226,0.37010732,-0.064411,-3.8085308,09 Espaillat,2019,36,train
-16.345533,-0.096161895,0.29650044,-1.7410507,-2.3628395,09 Espaillat,2019,37,train
-14.424304,1.0784158,1.2812594,-2.6821663,-0.47846895,09 Espaillat,2019,38,train
-8.677827,1.8233997,12.720844,-3.9538465,6.487592,09 Espaillat,2019,39,train
-11.77679,-0.13328981,12.022614,-7.4956064,11.430246,09 Espaillat,2019,40,train
-14.188605,3.5312586,-0.63939375,2.5794578,2.2259295,09 Espaillat,2019,41,train
-16.090015,3.7717032,-2.1982424,1.6998676,3.5963295,09 Espaillat,2019,42,train
-8.957464,3.6861696,2.0412812,-1.63278,4.407553,09 Espaillat,2019,43,train
-8.797263,4.7272553,1.7113819,-1.5446609,5.028953,09 Espaillat,2019,44,train
-13.578153,7.847504,-3.884335,0.39873067,5.6756525,09 Espaillat,2019,45,train
-9.823847,7.704623,-1.4347926,-0.12515624,5.302204,09 Espaillat,2019,46,train
-8.9569435,9.698448,-2.3801491,-4.454805,7.520965,09 Espaillat,2019,47,train
-9.446635,11.611937,-3.423348,-3.2521176,7.0842767,09 Espaillat,2019,48,train
-2.0333092,11.589641,0.10507577,-4.321577,6.104023,09 Espaillat,2019,49,train
-1.540378,9.342421,1.1731281,-3.367204,4.626423,09 Espaillat,2019,50,train
-0.6691544,13.0280905,-1.6923131,-1.9811184,4.7848196,09 Espaillat,2019,51,train
-1.708067,18.57995,1.9234864,13.4121475,1.2559007,09 Espaillat,2019,52,train
-0.22233416,13.030467,3.3976188,11.159621,1.4278425,09 Espaillat,2020,1,val
0.5980534,11.48202,3.738223,11.183223,0.25092041,09 Espaillat,2020,2,val
1.9929942,11.314214,6.114592,14.401851,-1.0429623,09 Espaillat,2020,3,val
3.9489756,12.522906,7.8317556,16.289965,-2.8383813,09 Espaillat,2020,4,val
7.2427235,10.4821205,-1.103293,-6.553129,2.4143991,09 Espaillat,2020,5,val
5.506677,8.5074835,1.1716393,-6.4051642,0.9054866,09 Espaillat,2020,6,val
5.543964,7.3568273,2.3711503,-3.9631424,-0.8200616,09 Espaillat,2020,7,val
6.162004,6.040724,2.4831517,-5.481227,-0.32897127,09 Espaillat,2020,8,val
7.5245976,5.2444773,2.6055107,-8.251537,-1.1115652,09 Espaillat,2020,9,val
10.5594,-3.3066938,15.335642,-9.260305,13.93114,09 Espaillat,2020,10,val
8.340102,-1.7959677,3.087762,-3.659951,2.324596,09 Espaillat,2020,11,val
10.65934,-1.444047,1.1771895,-3.9250379,0.20744722,09 Espaillat,2020,12,val
9.811581,-3.0377488,1.3676256,-2.0852878,0.3552287,09 Espaillat,2020,13,val
14.600454,-10.188979,-1.4145776,-4.0454965,1.3942215,09 Espaillat,2020,14,val
10.992535,-9.578541,-0.06816066,0.3052849,1.7030014,09 Espaillat,2020,15,val
11.460639,-8.359259,0.34850466,2.4814641,-0.22945765,09 Espaillat,2020,16,val
14.511434,-13.946924,-1.3884223,3.4472768,-1.7072735,09 Espaillat,2020,17,val
13.955519,-11.431415,-0.28129023,4.0838575,-3.5860937,09 Espaillat,2020,18,val
13.382399,-15.629816,-1.5280054,3.5076556,-3.6999183,09 Espaillat,2020,19,val
12.741276,-13.081092,-0.55551726,4.9914894,-4.8668404,09 Espaillat,2020,20,val
9.986443,-13.075463,0.21432908,4.4722333,-1.8073953,09 Espaillat,2020,21,val
12.366946,-16.638702,-0.44488457,6.7133913,-2.4711947,09 Espaillat,2020,22,val
9.082102,-11.69872,0.8336044,6.1931243,-3.687721,09 Espaillat,2020,23,val
9.837676,-13.534904,1.4881139,7.362857,-3.3281426,09 Espaillat,2020,24,val
9.227694,-12.028362,0.987756,8.048879,-4.32637,09 Espaillat,2020,25,val
9.146629,-12.231637,1.3500168,8.866757,-4.7668376,09 Espaillat,2020,26,val
10.0155945,-9.097658,3.328185,18.650055,-3.4481952,09 Espaillat,2020,27,val
10.004489,-9.075745,2.9666348,17.362715,-5.243042,09 Espaillat,2020,28,val
9.783347,-9.186202,3.1909478,19.100807,-2.5932794,09 Espaillat,2020,29,val
-5.411197,-6.857465,2.8175066,19.84503,-1.7375231,09 Espaillat,2020,30,val
0.0916764,-9.3160925,18.871637,19.228409,12.956378,09 Espaillat,2020,31,val
-1.4383097,-17.237915,-2.6459186,18.32902,4.9486494,09 Espaillat,2020,32,val
-1.6548064,-9.887065,0.59744066,15.490228,3.3618746,09 Espaillat,2020,33,val
0.35831293,-12.625525,11.194712,20.002365,17.122477,09 Espaillat,2020,34,val
-3.3749683,-15.982795,-4.775146,8.236611,8.396327,09 Espaillat,2020,35,val
-5.926769,-10.589509,-3.1518354,4.6684566,7.6160455,09 Espaillat,2020,36,val
-7.262578,-13.440946,-5.2997108,7.6451387,7.927834,09 Espaillat,2020,37,val
-6.7692266,-12.239293,-5.1106553,6.841665,9.070689,09 Espaillat,2020,38,val
-6.6119556,-12.046868,-5.193913,5.7040396,10.02472,09 Espaillat,2020,39,val
-9.217386,-5.2650433,-3.9827373,3.7567675,7.932571,09 Espaillat,2020,40,val
-9.582044,-6.60398,-6.8660374,5.5854664,10.603005,09 Espaillat,2020,41,val
-7.859278,-5.0269423,-5.249573,6.0128093,9.93671,09 Espaillat,2020,42,val
-12.916754,-5.7409964,-11.208425,7.5796885,13.715336,09 Espaillat,2020,43,val
-7.7273674,-2.12239,-6.73158,5.435564,11.1341,09 Espaillat,2020,44,val
-5.8031473,-0.93729246,-5.5249004,4.542983,11.656271,09 Espaillat,2020,45,val
-4.211849,-0.19456233,-4.813885,3.869379,11.362298,09 Espaillat,2020,46,val
-4.5856833,-0.33464235,-7.0663567,3.4073327,13.8662815,09 Espaillat,2020,47,val
-2.8023415,1.3286432,-7.448183,3.0207052,14.494613,09 Espaillat,2020,48,val
11.30243,-2.1247883,-9.76536,9.235386,18.251534,09 Espaillat,2020,49,val
10.785574,-8.165894,13.592607,0.35496143,34.03224,09 Espaillat,2020,50,val
9.391359,-4.558375,-5.8169856,6.865506,16.921553,09 Espaillat,2020,51,val
9.852777,-2.5005972,-4.679016,16.962616,14.350266,09 Espaillat,2020,52,val
13.363081,-2.1085267,-6.93858,21.487038,16.678236,09 Espaillat,2021,1,val
16.749632,-4.0049934,-9.141677,20.445723,16.83299,09 Espaillat,2021,2,val
13.7470665,-6.5680523,-4.7304044,18.094711,14.198477,09 Espaillat,2021,3,val
15.757428,-4.6936717,-4.6262736,23.04927,12.351712,09 Espaillat,2021,4,val
15.880808,-9.155855,-8.933365,8.601678,18.758263,09 Espaillat,2021,5,val
15.36032,-4.5192738,-6.791351,7.7323136,11.751613,09 Espaillat,2021,6,val
15.080789,-5.5530715,-6.076783,7.4552884,11.726715,09 Espaillat,2021,7,val
15.795439,-7.0525374,-6.298218,6.4688525,11.42427,09 Espaillat,2021,8,val
21.064762,-10.045422,-9.790104,6.2856994,13.528147,09 Espaillat,2021,9,val
9.901687,-2.8061273,12.652835,-7.348559,12.252367,09 Espaillat,2021,10,val
14.138744,-0.769201,-0.881325,-2.3917875,0.5699019,09 Espaillat,2021,11,val
12.363348,-1.428534,0.048298452,-0.4826323,0.18663976,09 Espaillat,2021,12,val
14.551371,-6.7725997,-1.4865625,-4.2171717,-0.9440855,09 Espaillat,2021,13,val
12.289785,-8.603071,12.2325115,-9.765881,12.0521,09 Espaillat,2021,14,val
17.649956,-14.544067,-2.626054,-2.4746103,-1.3387052,09 Espaillat,2021,15,val
16.140186,-11.377567,-1.1606611,2.6209745,-3.2747672,09 Espaillat,2021,16,val
10.575918,-8.667745,0.35307494,-0.6519297,-0.35245308,09 Espaillat,2021,17,val
5.394612,-17.353992,-1.4021068,-0.057084054,-2.8175507,09 Espaillat,2021,18,val
4.439053,-15.991811,-0.9047237,0.9837962,-2.073609,09 Espaillat,2021,19,val
2.7760758,-18.582724,9.045758,-7.1618924,12.191433,09 Espaillat,2021,20,val
1.556764,-13.592718,-0.25814596,-0.6588039,1.3142794,09 Espaillat,2021,21,val
0.5653446,-8.950073,2.0144024,0.60926133,-0.8514916,09 Espaillat,2021,22,val
-3.2375488,-12.292963,-0.6106043,-3.1981874,0.80547976,09 Espaillat,2021,23,val
-2.8283596,-11.981494,0.45941398,2.0857894,-1.5269387,09 Espaillat,2021,24,val
-6.4177904,-10.015397,0.6052253,-0.5522814,-0.3586804,09 Espaillat,2021,25,val
-9.453697,-11.866395,-1.3892695,2.003384,-2.714658,09 Espaillat,2021,26,val
-0.23726282,-9.514932,0.8377096,21.119198,3.1783884,09 Espaillat,2021,27,val
-2.1461387,-5.9074216,2.7413404,21.054787,2.8651521,09 Espaillat,2021,28,val
-4.5393724,-11.128548,-1.3072535,19.82453,5.114991,09 Espaillat,2021,29,val
-2.1345036,-11.361524,-0.47125578,15.896437,3.671929,09 Espaillat,2021,30,val
-1.8810934,-11.651421,-0.31862023,17.28313,3.9481604,09 Espaillat,2021,31,val
-6.679333,0.054190923,7.998448,21.98371,0.40919194,09 Espaillat,2021,32,val
-8.415444,-2.9193554,2.256896,15.399382,1.2365345,09 Espaillat,2021,33,val
-7.1448154,-7.7963367,1.3052164,15.224112,-0.14017531,09 Espaillat,2021,34,val
-13.656496,-11.026328,-4.100568,5.6244373,3.107223,09 Espaillat,2021,35,val
-6.736025,-13.801097,-4.737885,8.151689,6.9368186,09 Espaillat,2021,36,val
-8.012848,-11.033453,-4.463987,4.248329,8.626544,09 Espaillat,2021,37,val
-5.4291463,-7.9380927,-1.4576042,3.9991102,8.499301,09 Espaillat,2021,38,val
-8.793042,-9.82005,-4.7172813,2.9282413,10.274539,09 Espaillat,2021,39,val
-9.615815,-7.312676,-6.1742625,5.874363,9.632543,09 Espaillat,2021,40,val
-7.9817,-5.948395,-3.396929,2.8785121,10.225096,09 Espaillat,2021,41,val
-9.647545,-5.960633,-7.249103,6.416686,11.588941,09 Espaillat,2021,42,val
-14.61091,-4.263146,-12.373852,11.60425,14.132639,09 Espaillat,2021,43,val
-10.359227,-4.5090494,-10.044718,8.023966,14.210539,09 Espaillat,2021,44,val
-7.3780847,-4.8954616,-10.357884,9.407086,15.843715,09 Espaillat,2021,45,val
-5.6825767,-1.7110091,-9.797552,10.320308,15.189917,09 Espaillat,2021,46,val
-4.705317,-2.4241457,-12.47998,3.8745759,18.787813,09 Espaillat,2021,47,val
6.81137,1.2576302,-7.646527,5.8802357,15.246065,09 Espaillat,2021,48,val
8.907077,-1.8939464,-7.918583,7.3990493,16.20877,09 Espaillat,2021,49,val
8.980941,-1.7178049,-7.686124,6.332415,16.259422,09 Espaillat,2021,50,val
11.245715,-1.552803,-11.029047,8.1945305,19.159672,09 Espaillat,2021,51,val
11.17662,2.1830988,-7.5473475,17.672413,14.783153,09 Espaillat,2021,52,val
4.028256,16.469597,-8.6342,9.924294,-7.3395667,10 Independencia,2015,1,train
3.673695,18.200409,-8.097255,13.84314,-9.94067,10 Independencia,2015,2,train
4.5360527,16.76633,-5.3283334,14.618723,-11.156454,10 Independencia,2015,3,train
6.5568614,16.733036,-3.664507,16.921791,-13.631003,10 Independencia,2015,4,train
3.3594198,10.6539135,-8.960907,-10.368128,-2.0983486,10 Independencia,2015,5,train
6.462272,8.851985,-11.556508,-6.716532,-3.4940467,10 Independencia,2015,6,train
4.5151734,5.642264,-6.664715,-8.305705,-1.001031,10 Independencia,2015,7,train
6.8281736,6.0323176,-10.001116,-9.103209,-4.444166,10 Independencia,2015,8,train
7.504855,6.0729647,-10.023068,-7.7266088,-8.558807,10 Independencia,2015,9,train
8.875023,7.608624,-10.239954,-7.21506,-12.792906,10 Independencia,2015,10,train
8.863009,6.7634087,-10.164985,-7.0281544,-13.874461,10 Independencia,2015,11,train
4.632628,3.4370744,-4.1770816,-10.509264,-11.232359,10 Independencia,2015,12,train
5.538778,2.257647,-4.995203,-9.574891,-14.047569,10 Independencia,2015,13,train
7.1236157,0.4925231,-4.4507537,-8.47218,-10.0465145,10 Independencia,2015,14,train
7.5738783,-1.2530315,-7.9465904,-7.443636,-14.300454,10 Independencia,2015,15,train
7.912831,-0.9008657,-10.032149,-4.400547,-18.860954,10 Independencia,2015,16,train
6.7764697,-2.3808842,-8.587454,-4.2536864,-18.394884,10 Independencia,2015,17,train
7.976658,-1.3415133,-10.868219,-0.53788835,-22.290041,10 Independencia,2015,18,train
5.2130194,-0.8696724,-6.7646093,-6.740979,-20.567043,10 Independencia,2015,19,train
3.8220043,1.6078781,-6.187528,-2.2344348,-24.283285,10 Independencia,2015,20,train
3.024279,-0.541748,-3.7750537,-3.4568505,-18.671316,10 Independencia,2015,21,train
-7.5046287,-3.8658702,-6.5435896,-8.937573,-10.3891325,10 Independencia,2015,22,train
-6.804462,-6.6482873,-8.300916,-5.5261574,-9.711795,10 Independencia,2015,23,train
-9.091519,-7.865721,-11.652009,-4.440633,-12.917912,10 Independencia,2015,24,train
-11.158063,-7.9954977,-12.377986,-3.5594397,-11.50484,10 Independencia,2015,25,train
-11.162949,-7.6717234,-11.247745,-3.820231,-9.313698,10 Independencia,2015,26,train
-7.9183664,4.3410373,-2.4433794,28.304167,-23.366808,10 Independencia,2015,27,train
-9.329998,2.2947943,-3.992701,25.735558,-22.395157,10 Independencia,2015,28,train
-8.299559,3.0716991,-2.2712576,24.868774,-20.53059,10 Independencia,2015,29,train
-9.499304,3.037151,-3.8452609,21.579573,-19.93784,10 Independencia,2015,30,train
-10.764927,1.1840348,-5.3082633,28.682693,-25.696043,10 Independencia,2015,31,train
-10.20966,6.7145,-1.2605131,21.216475,-25.651339,10 Independencia,2015,32,train
-10.667858,2.9689198,-4.6480794,12.317147,-25.41511,10 Independencia,2015,33,train
-12.407756,5.423073,-3.0618947,19.397022,-22.42105,10 Independencia,2015,34,train
-14.817923,1.755764,11.507479,-22.602213,3.9697652,10 Independencia,2015,35,train
-15.607991,4.0159655,-5.748931,-7.575721,-14.205319,10 Independencia,2015,36,train
-18.109869,2.711096,-9.876622,-6.24667,-16.232231,10 Independencia,2015,37,train
-16.920717,4.2479653,-8.048438,-9.006591,-12.975816,10 Independencia,2015,38,train
-14.100232,6.1869016,-3.8439867,-8.120451,-10.744512,10 Independencia,2015,39,train
-17.007925,7.1921616,-5.4214215,-13.077694,-9.40722,10 Independencia,2015,40,train
-18.599892,10.080297,-9.534366,-6.8569727,-13.495556,10 Independencia,2015,41,train
-16.574894,11.271078,-6.17462,-6.2502375,-11.235593,10 Independencia,2015,42,train
-14.558232,11.368116,-2.1712866,-11.611963,-7.8862324,10 Independencia,2015,43,train
-14.901876,12.777629,-3.510617,-8.62535,-8.588386,10 Independencia,2015,44,train
-14.082015,12.894606,-10.522034,-2.1635115,-6.2953544,10 Independencia,2015,45,train
-11.791228,14.126113,-10.243631,-2.5575385,-5.4573207,10 Independencia,2015,46,train
-12.20053,14.789979,-13.323678,-5.878474,-4.4602976,10 Independencia,2015,47,train
-11.091742,14.51294,-13.963986,-8.494031,-2.6178339,10 Independencia,2015,48,train
-6.2105284,10.842733,-7.7900753,-7.290871,-0.24236105,10 Independencia,2015,49,train
-2.090562,14.545392,-6.954629,-6.161278,-2.0161765,10 Independencia,2015,50,train
-1.8955241,14.461782,-6.088161,-8.030576,-1.6526088,10 Independencia,2015,51,train
-2.9723575,19.672302,-3.4673398,13.685757,-7.3335466,10 Independencia,2015,52,train
-2.856515,25.534412,-1.3558787,12.923242,-16.077045,10 Independencia,2016,1,train
-1.0735471,25.724796,-1.3185265,13.285921,-18.049625,10 Independencia,2016,2,train
0.7479891,25.083887,-0.64940035,13.295734,-20.204151,10 Independencia,2016,3,train
0.8233121,23.830774,2.5718482,14.182293,-20.959774,10 Independencia,2016,4,train
0.9822018,21.64704,-9.35639,-11.158172,-15.5747795,10 Independencia,2016,5,train
1.2210877,19.393257,-6.6142526,-8.986547,-16.078295,10 Independencia,2016,6,train
0.31989008,14.315719,-5.086767,-16.250921,-11.32034,10 Independencia,2016,7,train
3.2456071,16.227102,-7.628676,-10.191737,-18.038925,10 Independencia,2016,8,train
-3.6628575,10.420826,13.582168,-23.466055,-3.0147784,10 Independencia,2016,9,train
7.1843777,6.0362716,-6.6906395,-13.725115,-11.178148,10 Independencia,2016,10,train
4.824476,6.4148126,-5.308589,-11.784285,-12.958048,10 Independencia,2016,11,train
8.084455,6.56382,-9.341698,-9.93095,-17.654785,10 Independencia,2016,12,train
5.6324644,5.879058,-6.986113,-9.770524,-18.739264,10 Independencia,2016,13,train
0.63048464,5.8473725,-2.2030735,-11.977186,-16.590986,10 Independencia,2016,14,train
0.8004447,5.695211,-1.2206376,-11.762105,-15.559983,10 Independencia,2016,15,train
-0.5287687,2.9712596,9.261113,-18.63851,-1.5320079,10 Independencia,2016,16,train
-0.4643173,0.79664755,16.23352,-14.687535,4.5813537,10 Independencia,2016,17,train
-2.9464276,-0.98136675,6.272347,-13.330194,0.3646113,10 Independencia,2016,18,train
1.2537856,-11.19837,-7.902924,-3.688602,2.6916826,10 Independencia,2016,19,train
2.585237,-14.467929,-11.030624,0.8400413,0.5372157,10 Independencia,2016,20,train
1.6409525,-13.530568,-0.07144274,-5.831524,11.723078,10 Independencia,2016,21,train
-1.9892805,-9.947699,-6.777731,-4.216997,2.678714,10 Independencia,2016,22,train
-0.86782545,-15.847348,-14.068125,2.3678277,0.75105715,10 Independencia,2016,23,train
-2.082358,-18.588537,-17.221296,3.501085,0.6947735,10 Independencia,2016,24,train
-5.5555162,-14.221435,-15.019814,-0.4060013,2.1663134,10 Independencia,2016,25,train
-7.566679,-12.129244,-13.919709,0.74612015,-0.6935909,10 Independencia,2016,26,train
-5.9661975,-5.5460176,-8.815396,27.451782,-8.334217,10 Independencia,2016,27,train
-6.135231,-7.4522023,-11.279107,24.05549,-7.212388,10 Independencia,2016,28,train
-7.602726,-5.620979,-9.950241,24.25618,-8.506211,10 Independencia,2016,29,train
-7.0057898,-7.4441113,-10.249757,18.587639,-12.058753,10 Independencia,2016,30,train
-8.087515,0.048716214,-3.2717323,27.661777,-7.2023463,10 Independencia,2016,31,train
-4.291873,-7.017194,-9.235579,28.21649,-1.9794571,10 Independencia,2016,32,train
-6.336231,-12.563721,-16.154041,25.74236,-6.398009,10 Independencia,2016,33,train
2.8432887,-13.569752,8.414696,20.533476,19.634645,10 Independencia,2016,34,train
-9.515363,-12.173428,-17.334713,5.997287,-0.74445695,10 Independencia,2016,35,train
-7.323822,-14.308952,-19.571386,7.4909334,4.1693873,10 Independencia,2016,36,train
-5.7370877,-15.822855,-20.60737,9.791401,4.928313,10 Independencia,2016,37,train
-5.656029,-14.079419,-18.79814,7.8238716,5.8239903,10 Independencia,2016,38,train
-10.521895,-12.370069,-22.536955,7.6649723,3.5642612,10 Independencia,2016,39,train
-5.41777,-7.059299,12.599149,-12.224455,19.459036,10 Independencia,2016,40,train
-8.864859,-3.7247417,-9.792708,-1.1515962,4.387647,10 Independencia,2016,41,train
-5.741628,-5.7661834,-0.9579964,-7.712294,12.11746,10 Independencia,2016,42,train
-7.8989496,-3.125877,-9.858017,-3.482685,6.3340006,10 Independencia,2016,43,train
-7.937603,-2.1244266,-11.439316,-2.4864845,6.2083836,10 Independencia,2016,44,train
-6.939847,-1.7350048,-10.298746,-2.5780423,6.8892727,10 Independencia,2016,45,train
-5.1267066,-1.7235101,-7.95107,-4.3750844,8.07578,10 Independencia,2016,46,train
-5.81565,-0.3907723,-13.007081,-5.5282164,8.641116,10 Independencia,2016,47,train
-6.0413427,0.63171625,-15.38429,-4.163264,8.357234,10 Independencia,2016,48,train
-4.4722266,-0.21994337,-17.37403,0.9186387,7.9539227,10 Independencia,2016,49,train
-3.6241882,0.9148443,-16.871857,2.1715102,7.0822577,10 Independencia,2016,50,train
-3.6449318,1.7973852,-20.367277,3.2063708,6.6913924,10 Independencia,2016,51,train
-6.766706,6.080838,-15.448435,20.596502,2.2294571,10 Independencia,2016,52,train
-5.498129,9.355419,-20.352573,23.232613,0.49304676,10 Independencia,2017,1,train
-3.4727812,11.42986,-22.110542,32.393047,-0.22915287,10 Independencia,2017,2,train
-2.2685719,12.328802,-28.672552,33.08316,-0.9030512,10 Independencia,2017,3,train
-2.5094335,9.437296,-17.04367,36.36588,-2.590648,10 Independencia,2017,4,train
3.868016,-2.6151721,-31.515764,-6.4038906,3.6830626,10 Independencia,2017,5,train
2.437663,-1.140783,-24.488438,-6.0225744,0.7815508,10 Independencia,2017,6,train
2.580596,-3.5737207,-20.709234,-8.297257,3.4272683,10 Independencia,2017,7,train
2.940126,-3.9984758,-24.936686,-10.201095,1.2385448,10 Independencia,2017,8,train
3.2753377,-4.2844834,-28.74633,-9.049912,-2.5198436,10 Independencia,2017,9,train
5.3368983,-8.723611,-25.40032,-7.704988,1.9701723,10 Independencia,2017,10,train
5.1145663,-9.941998,-21.355858,-6.90658,3.3084974,10 Independencia,2017,11,train
5.8432307,-12.077121,-15.635574,-7.5597157,6.3488593,10 Independencia,2017,12,train
8.017017,-14.856769,-27.01392,-4.953412,-0.36986488,10 Independencia,2017,13,train
3.9387538,-10.362638,-17.449047,-8.03377,-3.6368384,10 Independencia,2017,14,train
4.689997,-15.351267,-20.688425,-10.265749,-7.8291583,10 Independencia,2017,15,train
2.599766,-11.44728,1.0977776,-15.43917,8.813257,10 Independencia,2017,16,train
2.1503599,-7.7601404,-5.0271635,-6.411128,0.70205677,10 Independencia,2017,17,train
2.223013,-10.530583,-8.799007,-7.8309045,-0.5812033,10 Independencia,2017,18,train
4.174112,-16.266338,-14.1440115,-4.11468,-0.20017993,10 Independencia,2017,19,train
-0.5034751,-10.7042,-12.407959,-7.1019177,-2.727155,10 Independencia,2017,20,train
1.9316641,-16.172575,-14.787578,3.536882,-11.844626,10 Independencia,2017,21,train
-0.083013885,-15.590613,-14.8272,3.5175655,-10.858087,10 Independencia,2017,22,train
-3.7416904,-15.111443,-16.46275,2.5931327,-11.473555,10 Independencia,2017,23,train
-5.8232536,-13.292116,-15.062777,1.0282325,-9.099027,10 Independencia,2017,24,train
-6.740687,-13.039029,-14.422096,4.6157136,-11.992764,10 Independencia,2017,25,train
-8.785298,-13.634822,-16.60686,4.702924,-11.388615,10 Independencia,2017,26,train
-1.4095387,-12.220133,-13.627979,19.4406,-16.304398,10 Independencia,2017,27,train
-5.0028787,-11.073765,-12.165095,26.00123,-12.191647,10 Independencia,2017,28,train
-2.8158488,-13.258156,-13.29101,16.232431,-17.478611,10 Independencia,2017,29,train
-2.1662478,-13.237706,-12.550909,20.449724,-14.201377,10 Independencia,2017,30,train
-6.466106,-10.401898,-13.378826,18.715857,-13.88711,10 Independencia,2017,31,train
-2.1204195,-11.117673,-9.637957,22.351929,-13.621841,10 Independencia,2017,32,train
-5.123348,-11.996774,-13.565391,21.222343,-13.382992,10 Independencia,2017,33,train
-7.6619716,-11.974577,-15.108661,20.063866,-13.459246,10 Independencia,2017,34,train
-12.8021555,-14.646285,-21.546658,8.702515,-8.918178,10 Independencia,2017,35,train
-16.559374,-8.247385,-20.664017,8.058957,-4.924438,10 Independencia,2017,36,train
-11.611575,-8.637628,-16.594564,5.085479,-0.55679566,10 Independencia,2017,37,train
-14.709389,-7.808965,-21.246107,7.7451234,-2.9677954,10 Independencia,2017,38,train
-12.543428,-6.4998474,-16.946539,6.6354895,-0.82459736,10 Independencia,2017,39,train
-9.850024,-8.613993,-18.249533,4.315974,5.200932,10 Independencia,2017,40,train
-10.168593,-8.341038,-20.497246,4.306365,6.5000577,10 Independencia,2017,41,train
-8.256798,-3.380013,-16.468372,8.190165,4.101802,10 Independencia,2017,42,train
-11.052543,-2.4336586,-23.624697,10.383184,4.2344866,10 Independencia,2017,43,train
-9.497591,-5.5123787,-24.201143,5.3131027,8.159306,10 Independencia,2017,44,train
0.09901904,-7.5678844,-1.9028703,-4.7771616,17.89429,10 Independencia,2017,45,train
0.6658172,-6.8560834,0.23430786,-5.917312,19.467978,10 Independencia,2017,46,train
-1.3332139,-3.3944285,-14.529868,1.4425932,10.30027,10 Independencia,2017,47,train
-3.1889405,-0.3784651,-22.550617,5.275024,9.678682,10 Independencia,2017,48,train
-5.3003235,5.7450743,-19.025408,3.4459546,5.5343885,10 Independencia,2017,49,train
-6.1075783,8.186908,-26.559252,5.2765665,5.579114,10 Independencia,2017,50,train
-5.511186,11.981062,-31.689394,10.43051,2.5789158,10 Independencia,2017,51,train
-5.6816535,10.67842,-24.644573,20.202568,1.2176931,10 Independencia,2017,52,train
6.2978177,-10.451192,5.04974,23.327217,22.863546,10 Independencia,2018,1,train
0.13898268,3.461295,-6.457269,26.052406,3.7184017,10 Independencia,2018,2,train
0.90401053,1.8196815,-16.236782,23.418373,5.1906505,10 Independencia,2018,3,train
1.1999879,0.9280753,-15.067134,25.723534,3.2801251,10 Independencia,2018,4,train
5.601098,-5.459326,-31.46256,-3.2629328,5.8553214,10 Independencia,2018,5,train
1.0486599,1.0285434,-24.799253,-8.352099,-2.310526,10 Independencia,2018,6,train
1.2442884,-0.17076217,-26.617537,-12.423264,-1.6083567,10 Independencia,2018,7,train
1.4677157,0.5924936,-27.758244,-6.4066644,-6.1750526,10 Independencia,2018,8,train
18.385859,8.853128,-18.049698,5.2060914,-13.985856,10 Independencia,2018,9,train
17.235872,0.10221883,-17.98982,3.5087633,-7.831892,10 Independencia,2018,10,train
15.833593,-2.3904264,-17.258078,6.2550344,-5.953149,10 Independencia,2018,11,train
15.992471,0.5415466,-16.424221,7.8275423,-11.186075,10 Independencia,2018,12,train
22.055477,3.4738173,-20.13717,9.20415,-20.844051,10 Independencia,2018,13,train
14.791659,2.258378,-13.688213,4.3542733,-14.9579735,10 Independencia,2018,14,train
13.294199,0.26274675,-13.359583,0.13292211,-13.261839,10 Independencia,2018,15,train
13.568595,1.8658892,-12.502937,4.900021,-14.655203,10 Independencia,2018,16,train
11.719542,0.14290516,-10.644365,3.0206044,-12.693315,10 Independencia,2018,17,train
8.027673,-7.3601418,-7.6272573,-9.020129,-8.547623,10 Independencia,2018,18,train
7.542361,-2.6348176,-3.455564,-0.67000395,-8.498302,10 Independencia,2018,19,train
8.3250885,-2.6829095,-5.755983,1.6845565,-12.025066,10 Independencia,2018,20,train
9.738082,-1.0249249,-8.393217,4.982435,-15.413399,10 Independencia,2018,21,train
7.8877997,-2.5928144,-8.583435,4.495264,-15.952208,10 Independencia,2018,22,train
8.412027,-2.2045968,-9.90632,6.707278,-18.928932,10 Independencia,2018,23,train
5.844582,-4.3422685,-6.1969285,4.1642466,-15.451215,10 Independencia,2018,24,train
6.2850356,-3.4963162,-5.174193,6.082124,-15.546442,10 Independencia,2018,25,train
-7.632863,-10.5642395,-13.169492,3.5281146,-15.928338,10 Independencia,2018,26,train
-2.7503953,-8.364713,-11.972795,15.142183,-23.927748,10 Independencia,2018,27,train
-9.709723,-0.6371132,-5.1349044,25.320866,-15.262145,10 Independencia,2018,28,train
-9.002422,-2.1610181,-5.950639,23.21002,-16.181227,10 Independencia,2018,29,train
-4.2877536,-3.528341,-4.0691314,19.27684,-16.48293,10 Independencia,2018,30,train
-3.7652724,-7.4168916,-8.405415,15.891029,-21.097225,10 Independencia,2018,31,train
-9.098731,-0.88788,-5.7930126,25.1096,-19.335085,10 Independencia,2018,32,train
-6.3981338,-0.7436996,-3.8938878,22.618969,-18.439583,10 Independencia,2018,33,train
-3.5744486,-5.636569,-7.028467,13.536595,-20.06669,10 Independencia,2018,34,train
-14.972647,-7.4098687,-14.980816,-1.5801862,-6.387281,10 Independencia,2018,35,train
-14.10397,-7.495208,-13.762469,2.3263738,-12.452279,10 Independencia,2018,36,train
-16.38586,-6.0026846,-15.971507,-3.1535094,-6.1871495,10 Independencia,2018,37,train
-13.143247,-4.963665,-10.470688,-0.1505347,-5.6570024,10 Independencia,2018,38,train
-15.058131,-5.649362,-13.516021,-2.033765,-6.177824,10 Independencia,2018,39,train
-13.075427,-3.6740654,-11.3974285,-8.373432,3.6837888,10 Independencia,2018,40,train
-10.569746,-1.7275345,-9.096828,-6.3377357,3.3631005,10 Independencia,2018,41,train
-16.787003,3.949857,-19.836088,4.985205,-1.5419282,10 Independencia,2018,42,train
-17.449005,6.031208,-22.389242,8.106602,-2.5433235,10 Independencia,2018,43,train
-13.802986,5.080046,-18.537964,2.6557956,0.08346531,10 Independencia,2018,44,train
-14.877522,8.234058,-22.464256,4.5548644,-0.5438119,10 Independencia,2018,45,train
-9.71675,6.5849533,-14.805016,-0.93563366,2.1130319,10 Independencia,2018,46,train
-10.133749,9.646584,-19.462778,0.27389097,1.837801,10 Independencia,2018,47,train
0.9193488,14.574183,-16.180521,-0.4556104,-0.14504588,10 Independencia,2018,48,train
3.8082795,15.107256,-20.091225,2.9791918,-1.8145957,10 Independencia,2018,49,train
2.614953,12.845245,-15.44886,-0.68982494,1.8723872,10 Independencia,2018,50,train
4.2964272,13.067155,-16.443815,-0.543494,0.4611416,10 Independencia,2018,51,train
2.9964595,17.235971,-11.961596,15.92261,-3.8536894,10 Independencia,2018,52,train
2.8551004,17.754145,-7.2630253,19.262611,-6.4017267,10 Independencia,2019,1,train
9.270118,18.513796,-11.743503,16.832193,-9.975613,10 Independencia,2019,2,train
9.850949,16.462994,-8.769176,17.273262,-10.812834,10 Independencia,2019,3,train
13.0064945,15.673394,-11.854821,15.246866,-13.118966,10 Independencia,2019,4,train
5.678658,8.766798,-9.059613,-7.7971525,-0.07666756,10 Independencia,2019,5,train
7.40338,13.336334,-13.364406,-10.116087,-6.8335543,10 Independencia,2019,6,train
5.516138,9.439665,-6.9526525,-10.91394,-5.4400363,10 Independencia,2019,7,train
9.050083,10.26995,-11.27601,-8.008367,-10.919209,10 Independencia,2019,8,train
8.364374,9.116316,-9.662939,-8.96392,-10.494363,10 Independencia,2019,9,train
9.364985,3.9810386,-9.414684,-13.140046,-7.469539,10 Independencia,2019,10,train
13.688306,5.6239424,-12.41828,-6.879124,-13.356604,10 Independencia,2019,11,train
10.680445,3.6842911,-11.017432,-12.220819,-13.840708,10 Independencia,2019,12,train
3.5987673,-0.6406304,6.0941486,-19.778214,2.6388173,10 Independencia,2019,13,train
10.073932,0.09316861,-7.6358504,-8.484696,-10.213818,10 Independencia,2019,14,train
10.193405,1.3078858,-6.795072,-5.2347245,-11.750633,10 Independencia,2019,15,train
8.929302,-0.66982347,-8.330736,-8.147082,-12.46489,10 Independencia,2019,16,train
3.9984636,-2.7242334,6.592207,-19.948788,3.4550319,10 Independencia,2019,17,train
-0.6492157,-4.710835,-6.3474374,-8.53584,-8.503852,10 Independencia,2019,18,train
-2.4709046,-6.0335107,-10.069934,-8.95538,-15.337758,10 Independencia,2019,19,train
-3.8189726,-7.4109383,-12.506168,-2.6111615,-22.184912,10 Independencia,2019,20,train
-6.4091754,-5.090297,-8.104113,-12.324593,-6.8435464,10 Independencia,2019,21,train
-5.322744,-3.538005,-1.886148,-9.985351,-1.3102707,10 Independencia,2019,22,train
-7.296481,-2.8589468,-3.7726846,-7.0881305,-8.50603,10 Independencia,2019,23,train
-9.2073145,-5.3691263,-8.338299,-2.7578902,-14.505173,10 Independencia,2019,24,train
-14.224275,-2.7419553,-10.8172,1.0053092,-19.931614,10 Independencia,2019,25,train
-16.157948,-3.7746112,-13.279392,2.495691,-19.54389,10 Independencia,2019,26,train
-21.079964,8.231662,-7.634844,17.710663,-22.82017,10 Independencia,2019,27,train
-16.394888,10.219389,-3.7509587,21.503078,-16.299902,10 Independencia,2019,28,train
-20.63524,10.975892,-6.1105504,21.20033,-18.398401,10 Independencia,2019,29,train
-19.758856,7.6696577,-8.241058,24.574429,-16.915304,10 Independencia,2019,30,train
-16.556398,10.575866,-2.3947918,23.293049,-14.4047165,10 Independencia,2019,31,train
-16.870325,6.4158907,-7.1036468,19.668924,-12.90321,10 Independencia,2019,32,train
-18.84448,2.6774101,-12.2525,12.975759,-15.94248,10 Independencia,2019,33,train
-16.745499,5.555652,-7.671767,16.114676,-11.745163,10 Independencia,2019,34,train
-20.798882,0.8331808,-16.882544,4.718969,-11.997281,10 Independencia,2019,35,train
-19.178364,0.6539133,-14.909791,-3.0861132,-9.442132,10 Independencia,2019,36,train
-17.536709,0.82291806,-12.342099,-0.6103218,-10.762818,10 Independencia,2019,37,train
-17.222918,-0.07226586,-11.485012,-9.2879,-3.8432813,10 Independencia,2019,38,train
-10.326026,1.8744403,6.3414044,-14.108163,4.010181,10 Independencia,2019,39,train
-12.503936,1.4524306,-8.163962,-4.3848825,-1.3725544,10 Independencia,2019,40,train
-17.478903,4.0810475,-18.231289,3.4779727,-4.4240355,10 Independencia,2019,41,train
-18.289787,5.2345843,-20.735243,3.3010223,-4.1965194,10 Independencia,2019,42,train
-14.996055,6.212971,-17.015749,2.9902966,-2.762309,10 Independencia,2019,43,train
-16.31234,8.84783,-21.615381,5.001691,-3.2541914,10 Independencia,2019,44,train
-14.011538,10.091241,-19.303673,4.5203595,-3.2691362,10 Independencia,2019,45,train
-10.48917,6.6933002,-12.743723,-3.6902807,0.90979224,10 Independencia,2019,46,train
-10.915189,10.960824,-17.924137,-0.18922672,-0.41248444,10 Independencia,2019,47,train
-12.947106,14.824459,-25.488462,2.4140387,-1.3275917,10 Independencia,2019,48,train
-0.5996675,14.557012,-12.747986,-3.5283902,-0.22529233,10 Independencia,2019,49,train
0.6035168,14.566995,-13.055197,-1.7334875,-1.2619325,10 Independencia,2019,50,train
1.6261489,11.9692335,-9.503219,-3.7016664,0.2048637,10 Independencia,2019,51,train
0.6349543,18.800236,-7.4562616,13.945368,-6.1801105,10 Independencia,2019,52,train
3.236169,19.424768,-14.775628,13.0523405,-7.008207,10 Independencia,2020,1,val
7.2340226,17.095499,-15.399357,11.445138,-8.822777,10 Independencia,2020,2,val
10.695705,15.576638,-15.590643,9.0027275,-10.253512,10 Independencia,2020,3,val
8.389451,14.0884075,-6.7078357,16.300169,-10.611494,10 Independencia,2020,4,val
7.724251,11.538783,-15.985972,-3.3340433,-5.155034,10 Independencia,2020,5,val
7.459017,10.789863,-14.41946,-2.8078072,-6.7242413,10 Independencia,2020,6,val
9.165969,10.372211,-15.161163,-2.0328496,-9.059108,10 Independencia,2020,7,val
7.44324,8.208887,-11.684898,-7.9547005,-7.596323,10 Independencia,2020,8,val
6.283841,4.7250543,-8.15547,-11.78124,-5.670819,10 Independencia,2020,9,val
9.213616,-0.8905705,-10.710579,-5.952742,-3.0010827,10 Independencia,2020,10,val
14.755352,0.5742709,-14.652732,-4.0098333,-9.726013,10 Independencia,2020,11,val
18.491493,0.36730537,-17.568594,-0.19286346,-14.948636,10 Independencia,2020,12,val
13.893519,-6.0974817,-13.590307,-5.764658,-7.848511,10 Independencia,2020,13,val
17.208067,-13.101441,-18.772015,-2.8903086,-7.8297615,10 Independencia,2020,14,val
14.626949,-8.2555485,-16.153704,5.1348543,-10.964965,10 Independencia,2020,15,val
15.01703,-10.272385,-16.0576,4.024928,-9.7626705,10 Independencia,2020,16,val
14.083904,-7.5055428,-13.908061,5.452857,-12.078134,10 Independencia,2020,17,val
13.172922,-7.748832,-13.466041,4.738324,-12.387662,10 Independencia,2020,18,val
9.642504,-10.5191765,-10.758189,1.1310639,-5.79548,10 Independencia,2020,19,val
9.803451,-10.313999,-10.064325,3.6189492,-5.334167,10 Independencia,2020,20,val
10.426393,-10.359092,-12.766611,6.1123133,-11.003613,10 Independencia,2020,21,val
11.169137,-14.079603,-11.3933,4.830825,-6.9301157,10 Independencia,2020,22,val
-3.236483,-15.317986,-14.387457,1.4743447,-9.150071,10 Independencia,2020,23,val
-6.585255,-15.683487,-17.273888,-1.0299675,-8.4822855,10 Independencia,2020,24,val
-7.0910068,-13.816317,-15.262942,2.4572642,-8.688281,10 Independencia,2020,25,val
-11.037533,-16.055658,-21.705082,3.2855043,-11.5936165,10 Independencia,2020,26,val
-3.7076154,-7.028817,-8.979944,34.424313,-8.562471,10 Independencia,2020,27,val
-4.3316994,-11.086445,-12.395167,27.031433,-12.406342,10 Independencia,2020,28,val
-6.0015564,-5.702821,-8.492336,34.13637,-10.648048,10 Independencia,2020,29,val
-3.2347252,-11.318145,-10.630886,19.622768,-16.660187,10 Independencia,2020,30,val
-13.541259,-6.7023087,-14.575377,28.870577,-10.243919,10 Independencia,2020,31,val
-1.848736,-15.418154,-15.730743,23.049948,-5.9106297,10 Independencia,2020,32,val
-2.9199023,-14.9751835,-16.783438,24.056791,-4.255263,10 Independencia,2020,33,val
4.007829,-19.774323,12.237537,21.149925,26.575487,10 Independencia,2020,34,val
-2.9592283,-15.266876,-14.444167,7.136472,5.96399,10 Independencia,2020,35,val
-8.053559,-10.649502,-14.874019,5.032081,2.2195086,10 Independencia,2020,36,val
-9.074108,-11.866448,-17.941982,5.9597654,3.1580477,10 Independencia,2020,37,val
-12.000339,-13.325691,-24.609262,8.746019,2.263105,10 Independencia,2020,38,val
-10.694966,-10.852827,-23.31749,10.556641,1.2117018,10 Independencia,2020,39,val
-12.945366,-7.222098,-21.364685,3.389762,2.3057983,10 Independencia,2020,40,val
-8.131312,-8.245197,-16.758465,1.0226123,7.296833,10 Independencia,2020,41,val
-8.968357,-6.6443243,-20.382723,5.5714045,6.0989094,10 Independencia,2020,42,val
-8.765654,-3.691983,-18.751595,5.0968776,5.5492196,10 Independencia,2020,43,val
-10.557246,-0.8420021,-23.342102,8.704452,4.1450734,10 Independencia,2020,44,val
-1.1983229,-10.370149,-1.5429169,-6.7739177,21.889591,10 Independencia,2020,45,val
-2.4546704,-2.5990567,-9.92583,-1.190141,8.539504,10 Independencia,2020,46,val
-2.510849,-0.67609113,-13.781246,-0.04391054,8.729164,10 Independencia,2020,47,val
-4.3243713,-0.1555269,-22.399443,3.1402354,10.236882,10 Independencia,2020,48,val
11.606564,-3.2474675,-19.237066,8.361865,13.953015,10 Independencia,2020,49,val
12.216575,-5.3830147,-18.986185,9.117515,15.775506,10 Independencia,2020,50,val
12.24635,-0.6934182,-21.753456,10.756148,9.6880865,10 Independencia,2020,51,val
12.347443,-2.2698326,-17.005718,21.533745,10.462948,10 Independencia,2020,52,val
14.472097,-2.5733879,-19.247656,25.671644,10.326372,10 Independencia,2021,1,val
15.039118,-2.7317212,-17.912874,26.657385,8.399226,10 Independencia,2021,2,val
16.042185,-5.363236,-17.517479,25.80878,9.084734,10 Independencia,2021,3,val
20.114244,-1.9152151,-22.468842,24.615166,3.0472076,10 Independencia,2021,4,val
14.972538,-9.946731,-19.503017,9.95456,13.656287,10 Independencia,2021,5,val
14.717306,-4.0780845,-19.417688,8.797846,5.883541,10 Independencia,2021,6,val
15.870832,-7.1853495,-21.750048,8.05237,7.1389155,10 Independencia,2021,7,val
16.407915,-4.914779,-19.983541,7.7355566,2.646988,10 Independencia,2021,8,val
18.31202,-10.604728,-22.220943,6.7385926,6.43314,10 Independencia,2021,9,val
9.260537,-9.765448,0.8068292,-9.52141,14.078975,10 Independencia,2021,10,val
16.044554,-3.0240662,-15.948097,-5.392674,-4.523352,10 Independencia,2021,11,val
9.705222,-11.459819,1.8744667,-9.616044,14.3654995,10 Independencia,2021,12,val
12.3336315,-5.344652,-10.122114,-5.69937,-3.9669952,10 Independencia,2021,13,val
9.327751,-6.12875,-6.212854,-6.156585,-0.65945184,10 Independencia,2021,14,val
17.20159,-10.542256,-17.506935,-1.7044721,-8.574299,10 Independencia,2021,15,val
13.602608,-4.480817,-12.3657,2.625071,-11.002255,10 Independencia,2021,16,val
11.087389,-10.609191,-8.942169,-5.9384413,-3.708505,10 Independencia,2021,17,val
4.717336,-15.53441,-14.752069,-5.624379,-3.9943173,10 Independencia,2021,18,val
3.3633468,-14.115521,-14.8111105,-1.107919,-10.934524,10 Independencia,2021,19,val
1.0711898,-15.572486,-18.042486,-6.611188,-7.6112614,10 Independencia,2021,20,val
-0.2971305,-15.6434,-17.09755,-5.213689,-1.646333,10 Independencia,2021,21,val
-0.23362152,-13.461629,-12.807397,-0.1214063,-8.884057,10 Independencia,2021,22,val
-3.4952726,-13.506055,-14.555084,-2.023408,-5.9130864,10 Independencia,2021,23,val
-4.33413,-13.296784,-14.767723,4.36446,-13.740032,10 Independencia,2021,24,val
-7.351106,-12.243009,-14.248058,-0.81252795,-5.884011,10 Independencia,2021,25,val
-9.832455,-10.027896,-14.104544,-3.4538407,-3.8801684,10 Independencia,2021,26,val
0.59033,-10.871333,-9.890754,26.972242,-9.815211,10 Independencia,2021,27,val
-4.112276,-6.5201387,-9.580579,31.516752,-4.6098275,10 Independencia,2021,28,val
-2.6298454,-9.529525,-11.745343,26.50772,-4.091589,10 Independencia,2021,29,val
-2.383887,-12.365113,-13.90916,19.876541,-9.824262,10 Independencia,2021,30,val
-3.1466508,-12.493658,-15.015862,25.834526,-8.06335,10 Independencia,2021,31,val
3.889702,-16.892439,8.007131,23.537329,19.334425,10 Independencia,2021,32,val
2.3680913,-7.581377,19.691471,18.568626,16.217617,10 Independencia,2021,33,val
-5.4649134,-7.240481,-8.729683,21.261908,-10.6877365,10 Independencia,2021,34,val
-15.1728945,-10.745305,-19.554756,5.267703,-4.593132,10 Independencia,2021,35,val
-11.798284,-13.602431,-21.425377,10.147732,-5.2706385,10 Independencia,2021,36,val
-13.4703245,-12.193777,-22.374765,8.301181,-2.1758854,10 Independencia,2021,37,val
-12.280929,-12.254792,-24.285095,6.993312,2.371902,10 Independencia,2021,38,val
-11.990481,-10.969045,-22.417568,4.637569,4.0650463,10 Independencia,2021,39,val
-13.294204,-7.6364274,-23.590935,6.714043,3.2239501,10 Independencia,2021,40,val
-10.953996,-8.374264,-19.388075,1.210405,6.5772424,10 Independencia,2021,41,val
-11.560146,-2.569539,-22.205954,10.162858,2.9793026,10 Independencia,2021,42,val
-11.524812,-5.095454,-25.252775,6.6750655,7.182254,10 Independencia,2021,43,val
-9.923186,-1.7060177,-23.210945,8.220331,6.1691184,10 Independencia,2021,44,val
-7.6725545,-2.62349,-25.501268,9.827752,7.8277707,10 Independencia,2021,45,val
-7.0823226,1.1508596,-30.042011,13.360943,6.1124134,10 Independencia,2021,46,val
-4.8833594,1.8230891,-26.968987,9.759221,7.5412073,10 Independencia,2021,47,val
-4.07518,3.893097,-27.672365,11.723593,6.0272985,10 Independencia,2021,48,val
-0.55686796,2.1303177,-30.417198,13.836041,8.165797,10 Independencia,2021,49,val
10.151255,5.429937,-24.718153,9.010835,4.414417,10 Independencia,2021,50,val
11.030013,2.4442065,-24.449572,8.634818,7.8893085,10 Independencia,2021,51,val
11.20355,8.954957,-20.293837,22.93314,1.8758221,10 Independencia,2021,52,val
0.45026577,7.681957,0.33001825,5.651235,-3.9505315,11 La Altagracia,2015,1,train
1.4224402,8.593663,0.7783628,7.145338,-4.562134,11 La Altagracia,2015,2,train
0.7371885,9.897689,3.3231933,12.199864,-5.5420046,11 La Altagracia,2015,3,train
3.2815318,9.848138,2.8228142,10.878878,-6.380397,11 La Altagracia,2015,4,train
1.2663199,5.643431,-1.6509246,-6.671074,-0.08501091,11 La Altagracia,2015,5,train
3.717354,4.9677544,-3.787815,-4.6968093,-0.3341141,11 La Altagracia,2015,6,train
2.4530702,3.390983,-2.3248394,-5.493563,0.21605527,11 La Altagracia,2015,7,train
3.3025844,3.432896,-2.0403876,-4.062619,-1.6379076,11 La Altagracia,2015,8,train
4.5816703,3.7381785,-1.886847,-2.275754,-3.2689123,11 La Altagracia,2015,9,train
4.78831,4.088153,-2.1936677,-2.1822581,-4.4982777,11 La Altagracia,2015,10,train
4.5738173,3.7055254,-2.6411028,-1.20228,-5.3701563,11 La Altagracia,2015,11,train
6.4515543,3.3581529,-1.3600092,-3.726696,-6.376435,11 La Altagracia,2015,12,train
5.380134,2.7163565,-0.96077806,-3.8527148,-7.547567,11 La Altagracia,2015,13,train
7.1853485,1.9840665,-2.7850037,-2.5529933,-7.1057878,11 La Altagracia,2015,14,train
4.215918,1.215144,-1.27642,-2.3857095,-5.017145,11 La Altagracia,2015,15,train
4.722165,0.41288713,-1.5437953,-3.4696214,-6.324567,11 La Altagracia,2015,16,train
5.401922,-0.80033475,-2.2930133,-3.8344953,-9.264158,11 La Altagracia,2015,17,train
-0.113354206,-4.1377983,-3.4920526,-2.8325408,-9.711622,11 La Altagracia,2015,18,train
-1.6921897,-1.1852769,-1.9075497,-4.6905317,-9.1657,11 La Altagracia,2015,19,train
-2.0669773,-0.6228764,-0.9658269,-3.509952,-9.066544,11 La Altagracia,2015,20,train
-3.321413,-1.025394,-1.3935583,-4.775935,-5.391691,11 La Altagracia,2015,21,train
-3.9539654,-1.569231,-1.1308019,-5.8634205,-3.2471995,11 La Altagracia,2015,22,train
-4.37574,-3.6558347,-1.8687917,-3.102859,-5.963597,11 La Altagracia,2015,23,train
-5.2186418,-3.6969562,-2.8458202,-2.8667388,-6.184239,11 La Altagracia,2015,24,train
-5.194113,-2.8924892,-1.8062397,-1.731149,-5.5357857,11 La Altagracia,2015,25,train
-4.971249,-2.5996144,-2.4584734,-0.8666899,-4.143096,11 La Altagracia,2015,26,train
-2.7580512,4.279962,2.5370827,10.321318,-7.6106215,11 La Altagracia,2015,27,train
-3.465362,7.374799,4.957692,17.098694,-8.22523,11 La Altagracia,2015,28,train
-3.1985204,5.04994,3.7515624,12.504555,-9.041644,11 La Altagracia,2015,29,train
-3.906318,5.9843197,4.782642,15.212761,-10.214152,11 La Altagracia,2015,30,train
-3.5864196,3.826538,2.338271,9.677116,-9.481481,11 La Altagracia,2015,31,train
-4.648021,8.241717,4.912323,13.391876,-11.796298,11 La Altagracia,2015,32,train
-5.236466,7.7943826,4.9082603,12.231823,-12.090184,11 La Altagracia,2015,33,train
-6.2870603,9.972186,6.293527,15.446742,-13.295458,11 La Altagracia,2015,34,train
-6.3792768,2.3612452,-1.5698607,-3.9199202,-5.1835017,11 La Altagracia,2015,35,train
-10.290676,5.3312516,0.9967548,-6.098454,-9.291793,11 La Altagracia,2015,36,train
-8.98149,5.376667,0.65407765,-5.4789248,-7.9684963,11 La Altagracia,2015,37,train
-8.060728,5.9217906,1.9053403,-5.7761908,-6.679924,11 La Altagracia,2015,38,train
-10.596138,5.9287763,0.6443162,-7.354352,-7.2765646,11 La Altagracia,2015,39,train
-10.885674,8.946627,0.83149385,-6.168563,-9.391111,11 La Altagracia,2015,40,train
-10.671046,9.491316,0.46142593,-5.1668344,-8.408517,11 La Altagracia,2015,41,train
-11.052118,9.7600355,0.2857891,-5.9881005,-7.5634856,11 La Altagracia,2015,42,train
-11.162958,9.923872,0.76154673,-10.160505,-5.704876,11 La Altagracia,2015,43,train
-8.591391,10.030851,1.9422268,-8.276267,-5.477853,11 La Altagracia,2015,44,train
-5.2075777,6.0567102,0.26798984,-4.2019672,-1.7554783,11 La Altagracia,2015,45,train
-6.421711,7.8013563,-2.1787672,-1.4932745,-2.4973383,11 La Altagracia,2015,46,train
-5.783424,8.248989,-3.148582,-3.6247876,-1.2709093,11 La Altagracia,2015,47,train
-2.88152,11.142379,-1.2659383,-7.0694003,-1.1544694,11 La Altagracia,2015,48,train
-2.0049446,8.827687,-0.55558604,-2.9085963,-2.0876193,11 La Altagracia,2015,49,train
-1.3967483,9.679418,-0.97852093,-2.076334,-2.1292524,11 La Altagracia,2015,50,train
-1.1087643,8.747637,-0.5201904,-2.955584,-1.6354587,11 La Altagracia,2015,51,train
-1.7699734,9.533219,1.4871737,6.186801,-4.596415,11 La Altagracia,2015,52,train
-3.824662,15.9676285,7.0348086,10.147593,-9.421538,11 La Altagracia,2016,1,train
-1.4735649,15.285596,4.589099,5.855386,-9.524522,11 La Altagracia,2016,2,train
-1.7467198,17.402266,5.961642,11.948873,-12.367538,11 La Altagracia,2016,3,train
-0.9030056,13.950006,5.494225,7.9284678,-10.6691885,11 La Altagracia,2016,4,train
-1.9390144,12.713434,1.7794999,-9.406288,-7.1136494,11 La Altagracia,2016,5,train
-0.34980983,11.909641,0.88921845,-7.548555,-8.147426,11 La Altagracia,2016,6,train
-1.1117016,9.740417,1.1445404,-8.169317,-7.006173,11 La Altagracia,2016,7,train
-0.10110891,10.948544,1.4758643,-8.36578,-9.341941,11 La Altagracia,2016,8,train
-0.8461788,10.433517,2.9768155,-7.7739034,-9.745438,11 La Altagracia,2016,9,train
4.636698,4.1766415,-2.7116318,-2.5056694,-4.962449,11 La Altagracia,2016,10,train
4.4418893,4.6895123,-0.6656433,-5.4106355,-6.48224,11 La Altagracia,2016,11,train
3.632335,4.6965013,-0.8511314,-3.3847795,-7.582851,11 La Altagracia,2016,12,train
3.6770852,3.7110815,-0.32016295,-5.286977,-7.264628,11 La Altagracia,2016,13,train
2.3674612,4.07481,0.2667503,-7.138266,-10.226388,11 La Altagracia,2016,14,train
2.4632475,3.8061485,0.4752726,-7.0910087,-10.085571,11 La Altagracia,2016,15,train
0.4273748,3.678977,0.030365122,-8.404648,-8.424762,11 La Altagracia,2016,16,train
0.5508657,0.3378725,12.315383,-9.698793,4.116597,11 La Altagracia,2016,17,train
-1.9253887,-3.5955315,15.946564,-12.4252205,8.257071,11 La Altagracia,2016,18,train
2.1064456,-7.6457524,-4.2812977,-0.7449309,0.44768116,11 La Altagracia,2016,19,train
2.6706204,-9.721499,-4.7472014,2.0822694,-0.16558059,11 La Altagracia,2016,20,train
0.5845693,-8.862382,-5.068812,-1.3551507,3.0779402,11 La Altagracia,2016,21,train
-1.0036278,-6.6633563,-2.4274526,-3.0837731,2.9288538,11 La Altagracia,2016,22,train
1.4401166,-11.749655,-5.6367307,3.354165,3.6099575,11 La Altagracia,2016,23,train
0.3207615,-11.139526,-5.8942933,3.520812,1.9541831,11 La Altagracia,2016,24,train
-1.2480494,-7.267277,-3.9018197,2.2840886,0.9657965,11 La Altagracia,2016,25,train
-2.1027348,-7.5724797,-4.542533,2.3683243,1.4139405,11 La Altagracia,2016,26,train
-0.70377356,-1.9569172,-0.14857545,13.888099,-3.0444262,11 La Altagracia,2016,27,train
-0.6458629,-2.28027,-0.19006507,14.530063,-3.814351,11 La Altagracia,2016,28,train
-0.82360286,-1.8402601,0.19716626,15.70964,-3.9356778,11 La Altagracia,2016,29,train
-1.4859191,-0.5156208,0.3386587,14.515839,-2.9535007,11 La Altagracia,2016,30,train
2.4179478,-7.1513834,8.29781,11.341371,10.317495,11 La Altagracia,2016,31,train
0.37285408,-3.3523672,-0.9305323,17.243809,-0.6776932,11 La Altagracia,2016,32,train
0.23132452,-5.658277,-2.3112364,15.31914,-2.359918,11 La Altagracia,2016,33,train
-3.410375,0.74630857,0.5675329,19.206146,-0.8237026,11 La Altagracia,2016,34,train
-3.0137782,-7.6288605,-6.665651,3.8400598,2.5954452,11 La Altagracia,2016,35,train
-2.1589909,-8.279617,-7.1952214,4.1267233,5.234158,11 La Altagracia,2016,36,train
-1.4400549,-9.474233,-7.429167,6.4055185,5.0636473,11 La Altagracia,2016,37,train
-1.4429911,-11.50758,-9.740636,5.4200726,7.7467694,11 La Altagracia,2016,38,train
-2.6712484,-6.0568237,-8.051306,6.015931,3.6290455,11 La Altagracia,2016,39,train
-5.0231586,-3.145046,-4.713986,-0.32457367,3.6009333,11 La Altagracia,2016,40,train
-6.7399564,-2.8122797,-6.80628,0.75810486,3.9919348,11 La Altagracia,2016,41,train
-5.271095,-2.822884,-5.7001815,-1.6649134,4.9936814,11 La Altagracia,2016,42,train
-5.9897175,-1.9728478,-7.1619973,-0.38508394,5.0445457,11 La Altagracia,2016,43,train
-2.4268527,-1.830024,-3.2166178,-1.7253422,5.0176687,11 La Altagracia,2016,44,train
-2.961053,-1.5259862,-4.5539103,-2.0962481,5.8956943,11 La Altagracia,2016,45,train
-2.0112004,-2.496509,5.098393,-7.4136443,14.551643,11 La Altagracia,2016,46,train
-0.6231021,-1.6477801,8.963476,-6.777917,15.149086,11 La Altagracia,2016,47,train
-2.283746,0.19004127,-7.1475134,-2.0536554,6.442946,11 La Altagracia,2016,48,train
-0.8442491,0.71985865,-6.4987774,1.5769308,5.074462,11 La Altagracia,2016,49,train
-0.8599587,1.2796382,-7.255271,2.5510535,4.6150007,11 La Altagracia,2016,50,train
3.1329844,2.2001426,-5.323333,1.6468606,3.629379,11 La Altagracia,2016,51,train
2.8762078,5.7906723,-2.8650873,10.236027,2.0034196,11 La Altagracia,2016,52,train
2.4715254,8.647645,-2.0691898,19.246895,0.03096884,11 La Altagracia,2017,1,train
2.4221,6.8657193,-1.49745,17.345385,-2.3131142,11 La Altagracia,2017,2,train
4.4921503,11.931018,1.5519894,29.644518,-5.4858594,11 La Altagracia,2017,3,train
6.939813,10.1759,-0.9758783,25.430794,-5.4789777,11 La Altagracia,2017,4,train
6.093418,0.82992435,-8.625118,-1.6572413,4.3860145,11 La Altagracia,2017,5,train
5.6813464,0.8335548,-7.138347,-3.3501105,3.4507706,11 La Altagracia,2017,6,train
7.344244,-0.5689761,-7.9954104,-8.096871,5.341154,11 La Altagracia,2017,7,train
8.396939,-1.1019874,-7.8491206,-6.6783137,2.3515098,11 La Altagracia,2017,8,train
5.8238134,-0.6953055,-5.9303055,-1.6721603,0.07115394,11 La Altagracia,2017,9,train
6.4890547,-3.1385512,-6.5359917,-4.416197,2.0842025,11 La Altagracia,2017,10,train
10.689431,-6.4712977,-8.881696,-2.442673,3.0381982,11 La Altagracia,2017,11,train
9.686043,-7.7878056,-6.786869,-5.673614,4.306893,11 La Altagracia,2017,12,train
11.417572,-8.136006,-8.452467,-2.4143786,2.1439176,11 La Altagracia,2017,13,train
10.134729,-6.7900805,-7.6573,-3.686349,-2.8431258,11 La Altagracia,2017,14,train
7.9090166,-5.2852864,-5.631204,-3.8424938,-2.025314,11 La Altagracia,2017,15,train
5.7797537,-4.812287,-4.0380993,-5.0101485,0.33713877,11 La Altagracia,2017,16,train
4.9207587,-5.555348,-3.2951267,-4.8238025,0.72524494,11 La Altagracia,2017,17,train
6.9724617,-8.4599695,-4.3198338,-3.0842776,-0.22446693,11 La Altagracia,2017,18,train
7.970069,-10.205339,-5.230225,0.9171876,0.7854146,11 La Altagracia,2017,19,train
6.0823293,-8.423583,-4.5849137,1.8737323,-0.050169602,11 La Altagracia,2017,20,train
7.953068,-11.068501,-5.8960934,3.8640661,-0.40527412,11 La Altagracia,2017,21,train
6.336656,-9.125661,-3.770005,3.2129896,0.20766039,11 La Altagracia,2017,22,train
7.538995,-10.348866,-4.477756,5.630184,-2.1509194,11 La Altagracia,2017,23,train
6.8994203,-9.1821375,-3.6995556,6.0483146,-2.5403466,11 La Altagracia,2017,24,train
6.1842294,-8.395618,-3.4951966,6.340972,-1.6051068,11 La Altagracia,2017,25,train
5.9921713,-8.150656,-2.8431332,6.6323714,-0.86701846,11 La Altagracia,2017,26,train
-0.5634615,0.1427513,-0.13884649,24.274511,-3.1800392,11 La Altagracia,2017,27,train
-1.1422838,-1.7852204,-0.8208333,30.066504,-1.2732389,11 La Altagracia,2017,28,train
-0.0081274705,-1.5609517,-0.82346874,20.092648,-2.375249,11 La Altagracia,2017,29,train
1.2569981,-4.071614,-1.0928223,25.419914,-1.0081356,11 La Altagracia,2017,30,train
-1.9613895,0.36927456,-1.0377023,22.525414,-3.02549,11 La Altagracia,2017,31,train
-0.95596164,-0.36498848,0.4273308,25.413984,-3.3122456,11 La Altagracia,2017,32,train
3.2898824,-8.210782,11.711495,14.17612,13.237157,11 La Altagracia,2017,33,train
-1.1886065,-1.0350848,0.26710978,21.95652,-2.047497,11 La Altagracia,2017,34,train
-4.1681647,-10.888986,-9.850126,2.4003115,4.7774024,11 La Altagracia,2017,35,train
-4.531293,-6.0803804,-6.842582,0.44764596,2.7680345,11 La Altagracia,2017,36,train
-4.7007976,-9.016766,-7.5331993,-0.41999477,6.268125,11 La Altagracia,2017,37,train
-0.09592765,-7.8168283,16.082176,-6.0766115,18.889761,11 La Altagracia,2017,38,train
-4.9227023,-7.423906,-8.225016,-0.69338655,5.6979947,11 La Altagracia,2017,39,train
-4.0540667,-9.189788,-9.447641,-0.3579796,8.78741,11 La Altagracia,2017,40,train
-3.3328125,-7.447424,-7.5973315,-1.129788,8.478988,11 La Altagracia,2017,41,train
-2.6446714,-5.659705,-8.712296,2.0537267,5.796437,11 La Altagracia,2017,42,train
-3.0528262,-6.3149953,-9.385006,0.4246176,8.38866,11 La Altagracia,2017,43,train
-3.3759673,-5.964527,-11.04747,0.60113513,8.932133,11 La Altagracia,2017,44,train
-0.038927495,-3.2004454,5.1990385,-2.9372659,14.43855,11 La Altagracia,2017,45,train
0.47497103,-3.977512,10.665041,-5.974685,20.127182,11 La Altagracia,2017,46,train
-0.48556402,-5.049216,-10.594265,0.21449037,10.976203,11 La Altagracia,2017,47,train
0.37947232,-4.183521,-12.39534,0.8623447,10.86594,11 La Altagracia,2017,48,train
3.0084977,3.4550025,-7.150213,-0.59764254,5.104566,11 La Altagracia,2017,49,train
3.8681147,5.5512366,-10.736117,-1.711869,6.4176803,11 La Altagracia,2017,50,train
3.1023362,3.1628273,-6.255061,0.3391969,4.2039123,11 La Altagracia,2017,51,train
1.6612979,7.510704,-1.7222505,15.905374,0.49619713,11 La Altagracia,2017,52,train
4.664168,3.2626786,-2.7693994,20.620707,3.6824086,11 La Altagracia,2018,1,train
4.3891854,2.5046237,-2.186379,17.778236,2.4180431,11 La Altagracia,2018,2,train
5.4285817,1.9097929,-2.1875362,17.78113,2.616481,11 La Altagracia,2018,3,train
4.596319,2.6730752,-1.6365577,15.664849,0.33373973,11 La Altagracia,2018,4,train
7.471029,-0.92202055,-7.974984,1.8929403,4.729854,11 La Altagracia,2018,5,train
4.2138557,1.3964746,-4.6300416,-2.3843744,1.2217793,11 La Altagracia,2018,6,train
4.5600457,1.0383229,-4.3212223,-2.4671843,0.60894364,11 La Altagracia,2018,7,train
5.07897,0.57824546,-4.911021,-3.6019447,-0.057002626,11 La Altagracia,2018,8,train
7.5453925,-0.9682684,-5.553742,-10.350365,1.1579638,11 La Altagracia,2018,9,train
10.479033,-7.1185107,-9.231172,-2.0013874,5.406039,11 La Altagracia,2018,10,train
11.221236,-8.046805,-8.519815,1.4876442,5.552882,11 La Altagracia,2018,11,train
10.284387,-8.851518,-8.204815,-1.789735,5.701242,11 La Altagracia,2018,12,train
8.29081,-3.054239,-4.598016,-2.3785286,-0.06564502,11 La Altagracia,2018,13,train
7.2162194,-3.3068383,-3.6589448,-7.5287695,-4.1276197,11 La Altagracia,2018,14,train
6.2568755,-2.8027222,-4.184807,-5.712363,-4.5289707,11 La Altagracia,2018,15,train
5.9305916,-3.4171214,-3.7557707,-6.160524,-4.305518,11 La Altagracia,2018,16,train
6.6152997,-3.956669,-4.2704606,-4.696265,-6.6483464,11 La Altagracia,2018,17,train
5.181103,-4.55008,-3.667684,-5.8683233,-5.257341,11 La Altagracia,2018,18,train
5.1476574,-3.6952066,-2.743292,-3.4175467,-6.4038224,11 La Altagracia,2018,19,train
3.4015393,-2.3708763,-1.5426114,-1.9314653,-4.053318,11 La Altagracia,2018,20,train
4.3678346,-4.3570137,-2.1553967,-2.1207097,-7.0924563,11 La Altagracia,2018,21,train
-1.9408112,-6.267203,-3.5584261,-3.7842937,-4.360406,11 La Altagracia,2018,22,train
-3.397597,-6.8461857,-5.2585826,-3.068485,-5.8049545,11 La Altagracia,2018,23,train
-4.4769306,-6.99131,-5.1835346,-2.8916647,-5.269999,11 La Altagracia,2018,24,train
-6.313756,-6.2100987,-5.2496514,-5.816271,-0.9016031,11 La Altagracia,2018,25,train
-5.845004,-5.3966928,-5.101334,-1.5798134,-3.4321275,11 La Altagracia,2018,26,train
-4.4311023,2.9608176,0.8422766,19.796999,-7.8966746,11 La Altagracia,2018,27,train
-5.054766,4.7989087,2.4122028,22.008837,-6.237663,11 La Altagracia,2018,28,train
-5.0665975,4.234382,2.8333352,23.172806,-7.480757,11 La Altagracia,2018,29,train
-5.8319826,3.4869266,2.1188567,24.440084,-9.137166,11 La Altagracia,2018,30,train
-3.1376717,4.9019494,3.1854134,23.562403,-8.303089,11 La Altagracia,2018,31,train
-5.881083,5.10191,3.0311959,24.529928,-9.079425,11 La Altagracia,2018,32,train
-4.3616586,6.038937,3.875228,25.184216,-9.344365,11 La Altagracia,2018,33,train
-4.8362727,5.1067476,3.459763,24.258888,-9.956691,11 La Altagracia,2018,34,train
-4.2243657,-4.4754004,8.277373,-7.742877,8.474323,11 La Altagracia,2018,35,train
-8.381493,-3.140069,-3.9618168,-4.1328373,-1.3189315,11 La Altagracia,2018,36,train
-7.439225,-2.526227,-4.3098497,-3.7161736,-1.1190251,11 La Altagracia,2018,37,train
-8.532481,-2.717126,-5.179212,-4.0041227,-0.78961325,11 La Altagracia,2018,38,train
-6.2408357,-1.5085198,-3.2268312,-3.7004168,-0.2742148,11 La Altagracia,2018,39,train
-9.439045,-2.8266478,-5.5066524,-7.6535215,5.2154565,11 La Altagracia,2018,40,train
-6.51324,-1.3805585,-3.6691697,-5.9470615,4.2951703,11 La Altagracia,2018,41,train
-4.9119453,0.77609944,-3.6290529,-1.5216762,1.1146809,11 La Altagracia,2018,42,train
-7.6590943,1.1264292,-6.359588,-2.8319092,2.5623765,11 La Altagracia,2018,43,train
-7.2029614,1.2386451,-7.75724,-5.5404444,3.8694575,11 La Altagracia,2018,44,train
-4.7409883,2.0749152,-4.5346503,-3.5971313,2.9574842,11 La Altagracia,2018,45,train
-4.27218,2.52902,-5.100396,-3.96637,2.988452,11 La Altagracia,2018,46,train
-5.184384,3.7958467,-7.4859605,-5.216461,4.439647,11 La Altagracia,2018,47,train
-4.8009777,5.2850533,-9.639637,-5.754625,4.7640963,11 La Altagracia,2018,48,train
-2.950434,4.336843,-7.2723703,-3.5469656,4.132406,11 La Altagracia,2018,49,train
-2.6666446,4.7837343,-7.9066944,-4.350842,4.7663665,11 La Altagracia,2018,50,train
-2.538306,4.974245,-9.511817,-8.013263,6.597189,11 La Altagracia,2018,51,train
0.33417413,7.436267,-0.50138557,11.849263,-1.9230832,11 La Altagracia,2018,52,train
0.67175364,10.40312,0.2484171,15.084028,-3.3430297,11 La Altagracia,2019,1,train
0.84435785,13.06648,3.684594,24.946186,-5.857319,11 La Altagracia,2019,2,train
3.4477873,13.029119,3.2188985,23.95669,-7.215866,11 La Altagracia,2019,3,train
3.1473174,11.031571,2.6291566,20.627205,-7.0662966,11 La Altagracia,2019,4,train
3.6492033,5.460146,-5.619036,-6.817041,1.2551893,11 La Altagracia,2019,5,train
2.1099803,6.31693,-2.5145361,-8.471847,-1.4799019,11 La Altagracia,2019,6,train
1.8358079,6.234787,-1.9761962,-7.8837724,-2.9216938,11 La Altagracia,2019,7,train
2.3700323,5.4098163,-2.2880998,-6.108814,-4.0954137,11 La Altagracia,2019,8,train
4.6246057,5.8612566,-3.8933854,-6.1899257,-5.937658,11 La Altagracia,2019,9,train
5.168413,1.7228366,-3.9745142,-8.573018,-2.825655,11 La Altagracia,2019,10,train
6.910744,1.2966747,-4.447112,-8.088881,-3.9454713,11 La Altagracia,2019,11,train
8.354743,0.04550272,-5.1952972,-11.675978,-5.67637,11 La Altagracia,2019,12,train
5.0751247,-0.8531782,-1.9825872,-11.738074,-3.1702309,11 La Altagracia,2019,13,train
5.497556,-0.30492556,-3.453145,-5.5375566,-5.102245,11 La Altagracia,2019,14,train
6.552923,-0.8602601,-3.8323238,-6.385524,-6.266664,11 La Altagracia,2019,15,train
6.880697,-0.5554945,-4.1922946,-4.4537177,-7.4736133,11 La Altagracia,2019,16,train
6.515937,-3.608759,-4.6828527,-9.286795,-7.2917967,11 La Altagracia,2019,17,train
4.1168747,-2.5316184,-3.6646898,-6.014547,-5.3920517,11 La Altagracia,2019,18,train
-1.2597575,-3.9705985,-4.0802145,-8.073489,-5.6417103,11 La Altagracia,2019,19,train
-2.9676247,-4.09905,-4.4208684,-6.7134995,-6.4229965,11 La Altagracia,2019,20,train
-3.4463503,-3.3480666,-1.8859448,-7.3328304,-1.898254,11 La Altagracia,2019,21,train
-2.306521,-5.708079,8.530049,-10.253881,6.1726675,11 La Altagracia,2019,22,train
-5.496798,-3.2753654,-2.4045677,-6.9427495,-2.968327,11 La Altagracia,2019,23,train
-5.5111504,-2.5722616,-2.8672073,-3.7960544,-4.830414,11 La Altagracia,2019,24,train
-6.5460744,-2.745349,-3.5721805,-3.1649892,-5.0913057,11 La Altagracia,2019,25,train
-7.3902206,-2.8035293,-3.750728,-3.7291431,-4.2733645,11 La Altagracia,2019,26,train
-6.4557376,8.045691,3.2359345,26.874645,-11.885899,11 La Altagracia,2019,27,train
-6.0824623,7.679212,3.5762525,20.976397,-9.5235405,11 La Altagracia,2019,28,train
-6.6030936,7.7782197,3.2754407,20.752234,-9.085935,11 La Altagracia,2019,29,train
-7.7534566,7.2023954,2.1725833,17.169243,-8.15918,11 La Altagracia,2019,30,train
1.1389362,-5.8953896,13.751919,15.015739,11.687879,11 La Altagracia,2019,31,train
-8.892921,7.824251,2.843709,20.204062,-7.5625496,11 La Altagracia,2019,32,train
-8.836054,8.124912,2.8098893,18.650839,-7.9156513,11 La Altagracia,2019,33,train
-8.8905945,8.485713,3.555665,19.02244,-7.3513837,11 La Altagracia,2019,34,train
-11.441213,0.11167261,-4.563362,-2.6893113,-3.2891448,11 La Altagracia,2019,35,train
-10.8618555,1.331612,-3.3277154,-5.223337,-3.9505594,11 La Altagracia,2019,36,train
-11.12519,1.030131,-4.0996423,-4.6813545,-3.9919484,11 La Altagracia,2019,37,train
-6.8810487,1.5630236,11.280769,-9.872809,6.8709326,11 La Altagracia,2019,38,train
-10.757065,1.0514963,-3.45427,-7.3882647,-1.2340783,11 La Altagracia,2019,39,train
-9.934629,0.8562867,-3.4858973,-7.5404944,1.3238671,11 La Altagracia,2019,40,train
-10.41731,2.0030065,-5.8459063,-4.356238,-0.4103695,11 La Altagracia,2019,41,train
-10.127545,2.3806062,-5.304664,-4.993787,0.5272396,11 La Altagracia,2019,42,train
-5.910417,2.8779736,-1.6910694,-5.5530834,0.82757664,11 La Altagracia,2019,43,train
-7.379458,4.108216,-5.7206674,-3.1894555,0.20635137,11 La Altagracia,2019,44,train
-7.4056587,4.269585,-6.148684,-4.333753,0.9570608,11 La Altagracia,2019,45,train
-8.001172,4.9461884,-7.5210156,-6.7235746,2.3916104,11 La Altagracia,2019,46,train
-7.1115937,6.03659,-8.044847,-7.6791215,2.9442146,11 La Altagracia,2019,47,train
-5.7107353,7.361788,-8.236243,-6.684837,2.034198,11 La Altagracia,2019,48,train
-1.1342391,8.760383,-3.3939002,-4.598511,1.3161489,11 La Altagracia,2019,49,train
-0.7536835,6.1856556,-1.576467,-3.6973095,-0.03716098,11 La Altagracia,2019,50,train
-0.20498753,7.427107,-3.4478252,-3.59148,0.05817969,11 La Altagracia,2019,51,train
-2.1618419,12.746133,1.8414888,13.914487,-4.2347584,11 La Altagracia,2019,52,train
-0.82597655,9.626281,1.1389399,13.055645,-2.8772485,11 La Altagracia,2020,1,val
-0.09235316,8.28614,0.11430481,12.433833,-3.8750527,11 La Altagracia,2020,2,val
0.4200197,8.753744,0.99468,15.647957,-4.725892,11 La Altagracia,2020,3,val
1.1434399,10.740674,3.8217025,19.544155,-5.5233164,11 La Altagracia,2020,4,val
3.6226707,6.411764,-5.9275994,-7.9228005,1.3619508,11 La Altagracia,2020,5,val
1.800087,5.4115305,-2.7735052,-6.1082973,-1.2553957,11 La Altagracia,2020,6,val
1.9088992,4.241477,-2.3842208,-4.7814746,-1.9859213,11 La Altagracia,2020,7,val
2.6022573,3.4063156,-2.7251136,-6.605423,-1.2869457,11 La Altagracia,2020,8,val
3.470868,3.2723334,-2.6362565,-8.840577,-2.2284966,11 La Altagracia,2020,9,val
5.1466928,-1.7450937,-4.1140404,-5.1875935,0.858998,11 La Altagracia,2020,10,val
5.6646385,-2.3466222,-3.6480632,-6.461829,1.3277502,11 La Altagracia,2020,11,val
5.735649,-1.8151273,-4.235786,-4.1267004,-0.6248438,11 La Altagracia,2020,12,val
6.7589397,-3.3767593,-4.385831,-4.6401834,-0.6786085,11 La Altagracia,2020,13,val
13.194753,-10.610722,-9.76083,-7.6048493,0.7269665,11 La Altagracia,2020,14,val
9.412381,-10.758164,-7.3123055,-3.2126482,1.8178598,11 La Altagracia,2020,15,val
9.082639,-8.9543085,-7.690501,0.8186905,-0.41264915,11 La Altagracia,2020,16,val
9.201759,-9.430177,-8.084687,0.5648838,-1.789289,11 La Altagracia,2020,17,val
10.165533,-11.636486,-8.667132,-0.30454922,-2.211573,11 La Altagracia,2020,18,val
7.8962026,-9.7728,-7.237447,1.9708472,-1.3563995,11 La Altagracia,2020,19,val
3.5663466,-12.501223,-9.004901,0.35915706,1.0358049,11 La Altagracia,2020,20,val
1.566457,-13.246621,-10.379907,0.3939701,2.2019167,11 La Altagracia,2020,21,val
-0.14646208,-12.947247,-10.486628,-1.2575331,2.4752133,11 La Altagracia,2020,22,val
-1.6825918,-10.768055,-8.579045,0.21399225,-1.0843214,11 La Altagracia,2020,23,val
-3.3855727,-11.211554,-8.298933,-0.9762451,0.29965237,11 La Altagracia,2020,24,val
-3.817507,-10.733038,-9.268386,1.2896153,-1.0577581,11 La Altagracia,2020,25,val
-5.06875,-7.428188,-7.9672866,0.24746065,-1.0032126,11 La Altagracia,2020,26,val
-1.5340111,-4.8141255,-3.584205,25.067396,-3.0342534,11 La Altagracia,2020,27,val
-1.9237735,-1.2671093,-0.93516093,23.431688,-3.6320312,11 La Altagracia,2020,28,val
-0.6449067,-1.6496115,-1.0712739,27.108593,-4.448698,11 La Altagracia,2020,29,val
-0.7631646,-0.9706591,-0.33797035,23.973095,-3.993736,11 La Altagracia,2020,30,val
3.3346472,-8.9756,14.145042,13.098076,14.964012,11 La Altagracia,2020,31,val
1.4859854,-8.527025,-5.8815227,22.36745,2.2883117,11 La Altagracia,2020,32,val
0.25244665,-6.48893,-5.2048745,21.812178,1.8555453,11 La Altagracia,2020,33,val
-2.979272,-3.0372958,-4.202846,21.516191,0.9745308,11 La Altagracia,2020,34,val
-1.4867781,-12.514204,-11.296897,5.986796,5.8517365,11 La Altagracia,2020,35,val
-3.4351065,-8.151569,-7.4588566,1.8722543,4.758083,11 La Altagracia,2020,36,val
-3.2453966,-11.668775,-10.759192,3.3316107,6.850122,11 La Altagracia,2020,37,val
-3.164186,-12.457236,-12.19054,4.288599,7.2449894,11 La Altagracia,2020,38,val
-4.97976,-11.472315,-13.024635,2.9874434,7.2061715,11 La Altagracia,2020,39,val
-0.76787466,-6.8752823,5.2213254,-2.4067104,12.35778,11 La Altagracia,2020,40,val
-4.396248,-6.3087792,-9.03848,0.4851999,6.137951,11 La Altagracia,2020,41,val
-5.1583834,-5.9113407,-9.617672,-0.4323106,6.646233,11 La Altagracia,2020,42,val
-5.34386,-6.0837917,-12.661305,1.0387337,7.7331285,11 La Altagracia,2020,43,val
-2.7019963,-3.046799,-8.714952,1.7453204,4.672901,11 La Altagracia,2020,44,val
-0.14815307,-6.79072,4.3369217,-5.4608154,18.092173,11 La Altagracia,2020,45,val
0.5854198,-4.4017344,7.3102903,-6.2459617,17.614323,11 La Altagracia,2020,46,val
-1.3887367,-2.3917522,-8.849941,-0.8797805,8.177768,11 La Altagracia,2020,47,val
-0.010062256,-1.67224,-7.6516204,-1.9720191,7.904787,11 La Altagracia,2020,48,val
5.8647676,-8.719674,-14.403266,7.0962267,14.579223,11 La Altagracia,2020,49,val
10.072281,-6.751981,-11.816071,6.7093854,15.232716,11 La Altagracia,2020,50,val
9.772262,-6.619435,-11.383792,7.525771,13.5740185,11 La Altagracia,2020,51,val
8.028829,-3.0975347,-6.4630823,19.299156,8.301699,11 La Altagracia,2020,52,val
10.816033,-5.034554,-8.735231,22.762547,11.010559,11 La Altagracia,2021,1,val
11.897675,-6.7199855,-10.381665,20.486732,11.2021265,11 La Altagracia,2021,2,val
10.760025,-6.2441187,-7.88787,19.678688,9.770083,11 La Altagracia,2021,3,val
10.906868,-5.1176233,-7.1474624,23.429338,7.681994,11 La Altagracia,2021,4,val
12.298443,-11.002513,-13.146866,9.329773,14.430116,11 La Altagracia,2021,5,val
8.97169,-6.1243515,-9.740176,4.8285427,8.236312,11 La Altagracia,2021,6,val
10.135544,-7.3377013,-10.87504,5.4970107,8.631223,11 La Altagracia,2021,7,val
9.636593,-7.045495,-9.617337,5.275257,6.52936,11 La Altagracia,2021,8,val
12.702969,-10.095078,-12.475975,5.346953,8.875467,11 La Altagracia,2021,9,val
7.7279305,-2.9050145,-6.700976,-4.592921,1.0248202,11 La Altagracia,2021,10,val
8.436884,-2.4553776,-7.1926622,-5.221286,-0.86982703,11 La Altagracia,2021,11,val
8.164556,-3.1055121,-6.1974516,-2.9041455,-1.2307028,11 La Altagracia,2021,12,val
8.433678,-5.2716866,-6.7970796,-4.1923637,-0.6463723,11 La Altagracia,2021,13,val
7.6716504,-5.091864,-5.2077107,-6.849638,0.35165474,11 La Altagracia,2021,14,val
12.211086,-11.099235,-9.730196,-5.5761228,-0.7690057,11 La Altagracia,2021,15,val
9.216335,-8.406871,-6.8995695,-0.5507663,-1.3214058,11 La Altagracia,2021,16,val
4.5031176,-11.149894,-9.532247,-6.921856,1.0431479,11 La Altagracia,2021,17,val
4.4979076,-11.639348,-9.467922,-2.651398,-1.2228092,11 La Altagracia,2021,18,val
2.4254239,-9.147945,-7.7495003,-3.6131399,0.32816803,11 La Altagracia,2021,19,val
1.4043896,-9.054822,-7.8669558,-4.0416336,0.69173735,11 La Altagracia,2021,20,val
1.4288216,-9.538784,-7.1749315,-1.2060955,-0.49355298,11 La Altagracia,2021,21,val
-0.2923616,-7.0790286,-5.4317193,-2.3484583,-0.049198084,11 La Altagracia,2021,22,val
-2.7257736,-7.405449,-5.260231,-5.48725,1.5172939,11 La Altagracia,2021,23,val
-2.2304838,-7.3787637,-5.533655,-0.75236166,-0.6699807,11 La Altagracia,2021,24,val
-4.246122,-6.451135,-5.844643,-1.8075734,-0.7590101,11 La Altagracia,2021,25,val
-4.100622,-5.6630793,-5.424896,-0.7528062,-0.8057923,11 La Altagracia,2021,26,val
0.11051551,-1.0185193,-1.0581656,26.017174,-1.0623384,11 La Altagracia,2021,27,val
0.03005089,-1.3982501,-1.0886043,25.114603,-0.4931593,11 La Altagracia,2021,28,val
1.0084711,-4.5002007,-2.4796932,25.445917,1.3447152,11 La Altagracia,2021,29,val
0.114445366,-3.6425977,-2.2737854,24.342413,1.0017112,11 La Altagracia,2021,30,val
1.4977894,-4.305352,-1.775896,25.602345,1.3177413,11 La Altagracia,2021,31,val
2.6131086,-7.9313583,15.703874,20.775557,14.7935095,11 La Altagracia,2021,32,val
-4.9872556,1.6890186,0.21086417,20.990465,-2.0474854,11 La Altagracia,2021,33,val
-3.5490546,-2.7716305,-2.1184375,18.084276,-2.3902209,11 La Altagracia,2021,34,val
-7.859929,-10.392694,-11.136701,1.496554,3.2828288,11 La Altagracia,2021,35,val
-3.8656943,-10.794135,-10.765316,3.4773035,5.437365,11 La Altagracia,2021,36,val
-2.743919,-9.017384,-6.891837,1.311295,6.809318,11 La Altagracia,2021,37,val
-2.9051917,-11.308456,-10.085026,3.521828,7.5264764,11 La Altagracia,2021,38,val
-4.8324256,-9.577335,-9.558149,-0.06901307,7.7847934,11 La Altagracia,2021,39,val
-5.8540826,-6.6493564,-11.690061,3.7093508,4.4057636,11 La Altagracia,2021,40,val
-6.3255997,-8.597184,-10.617619,-1.409768,8.957745,11 La Altagracia,2021,41,val
-5.4300575,-6.6627045,-11.981751,1.7634711,7.34212,11 La Altagracia,2021,42,val
-6.094274,-5.4595137,-14.556408,3.7253191,7.8576155,11 La Altagracia,2021,43,val
-4.650816,-5.1562376,-13.145921,2.374052,8.232456,11 La Altagracia,2021,44,val
-4.8700886,-5.3771477,-17.957106,4.442998,9.212724,11 La Altagracia,2021,45,val
-2.4175189,-3.4482954,-14.374873,5.1657214,7.7302685,11 La Altagracia,2021,46,val
-0.58221686,-4.7916026,-13.797142,2.2692342,10.545656,11 La Altagracia,2021,47,val
0.36226538,-3.3346076,-12.660559,3.8540387,9.309814,11 La Altagracia,2021,48,val
7.199903,-1.971153,-11.279973,6.785752,8.89039,11 La Altagracia,2021,49,val
6.800685,-3.116099,-9.562387,4.424552,8.899949,11 La Altagracia,2021,50,val
8.379055,-4.3060718,-10.276057,4.21289,13.132392,11 La Altagracia,2021,51,val
7.128333,0.4004143,-8.261517,17.199614,6.4489923,11 La Altagracia,2021,52,val
0.9904199,10.871562,-1.9919981,7.352288,-4.4244375,12 La Romana,2015,1,train
4.265358,11.872871,-2.436926,6.505555,-5.0457973,12 La Romana,2015,2,train
4.404331,13.089946,0.766412,11.5002,-6.619617,12 La Romana,2015,3,train
7.0701385,13.316126,0.9183445,12.500347,-8.326216,12 La Romana,2015,4,train
3.1089268,7.773698,-2.4334302,-6.128137,-0.8087814,12 La Romana,2015,5,train
6.5691433,7.144191,-4.5770974,-4.705536,-0.6846436,12 La Romana,2015,6,train
4.1730213,4.788403,-2.1369865,-4.35224,-0.43946832,12 La Romana,2015,7,train
5.9948273,4.9476337,-3.3444872,-5.2737613,-1.8051504,12 La Romana,2015,8,train
8.416738,5.7868857,-4.479811,-3.090519,-5.4301987,12 La Romana,2015,9,train
8.421345,6.165327,-3.9469388,-0.62896466,-7.351444,12 La Romana,2015,10,train
8.028761,5.8842177,-5.0033374,-0.1290844,-9.117185,12 La Romana,2015,11,train
10.388738,4.7854843,-2.2529757,-3.4234877,-9.921255,12 La Romana,2015,12,train
8.257202,3.0275614,-1.0402821,-4.003316,-10.897769,12 La Romana,2015,13,train
10.017785,3.2608612,-3.467048,-1.2316227,-10.054111,12 La Romana,2015,14,train
7.149622,2.592722,-2.204531,-0.25896335,-9.004033,12 La Romana,2015,15,train
7.3311973,1.2399786,-2.1367962,-2.3395321,-10.978603,12 La Romana,2015,16,train
-0.041124314,-5.621137,-2.2531543,-4.327866,-13.822084,12 La Romana,2015,17,train
-0.6895592,-4.6113157,-2.2191658,-2.6504688,-13.411628,12 La Romana,2015,18,train
-3.0617206,-0.22411336,-0.59243894,-5.298437,-16.980186,12 La Romana,2015,19,train
-4.0177813,0.92752767,-0.31965238,-4.0418153,-18.279133,12 La Romana,2015,20,train
-5.392915,1.4084934,1.6863855,-5.116174,-17.746258,12 La Romana,2015,21,train
-5.17803,-4.947785,-2.5813484,-5.5640874,-8.497992,12 La Romana,2015,22,train
-5.338257,-5.5827365,-1.9030017,-3.1789217,-7.7167516,12 La Romana,2015,23,train
-6.6704025,-6.27398,-3.572738,-2.0180936,-9.377098,12 La Romana,2015,24,train
-7.742767,-6.070619,-3.5390244,-0.023266057,-9.207953,12 La Romana,2015,25,train
-7.736706,-5.305051,-3.6463416,-0.24955796,-6.5709696,12 La Romana,2015,26,train
-5.2026453,1.2166998,0.53148997,10.603774,-11.094983,12 La Romana,2015,27,train
-7.037237,2.846559,2.1388388,16.329206,-11.358909,12 La Romana,2015,28,train
-7.034171,1.8013111,2.1397142,14.825101,-12.414347,12 La Romana,2015,29,train
-7.9902253,1.3683612,2.462996,13.627574,-12.864266,12 La Romana,2015,30,train
-7.7245183,0.13178608,0.034283027,10.1913805,-12.78542,12 La Romana,2015,31,train
-8.857365,4.955527,3.320719,12.727491,-14.826834,12 La Romana,2015,32,train
-10.049686,3.186638,2.6085234,11.029795,-15.284852,12 La Romana,2015,33,train
-9.547826,6.60727,4.823948,14.220919,-14.956545,12 La Romana,2015,34,train
-9.583826,1.6348034,-2.598865,-1.4421685,-7.051389,12 La Romana,2015,35,train
-13.007601,4.736321,0.704677,-5.8337207,-9.818393,12 La Romana,2015,36,train
-14.361627,4.5495143,-1.4635329,-4.2294865,-10.677707,12 La Romana,2015,37,train
-12.102733,6.2092505,0.5611281,-6.1281543,-7.35986,12 La Romana,2015,38,train
-12.848534,5.8248105,0.8327542,-5.575882,-7.8768587,12 La Romana,2015,39,train
-12.934969,9.406014,1.0242858,-4.278258,-9.489761,12 La Romana,2015,40,train
-14.756604,10.568613,-0.9084335,-4.114026,-9.274225,12 La Romana,2015,41,train
-16.014347,11.434195,-2.1136806,-4.0664735,-8.3993845,12 La Romana,2015,42,train
-14.2679825,11.22612,-0.35335693,-8.351997,-5.924919,12 La Romana,2015,43,train
-11.377668,12.058131,1.1713476,-7.681702,-5.749833,12 La Romana,2015,44,train
-7.0186167,8.1715765,-0.87007993,-2.9934213,-1.7805667,12 La Romana,2015,45,train
-8.789898,10.114028,-3.8705058,-0.75518996,-1.6482304,12 La Romana,2015,46,train
-8.057913,12.454893,-5.313247,-1.468352,-0.8401095,12 La Romana,2015,47,train
-3.1635122,14.695291,-3.0503926,-6.7636833,-0.3991855,12 La Romana,2015,48,train
-2.335949,11.413722,-2.0934503,-2.4828007,-1.3996307,12 La Romana,2015,49,train
-1.0623121,13.534267,-3.9165328,-1.7264173,-1.0631642,12 La Romana,2015,50,train
-0.830254,12.697539,-2.701097,-1.9928344,-1.8999412,12 La Romana,2015,51,train
-1.1964054,13.014082,-2.2349966,5.4329214,-4.718882,12 La Romana,2015,52,train
-2.7306585,18.83269,6.048802,9.3089485,-9.741835,12 La Romana,2016,1,train
0.4043247,19.629793,3.817268,8.066903,-10.797738,12 La Romana,2016,2,train
0.66886014,20.94376,5.191834,12.160805,-14.011099,12 La Romana,2016,3,train
1.7912394,18.223475,4.308799,7.0558906,-13.491034,12 La Romana,2016,4,train
0.35906863,16.362123,1.0615698,-8.515132,-8.859919,12 La Romana,2016,5,train
2.7195535,15.757239,-0.044986635,-7.7156734,-10.571936,12 La Romana,2016,6,train
1.603374,14.264502,1.3697251,-7.2434325,-10.375018,12 La Romana,2016,7,train
3.1022828,15.475607,1.3733177,-8.56792,-13.187257,12 La Romana,2016,8,train
1.9640388,14.7997055,3.139912,-8.64414,-14.098348,12 La Romana,2016,9,train
7.564267,6.749984,-4.139821,0.25962994,-9.010922,12 La Romana,2016,10,train
6.820316,5.8220615,-1.4164749,-6.617986,-8.854723,12 La Romana,2016,11,train
6.0580554,5.6332974,-2.3786047,-3.7953832,-10.839138,12 La Romana,2016,12,train
6.710111,5.1331143,-0.81881154,-5.309981,-11.270434,12 La Romana,2016,13,train
4.193523,3.7556725,0.50785935,-9.801842,-13.723344,12 La Romana,2016,14,train
5.2161174,4.6789412,0.5862734,-6.916607,-15.706566,12 La Romana,2016,15,train
1.6774232,4.5021677,1.2753801,-7.2191606,-11.566939,12 La Romana,2016,16,train
0.5461053,-0.060569566,14.152779,-9.18681,3.7721336,12 La Romana,2016,17,train
-0.488148,2.1490204,8.8036785,-10.125663,-0.10797162,12 La Romana,2016,18,train
4.981823,-5.8565717,-1.6413497,0.3127447,-1.4773331,12 La Romana,2016,19,train
6.3692293,-7.5653124,-2.686061,2.6096756,-1.2413459,12 La Romana,2016,20,train
0.973275,-10.823325,-4.1737976,0.5283322,0.8154135,12 La Romana,2016,21,train
0.41917056,-9.206863,3.538469,-3.2749662,7.054246,12 La Romana,2016,22,train
0.9512193,-13.225683,-5.292172,3.341903,3.3503366,12 La Romana,2016,23,train
-0.3190453,-14.033266,-6.7626066,4.1411448,1.8591697,12 La Romana,2016,24,train
-4.041708,-8.520179,-5.1544824,1.40459,-0.087562,12 La Romana,2016,25,train
-5.133828,-9.746671,-5.944478,2.2536678,0.033828888,12 La Romana,2016,26,train
-3.246296,-4.2760386,-1.2496898,16.21975,-4.5398993,12 La Romana,2016,27,train
-4.4255667,-5.143188,-2.0641885,14.449542,-5.9598913,12 La Romana,2016,28,train
-4.734019,-5.6545,-2.4039257,15.995452,-6.2880106,12 La Romana,2016,29,train
-6.6839676,-2.8016994,-1.7483566,15.026361,-3.5026786,12 La Romana,2016,30,train
-7.5270143,-0.9615427,-1.3209834,16.457546,-2.3726962,12 La Romana,2016,31,train
-2.93121,-5.753966,-2.1487055,17.694756,-0.71082574,12 La Romana,2016,32,train
-3.6953187,-9.312161,-5.0102725,18.451893,-2.5284386,12 La Romana,2016,33,train
-10.17397,-0.6974597,-2.464134,18.344343,1.1335735,12 La Romana,2016,34,train
-5.8323507,-9.486777,-7.8154035,5.3508735,1.8308207,12 La Romana,2016,35,train
-5.3470144,-8.999922,-7.9357724,5.5778737,5.013174,12 La Romana,2016,36,train
-5.103939,-10.00071,-8.771052,7.448561,5.011605,12 La Romana,2016,37,train
-5.6598253,-11.560661,-10.724477,7.4666014,6.7543616,12 La Romana,2016,38,train
-8.055157,-6.2297063,-10.618753,8.173929,3.201896,12 La Romana,2016,39,train
-7.7250624,-2.816361,-5.5163317,2.3684976,3.3570943,12 La Romana,2016,40,train
-9.2996,-2.64273,-7.286442,2.048495,4.925046,12 La Romana,2016,41,train
-6.2803893,-2.1478555,-4.8924356,0.60207003,5.2707853,12 La Romana,2016,42,train
-8.149719,-1.1579413,-7.262681,1.8557459,5.9882298,12 La Romana,2016,43,train
-5.007156,-0.76154494,-5.2224293,0.74399996,5.544899,12 La Romana,2016,44,train
-4.8638315,-0.6223836,-4.9683876,0.26644853,6.384159,12 La Romana,2016,45,train
-2.716253,-2.3845417,0.92101395,-5.1716995,11.46277,12 La Romana,2016,46,train
-1.0776547,0.47136286,-3.81078,-0.29462618,5.8289943,12 La Romana,2016,47,train
2.7136314,4.172336,-5.80269,0.037609447,6.8298063,12 La Romana,2016,48,train
2.951353,3.7217104,-5.9287205,3.0851183,5.55485,12 La Romana,2016,49,train
3.347764,4.2247705,-6.6390433,2.9840517,5.481001,12 La Romana,2016,50,train
3.7555053,4.1572356,-6.2662425,2.6769683,4.1561184,12 La Romana,2016,51,train
3.998348,8.415488,-4.7887053,11.750552,2.9313202,12 La Romana,2016,52,train
3.6488838,8.7266865,-2.180938,15.161013,1.9272894,12 La Romana,2017,1,train
5.083253,7.573877,-4.011113,13.475503,-1.2363626,12 La Romana,2017,2,train
7.6877213,13.678611,0.51458997,28.461842,-5.1923237,12 La Romana,2017,3,train
9.1758995,8.8011,-1.5268084,18.25425,-3.2381797,12 La Romana,2017,4,train
8.346748,3.0323732,-7.9855447,0.07239856,3.697192,12 La Romana,2017,5,train
8.803517,3.3533945,-7.1026134,-1.027677,2.5046837,12 La Romana,2017,6,train
7.663438,0.6171326,-4.9851723,-4.06302,4.084401,12 La Romana,2017,7,train
11.022414,0.9317518,-7.3956065,-5.0581145,1.9433495,12 La Romana,2017,8,train
9.492261,1.6138122,-6.808656,0.7198206,-2.1072104,12 La Romana,2017,9,train
8.305186,-1.0506936,-5.9050803,-0.0016791938,0.10905997,12 La Romana,2017,10,train
13.279128,-3.2866788,-7.8757,0.6014404,-0.0051606176,12 La Romana,2017,11,train
11.441229,-6.907096,-5.823329,-2.867525,3.065032,12 La Romana,2017,12,train
13.939893,-6.937593,-7.2320704,0.6538801,0.10270561,12 La Romana,2017,13,train
12.528014,-5.6460595,-6.001666,-0.9836237,-5.5831633,12 La Romana,2017,14,train
11.250511,-4.5949473,-5.4727364,-0.5328293,-5.8602242,12 La Romana,2017,15,train
5.762058,-4.1880636,-2.8409562,-2.7338715,-0.4816913,12 La Romana,2017,16,train
4.8305364,-5.7946725,-2.3380969,-3.78605,-0.0433575,12 La Romana,2017,17,train
6.675323,-7.600375,-2.426571,-1.3783518,-1.3142605,12 La Romana,2017,18,train
7.7399435,-9.118347,-3.1854067,1.6016651,-0.16193378,12 La Romana,2017,19,train
5.704394,-6.8999934,-2.947512,1.8758132,-2.650886,12 La Romana,2017,20,train
8.302506,-10.320546,-4.6908736,4.0480447,-3.5041459,12 La Romana,2017,21,train
7.0181913,-9.027444,-3.0854526,3.9975178,-3.6015759,12 La Romana,2017,22,train
7.609773,-9.855887,-3.572423,5.728516,-4.583383,12 La Romana,2017,23,train
7.486491,-8.813147,-2.9298232,6.677224,-7.519231,12 La Romana,2017,24,train
6.2292414,-7.3341455,-2.6909626,6.6201534,-5.9308615,12 La Romana,2017,25,train
6.4540763,-7.4543676,-2.6002252,7.5006514,-6.393511,12 La Romana,2017,26,train
7.229564,-4.14145,-0.5401368,18.046986,-5.9278007,12 La Romana,2017,27,train
7.2058506,-4.6977468,1.3336226,19.624527,-2.469912,12 La Romana,2017,28,train
7.226186,-4.9152017,-1.532789,16.746742,-6.0249367,12 La Romana,2017,29,train
9.025434,-7.3324285,-1.3564596,19.594574,-4.3269606,12 La Romana,2017,30,train
7.402949,-5.230212,-2.7452552,17.050272,-6.395924,12 La Romana,2017,31,train
8.539923,-6.109407,-0.97537374,20.63515,-6.073633,12 La Romana,2017,32,train
6.7243896,-3.956813,-0.82668316,18.310713,-4.82712,12 La Romana,2017,33,train
6.9093666,-5.2469482,0.60984254,16.905605,-2.46679,12 La Romana,2017,34,train
8.866725,-10.675747,-3.5141106,10.688668,-1.7890986,12 La Romana,2017,35,train
6.549176,-7.358815,-2.4835944,7.878959,-0.3729833,12 La Romana,2017,36,train
-4.021413,-7.5428233,-4.54206,2.1080334,5.4480615,12 La Romana,2017,37,train
0.42741567,-8.859801,11.931975,-2.9496331,16.431686,12 La Romana,2017,38,train
-5.3862853,-6.4413085,-6.1438265,2.218911,5.32869,12 La Romana,2017,39,train
-4.4049716,-7.7612944,-6.8207026,1.4210007,8.238555,12 La Romana,2017,40,train
-0.62419397,-9.861306,-0.8166584,1.2375438,14.6682205,12 La Romana,2017,41,train
-3.7328856,-4.0235596,-6.878093,5.4589148,5.9030776,12 La Romana,2017,42,train
-3.9915838,-5.1741767,-8.1658745,4.261325,8.630205,12 La Romana,2017,43,train
-3.365536,-5.426209,-8.930796,3.5946002,9.616984,12 La Romana,2017,44,train
-1.1156588,-1.0675669,8.45931,0.15684819,12.215228,12 La Romana,2017,45,train
0.4516458,-4.401189,11.300993,-5.030368,21.384214,12 La Romana,2017,46,train
-0.63162565,-4.077702,-8.739136,2.1573265,11.321837,12 La Romana,2017,47,train
0.29051623,-2.8574529,-9.826514,3.609764,11.123941,12 La Romana,2017,48,train
-2.6592784,3.222113,-8.388039,1.7014601,6.512832,12 La Romana,2017,49,train
-3.2784545,4.4604034,-11.65338,-0.9552122,8.723169,12 La Romana,2017,50,train
-1.6993545,4.1022744,-8.51011,3.347479,5.5361395,12 La Romana,2017,51,train
-3.6423824,7.0064692,-5.663827,14.478331,3.4844358,12 La Romana,2017,52,train
-0.19472116,2.3952723,-3.7108428,19.523558,5.7845244,12 La Romana,2018,1,train
0.24896327,1.8117585,-3.2923784,17.038734,4.7067647,12 La Romana,2018,2,train
0.883021,0.4527964,-4.2818966,17.341568,5.475298,12 La Romana,2018,3,train
0.43648812,1.1251242,-4.6027317,16.662857,3.4338899,12 La Romana,2018,4,train
4.1450195,-4.700826,-13.724934,-2.2574103,7.4375877,12 La Romana,2018,5,train
0.9102554,-0.123224564,-9.556103,-4.9294267,1.0361656,12 La Romana,2018,6,train
7.541962,3.2386913,-4.601876,-0.12961583,-0.67718464,12 La Romana,2018,7,train
8.042287,2.4969993,-5.4599376,-1.6428638,-1.662833,12 La Romana,2018,8,train
9.836078,0.5320597,-4.6501484,-7.885966,0.081205666,12 La Romana,2018,9,train
13.075155,-5.2432456,-8.134067,1.1035999,3.8039095,12 La Romana,2018,10,train
12.55851,-6.7532377,-6.3715367,3.9910653,4.6746335,12 La Romana,2018,11,train
11.430317,-7.3036146,-6.1428924,1.5966798,4.411495,12 La Romana,2018,12,train
11.390534,-0.76583666,-4.210997,0.34891832,-3.3288467,12 La Romana,2018,13,train
9.288344,-2.2355678,-1.6969931,-4.289336,-5.1540194,12 La Romana,2018,14,train
9.175352,-2.3180404,-3.813885,-2.7654479,-7.1667643,12 La Romana,2018,15,train
8.3724575,-2.8141608,-2.651632,-1.9813126,-6.7284713,12 La Romana,2018,16,train
8.057902,-3.4025478,-2.6711028,-1.7659452,-7.29516,12 La Romana,2018,17,train
6.3079023,-4.9043,-2.179145,-3.4712212,-6.4453444,12 La Romana,2018,18,train
6.7018394,-3.4848068,-1.3172326,-1.2333944,-7.435448,12 La Romana,2018,19,train
4.6815686,-2.7830665,-1.1850551,-0.31576568,-6.043663,12 La Romana,2018,20,train
-1.1280422,-8.729216,-4.6997843,-3.3772008,-8.1810255,12 La Romana,2018,21,train
-2.2344465,-8.21602,-3.1983871,-2.9227974,-6.398984,12 La Romana,2018,22,train
-3.950234,-9.109072,-5.0015206,-2.0289874,-8.312632,12 La Romana,2018,23,train
-4.8665466,-9.04982,-4.4432592,-1.2264043,-7.8497944,12 La Romana,2018,24,train
-7.1438026,-7.3730617,-4.4016457,-4.181967,-2.1706853,12 La Romana,2018,25,train
-8.070716,-7.965824,-5.63679,0.05788013,-6.0811577,12 La Romana,2018,26,train
-7.059897,-1.5448276,-1.5439389,16.316946,-9.404946,12 La Romana,2018,27,train
-6.6925426,2.3953726,1.9825506,18.608387,-5.2168946,12 La Romana,2018,28,train
-6.2928596,-0.14746885,1.6946269,15.311491,-5.8007083,12 La Romana,2018,29,train
-9.2094345,-1.6067057,-0.00032057727,17.99747,-8.240511,12 La Romana,2018,30,train
-9.647751,-0.7782567,-1.6482798,18.437653,-8.714248,12 La Romana,2018,31,train
-10.759278,-0.33753473,-0.23462194,18.582123,-8.739772,12 La Romana,2018,32,train
-7.9752617,0.05951241,0.7590275,16.994179,-8.842652,12 La Romana,2018,33,train
-8.65676,-1.0161994,0.33245823,16.945423,-10.086721,12 La Romana,2018,34,train
-11.975332,-4.5502453,-7.017382,-0.7866002,-0.18577115,12 La Romana,2018,35,train
-8.65619,-3.3832164,-2.2209675,-1.9682891,-1.6620111,12 La Romana,2018,36,train
-9.157872,-3.1305578,-3.8940296,-1.8124497,-1.5658747,12 La Romana,2018,37,train
-9.891071,-2.9599104,-3.9562213,-1.3890601,-1.0960249,12 La Romana,2018,38,train
-7.767543,-1.9523944,-2.8592584,-1.3423162,-1.0137705,12 La Romana,2018,39,train
-7.289191,-2.4714065,2.6075494,-7.709359,8.684042,12 La Romana,2018,40,train
-5.927404,-0.40814233,-2.1870763,-2.6057467,3.4827557,12 La Romana,2018,41,train
-7.2970324,1.7422378,-3.8586972,1.5946356,1.5465763,12 La Romana,2018,42,train
-8.687525,2.2738402,-4.423543,0.67610645,3.0136375,12 La Romana,2018,43,train
-8.730293,2.971864,-6.497922,-0.7984976,3.937922,12 La Romana,2018,44,train
-6.212816,3.5627534,-4.204099,-0.270294,3.250005,12 La Romana,2018,45,train
-4.72228,3.6123183,-3.568061,-0.85834265,2.9986253,12 La Romana,2018,46,train
-6.034723,5.3804264,-5.7435126,-1.482355,5.0042095,12 La Romana,2018,47,train
-6.552261,7.2133136,-9.16128,-2.821206,5.9893427,12 La Romana,2018,48,train
-3.969685,6.7558575,-7.2617307,1.1265403,4.1435165,12 La Romana,2018,49,train
-3.3376124,7.113956,-8.256648,-1.5840166,5.5780277,12 La Romana,2018,50,train
2.9890354,9.522816,-7.110807,-1.9270359,4.4003706,12 La Romana,2018,51,train
2.6610203,8.740512,-3.9614828,7.571887,-1.0839164,12 La Romana,2018,52,train
3.9136028,11.709178,-2.676937,10.486915,-2.359682,12 La Romana,2019,1,train
5.2418227,13.308722,0.20538282,17.443481,-4.802154,12 La Romana,2019,2,train
8.076057,12.170942,0.5241747,15.523432,-5.703358,12 La Romana,2019,3,train
7.7060943,10.231037,-0.17705795,13.235774,-6.252993,12 La Romana,2019,4,train
7.694738,8.376112,-5.6978135,-2.8831482,-0.06623028,12 La Romana,2019,5,train
5.639657,11.309892,-1.2884232,-4.473852,-4.871018,12 La Romana,2019,6,train
5.2734284,11.876835,-0.63764894,-4.3946195,-7.219278,12 La Romana,2019,7,train
5.9424486,11.032304,-2.3715422,-3.2147002,-9.103541,12 La Romana,2019,8,train
7.2918906,11.612445,-3.4267893,-2.0230942,-11.843748,12 La Romana,2019,9,train
7.6916504,4.3482575,-2.8444316,-5.9559736,-4.74587,12 La Romana,2019,10,train
10.736282,3.3256788,-4.3683057,-5.8991113,-5.880854,12 La Romana,2019,11,train
8.045287,1.2674582,-1.0837917,-8.171266,-4.6611414,12 La Romana,2019,12,train
5.2152343,0.28884274,0.083976544,-8.230793,-4.312594,12 La Romana,2019,13,train
8.505535,0.48095492,-3.9524717,-3.8988216,-8.303675,12 La Romana,2019,14,train
9.217021,0.37731937,-2.9387858,-2.4354265,-9.576749,12 La Romana,2019,15,train
9.853683,0.38397327,-4.180902,-1.4500098,-11.510715,12 La Romana,2019,16,train
7.641838,-2.6079848,-2.0253346,-5.56871,-8.633673,12 La Romana,2019,17,train
0.5117469,-6.488366,-6.7341294,-8.475052,-8.309633,12 La Romana,2019,18,train
-1.5140017,-4.892303,-2.7734594,-7.420539,-7.5338907,12 La Romana,2019,19,train
-3.0318356,-4.1736474,-0.8006792,-4.7280774,-7.9213586,12 La Romana,2019,20,train
-3.2404153,-2.9749742,-0.025001312,-5.90961,-2.9508772,12 La Romana,2019,21,train
-2.5823298,-5.5587726,12.21597,-9.684544,6.984749,12 La Romana,2019,22,train
-4.5209684,-1.9929022,1.094431,-4.340758,-3.7316139,12 La Romana,2019,23,train
-5.778246,-3.22198,-1.1119336,-2.694928,-6.5099154,12 La Romana,2019,24,train
-7.0574784,-3.528431,-1.8523563,-2.101354,-6.8799987,12 La Romana,2019,25,train
-9.3485985,-4.455058,-3.2898912,-2.0345004,-6.2144184,12 La Romana,2019,26,train
-6.57877,3.72659,3.4983015,18.578766,-10.380922,12 La Romana,2019,27,train
-8.088233,4.42652,2.4250073,15.260761,-8.876358,12 La Romana,2019,28,train
-8.923576,5.441031,2.1332283,16.2938,-9.199085,12 La Romana,2019,29,train
-11.695009,5.252184,0.24228704,14.148427,-10.14197,12 La Romana,2019,30,train
-8.397983,7.629979,3.946775,17.264692,-6.6170187,12 La Romana,2019,31,train
-10.036488,6.276327,2.8246312,15.413123,-7.3693337,12 La Romana,2019,32,train
-12.153937,5.271038,0.73347414,14.262003,-8.206438,12 La Romana,2019,33,train
-11.222276,5.9751825,1.5913422,14.646887,-6.648324,12 La Romana,2019,34,train
-12.673415,0.3675455,-3.3164198,-0.32671258,-3.2361012,12 La Romana,2019,35,train
-13.4559555,0.9552252,-3.7540317,-1.7862008,-4.287723,12 La Romana,2019,36,train
-14.167901,0.59228766,-4.1802425,-1.348733,-4.8872504,12 La Romana,2019,37,train
-8.598668,1.3822795,13.396176,-10.992278,7.7016344,12 La Romana,2019,38,train
-8.608907,2.3548267,0.3217801,-4.056583,-1.1801336,12 La Romana,2019,39,train
-7.6359277,2.0039248,0.044188008,-3.7913544,0.80189097,12 La Romana,2019,40,train
-12.103923,2.950973,-4.804938,-1.0469884,-0.13393186,12 La Romana,2019,41,train
-11.953014,3.3332589,-4.7680774,-1.4892107,0.8070021,12 La Romana,2019,42,train
-7.372928,3.7885664,-2.02809,-2.8680866,0.8073176,12 La Romana,2019,43,train
-9.618393,6.070916,-5.5802436,1.0290715,0.5443558,12 La Romana,2019,44,train
-9.389179,6.179853,-5.4846196,-0.16071798,1.3534863,12 La Romana,2019,45,train
-9.090288,6.47307,-6.039357,-3.3724864,3.1987607,12 La Romana,2019,46,train
-8.12661,8.357164,-7.2765408,-3.3079352,3.4439926,12 La Romana,2019,47,train
-8.348175,10.743492,-9.998685,-1.3666176,2.7388651,12 La Romana,2019,48,train
-1.756768,10.349958,-3.4311802,-2.8680937,1.8946576,12 La Romana,2019,49,train
-1.1166636,8.6717,-2.79751,-1.783996,0.16903615,12 La Romana,2019,50,train
-0.40791947,9.562733,-3.4340253,-1.1134257,0.09696242,12 La Romana,2019,51,train
-1.7732505,14.014543,0.083667174,11.3464775,-2.391435,12 La Romana,2019,52,train
0.034634445,11.699608,-1.562844,9.244802,-1.7573397,12 La Romana,2020,1,val
1.0055237,10.256361,-2.9264138,9.106103,-3.2736866,12 La Romana,2020,2,val
2.841341,8.8816595,-1.9465876,8.547027,-3.9093096,12 La Romana,2020,3,val
3.5623357,10.93659,2.5292056,13.278565,-4.6200943,12 La Romana,2020,4,val
5.4487453,8.478678,-4.57129,-6.6714206,0.65402144,12 La Romana,2020,5,val
5.4987063,8.280407,-4.400177,-4.0382156,-2.459153,12 La Romana,2020,6,val
5.3052564,7.2138677,-4.4400744,-3.3671703,-3.6863966,12 La Romana,2020,7,val
6.1373744,6.0688024,-4.2352805,-4.412788,-3.211493,12 La Romana,2020,8,val
5.469515,4.8321514,-1.0769521,-5.0494685,-3.1783445,12 La Romana,2020,9,val
8.486052,-0.38342428,-4.447854,-2.6334987,-0.32417417,12 La Romana,2020,10,val
7.0131764,-1.4460844,-3.4050953,-4.6837454,0.17372432,12 La Romana,2020,11,val
8.595037,-0.095622525,-4.3869104,-0.5832821,-3.2002227,12 La Romana,2020,12,val
9.375039,-2.48166,-4.1089797,-2.3335106,-2.8669748,12 La Romana,2020,13,val
14.615147,-9.450002,-7.0679803,-2.9617693,-1.0860016,12 La Romana,2020,14,val
10.236968,-10.416232,-5.485414,0.074204616,0.28582975,12 La Romana,2020,15,val
9.515762,-7.560556,-5.445104,1.6321898,-3.0870736,12 La Romana,2020,16,val
10.506899,-8.704081,-6.2500706,2.3936458,-4.502441,12 La Romana,2020,17,val
10.918475,-10.471033,-6.255256,1.5497823,-4.7488194,12 La Romana,2020,18,val
3.6921542,-13.203943,-8.039124,0.6894956,-2.2206767,12 La Romana,2020,19,val
3.197191,-13.015439,-6.737142,1.8568252,-2.2795193,12 La Romana,2020,20,val
1.9003874,-12.73229,-5.96357,2.2707818,-0.0044727447,12 La Romana,2020,21,val
0.41804004,-13.504354,-7.1698613,0.92345685,1.4135082,12 La Romana,2020,22,val
-2.6550827,-12.829578,-7.767845,0.96851295,-3.529011,12 La Romana,2020,23,val
-2.664603,-12.225808,-5.766969,1.471399,-0.9772562,12 La Romana,2020,24,val
-5.503777,-13.446928,-8.76752,3.2940762,-5.397348,12 La Romana,2020,25,val
-9.003864,-10.846467,-10.509081,3.183929,-5.1688423,12 La Romana,2020,26,val
-4.4480863,-7.481517,-3.4212453,19.725828,-3.5653186,12 La Romana,2020,27,val
-6.1116652,-6.9438343,-4.0543714,18.534544,-4.917511,12 La Romana,2020,28,val
-6.9581094,-6.4555545,-4.2859964,21.082907,-5.2822456,12 La Romana,2020,29,val
-8.948711,-6.1133814,-5.16246,18.778316,-5.216417,12 La Romana,2020,30,val
2.536748,-10.846289,22.429829,12.813644,20.077806,12 La Romana,2020,31,val
-0.6472512,-12.00763,-6.7705455,19.612432,1.9448347,12 La Romana,2020,32,val
-5.193056,-8.755917,-7.372822,18.1633,2.1199055,12 La Romana,2020,33,val
3.2861295,-14.362018,13.062848,13.970185,20.99858,12 La Romana,2020,34,val
-3.4836254,-13.168218,-10.155569,7.53974,4.577099,12 La Romana,2020,35,val
-6.4626293,-7.8239183,-7.809788,3.665763,3.8673613,12 La Romana,2020,36,val
-2.8858192,-9.958298,-6.756831,4.259869,6.402212,12 La Romana,2020,37,val
-5.685903,-13.28243,-11.584957,5.5803466,7.0640135,12 La Romana,2020,38,val
-4.801282,-11.991916,-10.980066,5.90871,7.7612147,12 La Romana,2020,39,val
-7.386046,-5.251872,-7.898659,-0.015297024,4.7725215,12 La Romana,2020,40,val
-6.410381,-5.470772,-8.975753,3.2536123,6.4400444,12 La Romana,2020,41,val
-5.6991096,-5.390354,-8.260324,2.346026,7.3649936,12 La Romana,2020,42,val
-7.7369986,-5.294908,-13.144398,5.198275,8.520744,12 La Romana,2020,43,val
-6.327475,-1.9060867,-11.419918,5.65099,5.415545,12 La Romana,2020,44,val
-0.7061982,-6.7524986,3.7752624,-3.86594,18.134079,12 La Romana,2020,45,val
0.34783354,-5.029702,8.285346,-6.162204,19.81496,12 La Romana,2020,46,val
-1.741638,-1.1936448,-7.545892,2.0354545,8.52383,12 La Romana,2020,47,val
-1.2630283,-0.3911812,-8.180192,1.2137952,8.416237,12 La Romana,2020,48,val
9.8966465,-3.6902375,-11.679822,8.36756,13.636962,12 La Romana,2020,49,val
9.836188,-4.8417454,-10.646895,8.174685,14.334445,12 La Romana,2020,50,val
10.128358,-4.118086,-11.899879,8.0399685,13.738489,12 La Romana,2020,51,val
9.685672,-3.5489864,-8.735882,16.356573,11.162185,12 La Romana,2020,52,val
11.833303,-4.13058,-10.003089,18.876673,13.020278,12 La Romana,2021,1,val
12.948745,-5.8176274,-10.831452,17.510637,12.519198,12 La Romana,2021,2,val
12.705684,-5.343285,-9.2295685,16.560501,10.614806,12 La Romana,2021,3,val
13.113254,-4.6796756,-9.286075,17.162996,8.062947,12 La Romana,2021,4,val
14.527141,-9.503432,-13.456171,10.297238,14.265673,12 La Romana,2021,5,val
12.62577,-4.7265687,-12.033553,7.5943837,7.7061734,12 La Romana,2021,6,val
13.760581,-5.3603396,-13.413948,8.011195,7.2370296,12 La Romana,2021,7,val
12.133321,-5.7005515,-11.4642,6.7845287,5.633531,12 La Romana,2021,8,val
14.91745,-8.047839,-11.408133,7.101958,7.616754,12 La Romana,2021,9,val
9.875612,-1.5604407,-6.3220286,-3.581017,-0.020807978,12 La Romana,2021,10,val
12.40592,-0.8659794,-8.582804,-3.4906523,-3.1816292,12 La Romana,2021,11,val
9.675252,-2.2982583,-5.320224,-1.7735322,-1.5775701,12 La Romana,2021,12,val
10.721303,-5.1744227,-6.3491535,-1.3559104,-1.8325348,12 La Romana,2021,13,val
9.321753,-4.6214542,-4.505834,-5.310295,-1.2281936,12 La Romana,2021,14,val
12.455876,-8.483075,-5.6053143,-2.8471963,-1.5562325,12 La Romana,2021,15,val
11.057391,-7.5639052,-5.840284,0.856387,-3.749512,12 La Romana,2021,16,val
9.237336,-6.933211,-4.472333,-0.8331592,-3.334236,12 La Romana,2021,17,val
4.5062513,-13.702674,-9.040074,-1.5714203,-4.985794,12 La Romana,2021,18,val
2.829979,-11.437797,-6.7946763,-1.7969354,-3.824516,12 La Romana,2021,19,val
1.6602279,-12.014118,-8.274051,-2.229404,-3.3896375,12 La Romana,2021,20,val
1.0159101,-11.685066,-7.3294516,-0.1569452,-3.4729779,12 La Romana,2021,21,val
-0.94260657,-9.23729,-6.197196,-0.9593501,-4.5434833,12 La Romana,2021,22,val
0.5775165,-10.717798,3.2007039,-4.089134,8.962939,12 La Romana,2021,23,val
-3.0201225,-8.5277195,-4.5132427,0.63011146,-3.1633441,12 La Romana,2021,24,val
-6.094197,-8.18369,-5.733988,-0.38605186,-3.027536,12 La Romana,2021,25,val
-6.278184,-7.549886,-5.864858,0.6391044,-2.930484,12 La Romana,2021,26,val
-2.6180449,-6.6991167,-4.9803057,20.423128,-0.5403106,12 La Romana,2021,27,val
-5.119778,-3.8808122,-3.6303236,19.986996,0.44097057,12 La Romana,2021,28,val
-3.089839,-7.843135,-5.032638,21.332645,2.3102322,12 La Romana,2021,29,val
-3.7329962,-7.042615,-4.6808376,19.519547,2.0089946,12 La Romana,2021,30,val
-3.4781065,-7.826728,-4.8653364,21.212101,2.6119733,12 La Romana,2021,31,val
0.94106805,-8.363886,16.452452,16.466837,16.414745,12 La Romana,2021,32,val
-6.6520457,0.19245619,-0.4631984,16.836983,-0.61478645,12 La Romana,2021,33,val
-5.9908032,-5.696782,-2.9592538,16.613443,-2.7035363,12 La Romana,2021,34,val
-9.009687,-10.303483,-9.047184,3.2314107,2.79209,12 La Romana,2021,35,val
-7.4426527,-10.698949,-10.408664,6.2618704,3.920928,12 La Romana,2021,36,val
-4.299904,-9.091953,-6.723436,3.9288976,5.4992523,12 La Romana,2021,37,val
-2.7010095,-11.466008,-7.68092,5.0889735,7.651234,12 La Romana,2021,38,val
-4.8538322,-8.372142,-6.6947513,2.168265,7.3295684,12 La Romana,2021,39,val
-8.085436,-5.477398,-10.476403,7.0878263,4.8123913,12 La Romana,2021,40,val
-4.8621383,-6.449364,-6.2314143,1.0605552,8.320141,12 La Romana,2021,41,val
-7.2263837,-5.712844,-10.569223,4.234079,8.244272,12 La Romana,2021,42,val
-6.3441267,-3.9124415,-10.627376,6.956153,8.172988,12 La Romana,2021,43,val
-6.5213065,-3.0281756,-11.673798,7.2214584,8.386302,12 La Romana,2021,44,val
-5.46423,-4.172294,-14.673133,8.14525,10.400526,12 La Romana,2021,45,val
-6.006965,-0.6892754,-18.429274,11.067558,8.133298,12 La Romana,2021,46,val
-3.8053102,-2.3950343,-15.974163,7.1321507,11.957459,12 La Romana,2021,47,val
6.531668,2.0403612,-13.157693,7.036135,10.001537,12 La Romana,2021,48,val
8.330121,0.46756637,-14.534379,9.105404,9.401661,12 La Romana,2021,49,val
7.753684,-0.6586036,-11.889246,7.9943304,9.0273695,12 La Romana,2021,50,val
9.197944,-2.6262789,-11.955566,6.0213523,14.022502,12 La Romana,2021,51,val
9.012753,1.1371439,-11.13951,16.084476,8.618817,12 La Romana,2021,52,val
7.2767916,22.024492,12.824007,20.183743,2.8554482,13 La Vega,2015,1,train
12.057184,23.745682,13.319744,21.436901,0.8244894,13 La Vega,2015,2,train
13.531442,21.001705,11.656986,16.75581,-1.6139044,13 La Vega,2015,3,train
21.507647,24.048391,10.480235,18.363663,-6.4374914,13 La Vega,2015,4,train
12.85963,15.922843,5.771885,-12.199922,9.224812,13 La Vega,2015,5,train
18.78384,14.477855,2.6231418,-9.966687,7.2970147,13 La Vega,2015,6,train
15.863093,11.107052,4.69483,-9.650775,6.441771,13 La Vega,2015,7,train
17.364792,6.1761165,20.095715,-20.636208,15.6394615,13 La Vega,2015,8,train
21.804901,8.397762,5.9143195,-10.821838,1.5349213,13 La Vega,2015,9,train
22.628424,6.9741864,7.335976,-12.234087,0.6247107,13 La Vega,2015,10,train
22.47137,4.9152017,7.570404,-15.046798,0.11924368,13 La Vega,2015,11,train
24.554628,4.949862,7.7024984,-12.618962,-6.3070016,13 La Vega,2015,12,train
22.616806,3.35245,8.089826,-9.865471,-14.444201,13 La Vega,2015,13,train
20.82123,0.5299185,8.585001,-13.418528,-3.6234982,13 La Vega,2015,14,train
20.026731,1.5410943,7.742834,-9.138304,-5.720722,13 La Vega,2015,15,train
25.177588,-1.4842812,7.0749106,-8.542877,-17.172775,13 La Vega,2015,16,train
1.8490496,-22.371536,7.3614397,-11.911963,-24.922817,13 La Vega,2015,17,train
-0.33098406,-24.506075,6.54523,-9.523701,-29.886608,13 La Vega,2015,18,train
-5.094246,-17.465,8.697126,-17.248682,-26.602127,13 La Vega,2015,19,train
-6.3810544,-14.670004,8.827996,-16.493795,-22.934914,13 La Vega,2015,20,train
-7.6408696,-13.486125,9.353817,-12.988048,-11.34682,13 La Vega,2015,21,train
-9.257983,-16.395899,9.383436,-14.88825,-6.8295913,13 La Vega,2015,22,train
-11.599131,-18.922585,6.7746344,-9.141658,-10.822416,13 La Vega,2015,23,train
-16.096006,-21.932072,3.9744256,-8.616921,-14.377633,13 La Vega,2015,24,train
-16.718143,-18.52354,4.2343135,-5.291063,-11.550183,13 La Vega,2015,25,train
-20.182484,-19.282932,3.1496081,-3.5933847,-12.29295,13 La Vega,2015,26,train
-10.898338,-4.639239,15.476052,20.448055,-22.455564,13 La Vega,2015,27,train
-10.419814,-1.9568828,20.124628,29.340296,-19.458675,13 La Vega,2015,28,train
-14.061125,-2.9034715,18.295979,28.256414,-20.445087,13 La Vega,2015,29,train
-20.227108,-7.920778,13.860103,23.873714,-21.955845,13 La Vega,2015,30,train
-21.799526,-5.8322325,13.876982,26.198109,-22.018177,13 La Vega,2015,31,train
-17.978247,-0.49769747,17.10657,18.144718,-25.38997,13 La Vega,2015,32,train
-21.273046,0.8292511,17.116352,19.367516,-25.529598,13 La Vega,2015,33,train
-25.395473,-2.4989512,14.841598,19.721521,-25.308773,13 La Vega,2015,34,train
-28.313833,-6.6401553,3.6470509,-7.364971,-5.950782,13 La Vega,2015,35,train
-30.325909,-3.9903338,6.796463,-7.771817,-11.264133,13 La Vega,2015,36,train
-31.76935,-2.6831152,4.8476915,-8.497188,-9.299895,13 La Vega,2015,37,train
-30.683086,1.9264569,4.60996,-8.048508,-5.819031,13 La Vega,2015,38,train
-32.399662,2.788143,4.107669,-5.371469,-5.562775,13 La Vega,2015,39,train
-41.351044,12.177799,0.1313128,-4.5705056,-3.4825258,13 La Vega,2015,40,train
-39.62184,13.719004,-0.11780956,-4.301136,-1.0444983,13 La Vega,2015,41,train
-35.882824,16.274693,0.9447945,-3.2819545,-0.43748558,13 La Vega,2015,42,train
-33.407555,17.209126,4.731116,-10.409983,4.864906,13 La Vega,2015,43,train
-28.38448,19.015587,3.7503772,-8.507855,3.5956783,13 La Vega,2015,44,train
-18.577261,20.57697,3.721884,-5.3712792,7.545884,13 La Vega,2015,45,train
-19.162037,21.966051,1.6353916,-4.335252,8.477442,13 La Vega,2015,46,train
-18.844635,26.163511,-0.9834556,-10.344267,14.399998,13 La Vega,2015,47,train
-1.4000427,32.111237,-1.6500553,-9.615568,10.120124,13 La Vega,2015,48,train
-1.7636254,26.03724,1.6915458,-4.8167715,8.053604,13 La Vega,2015,49,train
3.1493173,29.926208,-1.3640926,-5.094441,8.053686,13 La Vega,2015,50,train
5.2563257,27.962086,0.15909961,-5.8187175,7.5550756,13 La Vega,2015,51,train
-0.48386613,24.834488,12.519806,17.81035,3.852128,13 La Vega,2015,52,train
9.56401,40.615116,12.664507,18.71533,-6.851875,13 La Vega,2016,1,train
12.842037,40.466457,13.865626,18.431892,-9.421244,13 La Vega,2016,2,train
13.792564,36.267757,15.567157,14.8762,-11.788285,13 La Vega,2016,3,train
13.751055,30.7201,20.55181,15.7536335,-12.095159,13 La Vega,2016,4,train
13.914185,30.766882,7.077963,-15.703463,-2.2939835,13 La Vega,2016,5,train
14.588954,29.06987,5.487463,-13.637762,-6.3523636,13 La Vega,2016,6,train
14.985567,24.519394,8.678022,-20.653599,-2.7571137,13 La Vega,2016,7,train
17.313812,22.689116,8.76722,-15.289727,-9.013607,13 La Vega,2016,8,train
12.519404,18.499279,13.728752,-17.600086,-8.54027,13 La Vega,2016,9,train
21.350304,7.584886,8.43749,-13.767006,-0.3934449,13 La Vega,2016,10,train
23.308287,11.494922,7.449693,-13.143197,-11.576736,13 La Vega,2016,11,train
21.862444,11.540617,7.978893,-9.139673,-15.116055,13 La Vega,2016,12,train
24.224314,8.325898,9.057991,-14.172653,-20.617115,13 La Vega,2016,13,train
13.857351,3.9791217,12.43904,-13.667299,-20.838028,13 La Vega,2016,14,train
16.331932,4.456231,12.06694,-13.95767,-20.448963,13 La Vega,2016,15,train
8.280809,-0.3048662,13.96229,-15.515613,-10.071036,13 La Vega,2016,16,train
7.266801,-2.5694556,15.198116,-13.959303,-9.398519,13 La Vega,2016,17,train
-3.639896,-6.2063527,13.454067,-17.22018,-12.599914,13 La Vega,2016,18,train
3.8420234,-21.000309,5.1815004,-6.4858727,-1.5397863,13 La Vega,2016,19,train
2.1913977,-26.803774,1.2040998,-0.7986323,-5.2989635,13 La Vega,2016,20,train
-1.7767229,-22.754202,3.406976,-6.5205364,-2.413624,13 La Vega,2016,21,train
-4.5669565,-23.72459,3.4347737,-6.484428,-0.8918826,13 La Vega,2016,22,train
-7.471155,-33.640755,-2.301898,0.3155557,-4.7588625,13 La Vega,2016,23,train
-11.321907,-35.41402,-3.0566657,2.3214893,-5.4073772,13 La Vega,2016,24,train
-14.953268,-24.178183,0.6473444,-2.517293,2.5204158,13 La Vega,2016,25,train
-19.938513,-24.333105,-2.0829182,-0.43085638,0.5681779,13 La Vega,2016,26,train
-15.850505,-15.290278,8.256789,30.237226,-11.441602,13 La Vega,2016,27,train
-16.963863,-15.229766,9.38901,33.456413,-12.945295,13 La Vega,2016,28,train
-18.566912,-13.202446,9.028139,31.74616,-9.5548725,13 La Vega,2016,29,train
-18.48069,-7.735635,11.2392,32.56781,-4.900807,13 La Vega,2016,30,train
-19.214975,-6.0761867,12.191662,34.502884,-3.720384,13 La Vega,2016,31,train
-15.764506,-16.108734,7.2069325,33.17112,-5.0751677,13 La Vega,2016,32,train
-17.575535,-19.705315,6.0116844,35.91381,-8.423845,13 La Vega,2016,33,train
-22.426996,-3.3574405,7.9120164,35.047523,3.6926959,13 La Vega,2016,34,train
-25.018106,-23.331268,-5.855889,3.357742,5.625136,13 La Vega,2016,35,train
-25.04269,-21.117018,-8.26517,7.3166714,10.913525,13 La Vega,2016,36,train
-26.901438,-25.037764,-9.433496,5.6291685,11.229979,13 La Vega,2016,37,train
-27.193596,-21.103207,-9.744231,9.241577,12.570505,13 La Vega,2016,38,train
-25.005573,-13.446743,-9.155525,9.265075,14.224268,13 La Vega,2016,39,train
-26.58241,-7.1610293,-6.462515,1.834021,14.029419,13 La Vega,2016,40,train
-24.936132,-4.220208,-6.9049654,4.332128,15.253831,13 La Vega,2016,41,train
-19.308847,-3.22524,-2.6741283,0.7514398,16.989418,13 La Vega,2016,42,train
-19.767775,-0.5143571,-5.20315,2.3225882,18.531755,13 La Vega,2016,43,train
-17.228329,1.3162601,-4.7816544,-1.0493134,21.51008,13 La Vega,2016,44,train
-9.821231,0.33179834,9.126215,-4.7730722,24.547678,13 La Vega,2016,45,train
-8.132334,1.9368563,9.328191,-5.891934,27.253798,13 La Vega,2016,46,train
-8.478599,7.1664996,-3.9224532,-3.4038131,24.466013,13 La Vega,2016,47,train
6.31436,11.556647,-1.998166,-1.737326,18.096203,13 La Vega,2016,48,train
9.396885,12.772027,-5.0819693,-2.1131673,22.007805,13 La Vega,2016,49,train
8.968437,11.823188,-4.0807114,-0.35627168,20.111107,13 La Vega,2016,50,train
8.444616,10.353696,0.0775293,-3.198591,17.14025,13 La Vega,2016,51,train
6.9415627,20.775938,7.016332,27.890821,11.249598,13 La Vega,2016,52,train
11.66614,21.012835,1.998374,23.567083,9.602421,13 La Vega,2017,1,train
7.284217,11.569779,25.71202,31.896671,11.454116,13 La Vega,2017,2,train
22.201473,25.754936,14.834298,39.887463,0.5159346,13 La Vega,2017,3,train
27.091135,23.096495,9.678604,35.833866,-1.771988,13 La Vega,2017,4,train
21.086277,9.467172,-4.5749,-2.7163746,13.014455,13 La Vega,2017,5,train
21.482794,8.848316,-4.164001,-6.250188,12.384722,13 La Vega,2017,6,train
20.382835,6.9395723,0.018696195,-5.6177,9.713332,13 La Vega,2017,7,train
29.622133,8.565448,-3.9300437,-6.9257884,6.1153846,13 La Vega,2017,8,train
23.996391,4.555425,-0.10443092,-7.089476,3.937017,13 La Vega,2017,9,train
24.487629,-0.15105677,3.8022377,-10.570932,7.7401195,13 La Vega,2017,10,train
25.396416,-0.9837034,0.107200384,-3.7912326,2.3477983,13 La Vega,2017,11,train
20.58695,-2.5813508,8.140238,-9.021753,4.0401306,13 La Vega,2017,12,train
28.12962,-7.344663,2.2365057,-7.7074747,-0.32863948,13 La Vega,2017,13,train
23.541811,-11.834145,3.2799008,-4.852085,-6.464954,13 La Vega,2017,14,train
25.432873,-9.278836,5.7457166,-10.276152,-5.2234907,13 La Vega,2017,15,train
14.448752,-9.513914,15.259331,-11.625393,5.677336,13 La Vega,2017,16,train
12.463812,-11.26863,16.798872,-8.897386,7.556652,13 La Vega,2017,17,train
4.4146895,-20.663134,6.9604216,-9.521407,-2.485437,13 La Vega,2017,18,train
5.121386,-27.961079,3.410315,-8.219548,-1.3306265,13 La Vega,2017,19,train
0.9581764,-19.471077,4.7420588,-7.004381,-1.6047871,13 La Vega,2017,20,train
0.15779845,-30.825579,-0.05363434,-1.6679814,-3.6688945,13 La Vega,2017,21,train
-3.9678428,-28.772594,2.5084038,-6.118275,-0.4580938,13 La Vega,2017,22,train
-6.889367,-28.664341,0.57714546,-0.3763076,-7.33667,13 La Vega,2017,23,train
-11.615498,-25.504154,1.4907846,-4.92979,-2.881039,13 La Vega,2017,24,train
-13.915532,-21.39465,3.328065,-4.248057,1.107248,13 La Vega,2017,25,train
-14.955898,-20.641794,3.5096853,-2.19378,1.5803308,13 La Vega,2017,26,train
-5.6743603,-6.424824,16.70383,32.861313,-5.8797503,13 La Vega,2017,27,train
-11.985174,-7.085489,14.630029,34.76405,-1.7654018,13 La Vega,2017,28,train
-9.342857,-9.7665415,14.6289625,33.057148,-5.4535475,13 La Vega,2017,29,train
-9.024179,-14.101278,11.695595,31.460634,-4.9671125,13 La Vega,2017,30,train
-12.37994,-10.230432,11.613262,30.684303,-3.9006033,13 La Vega,2017,31,train
-15.152361,-10.518775,12.215347,35.402176,-4.51576,13 La Vega,2017,32,train
-12.779854,-4.263266,14.64949,32.686123,-1.5914758,13 La Vega,2017,33,train
-12.516055,-9.412759,12.053362,32.930237,-3.577852,13 La Vega,2017,34,train
-18.972385,-21.553387,-1.9774989,2.5867596,4.681753,13 La Vega,2017,35,train
-22.134722,-13.640491,-1.3131678,0.59472954,10.400858,13 La Vega,2017,36,train
-20.97031,-15.485525,1.8682811,0.9625474,10.750295,13 La Vega,2017,37,train
-25.493603,-11.742717,-4.947255,2.64658,11.96099,13 La Vega,2017,38,train
-23.076038,-14.834677,-5.2363186,3.052326,12.65524,13 La Vega,2017,39,train
-20.325155,-11.05198,-4.9730506,4.448748,17.166899,13 La Vega,2017,40,train
-20.923615,-10.315473,-7.4233937,2.537755,21.460342,13 La Vega,2017,41,train
-20.013908,-6.490149,-8.367565,6.5206275,20.222116,13 La Vega,2017,42,train
-22.392244,-5.82058,-12.147741,6.5095677,23.960726,13 La Vega,2017,43,train
-19.65338,-1.889606,-11.696436,9.723296,23.256397,13 La Vega,2017,44,train
-8.6254425,-0.0975766,-4.634318,2.3724287,24.269161,13 La Vega,2017,45,train
-6.3376985,1.4725599,-5.073533,2.2531905,25.046093,13 La Vega,2017,46,train
-12.506202,0.88387865,-12.298047,5.8387256,29.214846,13 La Vega,2017,47,train
-9.715547,3.9884596,-13.426766,9.59831,27.22305,13 La Vega,2017,48,train
7.497554,13.344456,-4.203851,-0.22743297,18.014223,13 La Vega,2017,49,train
12.666431,18.553257,-9.354029,0.10070812,19.522661,13 La Vega,2017,50,train
8.962407,12.016142,-1.0602678,-2.8510063,17.65084,13 La Vega,2017,51,train
7.28597,22.201736,5.7812605,27.889252,11.394161,13 La Vega,2017,52,train
8.771775,11.18323,5.6213098,27.920542,15.140633,13 La Vega,2018,1,train
12.4494095,9.526264,3.536455,23.350765,12.855768,13 La Vega,2018,2,train
12.080425,8.477435,7.6261864,23.083378,7.9625564,13 La Vega,2018,3,train
10.636997,8.862667,11.943601,25.295609,4.054431,13 La Vega,2018,4,train
20.961481,5.6281366,-2.7903423,-1.7697412,17.522816,13 La Vega,2018,5,train
14.5888815,7.795139,3.6419923,-6.737184,10.001542,13 La Vega,2018,6,train
15.531686,4.8674846,6.775833,-7.262723,7.767633,13 La Vega,2018,7,train
18.370962,4.900854,6.0248303,-8.796686,6.730716,13 La Vega,2018,8,train
32.818584,9.272817,-0.30335492,-17.309917,3.9571056,13 La Vega,2018,9,train
33.811867,-0.04485367,-1.9759265,-5.9561276,5.3556285,13 La Vega,2018,10,train
31.931822,-2.8575172,-2.9763541,-1.5429423,4.1851726,13 La Vega,2018,11,train
28.941116,-4.38849,0.19694594,-4.8449526,3.2337368,13 La Vega,2018,12,train
27.553799,-3.678001,5.569402,-10.52249,1.746846,13 La Vega,2018,13,train
23.53808,-5.5415363,5.863073,-11.645617,-8.727822,13 La Vega,2018,14,train
21.57266,-4.4790044,5.423177,-7.2739005,-9.772638,13 La Vega,2018,15,train
22.387539,-6.098732,5.4326124,-7.871043,-11.232056,13 La Vega,2018,16,train
20.050192,-8.09626,6.0605016,-5.635651,-13.339714,13 La Vega,2018,17,train
1.9663452,-20.873596,2.4772165,-12.675719,-10.273598,13 La Vega,2018,18,train
2.3431768,-20.29569,5.719607,-8.033384,-13.5901785,13 La Vega,2018,19,train
0.46603742,-19.593628,6.4016433,-10.825711,-8.688417,13 La Vega,2018,20,train
-2.4165704,-22.108585,5.346683,-8.959356,-11.417774,13 La Vega,2018,21,train
-5.7578297,-22.491713,4.671152,-5.8918004,-12.322799,13 La Vega,2018,22,train
-11.2152195,-29.786457,2.6411622,-7.5840335,-16.829407,13 La Vega,2018,23,train
-11.418804,-24.51765,3.511865,-3.5128853,-13.480731,13 La Vega,2018,24,train
-15.379981,-22.653442,2.6372526,-5.3712306,-7.6816516,13 La Vega,2018,25,train
-17.640251,-22.93405,2.1149251,-2.3776531,-9.028944,13 La Vega,2018,26,train
-19.439587,-12.381044,10.647047,30.410769,-15.622117,13 La Vega,2018,27,train
-18.324745,-7.9066377,12.435134,30.793991,-10.927327,13 La Vega,2018,28,train
-12.679087,-7.6135573,14.261765,26.474228,-10.257017,13 La Vega,2018,29,train
-20.078289,-11.429339,10.133743,29.192192,-13.608048,13 La Vega,2018,30,train
-14.853569,-6.007882,15.909051,32.127552,-10.508146,13 La Vega,2018,31,train
-18.954636,-7.6980677,12.680406,31.106173,-13.528125,13 La Vega,2018,32,train
-11.205478,-0.55624574,19.346897,33.4165,-8.241289,13 La Vega,2018,33,train
-12.612057,-6.2196803,15.023792,29.316015,-14.282532,13 La Vega,2018,34,train
-21.772703,-13.206876,3.0807154,-4.4471955,5.93986,13 La Vega,2018,35,train
-23.88541,-15.631521,3.261079,-5.8194942,1.5776486,13 La Vega,2018,36,train
-21.902002,-11.891186,2.6246355,-3.6129866,3.278799,13 La Vega,2018,37,train
-23.9128,-10.871137,1.3734903,-2.509723,4.2446423,13 La Vega,2018,38,train
-19.174696,-10.061872,4.6418138,-3.5465689,4.3968306,13 La Vega,2018,39,train
-22.830374,-3.4651437,0.41760585,-3.2779522,14.46825,13 La Vega,2018,40,train
-23.491676,-1.3448316,-1.7208853,-2.3123612,14.976408,13 La Vega,2018,41,train
-20.264288,0.6889086,-0.6536546,-3.293666,16.341263,13 La Vega,2018,42,train
-25.135397,3.3908153,-4.9780607,1.0984888,15.712494,13 La Vega,2018,43,train
-25.292814,5.1782303,-6.1707373,-1.6058313,19.487669,13 La Vega,2018,44,train
-18.743303,6.7951155,-2.4574292,-4.3986077,20.223846,13 La Vega,2018,45,train
-13.521222,9.369267,-1.4548813,-0.2771232,16.803198,13 La Vega,2018,46,train
-19.099268,13.320053,-7.169236,0.83539593,19.915419,13 La Vega,2018,47,train
-14.555697,15.358365,-6.1310186,0.41624394,19.739176,13 La Vega,2018,48,train
4.928844,17.844069,-2.2498028,-2.7781734,15.112506,13 La Vega,2018,49,train
11.252491,22.17325,-5.10941,-3.4530556,14.151204,13 La Vega,2018,50,train
11.193213,23.881237,-6.348991,-4.1022477,15.484244,13 La Vega,2018,51,train
4.2932067,20.760046,10.986219,23.288055,7.3840146,13 La Vega,2018,52,train
11.139623,28.428234,8.67772,26.076565,4.28527,13 La Vega,2019,1,train
14.803684,28.467274,12.346636,29.95006,1.2570992,13 La Vega,2019,2,train
22.513979,29.42982,11.793817,30.31081,-4.131135,13 La Vega,2019,3,train
22.006968,22.684542,10.476606,22.390762,-5.896212,13 La Vega,2019,4,train
20.163889,18.63846,-1.4626805,-8.094567,5.982142,13 La Vega,2019,5,train
19.05024,20.273651,2.8748393,-13.861039,3.072563,13 La Vega,2019,6,train
17.52188,16.426832,7.013036,-14.424945,3.379394,13 La Vega,2019,7,train
20.876497,16.472895,3.9923353,-9.400357,-3.7292619,13 La Vega,2019,8,train
20.938461,15.168124,4.85428,-11.568054,-4.990163,13 La Vega,2019,9,train
28.482916,11.792223,2.4632304,-12.322851,-5.1629615,13 La Vega,2019,10,train
25.962032,7.432653,4.6429024,-11.428221,-5.792878,13 La Vega,2019,11,train
31.511889,7.375799,5.182309,-12.227453,-15.49871,13 La Vega,2019,12,train
12.376502,-3.1038496,21.363085,-12.991625,2.5089188,13 La Vega,2019,13,train
16.613924,-1.1694473,9.349858,-8.74402,-3.7816596,13 La Vega,2019,14,train
23.701641,-1.4343712,6.703152,-9.760913,-12.021635,13 La Vega,2019,15,train
23.2747,-1.263828,6.788649,-6.407588,-14.646778,13 La Vega,2019,16,train
20.510077,-7.848553,8.448433,-11.238782,-15.388807,13 La Vega,2019,17,train
15.335284,-7.9699316,8.417892,-9.909189,-11.230188,13 La Vega,2019,18,train
-3.0486767,-16.493832,7.7111583,-12.237777,-16.895208,13 La Vega,2019,19,train
-8.021183,-20.743229,6.4544725,-11.41307,-20.585176,13 La Vega,2019,20,train
-7.2879844,-16.687994,9.655594,-13.274727,-6.8097243,13 La Vega,2019,21,train
-6.9401326,-15.503168,11.383022,-9.894926,-4.2325068,13 La Vega,2019,22,train
-13.588432,-16.694105,9.400624,-12.03531,-8.06287,13 La Vega,2019,23,train
-15.489383,-15.967425,6.7126966,-7.667529,-11.734444,13 La Vega,2019,24,train
-22.432512,-18.622274,4.1628923,-5.4536657,-14.43251,13 La Vega,2019,25,train
-24.169394,-16.04812,3.9859672,-5.771236,-8.692094,13 La Vega,2019,26,train
-26.726147,-6.6288624,13.150199,33.920963,-19.152678,13 La Vega,2019,27,train
-22.31381,-2.5358636,14.733926,30.619217,-13.032125,13 La Vega,2019,28,train
-23.223518,-0.089892566,15.255722,29.52407,-10.207434,13 La Vega,2019,29,train
-27.243727,-2.2348397,11.113534,28.856625,-10.805419,13 La Vega,2019,30,train
-22.004717,3.0493667,15.601875,28.73529,-4.6176744,13 La Vega,2019,31,train
-27.380787,-2.5561278,7.9133434,23.623987,-7.215639,13 La Vega,2019,32,train
-30.332447,-1.5946815,7.312691,27.16513,-7.797574,13 La Vega,2019,33,train
-27.2798,0.1921589,8.708352,25.337528,-6.3415036,13 La Vega,2019,34,train
-38.241253,-8.839139,-2.3601882,1.7341281,-1.9387921,13 La Vega,2019,35,train
-32.400425,-6.491647,0.5283675,-1.2549948,-3.2729204,13 La Vega,2019,36,train
-29.497694,-4.9885807,1.5144395,-2.151412,-0.5389055,13 La Vega,2019,37,train
-24.167898,-1.558585,3.4377656,-3.0559099,3.8175094,13 La Vega,2019,38,train
-22.3763,-1.355728,5.8817782,-3.1364565,6.7877665,13 La Vega,2019,39,train
-22.232885,0.07120149,5.592788,-1.9908789,10.22486,13 La Vega,2019,40,train
-28.825932,2.8569484,-3.5069675,1.0635419,9.358598,13 La Vega,2019,41,train
-31.343887,4.9388247,-5.282247,2.4429367,11.295813,13 La Vega,2019,42,train
-22.768034,5.2217307,-0.6998769,-2.6166751,13.206707,13 La Vega,2019,43,train
-19.66173,7.8815436,-0.16186857,-1.3588923,13.21505,13 La Vega,2019,44,train
-24.52705,11.298454,-5.174465,0.16335478,15.074646,13 La Vega,2019,45,train
-21.937681,12.873196,-3.6622245,-0.07834087,15.835538,13 La Vega,2019,46,train
-22.019844,17.692312,-5.607615,-3.8867857,19.242653,13 La Vega,2019,47,train
-22.613808,20.95267,-9.353644,-3.5874588,19.762436,13 La Vega,2019,48,train
0.49027592,21.031298,1.8948599,-5.886625,14.683565,13 La Vega,2019,49,train
1.2161341,16.113157,4.379536,-6.0610747,12.835205,13 La Vega,2019,50,train
3.477209,19.35743,3.025895,-6.473118,13.6138115,13 La Vega,2019,51,train
3.4726822,32.13688,5.197699,21.413708,5.8664765,13 La Vega,2019,52,train
3.231381,25.008005,6.433568,19.207241,6.5464015,13 La Vega,2020,1,val
4.5429425,22.795578,10.970066,22.865038,5.3907504,13 La Vega,2020,2,val
6.9478965,12.494764,25.259336,26.057262,9.531147,13 La Vega,2020,3,val
8.800783,16.693033,14.892678,21.496063,-0.3242111,13 La Vega,2020,4,val
16.55123,18.560143,-0.5502832,-9.494397,6.333379,13 La Vega,2020,5,val
13.224496,13.151179,5.5389476,-8.689226,6.191039,13 La Vega,2020,6,val
14.048848,11.575336,6.4047794,-8.453393,4.0737963,13 La Vega,2020,7,val
15.326204,9.560569,7.257746,-10.085103,3.5455158,13 La Vega,2020,8,val
17.055925,8.631514,8.592248,-11.227925,0.595266,13 La Vega,2020,9,val
17.500225,-2.2300644,16.047634,-11.97038,13.882585,13 La Vega,2020,10,val
18.237133,-2.1170418,17.95348,-12.842946,11.545063,13 La Vega,2020,11,val
23.703104,-0.89360744,7.3631477,-11.928102,0.94014895,13 La Vega,2020,12,val
25.206041,-5.0558095,6.8574653,-11.626442,-0.6247052,13 La Vega,2020,13,val
24.820152,-11.434837,5.2522736,-6.6314588,-1.6708345,13 La Vega,2020,14,val
20.0184,-14.363775,4.6191535,-1.7975273,-2.7887564,13 La Vega,2020,15,val
20.88578,-13.27019,4.219893,-0.96743584,-3.3776271,13 La Vega,2020,16,val
26.622225,-15.364273,2.7830694,1.9530427,-10.891122,13 La Vega,2020,17,val
24.54048,-15.146412,3.0996857,2.6959252,-11.049078,13 La Vega,2020,18,val
19.759947,-18.279963,2.3368866,-0.47053605,-7.6137414,13 La Vega,2020,19,val
2.2214444,-30.907425,-0.013873978,-0.4330875,-9.32273,13 La Vega,2020,20,val
-1.5647331,-29.197845,-0.40510252,0.14376147,-7.2299275,13 La Vega,2020,21,val
-5.2438364,-37.138832,-2.3222082,-5.0873175,-4.7187586,13 La Vega,2020,22,val
-8.085899,-31.864565,-0.8470076,-1.949578,-7.760199,13 La Vega,2020,23,val
-11.14076,-29.899492,-0.3838853,-1.4285557,-6.563323,13 La Vega,2020,24,val
-13.5981655,-30.536028,-1.1057434,2.0983267,-7.002889,13 La Vega,2020,25,val
-18.291897,-28.46744,-1.8788953,2.1767251,-5.81726,13 La Vega,2020,26,val
-15.375385,-19.364864,7.250397,36.594463,-9.32957,13 La Vega,2020,27,val
-12.972768,-18.21131,7.800194,32.393383,-9.146383,13 La Vega,2020,28,val
-16.799797,-17.831038,7.5826907,34.397247,-8.435429,13 La Vega,2020,29,val
-13.430366,-9.962114,14.764209,36.79515,-7.735446,13 La Vega,2020,30,val
-3.6346967,-12.206342,28.259434,29.49486,15.849099,13 La Vega,2020,31,val
-11.270799,-23.126406,4.0013895,33.25301,-3.0513668,13 La Vega,2020,32,val
-13.089145,-16.765774,4.970381,31.798002,0.31190076,13 La Vega,2020,33,val
-5.6258025,-14.57299,22.88888,30.014853,23.171242,13 La Vega,2020,34,val
-14.890245,-24.906586,-3.518582,5.427187,10.3906,13 La Vega,2020,35,val
-16.927164,-16.15409,0.35545218,1.4515656,10.619565,13 La Vega,2020,36,val
-20.926731,-22.400951,-5.5115323,4.647971,10.663498,13 La Vega,2020,37,val
-21.574327,-20.052956,-6.3883457,5.224684,13.02118,13 La Vega,2020,38,val
-21.947948,-18.170595,-6.2642994,4.8398457,14.028082,13 La Vega,2020,39,val
-21.77016,-9.862194,-4.061348,-0.9338546,16.740551,13 La Vega,2020,40,val
-22.686474,-8.993885,-8.754315,1.9120669,19.752106,13 La Vega,2020,41,val
-19.653147,-6.2076373,-8.439805,6.4585495,18.890587,13 La Vega,2020,42,val
-24.939129,-4.6988053,-14.02649,8.618068,22.899715,13 La Vega,2020,43,val
-16.365595,-1.3939823,-6.6860323,4.984179,21.239416,13 La Vega,2020,44,val
-12.112877,0.35761446,-5.5277696,4.476955,21.95333,13 La Vega,2020,45,val
-9.189173,2.505111,-3.935866,1.7817814,22.542706,13 La Vega,2020,46,val
-9.337062,3.5990117,-6.1718116,1.6975708,26.176735,13 La Vega,2020,47,val
-10.205065,5.5682945,-10.844927,2.51472,29.207613,13 La Vega,2020,48,val
-1.8985565,-0.6373225,-16.67617,7.920351,36.246758,13 La Vega,2020,49,val
14.511313,0.31168136,-6.9819393,6.420181,29.044018,13 La Vega,2020,50,val
15.418811,1.2326427,-7.236216,4.7786894,27.904757,13 La Vega,2020,51,val
13.6431055,5.7891307,-1.7161646,24.7659,20.203966,13 La Vega,2020,52,val
19.367592,7.609842,-4.6935554,31.636585,22.456867,13 La Vega,2021,1,val
23.15656,5.113109,-6.7766476,28.09083,20.72478,13 La Vega,2021,2,val
22.051966,0.38827798,-3.2378547,25.681187,17.754797,13 La Vega,2021,3,val
24.564066,2.1509423,-0.4441781,30.900043,15.2238,13 La Vega,2021,4,val
24.118128,-4.521608,-8.696434,6.8253064,25.098522,13 La Vega,2021,5,val
22.38801,-1.4610279,-5.080471,5.368777,16.862213,13 La Vega,2021,6,val
27.135601,-1.6289538,-6.503273,3.12518,17.271837,13 La Vega,2021,7,val
24.818867,-2.7012866,-1.2730734,1.84612,11.881324,13 La Vega,2021,8,val
34.40681,-4.991428,-7.815297,1.6495243,13.653079,13 La Vega,2021,9,val
19.219057,-2.1479304,14.011067,-12.473623,14.178209,13 La Vega,2021,10,val
29.195374,1.5248576,1.5248772,-9.494539,0.16462418,13 La Vega,2021,11,val
22.660038,-2.1657064,3.811356,-7.273388,0.7215201,13 La Vega,2021,12,val
24.488985,-6.17546,4.3528028,-9.377587,-2.291959,13 La Vega,2021,13,val
20.819622,-10.300127,14.582642,-14.44357,9.819331,13 La Vega,2021,14,val
31.464685,-14.6191435,1.5830587,-8.709113,-8.252083,13 La Vega,2021,15,val
27.45963,-15.615508,2.125859,-5.4838734,-7.7322598,13 La Vega,2021,16,val
20.822865,-11.5490265,6.8722644,-7.4288907,-5.0155606,13 La Vega,2021,17,val
22.657461,-13.568379,4.1524773,-3.1661677,-7.8215685,13 La Vega,2021,18,val
19.987865,-16.550287,3.3658133,-0.52118886,-8.418974,13 La Vega,2021,19,val
18.478237,-21.848606,17.595781,-10.326468,12.084027,13 La Vega,2021,20,val
-0.46780255,-22.727343,6.455259,-7.4374313,-1.8895068,13 La Vega,2021,21,val
-2.386456,-16.600595,8.155754,-5.701281,-0.4036245,13 La Vega,2021,22,val
-8.256114,-22.979826,5.822457,-9.062048,0.21566924,13 La Vega,2021,23,val
-8.335047,-21.119726,3.350891,-1.1301124,-3.2245295,13 La Vega,2021,24,val
-15.106374,-19.948158,4.476711,-6.05255,2.1503122,13 La Vega,2021,25,val
-17.374815,-20.913458,2.227054,-3.3554761,0.59482133,13 La Vega,2021,26,val
-5.550221,-11.735129,12.67844,35.05284,-1.3868659,13 La Vega,2021,27,val
-9.4968605,-6.409678,15.188147,38.379665,-0.6225087,13 La Vega,2021,28,val
-13.317077,-12.875891,10.024914,36.29896,0.8501111,13 La Vega,2021,29,val
-12.552119,-13.623907,9.734419,36.38102,0.62208986,13 La Vega,2021,30,val
-11.824982,-14.893184,8.673274,34.3506,0.5797589,13 La Vega,2021,31,val
-4.3235435,-3.969445,23.695019,32.781887,7.533684,13 La Vega,2021,32,val
-13.590681,-1.7681266,13.1452675,30.618021,1.0810077,13 La Vega,2021,33,val
-16.5757,-10.587693,7.9943624,29.570261,-3.4445481,13 La Vega,2021,34,val
-27.893965,-21.391737,-3.9220314,5.4964237,2.3770418,13 La Vega,2021,35,val
-23.085503,-23.917221,-6.98314,8.712925,8.561362,13 La Vega,2021,36,val
-20.290821,-17.87711,-3.1746833,1.1270344,13.845191,13 La Vega,2021,37,val
-20.679632,-15.71454,-5.023055,5.4675255,14.249328,13 La Vega,2021,38,val
-22.416073,-15.374872,-5.5777698,1.8457161,17.740623,13 La Vega,2021,39,val
-25.160664,-11.876259,-9.864284,4.380015,18.094263,13 La Vega,2021,40,val
-18.644255,-6.7544436,-2.3902817,2.5723753,17.031454,13 La Vega,2021,41,val
-20.770832,-7.214865,-7.570842,4.9594755,21.427588,13 La Vega,2021,42,val
-27.212372,-5.3069954,-16.202911,8.265802,26.037584,13 La Vega,2021,43,val
-21.749039,-3.3491564,-13.403328,7.5517316,25.309523,13 La Vega,2021,44,val
-20.496906,-1.3890907,-15.98766,12.636382,27.43458,13 La Vega,2021,45,val
-18.11939,1.8431392,-17.047401,12.041404,28.809694,13 La Vega,2021,46,val
-14.18494,0.79588515,-16.991373,7.2139387,32.098465,13 La Vega,2021,47,val
11.574294,8.890443,-11.22507,7.111418,24.410936,13 La Vega,2021,48,val
14.19877,4.993881,-9.398163,6.352341,25.593111,13 La Vega,2021,49,val
13.920347,4.684312,-6.5160747,3.083456,26.490128,13 La Vega,2021,50,val
16.066078,4.658484,-10.311471,6.078135,26.95727,13 La Vega,2021,51,val
19.124958,14.856607,-7.3536882,24.343306,19.253984,13 La Vega,2021,52,val
2.3721385,11.088674,4.6218667,6.531124,-0.24490334,14 María Trinidad Sánchez,2015,1,train
3.6269066,12.930273,7.0332513,12.126976,-1.929196,14 María Trinidad Sánchez,2015,2,train
4.619221,11.330668,7.987895,10.677535,-2.7102873,14 María Trinidad Sánchez,2015,3,train
7.7865868,12.764006,7.4505825,11.850195,-4.599883,14 María Trinidad Sánchez,2015,4,train
5.4137797,9.117278,2.8933046,-8.038298,4.275441,14 María Trinidad Sánchez,2015,5,train
8.309088,8.081782,0.36954346,-5.019585,2.5072992,14 María Trinidad Sánchez,2015,6,train
9.698371,7.8838544,-0.5304342,-8.124235,2.7563157,14 María Trinidad Sánchez,2015,7,train
8.778411,5.867486,1.664435,-6.3759675,1.1628197,14 María Trinidad Sánchez,2015,8,train
10.537946,5.806433,1.9775974,-4.43355,-1.8027606,14 María Trinidad Sánchez,2015,9,train
9.362835,5.137176,3.165372,-4.499358,-2.6039,14 María Trinidad Sánchez,2015,10,train
8.592051,5.158695,3.455582,-2.4272637,-3.9101708,14 María Trinidad Sánchez,2015,11,train
10.8249445,3.880934,4.2471547,-5.2814174,-5.028061,14 María Trinidad Sánchez,2015,12,train
11.375065,3.030814,5.6833916,-2.7322989,-10.67875,14 María Trinidad Sánchez,2015,13,train
8.676735,1.4450989,4.187185,-4.6757984,-3.5384018,14 María Trinidad Sánchez,2015,14,train
8.071841,0.9631691,4.1709886,-3.3036895,-5.0747337,14 María Trinidad Sánchez,2015,15,train
10.090026,-0.4714821,4.8752646,-2.912688,-9.061159,14 María Trinidad Sánchez,2015,16,train
10.381671,-3.71734,5.738535,-2.9785197,-14.107288,14 María Trinidad Sánchez,2015,17,train
-0.9511873,-13.942953,4.1394253,-5.4671917,-16.983482,14 María Trinidad Sánchez,2015,18,train
-3.3553417,-6.9033794,6.686007,-5.0263667,-16.554228,14 María Trinidad Sánchez,2015,19,train
-3.7130969,-3.4210439,6.9324203,-5.2437444,-13.562152,14 María Trinidad Sánchez,2015,20,train
-3.732626,-3.6643405,6.3328214,-5.029536,-5.440049,14 María Trinidad Sánchez,2015,21,train
-4.1527205,-5.229418,7.262786,-5.0833044,-3.2825563,14 María Trinidad Sánchez,2015,22,train
-5.7690787,-7.119405,4.1505814,-3.6478014,-5.273865,14 María Trinidad Sánchez,2015,23,train
-6.4722495,-7.969206,4.193311,-1.0466181,-7.330051,14 María Trinidad Sánchez,2015,24,train
-6.8944683,-6.5183477,3.9782195,-0.9755465,-4.9297404,14 María Trinidad Sánchez,2015,25,train
-8.609902,-7.38172,2.9749653,0.111030534,-5.0866437,14 María Trinidad Sánchez,2015,26,train
-4.4462028,0.72665507,8.890131,9.205549,-9.184746,14 María Trinidad Sánchez,2015,27,train
-4.7288175,3.0969017,10.949832,13.503781,-9.012405,14 María Trinidad Sánchez,2015,28,train
-6.625924,0.8428456,9.51548,11.350184,-9.771575,14 María Trinidad Sánchez,2015,29,train
-9.735344,-1.5669883,7.751226,11.23814,-10.171495,14 María Trinidad Sánchez,2015,30,train
-9.218902,-1.3465998,7.331548,8.629528,-10.023673,14 María Trinidad Sánchez,2015,31,train
-9.915146,4.088646,10.892148,9.915669,-12.231236,14 María Trinidad Sánchez,2015,32,train
-11.652599,4.115034,9.818073,8.428186,-12.766969,14 María Trinidad Sánchez,2015,33,train
-11.865377,4.282746,10.469551,12.125239,-13.814786,14 María Trinidad Sánchez,2015,34,train
-12.864988,1.1917423,5.839466,-4.5371337,-4.44955,14 María Trinidad Sánchez,2015,35,train
-16.40017,3.3005385,6.549437,-4.5787606,-9.354922,14 María Trinidad Sánchez,2015,36,train
-15.088709,4.740377,6.856132,-4.301254,-8.505742,14 María Trinidad Sánchez,2015,37,train
-14.034618,6.3476777,7.2097383,-5.5187535,-5.3300056,14 María Trinidad Sánchez,2015,38,train
-14.754902,5.9477067,6.6003213,-3.8073018,-5.4979053,14 María Trinidad Sánchez,2015,39,train
-24.995762,11.374114,2.759318,-2.7851753,-7.421446,14 María Trinidad Sánchez,2015,40,train
-21.330183,11.864299,3.6159432,-3.3836496,-6.5698814,14 María Trinidad Sánchez,2015,41,train
-16.821089,12.173685,5.325059,-3.357159,-5.481585,14 María Trinidad Sánchez,2015,42,train
-16.7222,12.059991,6.618133,-8.735902,-1.3319565,14 María Trinidad Sánchez,2015,43,train
-13.735943,13.596714,7.846633,-6.735792,-2.3941352,14 María Trinidad Sánchez,2015,44,train
-9.209295,10.924666,5.057847,-4.072382,1.7879344,14 María Trinidad Sánchez,2015,45,train
-9.584999,12.131982,2.8533537,-1.4321747,1.3214847,14 María Trinidad Sánchez,2015,46,train
-9.870114,15.291718,2.0783787,-5.2334723,3.871223,14 María Trinidad Sánchez,2015,47,train
-3.8153212,16.204119,3.1501634,-6.9781446,4.044592,14 María Trinidad Sánchez,2015,48,train
-3.0435154,14.888501,1.3330202,-3.4244468,3.2477093,14 María Trinidad Sánchez,2015,49,train
-1.1647283,15.093992,1.1145384,-1.0901698,2.457749,14 María Trinidad Sánchez,2015,50,train
-0.8324397,13.756864,1.9463447,-2.0417514,1.9243089,14 María Trinidad Sánchez,2015,51,train
-2.1662867,12.268827,6.065064,5.371061,-0.22022532,14 María Trinidad Sánchez,2015,52,train
-2.263946,21.474419,11.363129,6.7864695,-6.819711,14 María Trinidad Sánchez,2016,1,train
1.1269945,24.60971,10.529973,8.88661,-9.472121,14 María Trinidad Sánchez,2016,2,train
1.2671015,20.692099,14.056345,11.171921,-10.024644,14 María Trinidad Sánchez,2016,3,train
1.4914641,18.840048,14.828623,9.706268,-10.2799015,14 María Trinidad Sánchez,2016,4,train
2.93942,17.994768,7.048153,-7.9747286,-5.5057487,14 María Trinidad Sánchez,2016,5,train
2.603758,15.24221,7.3159223,-8.523048,-5.3811474,14 María Trinidad Sánchez,2016,6,train
3.1025355,14.504244,7.4755974,-10.076778,-5.9358387,14 María Trinidad Sánchez,2016,7,train
4.5620418,14.280154,7.9508357,-8.400109,-8.861446,14 María Trinidad Sánchez,2016,8,train
1.9236857,12.804807,9.747737,-8.925988,-8.503225,14 María Trinidad Sánchez,2016,9,train
9.356578,6.2846413,3.8832517,-5.182767,-3.9053833,14 María Trinidad Sánchez,2016,10,train
10.112518,7.8598995,5.3290963,-5.31916,-8.083096,14 María Trinidad Sánchez,2016,11,train
8.710979,7.3426933,5.715566,-4.7295365,-9.38247,14 María Trinidad Sánchez,2016,12,train
9.066169,5.9567165,6.126363,-6.3062,-10.047235,14 María Trinidad Sánchez,2016,13,train
5.2115803,4.1274295,8.393495,-8.6482315,-13.174534,14 María Trinidad Sánchez,2016,14,train
6.9375825,5.6846843,8.307941,-5.9388,-12.870248,14 María Trinidad Sánchez,2016,15,train
2.8182144,3.4993753,8.513311,-11.192592,-10.045459,14 María Trinidad Sánchez,2016,16,train
2.406764,-1.1939217,16.279337,-9.034654,1.4873552,14 María Trinidad Sánchez,2016,17,train
-3.8430371,-0.70318764,7.51583,-9.612216,-10.861297,14 María Trinidad Sánchez,2016,18,train
2.2857559,-10.879642,2.2386403,-0.99215853,0.46092165,14 María Trinidad Sánchez,2016,19,train
3.1591902,-16.040764,0.120729946,3.3327746,-0.32137778,14 María Trinidad Sánchez,2016,20,train
-1.0435454,-14.178854,-0.09769245,-2.8187757,1.5760226,14 María Trinidad Sánchez,2016,21,train
-1.8486754,-10.141184,3.193366,-1.7458807,1.7286663,14 María Trinidad Sánchez,2016,22,train
-0.9859568,-16.109781,-0.7320637,3.8332167,0.99275017,14 María Trinidad Sánchez,2016,23,train
-1.7593983,-18.72372,-1.6146429,5.629001,0.74408376,14 María Trinidad Sánchez,2016,24,train
-3.856976,-11.605885,1.2892964,2.5984464,1.9745039,14 María Trinidad Sánchez,2016,25,train
-8.645281,-10.69458,-0.2532326,2.6359484,1.5584629,14 María Trinidad Sánchez,2016,26,train
-4.0092998,-8.460942,3.7058306,14.108758,-2.7267203,14 María Trinidad Sánchez,2016,27,train
-5.0598273,-6.8886347,4.7031007,17.167023,-2.8276052,14 María Trinidad Sánchez,2016,28,train
-5.232658,-5.903745,4.693373,16.96991,-2.1498823,14 María Trinidad Sánchez,2016,29,train
-5.5568113,-1.3650659,7.411836,17.715025,-0.3562321,14 María Trinidad Sánchez,2016,30,train
-8.777458,-0.76518786,5.7398086,17.415947,1.7149404,14 María Trinidad Sánchez,2016,31,train
-3.9159534,-10.428767,1.9737964,15.060442,1.0511823,14 María Trinidad Sánchez,2016,32,train
-3.8158243,-11.466187,1.806576,16.794695,0.240638,14 María Trinidad Sánchez,2016,33,train
-7.772287,-1.2659491,3.9827988,16.961018,3.906375,14 María Trinidad Sánchez,2016,34,train
-10.146209,-13.108776,-3.81306,6.1544127,5.2659616,14 María Trinidad Sánchez,2016,35,train
-7.4591656,-11.375198,-3.5248187,6.822543,8.493935,14 María Trinidad Sánchez,2016,36,train
-5.8871036,-12.967771,-3.7927747,7.6530356,8.826524,14 María Trinidad Sánchez,2016,37,train
-7.355022,-13.758273,-5.258115,7.725115,10.504176,14 María Trinidad Sánchez,2016,38,train
-7.745579,-7.4581766,-3.507546,7.5034466,8.324983,14 María Trinidad Sánchez,2016,39,train
-11.620141,-3.5620651,-2.5510056,2.7632687,6.9090257,14 María Trinidad Sánchez,2016,40,train
-12.873521,-3.466423,-3.7123444,2.376753,8.72345,14 María Trinidad Sánchez,2016,41,train
-12.219522,-2.273888,-4.0423207,2.34015,9.44492,14 María Trinidad Sánchez,2016,42,train
-10.334082,-1.1274943,-3.7207615,1.7147492,10.26528,14 María Trinidad Sánchez,2016,43,train
-6.5142875,0.08667267,-1.0327731,1.3656045,10.040325,14 María Trinidad Sánchez,2016,44,train
-4.2665644,1.4682666,1.3792393,1.2824844,10.997272,14 María Trinidad Sánchez,2016,45,train
-5.022951,1.544812,-2.25222,0.8970334,11.587978,14 María Trinidad Sánchez,2016,46,train
-4.0894814,3.1903114,-3.8469415,-0.010628018,13.185013,14 María Trinidad Sánchez,2016,47,train
-5.0719647,4.2826123,-5.242252,1.8181336,12.474853,14 María Trinidad Sánchez,2016,48,train
3.8763404,5.917299,-4.4120307,3.727148,11.229045,14 María Trinidad Sánchez,2016,49,train
3.7299516,5.740193,-3.6186328,3.6090539,10.263429,14 María Trinidad Sánchez,2016,50,train
3.6921835,4.3459396,-1.3077191,1.5497144,9.258438,14 María Trinidad Sánchez,2016,51,train
2.781371,8.64305,1.8612825,14.074579,6.21068,14 María Trinidad Sánchez,2016,52,train
5.718416,10.880339,-1.4220797,15.194608,7.2628927,14 María Trinidad Sánchez,2017,1,train
5.9289026,7.3652053,3.594452,14.229934,2.5857477,14 María Trinidad Sánchez,2017,2,train
10.8557005,11.494074,3.6472034,18.44071,-0.17466202,14 María Trinidad Sánchez,2017,3,train
15.1373625,10.802243,1.7314982,20.86517,0.92388344,14 María Trinidad Sánchez,2017,4,train
10.31045,2.5982537,-2.897081,-0.23041593,7.979126,14 María Trinidad Sánchez,2017,5,train
10.592806,3.1376045,-2.6105685,-2.4273355,6.8663034,14 María Trinidad Sánchez,2017,6,train
12.753672,2.7112956,-2.6285188,-3.0409808,5.944422,14 María Trinidad Sánchez,2017,7,train
16.564274,3.2581465,-3.6281836,-2.8344574,4.2969036,14 María Trinidad Sánchez,2017,8,train
12.301621,0.766158,-0.62702036,-2.7701378,3.064475,14 María Trinidad Sánchez,2017,9,train
12.114169,-1.9121156,0.4988323,-2.7831805,4.3516736,14 María Trinidad Sánchez,2017,10,train
15.022671,-4.1598697,-1.5459267,1.1933771,4.182914,14 María Trinidad Sánchez,2017,11,train
10.615925,-5.3615184,10.719739,-5.045557,10.376403,14 María Trinidad Sánchez,2017,12,train
14.71029,-6.2821727,-0.3929964,1.5871352,1.979537,14 María Trinidad Sánchez,2017,13,train
13.950446,-7.2632003,1.3536714,0.9179671,-2.772239,14 María Trinidad Sánchez,2017,14,train
13.545711,-6.960711,1.3906326,-2.1366942,-2.6279867,14 María Trinidad Sánchez,2017,15,train
8.194779,-7.3069572,4.374018,-3.89884,0.6335588,14 María Trinidad Sánchez,2017,16,train
5.838191,-8.18216,17.327246,-6.034014,9.522251,14 María Trinidad Sánchez,2017,17,train
10.786155,-17.504349,15.665627,-5.3468876,15.54995,14 María Trinidad Sánchez,2017,18,train
9.74864,-12.105255,1.3113878,1.6818103,0.4712576,14 María Trinidad Sánchez,2017,19,train
6.7415824,-8.816151,2.3034768,1.3723503,-1.3289715,14 María Trinidad Sánchez,2017,20,train
10.660117,-13.624251,0.85323817,4.976809,-2.390841,14 María Trinidad Sánchez,2017,21,train
0.16907598,-15.666582,9.927388,-2.6552234,9.540805,14 María Trinidad Sánchez,2017,22,train
-1.8492663,-14.960677,0.13570307,2.6694276,-0.39493388,14 María Trinidad Sánchez,2017,23,train
-3.5193968,-10.570679,3.698141,0.39639997,1.7101009,14 María Trinidad Sánchez,2017,24,train
-4.252103,-10.031395,2.042704,1.2816547,1.3098061,14 María Trinidad Sánchez,2017,25,train
-4.8260555,-9.176442,2.1054397,1.4978846,1.8581802,14 María Trinidad Sánchez,2017,26,train
-3.3539464,-1.3445917,8.020951,19.991062,-0.093268946,14 María Trinidad Sánchez,2017,27,train
-4.2725263,0.9801078,10.758411,22.72977,0.3189101,14 María Trinidad Sánchez,2017,28,train
-3.1164992,-5.560893,3.9198136,15.511895,1.0368665,14 María Trinidad Sánchez,2017,29,train
-2.6449914,-7.0971627,4.369741,16.229738,1.3508545,14 María Trinidad Sánchez,2017,30,train
-2.811558,-2.7446997,6.7822137,14.205084,0.77259874,14 María Trinidad Sánchez,2017,31,train
-4.4468184,-3.9051452,8.5978565,19.674662,-0.11363395,14 María Trinidad Sánchez,2017,32,train
-0.3105483,-4.4175234,17.4577,19.58034,8.265717,14 María Trinidad Sánchez,2017,33,train
-4.34196,-2.5257256,6.7500467,17.224762,0.9488767,14 María Trinidad Sánchez,2017,34,train
-6.2394576,-11.931762,-1.442737,5.3952703,4.8660603,14 María Trinidad Sánchez,2017,35,train
-5.5969405,-9.735293,9.107554,0.3477372,12.523039,14 María Trinidad Sánchez,2017,36,train
-10.578933,-10.689502,-3.481222,5.018314,6.6907983,14 María Trinidad Sánchez,2017,37,train
-7.4634767,-10.702171,12.823155,-2.4677613,18.579231,14 María Trinidad Sánchez,2017,38,train
-9.919411,-7.371587,-2.8284354,5.145612,7.2649565,14 María Trinidad Sánchez,2017,39,train
-7.9269285,-7.2362194,-3.2331715,5.691956,9.630863,14 María Trinidad Sánchez,2017,40,train
-7.027273,-6.291154,-3.410792,4.647989,10.706157,14 María Trinidad Sánchez,2017,41,train
-8.590219,-5.3372903,-5.7307253,7.8126907,11.216723,14 María Trinidad Sánchez,2017,42,train
-8.992304,-5.2259088,-6.979026,7.1211553,13.297954,14 María Trinidad Sánchez,2017,43,train
-6.248626,-3.42443,-5.1533976,6.8676143,12.237695,14 María Trinidad Sánchez,2017,44,train
-3.0656016,-0.51526546,9.43241,0.32069996,16.379786,14 María Trinidad Sánchez,2017,45,train
-2.5556674,-0.82119477,8.506623,-0.5168503,19.304262,14 María Trinidad Sánchez,2017,46,train
-4.0796204,-1.929092,-8.449024,5.8879404,16.814354,14 María Trinidad Sánchez,2017,47,train
-1.930554,-0.5270051,-7.6970987,7.4271574,16.075468,14 María Trinidad Sánchez,2017,48,train
-5.045949,5.266414,-6.0005245,3.5535688,12.525,14 María Trinidad Sánchez,2017,49,train
-7.0176,7.5350504,-9.493689,4.3467517,15.875003,14 María Trinidad Sánchez,2017,50,train
-2.998839,5.838429,-5.168063,3.374676,12.18246,14 María Trinidad Sánchez,2017,51,train
-4.1958346,7.5186653,0.71808857,16.443224,7.245081,14 María Trinidad Sánchez,2017,52,train
-0.81443673,3.6694145,0.52120644,22.032375,10.85896,14 María Trinidad Sánchez,2018,1,train
0.050229065,1.7000991,-0.83527434,17.876139,9.265993,14 María Trinidad Sánchez,2018,2,train
5.904353,3.1497462,4.4414253,13.142755,4.956428,14 María Trinidad Sánchez,2018,3,train
5.701083,3.8562305,15.590599,16.946474,8.806024,14 María Trinidad Sánchez,2018,4,train
12.1953,0.028200923,-3.4372272,4.0637712,9.106635,14 María Trinidad Sánchez,2018,5,train
7.691191,3.5510914,1.2827024,-0.19831845,3.363602,14 María Trinidad Sánchez,2018,6,train
8.629063,2.9510236,2.1352928,-1.3381412,3.184939,14 María Trinidad Sánchez,2018,7,train
10.125107,2.5288079,1.5799993,-2.8756254,2.6288629,14 María Trinidad Sánchez,2018,8,train
14.9944105,3.1272862,-0.4760911,-7.080749,1.2119535,14 María Trinidad Sánchez,2018,9,train
20.398865,-4.605262,-4.587674,0.53350353,6.459972,14 María Trinidad Sánchez,2018,10,train
18.858343,-6.559179,-3.8046541,4.082713,6.489806,14 María Trinidad Sánchez,2018,11,train
15.175871,-6.7908115,-1.4568266,3.0751092,5.6497664,14 María Trinidad Sánchez,2018,12,train
13.95717,-3.1520176,0.67951995,0.16366926,1.5097461,14 María Trinidad Sánchez,2018,13,train
8.98188,-2.4096878,4.0769844,-2.4925942,-3.1759079,14 María Trinidad Sánchez,2018,14,train
8.125601,-2.692405,4.2714787,-2.2804098,-2.9141514,14 María Trinidad Sánchez,2018,15,train
7.5022964,-4.0060735,4.705294,-2.3622072,-3.3770509,14 María Trinidad Sánchez,2018,16,train
9.416893,-3.3029015,3.8301063,-0.41171986,-5.87407,14 María Trinidad Sánchez,2018,17,train
6.015175,-4.396063,3.8356762,-1.750169,-3.0436997,14 María Trinidad Sánchez,2018,18,train
1.1916577,-9.351638,4.024208,-2.778052,-6.175154,14 María Trinidad Sánchez,2018,19,train
0.45413545,-8.669965,4.0458727,-3.233993,-4.3755226,14 María Trinidad Sánchez,2018,20,train
-0.96428484,-9.555555,3.4137232,-2.5066462,-5.370465,14 María Trinidad Sánchez,2018,21,train
-3.6871824,-12.606786,1.7861443,-4.218239,-6.415405,14 María Trinidad Sánchez,2018,22,train
-4.262464,-11.561116,2.8703442,-1.4978819,-6.585253,14 María Trinidad Sánchez,2018,23,train
-3.667567,-8.978492,3.5189853,-0.3547477,-4.588024,14 María Trinidad Sánchez,2018,24,train
-6.244263,-8.925533,4.092364,-1.9727623,-1.130807,14 María Trinidad Sánchez,2018,25,train
-6.7888484,-9.007305,2.6671677,0.47891384,-3.5720513,14 María Trinidad Sánchez,2018,26,train
-5.711577,-2.2545226,6.918106,16.071196,-6.0127196,14 María Trinidad Sánchez,2018,27,train
-10.576548,-0.19303481,6.1419573,19.512518,-3.3811195,14 María Trinidad Sánchez,2018,28,train
-5.275765,-0.8782524,8.186549,14.4352665,-2.9013715,14 María Trinidad Sánchez,2018,29,train
-8.23655,-1.8147801,6.616918,16.217089,-4.0261016,14 María Trinidad Sánchez,2018,30,train
-4.2078605,-0.96151066,8.2685585,14.681547,-4.035567,14 María Trinidad Sánchez,2018,31,train
-5.7449293,1.3060441,10.020145,15.916886,-2.6918876,14 María Trinidad Sánchez,2018,32,train
-4.184938,1.3344082,9.800684,14.089157,-2.7109065,14 María Trinidad Sánchez,2018,33,train
-3.8851962,2.0784247,11.481262,16.659277,-3.3441572,14 María Trinidad Sánchez,2018,34,train
-7.7710586,-6.1389923,11.32396,-3.7929683,7.9796085,14 María Trinidad Sánchez,2018,35,train
-8.51235,-3.9123476,3.740278,-0.63728136,0.19029856,14 María Trinidad Sánchez,2018,36,train
-8.164193,-3.0337768,3.1769433,-0.4164637,1.1570243,14 María Trinidad Sánchez,2018,37,train
-9.60954,-3.5204692,3.5000799,-0.8379118,2.2789142,14 María Trinidad Sánchez,2018,38,train
-8.09502,-2.7907686,3.729462,-0.32064325,1.4043727,14 María Trinidad Sánchez,2018,39,train
-8.71096,-0.41289157,4.0483932,-0.014847293,6.8156343,14 María Trinidad Sánchez,2018,40,train
-12.649396,-0.58229697,2.7140074,-0.54646343,9.166538,14 María Trinidad Sánchez,2018,41,train
-7.6542435,1.3627284,2.233179,1.0782387,5.7876563,14 María Trinidad Sánchez,2018,42,train
-11.855798,3.3782265,-1.6043181,3.7889647,6.0696535,14 María Trinidad Sánchez,2018,43,train
-10.543746,3.842386,-1.9431975,2.230488,7.127867,14 María Trinidad Sánchez,2018,44,train
-6.7491775,4.102902,1.8397983,0.53874093,7.4635873,14 María Trinidad Sánchez,2018,45,train
-8.625318,5.9656916,-2.4985387,0.9682961,7.739988,14 María Trinidad Sánchez,2018,46,train
-10.118826,8.785402,-4.118305,2.9142478,9.125671,14 María Trinidad Sánchez,2018,47,train
-7.637919,9.148795,-3.3667865,1.877644,8.940144,14 María Trinidad Sánchez,2018,48,train
-5.542279,8.897094,-3.4466658,2.0582113,9.099747,14 María Trinidad Sánchez,2018,49,train
-5.9835286,10.939579,-5.2430735,2.0035663,10.55599,14 María Trinidad Sánchez,2018,50,train
-5.5246987,10.8022175,-5.343779,0.78405136,10.990291,14 María Trinidad Sánchez,2018,51,train
1.9330237,9.628354,1.9025801,8.106197,3.2809484,14 María Trinidad Sánchez,2018,52,train
4.0919275,14.247321,2.2078724,11.131873,1.5399299,14 María Trinidad Sánchez,2019,1,train
4.767415,14.11069,6.296573,17.077381,-0.8920723,14 María Trinidad Sánchez,2019,2,train
8.060817,13.420213,5.726812,15.254469,-2.9062333,14 María Trinidad Sánchez,2019,3,train
8.644869,10.780164,4.9639363,10.563176,-3.07062,14 María Trinidad Sánchez,2019,4,train
8.55327,9.040759,0.5632744,-2.7784247,1.922946,14 María Trinidad Sánchez,2019,5,train
6.9944105,10.19041,3.2043598,-5.3216724,-0.5727809,14 María Trinidad Sánchez,2019,6,train
8.137408,10.614061,3.0093508,-6.1697383,-2.383478,14 María Trinidad Sánchez,2019,7,train
8.706472,9.943878,3.3534853,-4.823125,-4.288208,14 María Trinidad Sánchez,2019,8,train
7.829924,8.803614,4.211079,-5.228178,-4.4959908,14 María Trinidad Sánchez,2019,9,train
8.653599,4.9040785,3.757673,-2.945265,-2.3617208,14 María Trinidad Sánchez,2019,10,train
10.03727,4.6645956,3.380761,-2.220162,-3.5907724,14 María Trinidad Sánchez,2019,11,train
13.47554,2.1959991,3.0786474,-8.619808,-7.1877894,14 María Trinidad Sánchez,2019,12,train
6.874067,-1.6237004,8.736507,-7.007683,-2.7786877,14 María Trinidad Sánchez,2019,13,train
6.1301146,0.5747205,4.7147055,-1.7834454,-2.837521,14 María Trinidad Sánchez,2019,14,train
11.49492,-1.4056427,4.219502,-4.036286,-8.813783,14 María Trinidad Sánchez,2019,15,train
8.27229,-1.4635544,4.6427593,-2.8064504,-6.5435743,14 María Trinidad Sánchez,2019,16,train
8.431659,-1.761589,4.596272,-2.2881207,-6.8170104,14 María Trinidad Sánchez,2019,17,train
0.4782439,-8.059349,4.0118785,-5.789048,-6.436379,14 María Trinidad Sánchez,2019,18,train
-1.2692662,-5.558742,5.832821,-4.2950525,-5.930669,14 María Trinidad Sánchez,2019,19,train
-5.1746707,-9.893619,3.5158482,-6.8446016,-10.967912,14 María Trinidad Sánchez,2019,20,train
-3.8865986,-7.6052246,8.147272,-5.853659,-2.485234,14 María Trinidad Sánchez,2019,21,train
-3.6163647,-8.234121,15.444205,-7.658955,5.0099106,14 María Trinidad Sánchez,2019,22,train
-8.123007,-6.94591,3.9541824,-5.6700234,-6.7464547,14 María Trinidad Sánchez,2019,23,train
-9.155873,-7.579472,3.6075509,-3.827536,-8.142515,14 María Trinidad Sánchez,2019,24,train
-7.461211,-4.462094,4.3393226,-1.6901983,-5.765281,14 María Trinidad Sánchez,2019,25,train
-8.330024,-3.920111,4.968198,-1.9374079,-3.9089675,14 María Trinidad Sánchez,2019,26,train
-8.473132,1.4396495,8.546649,14.962535,-7.8740144,14 María Trinidad Sánchez,2019,27,train
-7.9592967,1.7779262,8.618896,10.784428,-5.0437374,14 María Trinidad Sánchez,2019,28,train
-7.4737134,3.2633195,9.131881,10.397381,-4.205268,14 María Trinidad Sánchez,2019,29,train
-10.883072,1.9325776,6.701244,10.070829,-4.3236,14 María Trinidad Sánchez,2019,30,train
-3.1058915,-2.8698442,17.183447,18.876972,7.5155854,14 María Trinidad Sánchez,2019,31,train
-13.358728,2.7277145,6.0454984,10.6997385,-3.9805665,14 María Trinidad Sánchez,2019,32,train
-10.582691,4.489531,8.260181,12.878267,-2.2126007,14 María Trinidad Sánchez,2019,33,train
-9.342371,4.8136425,9.130412,11.875665,-1.4182382,14 María Trinidad Sánchez,2019,34,train
-15.635676,-0.39946288,1.8732682,1.6249127,-1.3115339,14 María Trinidad Sánchez,2019,35,train
-14.071749,0.06312586,3.1494753,-0.6117208,-2.7898126,14 María Trinidad Sánchez,2019,36,train
-12.138718,0.7232766,4.513195,-1.4137831,-1.3096541,14 María Trinidad Sánchez,2019,37,train
-11.253679,0.9975733,12.478574,-6.0831,5.7373085,14 María Trinidad Sánchez,2019,38,train
-15.560575,1.0374035,1.814093,-3.2824306,0.7692592,14 María Trinidad Sánchez,2019,39,train
-13.499437,1.9249561,1.4320697,-0.3745999,2.521766,14 María Trinidad Sánchez,2019,40,train
-12.292033,3.2279205,1.009012,1.2175694,2.648185,14 María Trinidad Sánchez,2019,41,train
-13.13615,3.6528714,0.3774628,1.1658663,3.4583955,14 María Trinidad Sánchez,2019,42,train
-8.219863,3.909744,3.248709,-1.260281,4.7325687,14 María Trinidad Sánchez,2019,43,train
-10.095814,5.387634,0.89948624,0.66949517,4.7279906,14 María Trinidad Sánchez,2019,44,train
-11.22392,7.2826657,-0.9017785,1.7893196,4.9110613,14 María Trinidad Sánchez,2019,45,train
-10.094433,7.7717557,-1.0628144,0.22110799,5.9215164,14 María Trinidad Sánchez,2019,46,train
-10.56344,11.130435,-3.2040815,0.21757327,7.370939,14 María Trinidad Sánchez,2019,47,train
-9.027986,12.342928,-2.1679258,1.1711069,6.6721926,14 María Trinidad Sánchez,2019,48,train
-1.9401911,11.129065,1.3827753,-2.8040526,6.007393,14 María Trinidad Sánchez,2019,49,train
-1.4930059,8.28063,4.7074738,-2.4180074,5.5782933,14 María Trinidad Sánchez,2019,50,train
-0.3963854,12.767073,-0.9076288,-1.738913,5.1897626,14 María Trinidad Sánchez,2019,51,train
-0.9606993,14.862871,3.2678804,9.45746,1.7697392,14 María Trinidad Sánchez,2019,52,train
0.48409125,12.100375,2.590087,7.5555305,2.5421834,14 María Trinidad Sánchez,2020,1,val
1.7712024,11.1572275,2.6271265,6.201964,0.8929416,14 María Trinidad Sánchez,2020,2,val
2.032567,9.4849205,7.299003,10.56036,0.17814049,14 María Trinidad Sánchez,2020,3,val
6.154595,14.514643,5.6822567,14.409641,-2.7238407,14 María Trinidad Sánchez,2020,4,val
8.2268715,10.867542,0.41184744,-4.5935926,1.7895093,14 María Trinidad Sánchez,2020,5,val
6.4548726,8.99474,1.6295058,-4.766125,0.57876146,14 María Trinidad Sánchez,2020,6,val
5.335026,6.9863133,3.9219296,-3.219935,-0.8237936,14 María Trinidad Sánchez,2020,7,val
7.172761,7.1228127,3.4491236,-3.2930102,-1.6500117,14 María Trinidad Sánchez,2020,8,val
8.58508,6.0528474,3.5865557,-5.4716744,-2.1479394,14 María Trinidad Sánchez,2020,9,val
9.449945,-2.4820592,11.399968,-6.636708,9.921758,14 María Trinidad Sánchez,2020,10,val
10.067049,-1.186895,5.4867845,-3.6199813,3.8331313,14 María Trinidad Sánchez,2020,11,val
10.937247,-0.5577815,2.072703,-2.1545224,-0.47051036,14 María Trinidad Sánchez,2020,12,val
9.956086,-2.9286478,2.4440873,-1.3386698,0.068817936,14 María Trinidad Sánchez,2020,13,val
18.421711,-12.767274,-1.0516477,-3.0347922,-0.9268171,14 María Trinidad Sánchez,2020,14,val
13.581971,-12.434978,-0.03489764,0.9126901,0.33870316,14 María Trinidad Sánchez,2020,15,val
8.932146,-7.6042027,1.116597,1.7295543,1.2667426,14 María Trinidad Sánchez,2020,16,val
12.799493,-12.765522,-0.21026759,3.5330906,0.03015995,14 María Trinidad Sánchez,2020,17,val
6.4610634,-19.894928,-1.6570133,1.9457997,-0.05969737,14 María Trinidad Sánchez,2020,18,val
4.1239796,-20.861732,-3.6608503,0.5230152,0.76673937,14 María Trinidad Sánchez,2020,19,val
3.6025755,-19.875286,-2.7208142,2.073543,1.0465394,14 María Trinidad Sánchez,2020,20,val
1.4468887,-13.549049,0.9051154,2.174435,0.91111016,14 María Trinidad Sánchez,2020,21,val
0.16642343,-17.985443,-1.5352509,1.9393064,2.4066238,14 María Trinidad Sánchez,2020,22,val
-1.211047,-14.535411,0.3644305,3.2950675,-0.95956385,14 María Trinidad Sánchez,2020,23,val
-2.805451,-15.307034,0.23860012,3.1907852,-0.20404959,14 María Trinidad Sánchez,2020,24,val
-3.7010486,-12.187084,0.94109994,3.1454318,-0.50233835,14 María Trinidad Sánchez,2020,25,val
-5.4678807,-10.239379,0.79926455,1.7760652,1.2913314,14 María Trinidad Sánchez,2020,26,val
-0.9033622,-8.575398,3.748945,17.165873,0.50841135,14 María Trinidad Sánchez,2020,27,val
-5.118194,-9.526691,2.3212528,18.493414,0.06538074,14 María Trinidad Sánchez,2020,28,val
-3.692046,-8.781042,3.9033103,19.671337,-0.6358339,14 María Trinidad Sánchez,2020,29,val
-3.2039795,-3.5908802,6.7461734,16.3872,-0.7665309,14 María Trinidad Sánchez,2020,30,val
-0.5294114,-7.3132663,19.188837,19.23132,10.957116,14 María Trinidad Sánchez,2020,31,val
0.18825018,-12.674769,0.90666485,16.135397,5.1572776,14 María Trinidad Sánchez,2020,32,val
-1.5872632,-7.782478,2.8010435,15.888607,4.7890058,14 María Trinidad Sánchez,2020,33,val
-1.0618576,-5.9406476,13.8541,18.09563,10.969358,14 María Trinidad Sánchez,2020,34,val
-2.9165537,-12.562038,-1.7250571,6.809455,7.3380213,14 María Trinidad Sánchez,2020,35,val
-5.988432,-8.1851425,0.46135807,3.2756124,7.1360807,14 María Trinidad Sánchez,2020,36,val
-5.4864507,-10.156456,-0.48562366,4.9896593,7.1145496,14 María Trinidad Sánchez,2020,37,val
-4.782554,-10.790044,-2.2510285,6.4044714,8.350972,14 María Trinidad Sánchez,2020,38,val
-9.283875,-12.611389,-5.9020953,7.774239,10.23092,14 María Trinidad Sánchez,2020,39,val
-6.871283,-3.9834964,0.7516244,2.3660276,8.301106,14 María Trinidad Sánchez,2020,40,val
-8.106147,-4.6556935,-3.6674862,5.541464,9.235705,14 María Trinidad Sánchez,2020,41,val
-6.7574983,-4.3356276,-3.061036,5.0457497,9.613321,14 María Trinidad Sánchez,2020,42,val
-10.822315,-5.107406,-8.070991,7.549797,13.212451,14 María Trinidad Sánchez,2020,43,val
-7.0397215,-1.6489695,-4.0768,5.3515935,10.181821,14 María Trinidad Sánchez,2020,44,val
-5.6388116,-0.9512378,-3.5501032,3.8387012,11.844109,14 María Trinidad Sánchez,2020,45,val
-3.5817869,0.6048932,-0.96109176,2.8235333,11.996605,14 María Trinidad Sánchez,2020,46,val
-3.9498925,0.44880778,-4.3289275,3.6093888,13.100961,14 María Trinidad Sánchez,2020,47,val
-4.692647,1.7064161,-8.123779,5.763638,15.404707,14 María Trinidad Sánchez,2020,48,val
3.8709264,-5.408695,-11.272171,12.310576,21.229124,14 María Trinidad Sánchez,2020,49,val
10.02488,-2.9296806,-4.313356,6.171948,21.193626,14 María Trinidad Sánchez,2020,50,val
9.051745,-3.941202,-4.8342395,7.7799935,15.451254,14 María Trinidad Sánchez,2020,51,val
10.094577,-2.898311,-4.662229,15.172816,14.885164,14 María Trinidad Sánchez,2020,52,val
13.892641,-2.6135807,-7.2763157,20.202412,17.918581,14 María Trinidad Sánchez,2021,1,val
15.790754,-5.775671,-7.6485744,19.105608,17.548386,14 María Trinidad Sánchez,2021,2,val
13.370025,-6.3873425,-4.1782894,14.9626875,14.200491,14 María Trinidad Sánchez,2021,3,val
16.529697,-5.3327546,-5.3105583,17.057295,13.022072,14 María Trinidad Sánchez,2021,4,val
17.107042,-8.617465,-8.840177,9.525905,18.64956,14 María Trinidad Sánchez,2021,5,val
15.878721,-5.7655635,-6.725635,7.7260394,13.670036,14 María Trinidad Sánchez,2021,6,val
15.698713,-6.1730876,-5.9544625,7.4770236,12.961441,14 María Trinidad Sánchez,2021,7,val
14.943658,-6.326127,-4.3152294,6.5853963,10.680704,14 María Trinidad Sánchez,2021,8,val
21.152704,-9.088157,-8.118674,7.9042635,13.032527,14 María Trinidad Sánchez,2021,9,val
9.52384,-1.0050172,2.8769064,-2.0715187,3.459888,14 María Trinidad Sánchez,2021,10,val
14.200072,-0.2547265,0.09400858,-0.33879718,0.5597622,14 María Trinidad Sánchez,2021,11,val
11.30819,-1.3881421,1.0899299,-0.022246366,0.68167853,14 María Trinidad Sánchez,2021,12,val
15.202125,-5.805013,-0.5269097,-0.9730153,-0.51166326,14 María Trinidad Sánchez,2021,13,val
11.194782,-4.7241526,1.7468348,-3.952903,1.3324119,14 María Trinidad Sánchez,2021,14,val
17.264057,-11.951682,-0.4667282,-0.30660596,-2.0115407,14 María Trinidad Sánchez,2021,15,val
15.591405,-13.705055,-0.8336876,2.1225495,-1.4624411,14 María Trinidad Sánchez,2021,16,val
5.188916,-14.940385,1.0426569,-1.6518121,-0.33004487,14 María Trinidad Sánchez,2021,17,val
5.1864924,-16.040161,0.30774978,0.33892116,-1.5580108,14 María Trinidad Sánchez,2021,18,val
3.6018054,-13.111683,1.3638924,0.32596216,-0.106884904,14 María Trinidad Sánchez,2021,19,val
0.8894146,-13.361049,3.708118,-4.7043405,0.8270491,14 María Trinidad Sánchez,2021,20,val
1.1572633,-10.495214,3.0124853,0.95109296,0.56004804,14 María Trinidad Sánchez,2021,21,val
-0.10910591,-9.220251,3.5492387,0.24428348,0.30687815,14 María Trinidad Sánchez,2021,22,val
-1.3541188,-12.512609,10.782341,-4.0963516,7.119602,14 María Trinidad Sánchez,2021,23,val
-3.5877504,-9.642389,2.2375665,0.36367214,-0.36956763,14 María Trinidad Sánchez,2021,24,val
-4.6792154,-8.306089,3.295769,-0.12298214,1.3379668,14 María Trinidad Sánchez,2021,25,val
-7.844898,-10.760137,0.5558584,0.5019211,-0.5175832,14 María Trinidad Sánchez,2021,26,val
-0.8655243,-4.6726522,5.0714145,16.33052,1.8677219,14 María Trinidad Sánchez,2021,27,val
-1.961194,-3.6904836,5.6649833,21.766014,2.5499637,14 María Trinidad Sánchez,2021,28,val
-2.4113839,-9.1628475,1.450345,17.91534,5.0758734,14 María Trinidad Sánchez,2021,29,val
-1.2621956,-7.325406,3.087456,17.005161,4.5111656,14 María Trinidad Sánchez,2021,30,val
-1.71821,-6.972933,3.24034,17.216867,4.43266,14 María Trinidad Sánchez,2021,31,val
-2.6605566,-3.4446874,18.13558,21.291494,8.92515,14 María Trinidad Sánchez,2021,32,val
-6.565781,-1.0521827,5.7111335,15.310394,2.3773668,14 María Trinidad Sánchez,2021,33,val
-6.6416183,-6.706753,2.4323783,13.724639,0.99076855,14 María Trinidad Sánchez,2021,34,val
-10.347428,-9.363176,-0.81400293,5.516429,2.9831862,14 María Trinidad Sánchez,2021,35,val
-4.935869,-11.824851,-2.1767704,6.2297015,7.519052,14 María Trinidad Sánchez,2021,36,val
-6.5151405,-7.3088374,0.39786187,3.0123007,7.5657053,14 María Trinidad Sánchez,2021,37,val
-5.8130493,-8.885169,-1.3961917,4.82746,8.821047,14 María Trinidad Sánchez,2021,38,val
-7.0862317,-7.854404,-1.279191,3.89482,9.319581,14 María Trinidad Sánchez,2021,39,val
-10.132283,-7.2313633,-5.2186656,5.711983,10.016007,14 María Trinidad Sánchez,2021,40,val
-8.050935,-5.0303416,-0.5946315,2.9414873,9.941303,14 María Trinidad Sánchez,2021,41,val
-10.439763,-5.6405935,-6.4449778,6.7217093,11.918799,14 María Trinidad Sánchez,2021,42,val
-14.347947,-5.5618176,-10.927698,10.032598,15.246625,14 María Trinidad Sánchez,2021,43,val
-10.437579,-3.8484051,-8.698742,7.653689,14.350831,14 María Trinidad Sánchez,2021,44,val
-6.161757,-4.0232844,-7.9185677,9.322503,14.765651,14 María Trinidad Sánchez,2021,45,val
-4.8385053,-1.9481515,-7.9183736,9.484795,14.675177,14 María Trinidad Sánchez,2021,46,val
-5.8300076,-2.0093234,-12.209692,5.9965086,19.497635,14 María Trinidad Sánchez,2021,47,val
-1.445149,-0.37795606,-7.49556,7.0434666,16.059631,14 María Trinidad Sánchez,2021,48,val
2.3775308,-3.5767422,-9.715727,9.890497,18.926258,14 María Trinidad Sánchez,2021,49,val
2.4679036,-2.645844,-9.251513,7.13656,19.104465,14 María Trinidad Sánchez,2021,50,val
3.650023,-4.5738034,-13.056887,8.452761,22.964087,14 María Trinidad Sánchez,2021,51,val
11.362198,2.6522026,-7.377983,15.077223,14.984846,14 María Trinidad Sánchez,2021,52,val
0.326636,7.5556827,-4.532682,5.401466,-5.787085,15 Monte Cristi,2015,1,train
1.6485577,8.174333,-4.820369,5.8256607,-6.363564,15 Monte Cristi,2015,2,train
2.4454112,10.761753,-2.1492403,9.357186,-7.3227897,15 Monte Cristi,2015,3,train
3.4457426,10.871568,-0.15692005,11.090048,-7.992333,15 Monte Cristi,2015,4,train
1.0165638,2.265342,11.744439,-12.346124,9.906068,15 Monte Cristi,2015,5,train
2.9678946,4.719744,-4.32898,-2.1945662,-2.4027274,15 Monte Cristi,2015,6,train
3.8207011,4.633457,-5.351985,-4.3828964,-1.3988073,15 Monte Cristi,2015,7,train
1.6712264,0.28045994,6.551463,-10.813505,6.837072,15 Monte Cristi,2015,8,train
2.9477487,3.6359363,-5.3395314,-1.7786007,-4.947474,15 Monte Cristi,2015,9,train
3.8416467,4.3155327,-6.610431,0.17448281,-7.4038696,15 Monte Cristi,2015,10,train
3.967922,3.907782,-6.409494,1.1269321,-7.7882814,15 Monte Cristi,2015,11,train
3.9484804,3.9862723,-2.2359502,-1.6134037,-7.2546196,15 Monte Cristi,2015,12,train
3.2516873,2.7019393,-3.3540978,-3.3937047,-9.865955,15 Monte Cristi,2015,13,train
3.4729536,1.8556216,-4.0974426,0.0041724755,-6.1158066,15 Monte Cristi,2015,14,train
3.509578,2.2287164,-6.2783227,1.0324725,-8.298258,15 Monte Cristi,2015,15,train
3.3787866,1.6825793,-5.2115273,-0.19708772,-8.6792,15 Monte Cristi,2015,16,train
-0.25785947,-3.603512,-4.863389,-3.887272,-10.130892,15 Monte Cristi,2015,17,train
-1.0142517,-4.3828497,-5.9847317,-3.6401918,-11.706664,15 Monte Cristi,2015,18,train
-1.5672616,-0.64599735,-11.3341255,0.8760974,-15.231598,15 Monte Cristi,2015,19,train
-1.9730066,0.29406238,-6.9562325,-0.3085468,-12.023195,15 Monte Cristi,2015,20,train
-2.899291,0.3621148,-4.7135644,-1.1996342,-11.913561,15 Monte Cristi,2015,21,train
-2.4579291,-1.1041669,-3.7430725,-0.7852991,-7.9315386,15 Monte Cristi,2015,22,train
-4.1215477,-3.069719,-5.244792,-0.36699533,-9.269813,15 Monte Cristi,2015,23,train
-4.4829154,-2.1789818,-6.7757998,0.48522976,-9.062985,15 Monte Cristi,2015,24,train
-4.328948,-1.6576627,-7.2028613,2.1692398,-9.479612,15 Monte Cristi,2015,25,train
-4.9956203,-2.0553815,-11.087981,3.6528277,-11.795231,15 Monte Cristi,2015,26,train
-4.144634,1.0382674,-7.942061,6.1660805,-12.548156,15 Monte Cristi,2015,27,train
-4.058878,1.6795088,-3.6487322,5.7775555,-11.917371,15 Monte Cristi,2015,28,train
-5.2232847,1.9510702,-5.967722,5.639628,-13.141172,15 Monte Cristi,2015,29,train
-7.695491,3.548055,-4.8626213,8.2657175,-14.142149,15 Monte Cristi,2015,30,train
-6.1585402,2.7632084,-7.230133,5.6439147,-13.802562,15 Monte Cristi,2015,31,train
-7.76323,5.980588,-4.3471684,3.958091,-16.711752,15 Monte Cristi,2015,32,train
-7.8688855,6.753869,-3.1704674,3.9688334,-16.301172,15 Monte Cristi,2015,33,train
-8.905499,7.732733,-1.5540521,3.1483097,-16.415066,15 Monte Cristi,2015,34,train
-8.269544,4.2544,-8.055556,1.1134739,-11.22682,15 Monte Cristi,2015,35,train
-10.811998,6.458298,-2.7847326,-2.0404687,-11.661238,15 Monte Cristi,2015,36,train
-10.075211,6.910045,-6.595478,-0.39021853,-14.117292,15 Monte Cristi,2015,37,train
-11.493083,7.9363236,-4.563931,-0.9172744,-12.358854,15 Monte Cristi,2015,38,train
-11.6413765,7.424974,-4.130401,-1.3413006,-11.2601595,15 Monte Cristi,2015,39,train
-15.135234,12.227089,-7.755819,-2.06572,-16.18112,15 Monte Cristi,2015,40,train
-13.18496,11.823745,-4.246296,-2.2989306,-13.662891,15 Monte Cristi,2015,41,train
-13.08073,12.39596,-8.133312,-0.73418194,-14.469925,15 Monte Cristi,2015,42,train
-9.764446,11.535503,-0.094475694,-4.8764777,-8.68012,15 Monte Cristi,2015,43,train
-10.160498,12.65641,-1.5215932,-2.917302,-9.858122,15 Monte Cristi,2015,44,train
-8.363087,10.056914,-7.6157637,1.8548322,-8.237419,15 Monte Cristi,2015,45,train
-7.8341823,10.037406,-10.290575,2.384976,-8.688477,15 Monte Cristi,2015,46,train
-7.2263613,11.342623,-10.069546,1.7125381,-7.7365346,15 Monte Cristi,2015,47,train
-6.674381,12.001345,-6.8091345,-3.1469676,-2.951786,15 Monte Cristi,2015,48,train
-2.7640595,10.751129,-7.4852905,0.93631196,-6.9281864,15 Monte Cristi,2015,49,train
-1.8608884,12.29763,-8.582246,-0.8297505,-4.974125,15 Monte Cristi,2015,50,train
-0.54846406,10.525703,-9.730729,1.1514748,-7.3758945,15 Monte Cristi,2015,51,train
-1.2461517,9.386019,-6.533807,4.715172,-7.819465,15 Monte Cristi,2015,52,train
-2.8405447,18.701723,1.4791347,4.8365817,-11.39716,15 Monte Cristi,2016,1,train
-2.7681513,17.676285,0.38511717,7.595816,-13.265075,15 Monte Cristi,2016,2,train
-2.095701,13.973593,2.3396819,7.5903854,-10.853186,15 Monte Cristi,2016,3,train
-1.3016367,13.724309,0.8319223,4.807295,-11.939043,15 Monte Cristi,2016,4,train
-0.110104255,13.489232,-3.4446664,-5.432418,-10.200913,15 Monte Cristi,2016,5,train
-1.2513572,9.960764,0.18563898,-5.053489,-7.730146,15 Monte Cristi,2016,6,train
-0.8477467,10.024908,-2.3309338,-3.9833524,-9.859373,15 Monte Cristi,2016,7,train
-1.7244897,9.798311,-0.60978293,-6.4513555,-9.377226,15 Monte Cristi,2016,8,train
-1.480184,10.386431,0.3198173,-5.784555,-10.810171,15 Monte Cristi,2016,9,train
4.1290054,5.137954,-7.743794,0.6343675,-8.635287,15 Monte Cristi,2016,10,train
3.2410533,5.409337,-6.219838,-3.7228372,-10.277241,15 Monte Cristi,2016,11,train
1.7877004,4.8307047,-7.489488,-1.906293,-11.270663,15 Monte Cristi,2016,12,train
2.4301834,5.563963,-6.638303,-0.8563948,-12.942027,15 Monte Cristi,2016,13,train
-0.06171766,5.0042114,-1.8498917,-4.5595512,-10.618588,15 Monte Cristi,2016,14,train
1.6605707,5.4781466,-1.9232877,-2.0193007,-11.622155,15 Monte Cristi,2016,15,train
0.10385071,4.9126444,-3.1123266,-2.7225795,-10.285694,15 Monte Cristi,2016,16,train
-0.9326059,4.5452085,0.111943595,-4.28067,-8.725422,15 Monte Cristi,2016,17,train
-0.21737513,4.1254807,-2.4355295,-6.4509807,-12.679802,15 Monte Cristi,2016,18,train
1.5148022,-5.748431,-9.081478,1.4774722,-4.648177,15 Monte Cristi,2016,19,train
1.549057,-7.670132,-11.795432,3.9138439,-6.0221424,15 Monte Cristi,2016,20,train
1.5463456,-10.710186,2.8525672,-5.994263,11.776259,15 Monte Cristi,2016,21,train
-0.9903433,-7.734232,-7.915876,1.0521084,-2.6468267,15 Monte Cristi,2016,22,train
0.7577759,-13.548767,-11.4775915,5.365917,-1.2365816,15 Monte Cristi,2016,23,train
-0.4210993,-12.805766,-13.522553,5.273614,-1.5459458,15 Monte Cristi,2016,24,train
-3.233652,-6.6250024,-11.707679,5.338767,-6.347396,15 Monte Cristi,2016,25,train
-4.226772,-6.272256,-12.181242,5.9501805,-6.482359,15 Monte Cristi,2016,26,train
-3.2006924,-4.198491,-10.707694,9.44532,-8.1630335,15 Monte Cristi,2016,27,train
-2.8000827,-4.1339498,-9.317871,9.05478,-7.697342,15 Monte Cristi,2016,28,train
-3.0220077,-4.8263674,-9.476077,9.842681,-8.152056,15 Monte Cristi,2016,29,train
-3.763663,-3.8277056,-9.664131,9.620966,-7.751082,15 Monte Cristi,2016,30,train
-3.2874868,-3.6991265,-9.858789,9.304312,-7.7480826,15 Monte Cristi,2016,31,train
-2.6535149,-4.8036695,-9.423853,10.708051,-6.0331955,15 Monte Cristi,2016,32,train
-2.3797038,-4.894435,-10.757073,10.459508,-8.286381,15 Monte Cristi,2016,33,train
-5.308419,-2.274377,-5.227654,11.929348,-0.80771977,15 Monte Cristi,2016,34,train
-5.274018,-6.3659816,-11.7317915,6.194184,-2.924664,15 Monte Cristi,2016,35,train
-4.1783996,-6.3350496,-12.385995,6.8078628,-1.2680751,15 Monte Cristi,2016,36,train
-4.111789,-5.808206,-12.955685,7.327433,-2.498073,15 Monte Cristi,2016,37,train
-3.9596097,-6.774622,-11.838848,7.5432987,0.80072343,15 Monte Cristi,2016,38,train
-4.0262995,-4.3771996,-13.774005,7.338775,-2.2767115,15 Monte Cristi,2016,39,train
-7.475109,-1.9484726,-11.011974,3.9799688,-0.7785025,15 Monte Cristi,2016,40,train
-8.003006,-1.632237,-10.234237,4.393902,1.4678043,15 Monte Cristi,2016,41,train
-2.6351268,-4.364597,2.0617325,-5.222784,9.823487,15 Monte Cristi,2016,42,train
-1.2064216,-3.6828163,2.2902484,-4.25107,8.820389,15 Monte Cristi,2016,43,train
-2.7311215,-0.20490326,-6.7271194,2.9371505,1.519031,15 Monte Cristi,2016,44,train
-0.1439309,-2.8225763,7.283941,-4.606395,11.437817,15 Monte Cristi,2016,45,train
-0.33280295,-3.4006128,3.0762796,-5.937953,11.655594,15 Monte Cristi,2016,46,train
-0.94976175,1.0752407,-7.443818,2.5591223,1.6432812,15 Monte Cristi,2016,47,train
2.158463,2.4659965,-6.6514783,2.1884038,2.1338298,15 Monte Cristi,2016,48,train
2.9291427,3.1558433,-9.044008,4.1682997,1.4372863,15 Monte Cristi,2016,49,train
2.975587,2.779504,-9.350915,4.0396657,1.8384023,15 Monte Cristi,2016,50,train
3.1863346,3.1541405,-8.260152,3.6798944,0.82180756,15 Monte Cristi,2016,51,train
2.1765714,5.48336,-5.445359,11.639659,0.2951247,15 Monte Cristi,2016,52,train
3.3636076,7.2806005,-8.881802,13.785452,-1.3260262,15 Monte Cristi,2017,1,train
2.909349,4.4230413,-4.1608467,10.407143,-2.2218564,15 Monte Cristi,2017,2,train
4.9379687,11.00594,-2.2234724,24.59735,-6.0385356,15 Monte Cristi,2017,3,train
6.870204,8.874791,-4.881941,19.919374,-5.9455805,15 Monte Cristi,2017,4,train
5.926255,2.2939215,-10.557781,1.9308403,-0.13714261,15 Monte Cristi,2017,5,train
5.2452803,1.1712612,-7.919866,-0.5842636,1.551629,15 Monte Cristi,2017,6,train
6.319215,0.6487822,-8.714176,-2.307357,1.8401016,15 Monte Cristi,2017,7,train
8.0942,0.41261646,-11.377482,-3.4044812,-0.33791813,15 Monte Cristi,2017,8,train
5.5416675,0.8316475,-9.519665,1.912249,-3.8184192,15 Monte Cristi,2017,9,train
5.753556,-0.4876985,-7.797711,1.3192307,-1.8238254,15 Monte Cristi,2017,10,train
6.6702213,-3.7371259,-8.272054,0.5661472,0.25042367,15 Monte Cristi,2017,11,train
5.6239753,-6.388753,6.4837947,-6.2955275,11.752931,15 Monte Cristi,2017,12,train
7.8368134,-5.6844707,-6.435446,-0.9133416,0.9565238,15 Monte Cristi,2017,13,train
5.553198,-4.8351283,-6.303729,-0.87319535,-1.9629002,15 Monte Cristi,2017,14,train
6.081705,-3.3394127,-4.888121,-1.3221691,-2.0001843,15 Monte Cristi,2017,15,train
3.4411747,-2.751887,-5.141578,0.18024252,-1.6468617,15 Monte Cristi,2017,16,train
3.4685714,-3.991258,-2.8494945,-0.73429745,-0.00805015,15 Monte Cristi,2017,17,train
4.4781647,-5.4151897,-4.264867,-0.8266881,-1.2311525,15 Monte Cristi,2017,18,train
6.150872,-7.4674063,-5.6992655,0.3565867,-1.664426,15 Monte Cristi,2017,19,train
0.9514895,-4.0520186,-5.4001055,-0.22142343,-0.5775505,15 Monte Cristi,2017,20,train
1.381325,-8.930408,-9.980303,2.8938303,-5.3157754,15 Monte Cristi,2017,21,train
0.1433054,-6.8203974,-9.987265,3.0643542,-5.2841363,15 Monte Cristi,2017,22,train
-0.9602053,-8.455066,-9.570418,3.3518035,-5.9760337,15 Monte Cristi,2017,23,train
-1.7824483,-6.746258,-9.805486,4.009085,-6.4433722,15 Monte Cristi,2017,24,train
-1.8037581,-5.0260873,-8.673588,4.0563927,-4.896325,15 Monte Cristi,2017,25,train
-3.3967443,-5.8177285,-9.163191,3.39488,-4.2872252,15 Monte Cristi,2017,26,train
-1.2289556,-3.4189777,-7.257589,9.46853,-5.0226517,15 Monte Cristi,2017,27,train
-3.5045643,-1.616224,-3.5750148,16.462112,-2.3047307,15 Monte Cristi,2017,28,train
-2.0955224,-4.0240316,-7.9901175,9.68907,-4.896119,15 Monte Cristi,2017,29,train
-3.7676678,-4.1185284,-7.2270317,12.534005,-3.0934153,15 Monte Cristi,2017,30,train
-2.6046684,-3.6122696,-7.752453,9.487491,-3.9693263,15 Monte Cristi,2017,31,train
-3.7897866,-3.254847,-6.76269,14.107756,-4.3222094,15 Monte Cristi,2017,32,train
-2.7155583,-3.8559642,-8.237224,9.904392,-5.129894,15 Monte Cristi,2017,33,train
-3.250238,-4.199466,-7.3886647,10.171297,-4.543646,15 Monte Cristi,2017,34,train
-4.720045,-6.174552,-10.220905,5.729537,-2.283937,15 Monte Cristi,2017,35,train
0.64478576,-10.2809,8.80981,-3.0660796,16.230953,15 Monte Cristi,2017,36,train
-3.7642496,-7.386533,-7.0972056,2.4497511,3.9522235,15 Monte Cristi,2017,37,train
0.8522728,-11.499367,2.5660615,-0.9913586,14.662936,15 Monte Cristi,2017,38,train
-3.9752235,-5.550617,-7.9529448,3.3333118,2.5404174,15 Monte Cristi,2017,39,train
-3.4677882,-5.2738624,-8.736417,4.311763,3.552859,15 Monte Cristi,2017,40,train
-4.4334664,-4.5766473,-10.907637,4.957979,3.1448421,15 Monte Cristi,2017,41,train
-4.669587,-3.2228525,-13.537018,6.1606007,0.950923,15 Monte Cristi,2017,42,train
-4.768512,-2.816855,-12.781129,6.8359027,2.8829741,15 Monte Cristi,2017,43,train
-2.6344798,-3.0370388,-9.4509325,3.833458,3.9459484,15 Monte Cristi,2017,44,train
-1.0051125,-1.8462029,-8.483402,3.766394,3.244953,15 Monte Cristi,2017,45,train
2.0873525,-7.1924176,0.9650886,-2.2286582,16.24439,15 Monte Cristi,2017,46,train
-0.2785043,-2.5372758,-9.084758,3.089631,6.3079295,15 Monte Cristi,2017,47,train
0.44219553,-2.1867683,-9.346922,2.8698692,6.5456824,15 Monte Cristi,2017,48,train
-1.8684857,2.3637757,-12.306431,3.06586,1.0670048,15 Monte Cristi,2017,49,train
-2.0296118,3.8983705,-14.93457,2.2209866,2.3544555,15 Monte Cristi,2017,50,train
-1.2519991,3.676124,-11.958707,4.7792335,1.0395205,15 Monte Cristi,2017,51,train
-2.418834,5.7614474,-8.385486,13.559703,-0.49590576,15 Monte Cristi,2017,52,train
7.278633,-5.848944,7.151555,12.8211155,15.982403,15 Monte Cristi,2018,1,train
4.324153,1.5442482,-7.4087443,10.822366,0.9952696,15 Monte Cristi,2018,2,train
4.307301,1.5300516,-4.2143383,10.257215,1.0206642,15 Monte Cristi,2018,3,train
4.8055444,1.4554936,-5.5221996,9.568192,-0.5491754,15 Monte Cristi,2018,4,train
6.9567924,0.3157501,-10.748176,3.6281714,1.2161543,15 Monte Cristi,2018,5,train
5.3193417,3.2439346,-8.315408,1.2234541,-2.8212004,15 Monte Cristi,2018,6,train
6.046942,3.053981,-7.308195,1.4187443,-3.202977,15 Monte Cristi,2018,7,train
6.073941,2.706529,-7.2726617,1.6398584,-3.6241095,15 Monte Cristi,2018,8,train
8.869072,2.6395454,-8.595862,-1.6374623,-4.0949306,15 Monte Cristi,2018,9,train
9.872965,-5.474959,-11.636549,1.2904861,2.1187313,15 Monte Cristi,2018,10,train
9.688014,-7.2621098,-12.02853,2.8840156,2.9186056,15 Monte Cristi,2018,11,train
7.8180165,-6.0261188,-8.504448,1.7908635,2.1382709,15 Monte Cristi,2018,12,train
7.5996118,0.043538187,-7.2287803,1.706659,-5.0232034,15 Monte Cristi,2018,13,train
5.7122917,-2.6449518,-4.819509,-3.564419,-4.639686,15 Monte Cristi,2018,14,train
4.4186115,-1.5493833,-6.228415,-0.62447387,-5.9633164,15 Monte Cristi,2018,15,train
4.7373085,-1.012,-7.751046,0.9937179,-7.477453,15 Monte Cristi,2018,16,train
5.3256373,-3.4246497,-6.0981784,-0.90202224,-7.786027,15 Monte Cristi,2018,17,train
3.9322195,-3.6008384,-6.6138115,-1.9978503,-6.365361,15 Monte Cristi,2018,18,train
4.1182866,-0.5979609,-7.0323524,1.9601246,-8.277232,15 Monte Cristi,2018,19,train
3.2156217,0.1836127,-8.453382,2.8339999,-8.424632,15 Monte Cristi,2018,20,train
0.00040392586,-3.3307884,-8.033499,1.3527063,-8.26086,15 Monte Cristi,2018,21,train
-0.77953064,-4.211278,-6.7489867,0.7303714,-7.6653514,15 Monte Cristi,2018,22,train
-3.1927836,-5.7313614,-7.9516716,-0.5325769,-8.151555,15 Monte Cristi,2018,23,train
-3.2658231,-5.0057955,-8.87413,1.7682794,-9.423279,15 Monte Cristi,2018,24,train
-5.665249,-6.2714853,-7.897076,0.3905407,-7.4380784,15 Monte Cristi,2018,25,train
-3.7634907,-4.019361,-7.094661,3.0584025,-7.8035235,15 Monte Cristi,2018,26,train
-3.8213675,-0.55742323,-5.335756,10.872192,-8.753944,15 Monte Cristi,2018,27,train
-6.2360673,-1.1655763,-9.197917,11.558384,-10.513893,15 Monte Cristi,2018,28,train
-3.9508486,-1.3605822,-6.4954414,8.804997,-8.68295,15 Monte Cristi,2018,29,train
-3.6790245,-2.3506064,-8.582377,8.221978,-10.507338,15 Monte Cristi,2018,30,train
-3.0183876,-1.3247589,-6.324216,7.71275,-8.318147,15 Monte Cristi,2018,31,train
-3.6966631,-0.7520556,-4.5632124,8.0026455,-9.368445,15 Monte Cristi,2018,32,train
-3.3413396,-0.25961453,-4.760693,7.4225836,-8.732956,15 Monte Cristi,2018,33,train
-3.682006,-0.9989317,-7.5396266,7.953201,-11.212435,15 Monte Cristi,2018,34,train
-5.7418485,-1.8250034,-7.16105,2.475114,-4.675095,15 Monte Cristi,2018,35,train
-7.658087,-2.1617692,-6.387145,0.168513,-4.7333584,15 Monte Cristi,2018,36,train
-7.095287,-1.251643,-6.6542454,1.8941371,-5.4110184,15 Monte Cristi,2018,37,train
-8.804881,-1.5310982,-9.017892,2.2815833,-5.7538238,15 Monte Cristi,2018,38,train
-6.002546,-0.36819503,-7.145884,2.7648337,-5.980374,15 Monte Cristi,2018,39,train
-8.19183,-0.26739484,-7.3391595,0.7553189,-0.46417683,15 Monte Cristi,2018,40,train
-8.699499,0.65486807,-8.265493,1.0530196,-0.59132075,15 Monte Cristi,2018,41,train
-6.2278028,2.2439573,-8.819754,3.5573602,-2.766074,15 Monte Cristi,2018,42,train
-9.456256,2.9802358,-11.914097,3.514726,-1.6992829,15 Monte Cristi,2018,43,train
-6.261376,2.7159202,-9.055988,1.615996,-1.1186141,15 Monte Cristi,2018,44,train
-5.724927,4.0587897,-8.982654,1.9037362,-0.93961,15 Monte Cristi,2018,45,train
-6.0649285,4.653614,-11.374917,2.2407284,-1.8821008,15 Monte Cristi,2018,46,train
-6.681086,6.1074667,-12.234081,1.6493039,-0.2860446,15 Monte Cristi,2018,47,train
-4.359788,5.4386263,-9.330268,0.5141437,-0.14329404,15 Monte Cristi,2018,48,train
-3.637098,6.311113,-12.44432,3.9791756,-1.6987523,15 Monte Cristi,2018,49,train
1.5215577,9.368236,-14.260909,1.6740303,-1.768024,15 Monte Cristi,2018,50,train
1.9249017,9.510287,-12.770976,0.32587352,0.059182607,15 Monte Cristi,2018,51,train
1.3465306,6.4053187,-8.806913,6.6191773,-4.765667,15 Monte Cristi,2018,52,train
2.0151834,9.4716015,-9.714835,8.444494,-6.14949,15 Monte Cristi,2019,1,train
3.5318592,9.966648,-6.2088604,11.274818,-5.955721,15 Monte Cristi,2019,2,train
5.0710883,10.767679,-4.767877,13.95096,-7.6768327,15 Monte Cristi,2019,3,train
4.7417665,8.745911,-7.110389,10.247413,-8.6396885,15 Monte Cristi,2019,4,train
4.7967362,7.0414395,-10.328531,-1.3926942,-4.151449,15 Monte Cristi,2019,5,train
2.815156,8.670659,-3.8701215,-2.74327,-5.850959,15 Monte Cristi,2019,6,train
2.0451114,6.7423735,-4.829919,-5.1593823,-5.309592,15 Monte Cristi,2019,7,train
2.930506,6.162377,-7.9410896,-0.3424456,-8.714924,15 Monte Cristi,2019,8,train
3.7075574,6.5162807,-7.411123,0.33340204,-9.250216,15 Monte Cristi,2019,9,train
4.4266906,4.194783,-6.7448387,-2.751835,-7.1821856,15 Monte Cristi,2019,10,train
5.7622414,4.070147,-7.212728,0.77912754,-8.214126,15 Monte Cristi,2019,11,train
6.0667768,2.680608,-5.373214,-5.9390526,-8.653262,15 Monte Cristi,2019,12,train
3.0609334,1.4208978,-2.0476856,-5.6466208,-6.0673594,15 Monte Cristi,2019,13,train
3.2420378,1.3287898,-5.058534,-0.4233725,-6.720089,15 Monte Cristi,2019,14,train
4.117618,0.16740315,-6.9572916,-1.58275,-9.362482,15 Monte Cristi,2019,15,train
4.210122,1.7596682,-9.273081,2.1248796,-10.011019,15 Monte Cristi,2019,16,train
4.1301346,-0.8366647,-7.462838,-2.346306,-9.177554,15 Monte Cristi,2019,17,train
-0.004845994,-2.1375556,-9.508244,-2.513911,-8.434148,15 Monte Cristi,2019,18,train
-1.3486323,-1.4764645,-6.2021503,-2.6822045,-8.601952,15 Monte Cristi,2019,19,train
-3.6720405,-2.7904487,-5.678588,-4.363556,-9.119232,15 Monte Cristi,2019,20,train
-3.263966,-2.7252107,-4.323572,-4.3397555,-5.4122553,15 Monte Cristi,2019,21,train
-3.8021958,-2.8473496,-5.427919,-4.685653,-4.3086295,15 Monte Cristi,2019,22,train
-5.46051,-2.260102,-4.6526012,-3.4543755,-7.2821794,15 Monte Cristi,2019,23,train
-5.2112465,-1.7928406,-6.7783527,-0.7527849,-8.788822,15 Monte Cristi,2019,24,train
-6.983642,-1.9088033,-9.64425,1.4210596,-12.192625,15 Monte Cristi,2019,25,train
-6.1302214,-0.6464647,-6.780551,1.4225208,-9.243339,15 Monte Cristi,2019,26,train
-7.564227,4.8038497,-3.5823913,12.188012,-11.183054,15 Monte Cristi,2019,27,train
-7.666545,3.0045714,-7.187084,6.123056,-11.587669,15 Monte Cristi,2019,28,train
-7.251065,5.024769,-4.5860696,7.1700773,-9.463237,15 Monte Cristi,2019,29,train
-8.807133,3.775748,-8.022472,5.734786,-12.430506,15 Monte Cristi,2019,30,train
-8.369386,5.9432163,-2.9542801,9.375105,-9.819756,15 Monte Cristi,2019,31,train
-9.315914,4.2401857,-5.806575,8.265638,-10.659644,15 Monte Cristi,2019,32,train
-9.851214,4.9153333,-9.063758,6.139702,-13.021814,15 Monte Cristi,2019,33,train
-9.024339,4.7611823,-6.7068963,7.8100333,-11.067075,15 Monte Cristi,2019,34,train
-12.005623,1.8657181,-8.676999,1.3434223,-11.021255,15 Monte Cristi,2019,35,train
-10.796472,4.9895906,-8.442423,0.20420122,-15.20261,15 Monte Cristi,2019,36,train
-10.118804,1.5986302,-6.326807,-0.97073686,-6.3016653,15 Monte Cristi,2019,37,train
-8.465712,1.5785185,8.675944,-12.064715,3.3653703,15 Monte Cristi,2019,38,train
-6.974146,1.7161101,6.4734507,-9.164705,2.616254,15 Monte Cristi,2019,39,train
-5.590687,0.41299197,4.4628334,-7.084936,4.238567,15 Monte Cristi,2019,40,train
-8.074143,2.4892833,-6.522679,0.61465293,-2.7544823,15 Monte Cristi,2019,41,train
-9.761855,3.3474786,-8.061597,1.2818978,-2.8406246,15 Monte Cristi,2019,42,train
-6.7667856,4.038917,-6.7647257,1.5237412,-3.4760978,15 Monte Cristi,2019,43,train
-6.8586383,5.050763,-8.40487,2.3530452,-4.124499,15 Monte Cristi,2019,44,train
-7.5564365,5.9047136,-9.267623,1.9849457,-3.4954517,15 Monte Cristi,2019,45,train
-6.9294033,5.4756174,-6.6706104,-1.992771,-0.9583071,15 Monte Cristi,2019,46,train
-5.479079,6.907844,-8.983424,-3.3175142,-1.3522677,15 Monte Cristi,2019,47,train
-5.570052,8.327108,-10.536123,-0.3069377,-1.8770442,15 Monte Cristi,2019,48,train
-1.493339,9.057337,-5.3638644,-2.9707706,-0.52138716,15 Monte Cristi,2019,49,train
-0.80373436,8.374966,-6.6672587,0.5296352,-3.2457964,15 Monte Cristi,2019,50,train
-0.37885067,9.416492,-7.6462507,0.944908,-3.6261017,15 Monte Cristi,2019,51,train
-0.79976815,13.456954,-8.796514,10.393543,-6.4131465,15 Monte Cristi,2019,52,train
-0.19081853,10.205258,-5.569815,7.8905063,-4.5358458,15 Monte Cristi,2020,1,val
0.57933944,7.9608283,-7.031694,7.546775,-5.8420405,15 Monte Cristi,2020,2,val
2.044592,6.784692,-6.5770574,7.0528083,-6.1458645,15 Monte Cristi,2020,3,val
2.0365133,11.800893,0.015662607,18.45904,-7.2718124,15 Monte Cristi,2020,4,val
3.8226528,7.6867466,-8.011229,-5.8809037,-1.3953445,15 Monte Cristi,2020,5,val
3.3449447,5.9163027,-8.690179,-1.4141631,-4.555987,15 Monte Cristi,2020,6,val
2.7531123,5.1031566,-7.502513,-0.13487516,-6.313307,15 Monte Cristi,2020,7,val
2.3504016,3.8363588,-5.6351132,-1.9837618,-4.5223494,15 Monte Cristi,2020,8,val
2.9780266,2.529617,-5.3793063,-3.719076,-3.1516764,15 Monte Cristi,2020,9,val
3.7541332,-1.0194342,-5.564208,-0.6133896,-0.57936525,15 Monte Cristi,2020,10,val
4.660672,-1.1427449,-4.623281,-1.899662,-0.82241213,15 Monte Cristi,2020,11,val
5.8358808,0.006298147,-6.077476,1.581984,-3.8922787,15 Monte Cristi,2020,12,val
6.8179493,-2.2682812,-7.260716,-0.5600515,-3.9371097,15 Monte Cristi,2020,13,val
8.580194,-7.0292892,-8.808785,-0.5431105,-1.7960724,15 Monte Cristi,2020,14,val
8.808223,-9.586697,-9.504317,1.604686,-1.0866321,15 Monte Cristi,2020,15,val
5.3235083,-3.4829385,-8.152839,2.9517264,-4.6837826,15 Monte Cristi,2020,16,val
6.6296225,-6.1684613,-10.220981,3.4495032,-5.2828746,15 Monte Cristi,2020,17,val
6.1115274,-5.8177304,-8.825263,3.488683,-5.0088267,15 Monte Cristi,2020,18,val
6.7734118,-8.156842,-9.52971,3.6190987,-3.8610313,15 Monte Cristi,2020,19,val
6.2212453,-6.288054,-10.881435,4.516334,-6.7512636,15 Monte Cristi,2020,20,val
5.811871,-6.937229,-8.244935,4.438127,-4.9052353,15 Monte Cristi,2020,21,val
8.073579,-10.73969,-9.537902,5.929466,-3.5147438,15 Monte Cristi,2020,22,val
5.183805,-5.8691406,-12.066014,6.197369,-9.024191,15 Monte Cristi,2020,23,val
-2.197871,-9.056566,-10.286562,4.0609627,-7.2003284,15 Monte Cristi,2020,24,val
-2.1481662,-7.319933,-11.205741,5.31322,-7.1094594,15 Monte Cristi,2020,25,val
-2.778736,-6.277639,-10.455492,5.1153426,-5.863537,15 Monte Cristi,2020,26,val
-1.0693749,-6.172392,-8.023373,10.885459,-7.6074595,15 Monte Cristi,2020,27,val
-1.6460845,-5.577228,-9.800081,10.767316,-7.71003,15 Monte Cristi,2020,28,val
-1.1582451,-5.16096,-8.727903,10.055738,-7.5128913,15 Monte Cristi,2020,29,val
-1.1944515,-4.3255014,-8.297097,9.66938,-6.758512,15 Monte Cristi,2020,30,val
-4.176748,-2.1809516,-7.1948442,12.795824,-4.106921,15 Monte Cristi,2020,31,val
-0.08121504,-8.675706,-10.241794,15.469803,0.84697396,15 Monte Cristi,2020,32,val
-0.5042431,-6.144354,-8.109353,11.107743,-1.3786019,15 Monte Cristi,2020,33,val
-3.5202453,-2.8798585,-8.396554,14.1558075,-1.518203,15 Monte Cristi,2020,34,val
-0.9587949,-9.405839,-10.398368,6.8790536,2.4489312,15 Monte Cristi,2020,35,val
-2.9816346,-5.105317,-9.880553,5.537092,-0.6118864,15 Monte Cristi,2020,36,val
-3.6178243,-7.2976823,-12.127814,5.383619,1.1055489,15 Monte Cristi,2020,37,val
-3.7420356,-7.8221645,-11.221907,6.3250856,2.2066972,15 Monte Cristi,2020,38,val
-3.8814712,-9.296794,-13.970734,7.4634852,2.5294123,15 Monte Cristi,2020,39,val
-6.249647,-3.2648776,-16.721254,7.221768,-2.4853122,15 Monte Cristi,2020,40,val
-5.2000995,-2.560598,-15.742981,6.794529,-1.2347924,15 Monte Cristi,2020,41,val
-4.655086,-2.7140627,-13.761068,6.267957,0.30217895,15 Monte Cristi,2020,42,val
-9.483856,-3.873059,-21.583605,7.864483,2.0710015,15 Monte Cristi,2020,43,val
-3.9598963,-0.999309,-17.041662,7.4347625,-1.4346662,15 Monte Cristi,2020,44,val
1.6663193,-9.364206,1.8296324,-3.5983205,18.262505,15 Monte Cristi,2020,45,val
-1.7536057,-0.96473736,-10.880138,4.644972,1.6005329,15 Monte Cristi,2020,46,val
-1.2679598,-0.98279613,-10.768396,3.4802537,3.5411322,15 Monte Cristi,2020,47,val
-0.7559878,0.21083061,-11.698264,3.2762113,3.6554055,15 Monte Cristi,2020,48,val
3.9860005,-4.7414284,-20.055315,10.8078985,8.649264,15 Monte Cristi,2020,49,val
4.761209,-6.4042506,-16.709637,5.999952,10.712151,15 Monte Cristi,2020,50,val
5.465108,-6.6863594,-13.962241,7.432784,9.92623,15 Monte Cristi,2020,51,val
3.4974358,-4.0317554,-14.237081,18.847286,7.0695353,15 Monte Cristi,2020,52,val
4.88425,-3.6961138,-16.090616,25.470806,8.477226,15 Monte Cristi,2021,1,val
11.328753,-5.4800906,-15.609879,17.988562,7.695577,15 Monte Cristi,2021,2,val
9.721576,-4.7914386,-11.692206,14.679466,6.4322567,15 Monte Cristi,2021,3,val
9.481597,-3.2625785,-13.576534,14.273333,2.6229312,15 Monte Cristi,2021,4,val
10.529052,-7.6072307,-15.541326,8.751279,8.908128,15 Monte Cristi,2021,5,val
8.358954,-4.58834,-14.449611,7.065525,3.1794515,15 Monte Cristi,2021,6,val
9.923015,-3.204121,-17.460012,7.637265,0.21016362,15 Monte Cristi,2021,7,val
8.014809,-2.071646,-14.201925,6.0577984,-1.647999,15 Monte Cristi,2021,8,val
12.215913,-10.220415,-15.951688,7.8208895,6.953336,15 Monte Cristi,2021,9,val
4.3694005,-1.4128128,-4.8808837,-0.8828187,0.4070449,15 Monte Cristi,2021,10,val
7.3991895,0.3197553,-8.561585,0.900342,-4.7577195,15 Monte Cristi,2021,11,val
5.875161,-2.0100102,-7.234219,0.6677726,-2.6306708,15 Monte Cristi,2021,12,val
5.119071,-2.5810542,-7.365006,0.4372851,-3.3500578,15 Monte Cristi,2021,13,val
5.523307,-2.0560937,-5.9583325,-0.078118786,-2.607101,15 Monte Cristi,2021,14,val
9.985327,-9.740912,-8.985216,-0.7204786,-0.1393891,15 Monte Cristi,2021,15,val
7.45612,-7.5561757,-9.917749,1.7451336,-2.8240144,15 Monte Cristi,2021,16,val
5.5116177,-3.4111605,-7.226477,2.1834965,-4.7317734,15 Monte Cristi,2021,17,val
5.2346654,-3.625138,-8.358577,2.9277663,-5.5830784,15 Monte Cristi,2021,18,val
5.0205393,-4.336989,-8.288928,3.2358809,-5.539151,15 Monte Cristi,2021,19,val
4.4088664,-5.260214,-5.613324,1.2014811,-3.1295617,15 Monte Cristi,2021,20,val
3.8730452,-4.4012494,-5.6774926,2.4584394,-3.5003169,15 Monte Cristi,2021,21,val
3.2670686,-2.8277593,-6.6553626,3.2502239,-4.7746797,15 Monte Cristi,2021,22,val
4.9358764,-6.013042,-5.8773794,3.3183703,-5.448902,15 Monte Cristi,2021,23,val
-2.1717045,-6.9019275,-11.122104,3.6285546,-7.4420414,15 Monte Cristi,2021,24,val
-2.8992233,-4.4902663,-7.304059,2.358302,-4.27993,15 Monte Cristi,2021,25,val
-6.9503303,-5.793489,-13.753264,4.3645415,-8.377265,15 Monte Cristi,2021,26,val
-0.32746515,-5.3905,-9.818794,10.47141,-5.5228033,15 Monte Cristi,2021,27,val
-1.3266339,-3.729108,-7.9945545,10.678771,-3.711651,15 Monte Cristi,2021,28,val
-2.5197425,-5.4242764,-9.54658,11.595849,-3.8045154,15 Monte Cristi,2021,29,val
-1.8596846,-4.9328074,-8.5970125,11.760793,-2.623878,15 Monte Cristi,2021,30,val
-1.7810636,-4.3640738,-8.679084,10.576337,-3.8528032,15 Monte Cristi,2021,31,val
-4.4959183,-2.323028,-6.867265,11.631556,-4.4346743,15 Monte Cristi,2021,32,val
-4.5011363,-2.287902,-7.3135962,9.957634,-3.960006,15 Monte Cristi,2021,33,val
-4.0301795,-4.053961,-8.913442,10.046801,-6.1323195,15 Monte Cristi,2021,34,val
-9.6159115,-6.0357018,-12.596291,4.659084,-2.6775541,15 Monte Cristi,2021,35,val
-4.4156203,-6.6003394,-13.130677,6.8858995,-3.6313887,15 Monte Cristi,2021,36,val
-5.771899,-6.1197505,-12.0002775,6.4130664,-1.0572498,15 Monte Cristi,2021,37,val
-4.371099,-6.9540925,-10.558676,5.3498564,2.6044695,15 Monte Cristi,2021,38,val
-5.823132,-7.2926145,-12.333411,4.2354603,2.9468224,15 Monte Cristi,2021,39,val
-6.194081,-3.6847818,-14.112201,6.2180877,-0.6131205,15 Monte Cristi,2021,40,val
-6.416933,-5.146911,-11.339547,2.5439332,4.4173355,15 Monte Cristi,2021,41,val
-5.1656675,-3.9646573,-13.305499,4.2002172,2.2694507,15 Monte Cristi,2021,42,val
-6.1800365,-5.562392,-16.450266,6.0472083,5.78232,15 Monte Cristi,2021,43,val
-5.0618687,-3.134036,-14.558055,5.9845266,4.1283884,15 Monte Cristi,2021,44,val
-2.625442,-3.3190663,-14.7820835,5.9957557,4.0205803,15 Monte Cristi,2021,45,val
-2.7071695,-0.5392256,-16.79195,7.9086785,2.1295435,15 Monte Cristi,2021,46,val
-1.3894037,-2.2522032,-15.105892,1.8984575,6.716162,15 Monte Cristi,2021,47,val
4.422728,-0.41559118,-8.922246,3.5570412,5.2797217,15 Monte Cristi,2021,48,val
6.0194383,-1.0093435,-13.539415,7.41632,4.6544495,15 Monte Cristi,2021,49,val
5.588461,-0.032616604,-14.348682,7.090789,2.6536574,15 Monte Cristi,2021,50,val
8.151993,-2.6568704,-13.988606,6.852308,9.133784,15 Monte Cristi,2021,51,val
6.230687,1.0279614,-13.506594,12.740036,2.4617584,15 Monte Cristi,2021,52,val
-0.20102738,11.380201,-9.439928,9.331357,-8.917643,16 Pedernales,2015,1,train
0.3969704,13.988405,-7.847278,14.699956,-10.75303,16 Pedernales,2015,2,train
1.5846267,14.247495,-3.8017635,16.395914,-11.178789,16 Pedernales,2015,3,train
2.8540175,14.144745,-0.08969692,19.425219,-11.685256,16 Pedernales,2015,4,train
2.0986595,8.924306,-8.863301,-7.8810253,-3.496201,16 Pedernales,2015,5,train
3.3926642,6.3575153,-11.386737,-6.013973,-3.5139906,16 Pedernales,2015,6,train
2.9030473,4.0098605,-5.595212,-7.4830837,-1.130364,16 Pedernales,2015,7,train
4.147232,4.185049,-9.320691,-7.3132033,-5.4072804,16 Pedernales,2015,8,train
3.7527854,4.382909,-10.713371,-4.279616,-7.8052487,16 Pedernales,2015,9,train
4.769137,4.9644713,-12.77358,-3.4861443,-11.057407,16 Pedernales,2015,10,train
5.0277267,4.9802637,-14.1106825,-1.9113239,-12.989957,16 Pedernales,2015,11,train
3.6238863,1.6175591,-5.798743,-10.9927025,-8.312559,16 Pedernales,2015,12,train
3.9690955,1.3537959,-7.350244,-7.972622,-11.003607,16 Pedernales,2015,13,train
6.4894376,1.9153951,-10.172038,-3.7634656,-13.2143545,16 Pedernales,2015,14,train
4.6012197,1.8054698,-12.399402,-1.9868709,-14.071957,16 Pedernales,2015,15,train
5.1689763,1.5875511,-12.165046,-1.3145794,-15.546762,16 Pedernales,2015,16,train
-0.5953439,-3.7243087,-10.16337,-5.1709595,-14.085495,16 Pedernales,2015,17,train
-0.43949988,-4.2005095,-14.276638,-4.5173554,-16.405376,16 Pedernales,2015,18,train
-1.8908483,0.057812653,-12.105429,-3.1306915,-15.535917,16 Pedernales,2015,19,train
-3.1571925,0.5178329,-12.4577675,-2.0695558,-19.130459,16 Pedernales,2015,20,train
-5.0698957,0.074483365,-9.778973,-2.8848298,-19.535334,16 Pedernales,2015,21,train
-6.6850996,0.21942535,-8.415649,-4.6787057,-17.30841,16 Pedernales,2015,22,train
-5.5175657,-0.8822667,-8.714443,-1.252492,-16.280987,16 Pedernales,2015,23,train
-6.0867248,-1.015853,-11.500968,0.5864997,-18.172886,16 Pedernales,2015,24,train
-7.239571,0.30565912,-11.233883,0.56444955,-19.22015,16 Pedernales,2015,25,train
-6.3636904,-0.04639211,-12.487939,1.7255766,-17.736313,16 Pedernales,2015,26,train
-5.507793,5.218418,-10.472126,9.858562,-22.863953,16 Pedernales,2015,27,train
-5.8260226,5.616115,-8.625462,7.8776355,-25.599936,16 Pedernales,2015,28,train
-5.2731547,6.7980657,-5.647927,8.489691,-23.939766,16 Pedernales,2015,29,train
-5.940806,6.1768775,-7.9927945,7.4026694,-26.143087,16 Pedernales,2015,30,train
-5.923816,6.2810483,-9.380083,7.9449186,-25.369535,16 Pedernales,2015,31,train
-8.251173,9.767189,-6.7258053,4.0060863,-28.986906,16 Pedernales,2015,32,train
-8.49783,10.955157,-6.330723,6.0281167,-31.0722,16 Pedernales,2015,33,train
-8.662302,11.064733,-4.5744042,4.4905033,-29.804125,16 Pedernales,2015,34,train
-10.25071,2.5851517,10.368571,-16.69313,2.7125227,16 Pedernales,2015,35,train
-11.451931,5.1298194,-4.951284,-5.743944,-12.71097,16 Pedernales,2015,36,train
-12.476878,5.019414,-10.261665,-2.3507876,-16.529062,16 Pedernales,2015,37,train
-13.72148,5.179307,-10.212269,-6.329099,-14.374421,16 Pedernales,2015,38,train
-13.130146,6.69414,-7.601008,-5.5605254,-14.252864,16 Pedernales,2015,39,train
-13.653958,7.946199,-5.554636,-9.499183,-11.489216,16 Pedernales,2015,40,train
-14.184239,9.865269,-12.261151,-3.697603,-14.894102,16 Pedernales,2015,41,train
-13.52608,11.639442,-9.46337,-4.19413,-13.713711,16 Pedernales,2015,42,train
-13.170023,11.618723,-3.8761017,-10.560098,-9.834045,16 Pedernales,2015,43,train
-13.087224,12.955253,-2.8772342,-8.313228,-9.362545,16 Pedernales,2015,44,train
-9.617435,11.295817,-9.490794,-3.613126,-7.6659436,16 Pedernales,2015,45,train
-8.357513,11.095443,-10.416252,-2.6026137,-7.6635447,16 Pedernales,2015,46,train
-9.02228,12.723503,-12.033665,-3.4259982,-7.9071894,16 Pedernales,2015,47,train
-4.0702972,15.258977,-7.9740653,-6.67806,-5.571095,16 Pedernales,2015,48,train
-2.8877227,10.78373,-7.135199,-2.587721,-5.814857,16 Pedernales,2015,49,train
-2.264534,12.1094475,-8.98326,-1.8034528,-5.94313,16 Pedernales,2015,50,train
-2.426502,11.257154,-6.7826653,-3.6478548,-5.4625916,16 Pedernales,2015,51,train
-2.6736333,12.776955,-9.068881,6.6385155,-9.368601,16 Pedernales,2015,52,train
-4.755658,22.656483,1.041876,13.4621935,-15.701993,16 Pedernales,2016,1,train
-4.326149,23.443077,1.5240184,15.165218,-18.056982,16 Pedernales,2016,2,train
-2.8487964,22.146378,2.9826827,14.576597,-18.270378,16 Pedernales,2016,3,train
-0.772535,19.302254,-2.6400049,9.29868,-19.00991,16 Pedernales,2016,4,train
-2.5370111,18.167162,-5.428791,-10.685689,-13.784186,16 Pedernales,2016,5,train
-0.6564133,17.077951,-6.346227,-7.7207813,-15.543839,16 Pedernales,2016,6,train
-0.62326944,16.819878,-5.8957224,-8.816972,-16.305864,16 Pedernales,2016,7,train
-0.21359296,16.86167,-5.32187,-9.35456,-18.233732,16 Pedernales,2016,8,train
-1.2189902,11.362806,-4.7938504,-13.615861,-14.812591,16 Pedernales,2016,9,train
4.348884,4.487642,-9.986461,-10.72836,-9.999475,16 Pedernales,2016,10,train
2.662701,6.0398836,-8.300798,-7.721754,-12.85764,16 Pedernales,2016,11,train
3.0641472,5.0639887,-11.903223,-5.112761,-14.524867,16 Pedernales,2016,12,train
3.7410731,5.545185,-10.314282,-3.8427231,-16.578077,16 Pedernales,2016,13,train
1.0082307,5.95778,-5.6223845,-7.5383224,-17.207998,16 Pedernales,2016,14,train
0.47959888,3.9217174,-2.4711246,-11.636003,-11.769131,16 Pedernales,2016,15,train
-0.04121015,4.6064467,-3.7225726,-9.577649,-13.827893,16 Pedernales,2016,16,train
-0.942672,2.4571986,8.201752,-13.187238,-0.13741776,16 Pedernales,2016,17,train
-1.070037,4.7127805,0.0121734245,-5.2135563,-10.125269,16 Pedernales,2016,18,train
5.906831,-6.9586563,-9.339105,1.2539935,-4.817032,16 Pedernales,2016,19,train
5.95417,-6.395841,-12.754292,3.8026655,-7.8179245,16 Pedernales,2016,20,train
0.71494114,-9.279971,-12.998253,2.2801657,-4.8327084,16 Pedernales,2016,21,train
-1.0686735,-8.403007,-11.80648,0.58144754,-3.427321,16 Pedernales,2016,22,train
-0.7813133,-11.072924,-16.914461,4.613204,-4.9530582,16 Pedernales,2016,23,train
-1.8216752,-11.172281,-19.576008,6.0755277,-6.6851296,16 Pedernales,2016,24,train
-4.002718,-8.1090555,-16.25302,3.440348,-4.9334493,16 Pedernales,2016,25,train
-5.605567,-7.710964,-17.420143,4.8120522,-7.242919,16 Pedernales,2016,26,train
-4.6932907,-4.296707,-14.797065,15.5559,-12.356133,16 Pedernales,2016,27,train
-3.7899225,-5.351638,-14.474142,16.262066,-13.089805,16 Pedernales,2016,28,train
-4.437533,-3.4639046,-12.491593,16.782642,-11.222202,16 Pedernales,2016,29,train
-4.320829,-4.470499,-14.66813,15.370205,-12.598337,16 Pedernales,2016,30,train
-5.239635,0.25753745,-7.3161354,17.751394,-6.8289886,16 Pedernales,2016,31,train
-4.566855,-6.498756,-15.446794,17.692432,-6.672996,16 Pedernales,2016,32,train
-4.1200595,-7.3741508,-17.16937,17.534595,-9.584674,16 Pedernales,2016,33,train
-7.3469877,0.75161,-6.722617,23.107346,-2.9910622,16 Pedernales,2016,34,train
-6.5866475,-8.085548,-18.381304,5.2018423,-3.098449,16 Pedernales,2016,35,train
-4.886769,-9.670049,-19.83589,7.8340335,-0.6164926,16 Pedernales,2016,36,train
-3.4897764,-12.627242,-21.609272,9.393307,0.60849833,16 Pedernales,2016,37,train
-2.6838293,-12.395973,-17.694906,7.1413193,4.2519765,16 Pedernales,2016,38,train
-7.3602176,-5.433732,-19.86719,7.367459,-2.4219952,16 Pedernales,2016,39,train
-2.214018,-5.9590764,14.839557,-10.068913,17.983805,16 Pedernales,2016,40,train
-6.89495,-3.9242477,-10.906831,-1.5762146,2.8234334,16 Pedernales,2016,41,train
-3.5834522,-4.6419992,-0.010001082,-6.39258,9.741245,16 Pedernales,2016,42,train
-6.0061407,-2.8400593,-9.384457,-2.1849544,4.3537326,16 Pedernales,2016,43,train
-5.8700075,-2.1676552,-10.746148,-1.9789047,4.0703955,16 Pedernales,2016,44,train
-5.5458674,-1.9287242,-10.808008,-1.8144122,4.544105,16 Pedernales,2016,45,train
-2.5671446,-2.7297444,0.6894785,-5.965425,10.389507,16 Pedernales,2016,46,train
-4.1512723,0.018530812,-12.896034,-1.1706398,3.66367,16 Pedernales,2016,47,train
-3.913551,-0.11720483,-12.880811,-2.511496,4.718624,16 Pedernales,2016,48,train
-2.1705034,0.48228526,-15.240006,-1.001412,4.006202,16 Pedernales,2016,49,train
-1.6294049,1.5557963,-15.8840475,1.6318649,2.294067,16 Pedernales,2016,50,train
-1.4397446,2.3278155,-18.651373,1.6799334,1.4018967,16 Pedernales,2016,51,train
-4.9270835,6.6538014,-12.9064,18.66888,-2.1153665,16 Pedernales,2016,52,train
-4.264152,9.579127,-16.753408,22.808985,-4.9004445,16 Pedernales,2017,1,train
-2.9251015,10.932381,-7.3966784,29.958294,-5.2009788,16 Pedernales,2017,2,train
-2.9146874,11.894068,-7.535744,33.779568,-5.96677,16 Pedernales,2017,3,train
-2.0731285,9.990002,-11.748964,30.0475,-7.0934634,16 Pedernales,2017,4,train
1.3377378,-0.34829536,-18.304092,-3.7690697,0.8561916,16 Pedernales,2017,5,train
1.3569982,-0.463657,-20.874113,-4.846217,-1.105261,16 Pedernales,2017,6,train
0.76516783,-3.7030451,-12.264923,-8.627684,3.9891238,16 Pedernales,2017,7,train
1.3747625,-4.2360477,-12.924192,-6.967096,2.5476117,16 Pedernales,2017,8,train
2.2402322,-4.832733,-22.433867,-11.2250595,-1.5992321,16 Pedernales,2017,9,train
3.7064476,-6.972164,-17.567268,-5.5297546,1.4503009,16 Pedernales,2017,10,train
5.2046742,-10.363326,-15.2858715,-3.593809,5.429816,16 Pedernales,2017,11,train
10.114406,-6.519213,-10.894182,-2.2124412,0.23153427,16 Pedernales,2017,12,train
12.217818,-8.421997,-15.948624,-0.40438372,-1.9412596,16 Pedernales,2017,13,train
9.332022,-6.6822095,-16.653347,-1.2281897,-9.37077,16 Pedernales,2017,14,train
9.32938,-8.929101,-9.832648,-1.5834824,-2.268716,16 Pedernales,2017,15,train
5.7398987,-8.862355,2.2228096,-7.7118597,9.5989685,16 Pedernales,2017,16,train
6.398417,-6.643058,-11.01934,-0.21236493,-5.128353,16 Pedernales,2017,17,train
7.5323987,-8.423633,-12.913877,-0.26143894,-7.266496,16 Pedernales,2017,18,train
10.192585,-13.556532,-12.420323,1.5235406,-1.5147189,16 Pedernales,2017,19,train
7.05071,-6.7759852,-18.69239,4.0852017,-14.630282,16 Pedernales,2017,20,train
-1.1035621,-13.28272,-26.042685,0.049915258,-11.964752,16 Pedernales,2017,21,train
-0.90619326,-13.086127,-24.47916,4.2872677,-10.885458,16 Pedernales,2017,22,train
-4.972654,-13.009488,-25.209656,2.9628527,-15.777427,16 Pedernales,2017,23,train
-5.6957426,-9.909731,-22.425278,3.014758,-13.081369,16 Pedernales,2017,24,train
-6.955646,-7.9999914,-22.391283,2.833705,-10.894711,16 Pedernales,2017,25,train
-8.100798,-9.49608,-22.625359,3.4421437,-11.039879,16 Pedernales,2017,26,train
-2.758635,-4.018901,-14.987389,23.02525,-10.146968,16 Pedernales,2017,27,train
-1.7487714,-5.3052206,-9.930099,26.644173,-5.543132,16 Pedernales,2017,28,train
-6.7276897,-2.5052931,-14.237932,22.450817,-8.748726,16 Pedernales,2017,29,train
-4.2200384,-6.1444354,-15.291639,24.324183,-8.313196,16 Pedernales,2017,30,train
-9.445102,-2.7643132,-18.011978,17.242254,-8.843532,16 Pedernales,2017,31,train
-2.0400589,-4.492042,-10.502584,26.078981,-6.8166585,16 Pedernales,2017,32,train
-4.4766307,-3.6084452,-11.608269,21.704334,-7.210356,16 Pedernales,2017,33,train
-2.9704084,-4.416282,-9.055258,23.346928,-5.0640745,16 Pedernales,2017,34,train
-4.7281227,-9.3333235,-14.083994,3.8450553,-0.36871368,16 Pedernales,2017,35,train
0.036294304,-13.847369,0.04429179,-1.6740109,16.160969,16 Pedernales,2017,36,train
-5.1544404,-6.803158,-11.285517,0.79205936,2.052093,16 Pedernales,2017,37,train
0.16752641,-11.114317,0.4831709,-1.4229374,13.563613,16 Pedernales,2017,38,train
-7.4169965,-4.2483134,-16.0079,3.2498233,-1.9416866,16 Pedernales,2017,39,train
-4.6250625,-7.5091257,-13.20166,0.65345424,4.4206023,16 Pedernales,2017,40,train
-0.04103318,-11.322256,2.5185845,-3.300903,17.534512,16 Pedernales,2017,41,train
-5.7830167,-2.5048363,-19.819624,6.0436215,-1.9557542,16 Pedernales,2017,42,train
-5.487124,-4.3856516,-18.578375,4.665963,3.2824311,16 Pedernales,2017,43,train
-4.704355,-3.7078083,-16.431932,4.683738,4.3995924,16 Pedernales,2017,44,train
-2.0278916,-3.3747633,-11.945638,0.45958084,5.2533855,16 Pedernales,2017,45,train
1.3834941,-8.404412,4.644389,-7.147109,22.435663,16 Pedernales,2017,46,train
-0.5305787,-3.441979,-13.274206,1.1093014,6.8827333,16 Pedernales,2017,47,train
-0.2650764,-3.0179482,-15.974595,2.373326,7.136564,16 Pedernales,2017,48,train
-3.0400667,3.4283016,-18.7372,1.5575331,0.844699,16 Pedernales,2017,49,train
-3.4339304,3.4182844,-22.46777,-3.1391616,3.8691752,16 Pedernales,2017,50,train
-1.7800802,4.052281,-20.675072,-2.3305354,2.4511957,16 Pedernales,2017,51,train
-4.589975,8.739821,-12.844226,20.43255,-2.34664,16 Pedernales,2017,52,train
-0.17527424,1.5954323,-12.318479,19.814293,2.789606,16 Pedernales,2018,1,train
0.23506236,2.3391006,-20.149559,21.326914,-1.1128392,16 Pedernales,2018,2,train
0.78478056,1.0581181,-18.804945,24.329718,0.06346107,16 Pedernales,2018,3,train
1.3648905,1.3280454,-16.57703,24.911291,-1.9657317,16 Pedernales,2018,4,train
4.345717,-6.2260113,-26.050625,-2.1169868,4.56294,16 Pedernales,2018,5,train
0.43250796,0.9048153,-26.75908,-8.748635,-5.174655,16 Pedernales,2018,6,train
0.73111635,-0.21408615,-26.655708,-10.174109,-5.3758917,16 Pedernales,2018,7,train
1.0224581,-0.86392677,-27.290285,-10.300246,-6.4209104,16 Pedernales,2018,8,train
0.55203694,-3.2308455,-14.63972,-11.81768,0.15196103,16 Pedernales,2018,9,train
13.633291,-3.02017,-24.361525,-0.24799962,-6.4454565,16 Pedernales,2018,10,train
13.775958,-4.541184,-22.483145,2.9989538,-5.555179,16 Pedernales,2018,11,train
11.103244,-8.312166,-13.528824,1.1081778,1.6467988,16 Pedernales,2018,12,train
11.905568,-8.409452,-12.284232,1.6738778,1.1452296,16 Pedernales,2018,13,train
6.905018,-3.204574,-7.7214117,-5.59013,-6.8268647,16 Pedernales,2018,14,train
6.9257574,-2.8251967,-13.447545,-4.8931446,-10.370594,16 Pedernales,2018,15,train
7.007762,-3.2402246,-14.368857,-3.5224211,-12.58973,16 Pedernales,2018,16,train
5.7951627,-4.001583,-9.963519,-3.3471427,-9.919075,16 Pedernales,2018,17,train
5.0213747,-3.9365125,-11.761541,-2.299524,-10.689381,16 Pedernales,2018,18,train
0.39809266,-5.845485,-14.440389,-3.928577,-11.46693,16 Pedernales,2018,19,train
0.08480413,-6.0547934,-20.685438,0.87912846,-17.978338,16 Pedernales,2018,20,train
-0.9512187,-7.0264053,-20.65438,0.56184274,-18.300402,16 Pedernales,2018,21,train
-2.394059,-7.525574,-19.920517,0.96346086,-17.931408,16 Pedernales,2018,22,train
-4.605296,-7.632835,-20.879597,0.4984753,-17.265528,16 Pedernales,2018,23,train
-4.518816,-7.8104935,-22.088146,4.7682543,-21.195791,16 Pedernales,2018,24,train
-6.9671454,-5.969191,-13.454157,-2.7098925,-7.1829925,16 Pedernales,2018,25,train
-9.232437,-7.2162366,-17.609589,-0.1160128,-11.349181,16 Pedernales,2018,26,train
-11.575662,0.76605433,-15.371818,23.678257,-17.560276,16 Pedernales,2018,27,train
-12.248569,0.8899352,-15.494529,23.299711,-16.817955,16 Pedernales,2018,28,train
-7.53386,-1.8270197,-14.124163,16.709803,-16.962528,16 Pedernales,2018,29,train
-7.1979795,-0.29181287,-13.708661,19.728567,-17.473911,16 Pedernales,2018,30,train
-8.057871,2.2330441,-9.493367,24.206808,-15.522983,16 Pedernales,2018,31,train
-12.921372,2.0166595,-14.158894,25.222033,-17.71329,16 Pedernales,2018,32,train
-6.3493137,4.4929743,-5.0672016,23.863287,-14.090243,16 Pedernales,2018,33,train
-8.371965,3.3946705,-9.596021,22.355627,-15.151989,16 Pedernales,2018,34,train
-10.637668,-3.624097,-15.343744,0.3638059,-6.119819,16 Pedernales,2018,35,train
-11.14799,-3.8755267,-13.233232,-2.422634,-6.3250113,16 Pedernales,2018,36,train
-9.194862,-2.7121542,-9.633656,-3.5492213,-3.1900823,16 Pedernales,2018,37,train
-14.389736,-4.0880747,-20.88655,-1.0990208,-9.071598,16 Pedernales,2018,38,train
-10.402759,-3.0054328,-13.396013,-3.4851344,-5.5490355,16 Pedernales,2018,39,train
-8.218595,-1.7685341,-8.972487,-4.778824,1.0256084,16 Pedernales,2018,40,train
-8.014356,-1.4323134,-9.471283,-5.661669,1.3211446,16 Pedernales,2018,41,train
-8.167638,0.3029498,-10.040021,-3.6746027,0.3329534,16 Pedernales,2018,42,train
-8.60991,1.3445191,-11.202033,-2.9871054,0.56582516,16 Pedernales,2018,43,train
-7.8234982,2.0352113,-12.200252,-3.3069324,0.6917033,16 Pedernales,2018,44,train
-7.517782,3.3400476,-11.955299,-3.4160814,0.9893257,16 Pedernales,2018,45,train
-6.2724566,4.8581157,-13.162968,-0.13043378,-1.663102,16 Pedernales,2018,46,train
-6.378534,5.9582877,-13.994153,-0.60942656,-0.90896195,16 Pedernales,2018,47,train
-5.0431714,6.5024676,-15.532682,-3.889585,0.048516676,16 Pedernales,2018,48,train
1.9951602,8.831225,-15.92954,-0.35771754,-1.8990494,16 Pedernales,2018,49,train
2.8346386,10.954359,-21.03104,1.1345589,-4.296126,16 Pedernales,2018,50,train
3.1829967,10.313844,-19.241106,-1.1704594,-2.41847,16 Pedernales,2018,51,train
1.8071387,13.103293,-20.153257,13.635959,-10.004586,16 Pedernales,2018,52,train
3.9456754,14.98998,-19.837748,15.46265,-11.674469,16 Pedernales,2019,1,train
5.3860126,12.504513,-7.6349773,18.00486,-9.103296,16 Pedernales,2019,2,train
6.282958,12.602036,-8.905552,18.626402,-10.8904,16 Pedernales,2019,3,train
7.9159718,12.1617,-17.74159,15.265548,-15.111875,16 Pedernales,2019,4,train
4.454946,8.202869,-13.591079,-2.8924196,-5.0289793,16 Pedernales,2019,5,train
2.0082505,7.59292,-6.7419324,-10.577508,-3.425077,16 Pedernales,2019,6,train
3.3903477,8.467184,-14.878581,-6.519727,-9.391199,16 Pedernales,2019,7,train
7.0492086,8.811761,-21.27689,-3.2713368,-14.044925,16 Pedernales,2019,8,train
6.9477744,7.2444267,-18.054628,-5.060979,-13.190065,16 Pedernales,2019,9,train
5.6857376,2.8013077,-9.655623,-9.654985,-6.6378164,16 Pedernales,2019,10,train
8.553621,3.3361883,-12.144375,-5.356121,-10.532483,16 Pedernales,2019,11,train
8.474156,2.508505,-10.44349,-6.1886845,-10.729014,16 Pedernales,2019,12,train
4.474134,0.83129597,-4.892962,-9.367481,-7.7005253,16 Pedernales,2019,13,train
5.1965694,-0.74273664,-7.8496795,-8.345109,-7.496483,16 Pedernales,2019,14,train
6.293678,0.4793309,-15.514185,-4.5838017,-14.118403,16 Pedernales,2019,15,train
6.0437074,0.309353,-14.174647,-3.9397085,-14.09531,16 Pedernales,2019,16,train
5.2910495,-1.8301834,-7.871621,-8.413487,-9.742752,16 Pedernales,2019,17,train
-0.97772646,-3.365713,-21.628609,-6.0306296,-16.212862,16 Pedernales,2019,18,train
-3.42799,-2.492969,-13.537221,-10.1223135,-9.842717,16 Pedernales,2019,19,train
-4.9174476,-3.6066577,-18.600317,-5.1418343,-18.009672,16 Pedernales,2019,20,train
-5.547839,-2.8612812,-8.534274,-10.122901,-5.846496,16 Pedernales,2019,21,train
-4.373125,-1.2708437,-2.918458,-6.9944525,-2.859799,16 Pedernales,2019,22,train
-6.5501685,-1.0274713,-7.858611,-4.2249517,-10.591265,16 Pedernales,2019,23,train
-8.798427,-2.475249,-17.532991,-3.4052253,-14.504703,16 Pedernales,2019,24,train
-14.184691,-1.0091954,-24.155697,3.955973,-18.219625,16 Pedernales,2019,25,train
-13.167427,-0.1491821,-19.880398,1.3700433,-14.589464,16 Pedernales,2019,26,train
-14.108793,7.2487607,-14.298209,17.055643,-15.945452,16 Pedernales,2019,27,train
-15.180304,6.558718,-17.71318,16.059868,-17.537819,16 Pedernales,2019,28,train
-14.343476,7.1334743,-15.920625,16.173582,-16.7343,16 Pedernales,2019,29,train
-14.644988,7.0867705,-12.698347,18.721062,-14.601721,16 Pedernales,2019,30,train
-14.7058735,7.3378787,-12.855771,20.189686,-14.668109,16 Pedernales,2019,31,train
-14.674619,5.6722574,-14.599802,16.23775,-13.817207,16 Pedernales,2019,32,train
-17.749481,5.5233974,-19.00342,19.24678,-16.437656,16 Pedernales,2019,33,train
-14.3400545,6.6244397,-14.756895,14.956877,-14.813854,16 Pedernales,2019,34,train
-13.673432,2.0763834,-14.20232,1.5265874,-9.631543,16 Pedernales,2019,35,train
-12.025143,2.1663978,-10.363364,-3.1586087,-8.279525,16 Pedernales,2019,36,train
-13.948837,1.9781649,-13.279033,-1.8446722,-9.972182,16 Pedernales,2019,37,train
-8.252094,1.9093357,6.085948,-11.57013,3.3707669,16 Pedernales,2019,38,train
-9.876611,2.448994,-5.4722476,-5.62391,-4.1196775,16 Pedernales,2019,39,train
-10.112298,1.766118,-8.321707,-5.558583,-2.796694,16 Pedernales,2019,40,train
-10.832487,2.5488613,-13.546872,-2.275285,-4.8976088,16 Pedernales,2019,41,train
-10.189744,3.2726743,-11.577361,-1.9010556,-3.1293309,16 Pedernales,2019,42,train
-8.364588,3.1901476,-9.849771,-3.3568618,-2.250449,16 Pedernales,2019,43,train
-9.147221,3.61868,-11.538331,-3.6727536,-1.4168351,16 Pedernales,2019,44,train
-8.421959,5.3827515,-12.576557,-1.4237716,-2.5442111,16 Pedernales,2019,45,train
-7.9258056,5.756133,-11.255437,-2.62263,-1.4164039,16 Pedernales,2019,46,train
-7.6697483,6.0816727,-11.760728,-6.6492925,-0.0577866,16 Pedernales,2019,47,train
-6.7003226,6.8076744,-14.061548,-6.837209,-0.23221332,16 Pedernales,2019,48,train
-5.8712497,8.163107,-15.256846,-3.0359318,-1.2529657,16 Pedernales,2019,49,train
-5.616112,7.6392083,-17.128826,-8.681742,-0.023232171,16 Pedernales,2019,50,train
-5.028765,8.612424,-19.134634,-5.1502385,-2.9091003,16 Pedernales,2019,51,train
-8.2341585,14.191295,-9.722134,19.614388,-7.257317,16 Pedernales,2019,52,train
0.35303617,13.409725,-5.6704006,12.874107,-5.5464716,16 Pedernales,2020,1,val
1.2460661,13.738223,-14.811875,15.514822,-10.776006,16 Pedernales,2020,2,val
4.2282534,12.051498,-18.837784,10.290927,-12.514845,16 Pedernales,2020,3,val
5.826007,11.87971,-6.520602,15.017107,-9.806675,16 Pedernales,2020,4,val
5.560077,9.004806,-16.128946,-3.7428772,-4.908187,16 Pedernales,2020,5,val
4.842274,9.437416,-19.698603,-3.4927077,-9.528233,16 Pedernales,2020,6,val
7.465835,8.794038,-23.679071,-1.2901882,-12.230834,16 Pedernales,2020,7,val
4.095009,6.2176013,-15.834254,-10.815001,-8.543964,16 Pedernales,2020,8,val
2.674614,3.5416963,-4.081221,-8.600507,-4.195478,16 Pedernales,2020,9,val
6.5815253,-2.3298783,-13.138661,-7.17494,-3.1205335,16 Pedernales,2020,10,val
6.4716196,-3.3582778,-6.8221827,-6.5869455,-0.23398474,16 Pedernales,2020,11,val
7.9268928,-4.0439286,-8.084694,-6.348144,-1.4602017,16 Pedernales,2020,12,val
7.8814554,-6.2572327,-9.029209,-6.094141,-0.9284044,16 Pedernales,2020,13,val
10.310428,-7.9860525,-11.87766,-2.6470032,-2.1761372,16 Pedernales,2020,14,val
8.946256,-10.213771,-9.220723,1.7430063,1.2648506,16 Pedernales,2020,15,val
8.499732,-7.9414015,-12.136167,0.2692997,-3.9744635,16 Pedernales,2020,16,val
9.175942,-10.131324,-15.479724,0.97673416,-6.483981,16 Pedernales,2020,17,val
8.923114,-9.001212,-15.111312,1.4049183,-8.592647,16 Pedernales,2020,18,val
2.0731738,-11.028811,-21.581718,0.42426306,-9.337595,16 Pedernales,2020,19,val
2.5778217,-13.083646,-22.844185,2.926634,-8.788764,16 Pedernales,2020,20,val
0.7124214,-12.759888,-21.856504,3.824356,-10.14903,16 Pedernales,2020,21,val
3.8125784,-22.104795,-4.083279,-6.729499,20.939035,16 Pedernales,2020,22,val
-4.048084,-9.583535,-19.979136,-1.1784922,-7.674088,16 Pedernales,2020,23,val
-2.2496402,-9.667956,-9.805998,0.69012964,-1.7051617,16 Pedernales,2020,24,val
-5.828719,-9.576748,-17.48023,0.9723848,-5.6632786,16 Pedernales,2020,25,val
-8.170451,-8.878168,-19.38674,2.3693697,-7.8561454,16 Pedernales,2020,26,val
-1.520466,-1.3965462,-6.9946895,26.16527,-9.333836,16 Pedernales,2020,27,val
-3.719939,-2.5150197,-11.895345,25.427795,-10.851314,16 Pedernales,2020,28,val
-2.3837934,-3.2089853,-9.549911,28.309576,-6.4083886,16 Pedernales,2020,29,val
-6.613382,-0.16142236,-11.325063,25.442127,-9.106474,16 Pedernales,2020,30,val
-1.8774382,-0.673998,-4.8088527,24.748243,-5.672517,16 Pedernales,2020,31,val
-3.3416617,-6.2413077,-15.62438,23.990908,-4.3927093,16 Pedernales,2020,32,val
1.691419,-6.7525997,-8.248757,23.49606,-0.87507355,16 Pedernales,2020,33,val
5.2034144,-15.9236555,11.693654,17.591572,22.72081,16 Pedernales,2020,34,val
-0.8273008,-14.339677,-15.175877,6.7559886,7.023098,16 Pedernales,2020,35,val
-5.589216,-7.2639832,-12.890459,0.77864105,1.9335171,16 Pedernales,2020,36,val
-3.4276164,-9.888431,-12.692508,2.772764,4.693661,16 Pedernales,2020,37,val
-2.7683866,-10.214445,-12.922421,4.0502243,4.706517,16 Pedernales,2020,38,val
-3.2320805,-9.972646,-15.35319,5.709709,3.7263098,16 Pedernales,2020,39,val
-7.527103,-3.5388625,-20.52614,5.95006,-3.690268,16 Pedernales,2020,40,val
-4.4152446,-5.9185853,-13.255949,1.8985499,3.3170116,16 Pedernales,2020,41,val
-3.092958,-5.430316,-11.218483,2.436649,4.180509,16 Pedernales,2020,42,val
-7.080196,-3.9324062,-21.662767,4.237342,1.2513969,16 Pedernales,2020,43,val
-6.0950513,-2.5495071,-20.941383,3.9621675,0.7149014,16 Pedernales,2020,44,val
0.27312014,-11.121681,-1.5065238,-5.9946218,21.141117,16 Pedernales,2020,45,val
-2.5706024,-2.292843,-13.270832,-0.7788451,4.814321,16 Pedernales,2020,46,val
-1.4160423,-1.0339061,-12.841761,0.32836515,4.41242,16 Pedernales,2020,47,val
-1.2473574,-1.7687385,-14.819017,-0.26612374,6.454382,16 Pedernales,2020,48,val
5.317611,-9.039568,-18.423204,5.8038654,13.120754,16 Pedernales,2020,49,val
6.064836,-9.626284,-18.387547,6.288314,13.964298,16 Pedernales,2020,50,val
6.16911,-8.630516,-20.005873,6.332049,12.451863,16 Pedernales,2020,51,val
3.6379824,-4.1893826,-17.43668,29.68305,7.706407,16 Pedernales,2020,52,val
5.140345,-4.1003475,-16.376139,32.73465,7.78868,16 Pedernales,2021,1,val
5.830331,-4.9597344,-24.630743,30.237394,6.1624255,16 Pedernales,2021,2,val
6.4275494,-6.8801765,-17.159782,26.1569,8.049608,16 Pedernales,2021,3,val
6.089485,-4.0110054,-22.570738,36.578835,3.519451,16 Pedernales,2021,4,val
9.483994,-13.597731,-33.383434,7.3551984,9.761791,16 Pedernales,2021,5,val
6.9535747,-9.190748,-32.761566,5.544616,2.5032816,16 Pedernales,2021,6,val
7.593694,-11.027474,-34.872223,3.766405,3.3572412,16 Pedernales,2021,7,val
7.9436073,-12.01319,-33.31237,2.421145,3.025404,16 Pedernales,2021,8,val
7.7121606,-12.924616,-25.44375,3.7682712,6.498071,16 Pedernales,2021,9,val
3.3329191,-7.5341644,-13.146419,-5.712368,4.101136,16 Pedernales,2021,10,val
4.5134697,-9.063057,-19.524761,-8.818193,2.0529761,16 Pedernales,2021,11,val
3.949943,-7.4926457,-19.990658,-7.6697407,-0.93649167,16 Pedernales,2021,12,val
4.5315037,-8.099862,-22.050346,-5.763279,-2.276018,16 Pedernales,2021,13,val
3.7406244,-8.013909,-10.638096,-4.087557,2.7968054,16 Pedernales,2021,14,val
5.8511863,-13.599284,-20.675455,-6.1350594,-0.42674193,16 Pedernales,2021,15,val
4.469365,-12.036838,-22.58574,-6.763477,-5.858865,16 Pedernales,2021,16,val
4.6767,-11.145184,-10.885618,-1.9037379,0.2088888,16 Pedernales,2021,17,val
3.8084638,-10.420496,-13.921923,-3.3767233,-2.0251882,16 Pedernales,2021,18,val
2.0445492,-10.316935,-19.839281,-2.4666195,-5.687985,16 Pedernales,2021,19,val
1.4335731,-11.514266,-21.175053,-1.5970825,-7.5798903,16 Pedernales,2021,20,val
1.628441,-11.711313,-14.117873,-0.04661426,-0.5507925,16 Pedernales,2021,21,val
-1.6932105,-8.40243,-17.135656,-2.523218,-4.78695,16 Pedernales,2021,22,val
-1.6775125,-8.638115,-12.434337,-0.29482752,-4.6058793,16 Pedernales,2021,23,val
-5.7690377,-9.243568,-22.736086,2.2459245,-13.319261,16 Pedernales,2021,24,val
-5.802153,-7.085959,-13.262748,-1.5044993,-4.2100353,16 Pedernales,2021,25,val
-1.7812794,-14.872557,-1.5276322,-9.544069,15.354907,16 Pedernales,2021,26,val
-0.8549197,-5.3637767,-15.075981,24.67023,-9.673189,16 Pedernales,2021,27,val
-2.7825816,-3.9064476,-11.399182,26.589636,-3.4472222,16 Pedernales,2021,28,val
-2.4694648,-5.004582,-14.208553,26.43647,-6.4053583,16 Pedernales,2021,29,val
-4.453251,-7.0210156,-17.695702,23.407925,-4.7877398,16 Pedernales,2021,30,val
0.1646104,-7.1218147,-13.148402,25.939056,-3.4577446,16 Pedernales,2021,31,val
-6.4247613,0.72802305,-6.523071,25.103718,-6.281579,16 Pedernales,2021,32,val
2.2004788,-9.062756,19.725742,17.803036,19.7833,16 Pedernales,2021,33,val
-6.1672106,1.4310764,-6.358209,23.762701,-5.7038054,16 Pedernales,2021,34,val
-5.7352915,-7.464119,-10.141782,-0.1631587,1.9158037,16 Pedernales,2021,35,val
-2.0663297,-10.231735,-12.530517,4.5998387,3.8165498,16 Pedernales,2021,36,val
-2.8758204,-10.600838,-13.828055,4.6556644,3.5259066,16 Pedernales,2021,37,val
-2.0283153,-9.952461,-11.15236,2.8429163,5.9978037,16 Pedernales,2021,38,val
-5.6202946,-9.432054,-16.953949,1.9529833,3.8304539,16 Pedernales,2021,39,val
-7.7452283,-5.5273075,-20.78114,5.1032915,-0.7834663,16 Pedernales,2021,40,val
-5.5364156,-7.1778855,-15.6488085,1.2340086,4.774803,16 Pedernales,2021,41,val
-5.840674,-5.3533688,-17.295912,2.4652295,2.9964857,16 Pedernales,2021,42,val
-6.4136825,-2.9979446,-20.306429,6.8424077,1.905493,16 Pedernales,2021,43,val
-5.667385,-4.354112,-20.07424,3.8366594,4.083146,16 Pedernales,2021,44,val
-2.8619146,-4.993791,-18.135511,3.9072835,6.211325,16 Pedernales,2021,45,val
-2.4784625,-2.6184897,-20.758905,5.7677445,4.586067,16 Pedernales,2021,46,val
-1.0136579,-3.719928,-18.064825,4.3657374,7.8355346,16 Pedernales,2021,47,val
-1.4524391,-2.6852176,-23.323284,3.803869,6.0835524,16 Pedernales,2021,48,val
8.885274,-0.41669455,-24.368069,7.91697,5.7590003,16 Pedernales,2021,49,val
9.140331,-0.0023006012,-26.649704,8.734562,4.406862,16 Pedernales,2021,50,val
8.980607,-1.1464354,-20.47209,7.6646066,6.9073343,16 Pedernales,2021,51,val
7.867695,4.6508503,-19.04784,23.229534,-0.26583955,16 Pedernales,2021,52,val
8.477947,15.288092,-0.040237788,3.8173385,-0.60249686,17 Peravia,2015,1,train
11.1664295,16.878916,0.29041028,4.2870026,-1.0881546,17 Peravia,2015,2,train
7.733418,13.72995,4.5552187,9.67389,-3.7914262,17 Peravia,2015,3,train
13.643794,16.574167,4.4161386,10.842691,-5.8944216,17 Peravia,2015,4,train
9.497565,12.304618,-0.4223485,-5.1562476,0.97017795,17 Peravia,2015,5,train
11.471157,10.2386875,-1.0243345,-3.4992535,1.065505,17 Peravia,2015,6,train
11.539831,9.531309,-0.36841485,-3.587186,0.25520125,17 Peravia,2015,7,train
13.120331,8.684611,-0.83830994,-5.0498414,-1.1089758,17 Peravia,2015,8,train
14.0372925,8.132145,1.030974,-0.95344824,-3.6678896,17 Peravia,2015,9,train
15.018586,8.285529,2.1155133,1.1080524,-6.0228195,17 Peravia,2015,10,train
16.97501,8.21845,2.0473764,0.33254966,-7.969777,17 Peravia,2015,11,train
16.425869,7.390838,4.0613,-0.9544419,-9.798913,17 Peravia,2015,12,train
12.5418825,5.474701,4.6620045,-0.9716539,-10.235239,17 Peravia,2015,13,train
15.464342,5.0219107,3.178947,1.4806194,-9.347543,17 Peravia,2015,14,train
12.66622,4.2136655,2.95501,1.5605586,-8.722302,17 Peravia,2015,15,train
14.8513365,2.5984368,3.7643976,-1.1173302,-11.964536,17 Peravia,2015,16,train
10.485347,1.1370107,4.605214,-1.1727673,-10.948714,17 Peravia,2015,17,train
0.74891585,-10.688176,5.064246,-6.0697994,-16.047398,17 Peravia,2015,18,train
-3.00075,-3.028367,7.0778394,-5.033931,-17.983442,17 Peravia,2015,19,train
-4.013396,-2.9923136,7.6721697,-3.4949524,-21.112394,17 Peravia,2015,20,train
-5.482931,-1.1781638,8.461943,-4.7048697,-20.21173,17 Peravia,2015,21,train
-6.416307,-0.2794489,8.80486,-5.1020794,-19.819681,17 Peravia,2015,22,train
-6.225205,-0.90316474,7.794414,-3.3472807,-17.394753,17 Peravia,2015,23,train
-7.3601723,-1.4983368,7.63868,-3.0400178,-18.53498,17 Peravia,2015,24,train
-8.135745,-1.4320248,7.180167,-1.9157654,-19.50104,17 Peravia,2015,25,train
-9.730123,-9.365704,2.063703,1.2869256,-8.421485,17 Peravia,2015,26,train
-5.2174096,-4.9552445,6.975123,10.511955,-15.46383,17 Peravia,2015,27,train
-6.929606,-0.05259904,9.649943,19.212694,-16.408163,17 Peravia,2015,28,train
-6.0144715,-4.089616,8.140381,10.962191,-16.173212,17 Peravia,2015,29,train
-8.586827,-1.9351444,8.960528,13.252319,-16.434975,17 Peravia,2015,30,train
-8.236393,-4.1087537,7.4730535,8.659128,-16.723667,17 Peravia,2015,31,train
-9.413309,1.3225754,10.139292,5.390477,-19.96245,17 Peravia,2015,32,train
-10.267134,1.2582685,10.493583,5.008719,-20.91348,17 Peravia,2015,33,train
-10.465796,3.3373086,10.903248,6.4146147,-19.491386,17 Peravia,2015,34,train
-14.332149,0.21431959,19.946669,-15.139941,3.6963763,17 Peravia,2015,35,train
-15.027718,3.3398087,6.641104,-4.606304,-11.098842,17 Peravia,2015,36,train
-16.909763,3.0203104,5.230725,-3.8648553,-11.664341,17 Peravia,2015,37,train
-17.935575,4.5027037,3.4977849,-6.7784147,-6.591391,17 Peravia,2015,38,train
-14.665971,6.298152,5.7546663,-3.4748626,-6.7984114,17 Peravia,2015,39,train
-17.566711,10.589436,5.562656,-5.5116835,-7.3342233,17 Peravia,2015,40,train
-21.461615,12.186524,2.570454,-2.2670944,-6.017345,17 Peravia,2015,41,train
-18.792515,13.665849,3.482314,-2.3021922,-5.660141,17 Peravia,2015,42,train
-21.440012,15.436306,1.660933,-6.7562695,-3.4361832,17 Peravia,2015,43,train
-17.557692,17.380442,3.1041358,-3.1670432,-4.0326524,17 Peravia,2015,44,train
-13.278289,16.803679,-0.45004582,1.1811917,0.3142593,17 Peravia,2015,45,train
-11.888936,16.27357,-0.24021535,1.0103745,0.93959457,17 Peravia,2015,46,train
-13.998488,21.68274,-2.5399392,2.4402747,3.264511,17 Peravia,2015,47,train
-2.9749203,23.450924,-0.8008342,-1.2287943,1.9885017,17 Peravia,2015,48,train
-2.2412171,15.887889,0.7796069,-0.09081211,0.3606046,17 Peravia,2015,49,train
-0.493835,16.611757,0.7962505,-0.64839023,0.8729605,17 Peravia,2015,50,train
0.9283294,16.859762,0.3963294,-1.1561368,0.89657944,17 Peravia,2015,51,train
1.3970449,18.731127,0.89402443,3.6603007,-1.5472244,17 Peravia,2015,52,train
2.9103997,29.491209,6.9228916,9.60471,-8.280623,17 Peravia,2016,1,train
6.3139305,27.542463,7.7687087,9.135114,-10.036272,17 Peravia,2016,2,train
9.422519,29.0432,7.506477,8.340244,-12.774988,17 Peravia,2016,3,train
5.5452924,21.082468,7.7429113,1.7659091,-11.462127,17 Peravia,2016,4,train
9.313763,24.882338,3.6122396,-7.247009,-7.4883175,17 Peravia,2016,5,train
5.915084,19.71418,5.0392504,-6.625308,-8.883351,17 Peravia,2016,6,train
8.855262,17.754438,3.6841795,-8.9482765,-7.9465227,17 Peravia,2016,7,train
9.428953,16.94857,6.2893357,-5.778502,-10.564675,17 Peravia,2016,8,train
6.6998525,15.896952,7.3997784,-6.3335247,-12.064156,17 Peravia,2016,9,train
19.113403,9.612705,1.7587773,-6.423563,-8.198272,17 Peravia,2016,10,train
13.142542,9.559357,4.5185666,-5.4324894,-10.220672,17 Peravia,2016,11,train
11.876233,8.592474,4.579933,-3.203773,-11.006028,17 Peravia,2016,12,train
12.331119,8.412256,5.3339686,-5.1769505,-12.384281,17 Peravia,2016,13,train
6.172452,5.4658785,7.1187816,-8.200327,-12.601763,17 Peravia,2016,14,train
10.570512,8.1731205,8.470408,-3.286128,-17.188461,17 Peravia,2016,15,train
6.162129,7.378889,7.5716176,-4.745326,-14.8118305,17 Peravia,2016,16,train
2.4187994,0.5459721,10.484374,-8.551872,-6.313618,17 Peravia,2016,17,train
-1.8882166,-1.3205178,9.341949,-7.5101385,-5.5034304,17 Peravia,2016,18,train
2.7741833,-12.140773,0.93182606,-1.4659173,-3.9267306,17 Peravia,2016,19,train
2.3037643,-13.628666,0.72918737,1.3966261,-3.6893952,17 Peravia,2016,20,train
0.030292574,-12.692932,0.6047917,-1.0087901,-1.0482897,17 Peravia,2016,21,train
-0.19054526,-13.245342,6.0741377,-3.1747396,7.3478327,17 Peravia,2016,22,train
-0.54635817,-15.905998,-1.0690739,3.1485224,2.3107662,17 Peravia,2016,23,train
-3.6772373,-19.894356,-3.2877495,3.6736166,-0.6200552,17 Peravia,2016,24,train
-7.627614,-12.595065,-0.9340195,2.416002,-1.2353338,17 Peravia,2016,25,train
-8.178126,-12.296634,-0.26958367,4.582367,-2.2570136,17 Peravia,2016,26,train
-2.8587518,-10.639325,4.2636366,14.693201,-9.003558,17 Peravia,2016,27,train
-3.0101607,-12.838916,4.0846777,13.60376,-10.780896,17 Peravia,2016,28,train
-3.6626782,-10.647248,3.8068736,13.37717,-8.584566,17 Peravia,2016,29,train
-3.3568425,-11.12003,3.557753,12.560286,-9.377303,17 Peravia,2016,30,train
-8.64996,-3.9661474,3.4724743,19.795317,-4.1407304,17 Peravia,2016,31,train
-4.824526,-11.178068,2.777917,17.293427,-5.579037,17 Peravia,2016,32,train
-3.5399218,-15.960098,2.416328,16.016018,-8.121757,17 Peravia,2016,33,train
-12.503754,-0.11774558,1.7459728,22.89951,3.0438988,17 Peravia,2016,34,train
-12.781412,-13.47409,-2.9592495,7.1948113,-0.2099722,17 Peravia,2016,35,train
-14.054632,-12.833628,-7.0824184,7.725226,7.1924067,17 Peravia,2016,36,train
-12.013194,-14.846954,-3.9377186,9.281926,2.111313,17 Peravia,2016,37,train
-11.332298,-13.086453,-5.44462,10.087214,7.256887,17 Peravia,2016,38,train
-14.930775,-8.199155,-7.376826,9.50337,8.0239725,17 Peravia,2016,39,train
-9.240283,-7.1326675,16.911173,-7.6871204,21.181742,17 Peravia,2016,40,train
-13.185638,-1.8611397,-4.289545,4.8773823,8.515058,17 Peravia,2016,41,train
-11.143369,-2.0879183,-4.089795,1.0792456,9.999992,17 Peravia,2016,42,train
-14.300925,0.79060537,-6.9467874,6.1800146,10.609992,17 Peravia,2016,43,train
-12.797764,1.2335532,-7.5777483,3.5591116,11.533172,17 Peravia,2016,44,train
-10.061144,2.9244351,-6.186083,5.5727196,10.66297,17 Peravia,2016,45,train
-7.6166654,3.7481365,-5.794492,4.3192677,11.582255,17 Peravia,2016,46,train
-5.4947267,7.321097,-7.1078963,6.685642,11.918242,17 Peravia,2016,47,train
4.503014,9.885287,-6.412785,2.8235126,11.033015,17 Peravia,2016,48,train
6.8440957,11.078384,-6.701655,5.0846195,9.931092,17 Peravia,2016,49,train
8.03743,10.475499,-5.776723,4.6083217,8.322693,17 Peravia,2016,50,train
9.48451,10.713259,-5.0541983,3.6931279,7.0876656,17 Peravia,2016,51,train
9.081442,12.40932,-3.5309675,8.76198,6.0552487,17 Peravia,2016,52,train
11.059745,12.205441,-3.845426,7.622277,5.1279535,17 Peravia,2017,1,train
15.879454,15.354152,-5.2429323,8.124732,3.9490223,17 Peravia,2017,2,train
24.002031,20.437593,-5.782458,9.854004,0.8267556,17 Peravia,2017,3,train
19.432013,10.795819,-2.3819478,17.8448,1.8513907,17 Peravia,2017,4,train
18.19031,10.2576,-6.5891647,4.097182,4.025592,17 Peravia,2017,5,train
14.469783,7.5393744,-3.0439696,3.1307065,2.9406643,17 Peravia,2017,6,train
14.679159,5.081639,-2.4769206,-0.09322888,3.9389207,17 Peravia,2017,7,train
18.63784,4.134102,-4.9526525,-3.755785,3.951075,17 Peravia,2017,8,train
20.64112,7.2280536,-2.9486916,4.2620687,-3.401937,17 Peravia,2017,9,train
18.703323,4.4664345,-0.8335045,4.014767,-2.6986632,17 Peravia,2017,10,train
18.811356,2.3585129,-0.5569223,4.6430354,-3.3543785,17 Peravia,2017,11,train
18.297272,-3.676511,-2.2765794,-0.65814924,0.95049053,17 Peravia,2017,12,train
22.168058,-3.9738314,-0.9298157,3.631101,-4.380679,17 Peravia,2017,13,train
15.773436,-2.2299132,1.8386339,4.4209857,-6.665304,17 Peravia,2017,14,train
26.152578,-3.5514412,-0.94346666,7.501267,-15.7951145,17 Peravia,2017,15,train
11.68321,-12.268672,10.99152,-11.515066,12.397597,17 Peravia,2017,16,train
6.444755,-6.191754,1.6935602,-1.9789124,-0.2230399,17 Peravia,2017,17,train
10.478109,-7.0840893,1.7613639,0.68514866,-4.500221,17 Peravia,2017,18,train
14.511506,-6.872457,2.0947647,4.8564367,-7.7867064,17 Peravia,2017,19,train
1.1388744,-12.623705,0.26377085,-0.73521817,-4.2192755,17 Peravia,2017,20,train
1.4170133,-17.3963,0.27262983,3.6113749,-6.2185135,17 Peravia,2017,21,train
-0.92259294,-16.874254,0.49460766,3.6294656,-8.027448,17 Peravia,2017,22,train
-3.2582798,-17.060936,0.28060755,3.436527,-7.187605,17 Peravia,2017,23,train
-7.0828815,-17.97002,-1.5281825,2.1427836,-7.01498,17 Peravia,2017,24,train
-7.4302588,-15.755731,-0.39186946,4.7754984,-6.7499595,17 Peravia,2017,25,train
-8.709463,-16.074398,-0.44585884,6.1455297,-6.821577,17 Peravia,2017,26,train
-3.6653671,-15.592482,2.1428196,13.300655,-10.067144,17 Peravia,2017,27,train
-3.7433832,-14.395014,2.781244,12.901609,-7.348207,17 Peravia,2017,28,train
-5.7078147,-15.306317,1.2037519,12.294192,-9.589194,17 Peravia,2017,29,train
-3.7374253,-15.294757,2.1350029,12.248379,-9.121376,17 Peravia,2017,30,train
-8.739975,-15.077014,0.15721409,13.002127,-8.053588,17 Peravia,2017,31,train
-6.3941813,-14.952599,1.7961447,14.260605,-7.195561,17 Peravia,2017,32,train
-12.57987,-14.27299,-0.37875637,15.694858,-6.235771,17 Peravia,2017,33,train
-8.233023,-16.855396,0.25912604,14.320939,-7.903388,17 Peravia,2017,34,train
-16.778751,-17.184868,-4.888652,8.725946,-2.499042,17 Peravia,2017,35,train
-7.5739956,-16.459093,8.6061,-4.8644605,19.765434,17 Peravia,2017,36,train
-9.395372,-8.611044,-1.6364938,3.8095372,5.748286,17 Peravia,2017,37,train
-7.284975,-14.117721,6.8737173,-1.9006155,17.36156,17 Peravia,2017,38,train
-11.563163,-7.778827,-4.3394313,5.555913,6.8831725,17 Peravia,2017,39,train
-11.667091,-7.6179504,-6.4630694,6.3098693,10.127362,17 Peravia,2017,40,train
-12.620452,-6.1717076,-7.724276,8.226861,11.209751,17 Peravia,2017,41,train
-8.617824,-2.666824,-5.488948,8.666473,8.898802,17 Peravia,2017,42,train
-11.898936,-2.235174,-8.09085,10.636973,12.45497,17 Peravia,2017,43,train
-11.31713,-0.012240574,-8.931325,11.381326,12.928674,17 Peravia,2017,44,train
-3.116564,-2.6193113,5.6976247,-1.0414172,19.758446,17 Peravia,2017,45,train
-1.707986,-2.995532,8.932503,-2.489978,24.205418,17 Peravia,2017,46,train
-5.683398,1.9384938,-9.875738,10.678156,15.961569,17 Peravia,2017,47,train
-4.9646816,1.6937617,-10.890326,10.238118,17.503027,17 Peravia,2017,48,train
7.741403,11.402899,-6.5767775,4.973632,8.467016,17 Peravia,2017,49,train
9.046095,14.458862,-8.451759,4.588041,10.626925,17 Peravia,2017,50,train
11.078154,12.702332,-7.3740573,4.4336233,7.361242,17 Peravia,2017,51,train
11.789268,13.529089,-5.631665,7.2606244,5.134237,17 Peravia,2017,52,train
9.884439,5.1519327,-5.787234,13.824692,11.51907,17 Peravia,2018,1,train
9.2198715,3.361532,-3.5300612,13.66954,8.47399,17 Peravia,2018,2,train
12.947478,6.5133715,-4.114932,8.3855715,5.475903,17 Peravia,2018,3,train
13.712451,6.399168,-3.9028866,8.117561,3.536063,17 Peravia,2018,4,train
18.405766,7.531682,-6.299489,4.9452395,6.198668,17 Peravia,2018,5,train
14.010035,8.798906,-2.4789102,1.9928784,0.5513303,17 Peravia,2018,6,train
16.268173,9.081773,-1.8275768,2.2220247,-0.85772765,17 Peravia,2018,7,train
18.525967,9.022043,-1.9133261,2.7298174,-2.9641607,17 Peravia,2018,8,train
21.64873,7.6463404,-1.7308486,-2.2969244,-2.0931275,17 Peravia,2018,9,train
23.267776,-0.6326685,-3.9120116,1.931537,2.153476,17 Peravia,2018,10,train
16.578714,-2.0754147,-1.2454224,5.096059,1.9332366,17 Peravia,2018,11,train
20.11702,-1.0175097,-1.4000723,4.72601,-1.1611133,17 Peravia,2018,12,train
26.12827,2.9248314,-0.22469784,5.4709816,-9.593049,17 Peravia,2018,13,train
16.2878,-1.1359271,2.252613,-0.48520917,-8.256432,17 Peravia,2018,14,train
16.452469,0.9590774,1.9210068,3.458576,-9.206273,17 Peravia,2018,15,train
14.656548,-2.6719356,2.3055336,-0.473711,-8.932838,17 Peravia,2018,16,train
14.170989,-3.721997,2.5933154,-0.31375444,-9.763653,17 Peravia,2018,17,train
8.918362,-6.5238237,1.8688821,-5.0121436,-5.836751,17 Peravia,2018,18,train
8.385579,-3.8436358,2.7991545,-0.65001446,-6.7824616,17 Peravia,2018,19,train
7.9125314,-2.9792695,2.5785248,0.87696683,-6.7566094,17 Peravia,2018,20,train
9.067526,-4.2566123,3.2558837,1.3182716,-9.304243,17 Peravia,2018,21,train
7.1547327,-3.4520812,3.2672453,1.845624,-7.648541,17 Peravia,2018,22,train
6.8940268,-5.3067293,4.03116,2.368167,-9.943896,17 Peravia,2018,23,train
5.920738,-5.2584195,4.327671,2.2768824,-9.050519,17 Peravia,2018,24,train
6.215308,-4.44673,4.847112,4.4928565,-9.300854,17 Peravia,2018,25,train
8.735592,-4.583102,3.9182932,6.4396844,-13.536734,17 Peravia,2018,26,train
9.424583,-2.063363,6.7146807,16.227163,-16.420174,17 Peravia,2018,27,train
6.6997085,0.11764255,7.96599,18.477654,-13.305241,17 Peravia,2018,28,train
6.821111,-0.27928197,6.0779734,13.4082775,-11.129445,17 Peravia,2018,29,train
8.566914,-0.5987449,6.6253543,14.793329,-13.2013445,17 Peravia,2018,30,train
8.660442,-0.8245716,6.106178,14.255981,-13.872914,17 Peravia,2018,31,train
7.2736983,0.09653684,6.590106,13.025519,-13.668115,17 Peravia,2018,32,train
6.5854697,0.41960788,6.1020975,12.175698,-12.728196,17 Peravia,2018,33,train
6.811296,0.43610352,6.8592467,13.248346,-13.661295,17 Peravia,2018,34,train
5.813087,-3.205017,4.677689,6.02901,-11.272654,17 Peravia,2018,35,train
5.549369,-2.0646236,5.7388787,5.508987,-13.640184,17 Peravia,2018,36,train
4.7424,-2.6866663,5.530491,5.173788,-13.622868,17 Peravia,2018,37,train
4.2110596,-1.4608644,4.816823,4.460136,-11.006721,17 Peravia,2018,38,train
-15.418169,-7.555054,-0.64284664,4.590802,-4.6176662,17 Peravia,2018,39,train
-20.017267,-3.0515468,-6.3542433,-1.6542966,7.6482472,17 Peravia,2018,40,train
-12.63685,-2.6938896,4.3889456,-7.768657,13.3898,17 Peravia,2018,41,train
-20.285856,4.129676,-7.434783,8.771333,6.428044,17 Peravia,2018,42,train
-18.251036,5.424136,-6.375216,7.858015,7.039853,17 Peravia,2018,43,train
-18.260832,7.1568556,-7.8275323,8.277329,8.161474,17 Peravia,2018,44,train
-16.128925,9.407546,-8.546175,8.372639,7.501934,17 Peravia,2018,45,train
-12.139546,8.126229,-6.096453,3.4654045,8.333895,17 Peravia,2018,46,train
-14.214078,12.660407,-8.155663,7.264855,10.140429,17 Peravia,2018,47,train
5.2217646,16.814423,-4.590115,2.662176,5.2670646,17 Peravia,2018,48,train
6.856911,15.766886,-5.620741,3.013974,5.1516347,17 Peravia,2018,49,train
7.3723507,15.980251,-5.307533,2.651192,5.8752284,17 Peravia,2018,50,train
7.7605214,17.800245,-6.117594,2.2668376,7.1298084,17 Peravia,2018,51,train
8.879312,14.898627,-3.3845334,5.6116347,2.7074308,17 Peravia,2018,52,train
9.029613,16.201155,-1.27974,6.829077,1.4813375,17 Peravia,2019,1,train
13.59868,17.6886,-0.557255,7.6501207,0.23545639,17 Peravia,2019,2,train
15.534607,16.296904,-0.49482793,6.255218,-1.0531077,17 Peravia,2019,3,train
13.012132,13.485514,2.3291366,7.8876667,-3.1975794,17 Peravia,2019,4,train
10.450539,11.077221,-1.6669371,-3.790361,1.8336165,17 Peravia,2019,5,train
12.625464,15.116791,1.0918094,-1.4690663,-3.0152905,17 Peravia,2019,6,train
9.446564,11.9166155,2.3483856,-2.314694,-3.5965343,17 Peravia,2019,7,train
15.497711,13.787984,1.5136473,-0.25658822,-7.1631584,17 Peravia,2019,8,train
13.081735,12.401452,2.6103916,-2.6646261,-7.2700477,17 Peravia,2019,9,train
15.739183,9.323708,1.8764719,-1.0945488,-6.4595203,17 Peravia,2019,10,train
20.141378,8.947275,2.1440039,1.148256,-9.367603,17 Peravia,2019,11,train
15.059391,6.1464243,4.0754213,-0.48675087,-8.52956,17 Peravia,2019,12,train
8.98101,0.7795392,4.4180226,-8.1994915,-7.489529,17 Peravia,2019,13,train
12.3125105,1.2759068,2.6864214,-3.6145394,-8.686364,17 Peravia,2019,14,train
11.514246,1.8775866,3.4741747,-0.029371403,-7.695236,17 Peravia,2019,15,train
14.239736,1.5768563,3.316492,-0.3894914,-10.506087,17 Peravia,2019,16,train
12.760124,1.1588191,4.182919,1.6988112,-10.339186,17 Peravia,2019,17,train
0.62589127,-10.235876,2.6235483,-2.971396,-12.451236,17 Peravia,2019,18,train
-3.0891788,-9.137589,3.3798532,-7.823252,-13.330504,17 Peravia,2019,19,train
-3.56442,-8.139039,4.729526,-3.869182,-13.08965,17 Peravia,2019,20,train
-5.9335213,-8.428877,1.9938132,-9.092121,-9.197037,17 Peravia,2019,21,train
-7.284853,-8.352935,10.299395,-14.969386,2.7696087,17 Peravia,2019,22,train
-7.190648,-6.2736454,4.5178165,-3.3214684,-9.976452,17 Peravia,2019,23,train
-9.470832,-7.348231,4.079348,-1.3322549,-12.683984,17 Peravia,2019,24,train
-11.126179,-5.2800856,3.7286437,-0.20082985,-11.232861,17 Peravia,2019,25,train
-16.700054,-7.6352735,2.0059862,1.9576468,-11.33279,17 Peravia,2019,26,train
-17.865614,-1.3897283,6.004004,13.977285,-13.466739,17 Peravia,2019,27,train
-17.386787,1.5503867,4.215392,7.790624,-9.223961,17 Peravia,2019,28,train
-19.141226,-1.3804127,2.6814413,7.9138165,-9.666836,17 Peravia,2019,29,train
-22.251898,-2.4523067,1.4962195,9.948352,-9.259031,17 Peravia,2019,30,train
-21.251703,0.7379015,2.06103,13.24294,-6.6504636,17 Peravia,2019,31,train
-17.167194,1.129048,2.3703334,8.528733,-4.8214774,17 Peravia,2019,32,train
-19.337511,0.9523228,1.4446748,8.874285,-6.061956,17 Peravia,2019,33,train
-19.760996,2.2796297,2.3508751,13.923899,-4.053799,17 Peravia,2019,34,train
-23.053106,-0.1870587,-1.2556022,4.6364193,-2.7875037,17 Peravia,2019,35,train
-23.04605,0.9795026,-0.7492829,3.3559408,-5.382207,17 Peravia,2019,36,train
-21.070574,1.252197,0.26898882,2.9610243,-4.8864503,17 Peravia,2019,37,train
-14.579965,1.4065194,14.837293,-11.776153,8.62038,17 Peravia,2019,38,train
-11.766674,3.451613,3.5974045,-1.2430153,-0.41447568,17 Peravia,2019,39,train
-13.189347,2.5781152,0.9678498,-0.5420069,2.26378,17 Peravia,2019,40,train
-18.687567,5.250303,-2.4434977,5.513353,2.3222704,17 Peravia,2019,41,train
-18.422878,5.8236575,-2.7407207,5.0535946,3.5712826,17 Peravia,2019,42,train
-17.474428,8.138674,-4.061463,5.6484694,3.911312,17 Peravia,2019,43,train
-20.063848,11.078694,-8.847864,8.108975,4.8727193,17 Peravia,2019,44,train
-16.551105,10.980135,-5.8604655,6.424348,5.742733,17 Peravia,2019,45,train
-14.254886,11.0872,-4.594255,4.5071154,7.3608336,17 Peravia,2019,46,train
-14.759046,13.778511,-7.414124,2.56243,9.083047,17 Peravia,2019,47,train
-19.34926,19.074558,-13.325322,5.8575344,10.43864,17 Peravia,2019,48,train
-1.0001281,17.530647,-3.995553,0.08948205,6.610082,17 Peravia,2019,49,train
-0.6401534,15.646008,-3.173056,-0.025226183,4.8853965,17 Peravia,2019,50,train
0.91449654,14.211289,-2.276142,-0.5124722,4.172283,17 Peravia,2019,51,train
3.0838585,17.720268,-0.07856069,5.6268725,1.9254503,17 Peravia,2019,52,train
7.131495,19.734505,-3.614161,4.7298827,1.5397395,17 Peravia,2020,1,val
9.91557,18.316597,-3.2095025,4.319979,-0.21948808,17 Peravia,2020,2,val
9.904493,15.359333,-0.96834785,4.525413,-1.17892,17 Peravia,2020,3,val
6.9179864,12.598146,3.5785997,7.3632474,-2.256494,17 Peravia,2020,4,val
11.161144,12.886347,-0.501479,-2.2474856,0.60254234,17 Peravia,2020,5,val
11.147583,12.075975,-1.3192275,-2.3882067,-0.5359352,17 Peravia,2020,6,val
12.205003,12.098261,0.050132617,-0.22622928,-2.7789,17 Peravia,2020,7,val
10.085665,7.6776814,0.32577112,-4.17586,-1.3838844,17 Peravia,2020,8,val
14.013582,8.714926,1.0888758,-3.9976797,-4.355235,17 Peravia,2020,9,val
14.670549,3.5938182,0.29703403,1.7780894,-2.1300845,17 Peravia,2020,10,val
18.03549,4.060008,0.8910402,2.7362566,-4.950353,17 Peravia,2020,11,val
22.83912,4.1933575,0.48227262,5.55052,-8.831149,17 Peravia,2020,12,val
15.96398,-3.6104426,-0.10411138,-2.6116457,-3.3437743,17 Peravia,2020,13,val
21.340158,-5.329539,0.98164845,2.6032858,-6.7668624,17 Peravia,2020,14,val
14.292415,-10.204175,-0.49012682,1.3437045,-1.7024156,17 Peravia,2020,15,val
15.498395,-4.493467,1.6904894,5.028403,-7.000462,17 Peravia,2020,16,val
14.697011,-10.938369,-0.36604786,2.2828476,-3.7730808,17 Peravia,2020,17,val
13.618818,-5.6625896,2.0087228,4.2996526,-6.7267838,17 Peravia,2020,18,val
10.340363,-8.754328,0.56297153,2.9104471,-3.5604951,17 Peravia,2020,19,val
10.172634,-10.60509,0.4010568,2.2966328,-3.4767287,17 Peravia,2020,20,val
10.429724,-10.831959,0.709132,4.298162,-4.843786,17 Peravia,2020,21,val
10.190387,-11.948802,0.87193877,4.7952676,-4.470878,17 Peravia,2020,22,val
11.333148,-10.8827305,1.6804185,7.616645,-8.99507,17 Peravia,2020,23,val
10.445667,-12.304493,1.6737232,7.58794,-6.9798207,17 Peravia,2020,24,val
10.034078,-10.832193,1.8004189,8.57209,-8.526288,17 Peravia,2020,25,val
9.936967,-9.566111,1.1677432,9.400683,-11.071622,17 Peravia,2020,26,val
10.461705,-6.0397105,3.8251128,14.803187,-10.400619,17 Peravia,2020,27,val
-7.2063212,-16.230774,1.507608,15.543069,-9.497153,17 Peravia,2020,28,val
-11.293197,-14.306051,1.6080257,22.25223,-7.7849817,17 Peravia,2020,29,val
-4.310377,-15.135581,2.0842218,12.883468,-10.974812,17 Peravia,2020,30,val
-0.197439,-15.368028,21.950352,19.778364,18.842804,17 Peravia,2020,31,val
-4.060283,-17.631172,-1.7830117,21.07809,1.5550284,17 Peravia,2020,32,val
-4.1826396,-16.040253,-0.2830804,13.772544,-5.8987603,17 Peravia,2020,33,val
-0.5186221,-13.783064,26.83411,19.981709,25.704489,17 Peravia,2020,34,val
-8.1657295,-17.52546,-5.351804,9.849301,3.899901,17 Peravia,2020,35,val
-10.69997,-9.791385,-4.4213753,6.7714915,5.498908,17 Peravia,2020,36,val
-12.186987,-14.003832,-4.373351,9.29203,4.008066,17 Peravia,2020,37,val
-14.170717,-14.576046,-6.9191723,9.266879,6.414455,17 Peravia,2020,38,val
-16.418718,-14.403954,-8.932361,11.808449,8.017653,17 Peravia,2020,39,val
-14.254318,-4.5944543,-6.343018,6.6725073,7.1145263,17 Peravia,2020,40,val
-14.795389,-5.695781,-9.18586,8.261877,11.330827,17 Peravia,2020,41,val
-14.217173,-2.510611,-8.703219,10.12547,10.8405485,17 Peravia,2020,42,val
-13.703906,-3.8777184,-10.482786,9.46035,13.838699,17 Peravia,2020,43,val
-11.28331,1.371981,-9.678445,10.329548,11.353024,17 Peravia,2020,44,val
-4.9660754,-5.415155,4.4580708,-2.2619946,21.851704,17 Peravia,2020,45,val
-3.3984528,-5.4384356,1.001235,-1.3869088,20.920164,17 Peravia,2020,46,val
-5.8328657,2.1656737,-8.842983,7.7566357,14.370838,17 Peravia,2020,47,val
-10.00462,5.81196,-16.145668,10.326048,19.803143,17 Peravia,2020,48,val
13.312218,3.4122455,-10.840602,9.865761,15.97821,17 Peravia,2020,49,val
11.576554,0.035205886,-10.3192835,10.290996,17.64541,17 Peravia,2020,50,val
13.353283,2.634694,-11.074825,9.826626,15.878799,17 Peravia,2020,51,val
13.570547,3.5075963,-10.113893,13.943392,14.746696,17 Peravia,2020,52,val
17.43772,4.791256,-11.393057,14.895681,15.21662,17 Peravia,2021,1,val
16.603882,0.5551968,-9.436482,14.011849,13.835637,17 Peravia,2021,2,val
19.383398,1.8436041,-10.356808,13.850728,12.087443,17 Peravia,2021,3,val
25.326689,2.606446,-12.390151,16.719505,11.460691,17 Peravia,2021,4,val
19.829885,-7.2508116,-11.735271,10.930606,17.59936,17 Peravia,2021,5,val
18.586496,-1.7205976,-8.4564495,8.258803,10.83664,17 Peravia,2021,6,val
19.738325,-1.7839411,-7.718818,8.315664,9.48051,17 Peravia,2021,7,val
20.002209,0.020126846,-6.4437413,7.6446805,5.5890384,17 Peravia,2021,8,val
21.948366,-5.275687,-7.1028366,8.189741,8.879388,17 Peravia,2021,9,val
20.020323,2.9431417,-3.2817686,0.12109563,-0.93090856,17 Peravia,2021,10,val
21.799541,3.735149,-1.1146708,2.2872732,-4.2363997,17 Peravia,2021,11,val
14.672221,0.1333332,-0.2218371,1.3816768,-2.0013528,17 Peravia,2021,12,val
13.99734,-2.4777963,0.043463834,0.10771501,-2.5875535,17 Peravia,2021,13,val
16.694328,-2.5539334,0.5878027,1.6253835,-5.777774,17 Peravia,2021,14,val
21.31748,-7.3033185,0.55494934,2.7268665,-8.350829,17 Peravia,2021,15,val
15.113719,-4.1792865,1.5180007,4.0196176,-5.7102127,17 Peravia,2021,16,val
4.938444,-18.004139,-0.6741235,-1.1401637,-7.9859304,17 Peravia,2021,17,val
4.378465,-18.636658,0.111069955,1.3689977,-9.832391,17 Peravia,2021,18,val
4.0511346,-16.802189,-1.2913016,-0.9114231,-3.9623513,17 Peravia,2021,19,val
2.1251693,-16.463346,0.4090345,0.62322193,-7.983025,17 Peravia,2021,20,val
1.0266978,-17.048979,0.64275604,2.6424277,-9.358398,17 Peravia,2021,21,val
-0.47407886,-15.590472,0.7341243,2.7045543,-9.271657,17 Peravia,2021,22,val
-2.9959962,-15.034451,0.7688028,1.7065656,-7.4562693,17 Peravia,2021,23,val
-6.4092674,-16.173773,-2.007309,0.43077844,-5.744692,17 Peravia,2021,24,val
-8.568909,-13.734234,-0.4553041,2.5880058,-5.234588,17 Peravia,2021,25,val
-4.655665,-15.239234,6.170048,-5.007193,11.036146,17 Peravia,2021,26,val
-1.478629,-14.894643,1.1230236,16.097242,-5.484691,17 Peravia,2021,27,val
-5.402127,-14.314585,0.75640166,14.315979,-7.7616334,17 Peravia,2021,28,val
-5.344238,-15.500041,-0.14032839,16.307531,-3.820233,17 Peravia,2021,29,val
-4.7192287,-15.025757,0.30735558,14.044392,-4.546366,17 Peravia,2021,30,val
-5.5929904,-17.182076,-0.16807859,15.324258,-5.6906004,17 Peravia,2021,31,val
-4.246604,-12.475156,10.9340315,22.456167,15.6165285,17 Peravia,2021,32,val
-2.339263,-8.219759,17.571564,20.841236,13.707632,17 Peravia,2021,33,val
-8.068527,-13.637649,1.0194821,12.310106,-8.145116,17 Peravia,2021,34,val
-17.851461,-13.13381,-4.510559,6.5822744,0.8365971,17 Peravia,2021,35,val
-14.0752125,-15.006929,-4.572166,9.794191,0.40190184,17 Peravia,2021,36,val
-15.218818,-13.271131,-6.747758,9.404525,6.1566157,17 Peravia,2021,37,val
-16.79574,-11.772264,-7.766339,11.453206,7.053194,17 Peravia,2021,38,val
-14.370118,-9.980482,-7.847007,8.731924,10.605663,17 Peravia,2021,39,val
-17.377018,-5.9890757,-8.992515,11.361675,9.063943,17 Peravia,2021,40,val
-11.059666,-5.677464,-5.8465385,6.70617,10.319883,17 Peravia,2021,41,val
-13.214455,-3.9347465,-8.279443,9.077485,11.315074,17 Peravia,2021,42,val
-13.3686495,-2.0090437,-9.075843,11.204157,13.232212,17 Peravia,2021,43,val
-12.0186615,-0.06047085,-9.884587,11.472311,13.186974,17 Peravia,2021,44,val
-12.431102,0.65935695,-13.573758,13.797736,15.712199,17 Peravia,2021,45,val
-13.245963,3.830175,-17.985813,15.6076975,16.772717,17 Peravia,2021,46,val
-7.041539,2.9165378,-13.974586,13.077924,18.131823,17 Peravia,2021,47,val
8.756555,9.39089,-10.112035,7.7015705,10.893164,17 Peravia,2021,48,val
11.607146,8.234727,-10.818472,8.141643,11.201872,17 Peravia,2021,49,val
12.720138,9.045217,-10.702664,7.5668173,10.182441,17 Peravia,2021,50,val
12.094907,0.8576554,-11.9241905,9.482517,19.476469,17 Peravia,2021,51,val
15.720441,8.663987,-11.882665,13.773322,13.949889,17 Peravia,2021,52,val
0.9806536,8.085514,1.9367858,4.477425,-2.3408031,18 Puerto Plata,2015,1,train
2.46286,8.816838,2.2716494,4.6183977,-2.6983278,18 Puerto Plata,2015,2,train
2.8876047,9.797474,4.4567633,8.971949,-3.8942761,18 Puerto Plata,2015,3,train
5.3623395,10.472242,4.618094,8.330831,-4.775998,18 Puerto Plata,2015,4,train
4.1690097,5.1206183,14.055962,-13.3511505,11.938888,18 Puerto Plata,2015,5,train
4.777479,5.333277,-0.92458725,-4.269588,0.95374686,18 Puerto Plata,2015,6,train
5.265361,5.0423436,-0.27315432,-4.594133,1.0082641,18 Puerto Plata,2015,7,train
5.14828,1.5154923,14.305808,-11.500819,11.057448,18 Puerto Plata,2015,8,train
6.2403617,4.7747693,0.49268535,-1.3984997,-2.5979517,18 Puerto Plata,2015,9,train
5.467205,4.718583,1.3370699,-1.2865072,-3.3254883,18 Puerto Plata,2015,10,train
4.7408514,4.122168,1.5866411,-1.0163574,-3.4892592,18 Puerto Plata,2015,11,train
5.929738,3.8583481,2.6246326,-2.5959773,-4.1861386,18 Puerto Plata,2015,12,train
6.4284296,3.7522194,2.7214997,-1.8238403,-7.392336,18 Puerto Plata,2015,13,train
4.151463,1.2954206,1.7287321,-3.188277,-2.4359157,18 Puerto Plata,2015,14,train
4.8765736,2.0770476,1.7030258,-0.7046282,-3.897904,18 Puerto Plata,2015,15,train
6.4328885,1.7707173,1.5378354,-0.4635904,-6.4045157,18 Puerto Plata,2015,16,train
5.594337,-2.0745516,2.1299243,-3.4533517,-9.565113,18 Puerto Plata,2015,17,train
-1.0717146,-7.9795465,1.138527,-4.3837566,-12.285235,18 Puerto Plata,2015,18,train
-2.0245495,-3.0360873,2.3485239,-2.0000505,-11.86962,18 Puerto Plata,2015,19,train
-2.488327,-1.0434971,3.4780247,-2.7812912,-9.781263,18 Puerto Plata,2015,20,train
-3.005893,-0.24964763,4.103732,-3.3859887,-9.22198,18 Puerto Plata,2015,21,train
-2.8704019,-1.6406451,2.7305164,-3.3079455,-4.8002563,18 Puerto Plata,2015,22,train
-4.44116,-6.0786133,0.9770708,-0.42716157,-8.453986,18 Puerto Plata,2015,23,train
-4.5237827,-4.8184633,1.3526605,0.23708202,-7.6063237,18 Puerto Plata,2015,24,train
-4.38311,-3.3747296,2.0088162,0.6021268,-6.398492,18 Puerto Plata,2015,25,train
-5.5078,-4.0391264,0.7461144,1.5962822,-7.54554,18 Puerto Plata,2015,26,train
-3.5896633,1.2902491,4.148709,4.3057437,-9.179614,18 Puerto Plata,2015,27,train
-5.208732,1.6627195,5.442744,8.477461,-11.987115,18 Puerto Plata,2015,28,train
-5.1068053,2.3198154,4.837211,3.968555,-10.518704,18 Puerto Plata,2015,29,train
-7.982188,0.7902432,4.4081564,4.6296573,-12.97363,18 Puerto Plata,2015,30,train
-6.001019,1.8980496,4.4335833,3.9070442,-11.480522,18 Puerto Plata,2015,31,train
-8.503753,5.6277027,6.698901,1.8574227,-15.73333,18 Puerto Plata,2015,32,train
-8.683576,5.8096194,6.567677,1.2600774,-15.6647415,18 Puerto Plata,2015,33,train
-9.779777,5.738917,7.008821,1.6133817,-16.5646,18 Puerto Plata,2015,34,train
-9.255147,2.7591841,1.4405596,-1.7006987,-6.2816525,18 Puerto Plata,2015,35,train
-13.257851,4.921065,3.7603478,-2.3604822,-11.155061,18 Puerto Plata,2015,36,train
-11.1387,5.9591613,3.7134085,-2.0831087,-10.329648,18 Puerto Plata,2015,37,train
-11.837391,7.358452,3.437484,-2.162806,-8.179863,18 Puerto Plata,2015,38,train
-12.979758,6.8150105,3.260396,-2.9091463,-7.567168,18 Puerto Plata,2015,39,train
-18.214659,11.3791895,2.8759248,-4.116352,-9.153596,18 Puerto Plata,2015,40,train
-14.595635,11.544765,2.6532505,-1.9508532,-8.46967,18 Puerto Plata,2015,41,train
-14.89975,12.802236,2.2159636,-1.1737506,-8.102269,18 Puerto Plata,2015,42,train
-11.001876,10.888339,6.2770486,-7.5620213,-3.5747514,18 Puerto Plata,2015,43,train
-11.325702,13.902129,4.230572,-3.2029142,-6.774106,18 Puerto Plata,2015,44,train
-8.232565,9.9679985,0.9307613,-1.505475,-1.84458,18 Puerto Plata,2015,45,train
-8.541792,11.167313,0.8249699,0.5082084,-2.3031795,18 Puerto Plata,2015,46,train
-8.436508,13.156396,-0.6789303,0.3364127,-0.8552808,18 Puerto Plata,2015,47,train
-4.07197,14.217268,0.10773647,-5.238607,0.035991814,18 Puerto Plata,2015,48,train
-3.4456224,11.863275,0.6186222,-0.24967577,-1.9671092,18 Puerto Plata,2015,49,train
-1.3973125,14.1704855,-1.067117,0.42529222,-1.3178505,18 Puerto Plata,2015,50,train
-1.0392838,12.304899,-0.2009824,-0.4748426,-1.7742674,18 Puerto Plata,2015,51,train
-2.3944786,10.264521,2.4650354,4.400472,-3.21946,18 Puerto Plata,2015,52,train
-1.013987,20.736235,5.278629,3.797196,-7.900203,18 Puerto Plata,2016,1,train
0.10535702,19.840012,5.284764,3.9496522,-9.266909,18 Puerto Plata,2016,2,train
-1.0663885,18.094503,8.7934675,9.346842,-11.074644,18 Puerto Plata,2016,3,train
0.4025304,17.405375,8.174466,9.042401,-11.712182,18 Puerto Plata,2016,4,train
1.7336568,15.932362,3.905946,-6.5226383,-7.5315595,18 Puerto Plata,2016,5,train
-1.3113332,12.162399,5.689628,-9.645004,-4.8869467,18 Puerto Plata,2016,6,train
-0.6108732,11.696143,4.3205395,-8.507415,-6.579995,18 Puerto Plata,2016,7,train
1.6498915,12.082668,4.8906684,-5.6177354,-8.575324,18 Puerto Plata,2016,8,train
-0.42034444,10.976583,6.552424,-6.024374,-8.402587,18 Puerto Plata,2016,9,train
6.242233,5.2143555,0.70134115,-4.8651304,-3.78088,18 Puerto Plata,2016,10,train
6.796373,6.9632897,2.9897337,-2.6292663,-7.698895,18 Puerto Plata,2016,11,train
6.0657864,5.7805243,2.022187,-4.5419974,-8.670008,18 Puerto Plata,2016,12,train
5.9188786,6.0839305,2.9674158,-2.7768867,-9.791949,18 Puerto Plata,2016,13,train
2.5714493,5.4827485,4.627972,-4.7023144,-9.7844095,18 Puerto Plata,2016,14,train
3.1057286,5.6821947,5.2234235,-4.309602,-9.56386,18 Puerto Plata,2016,15,train
0.87934333,3.4882205,4.2539473,-9.801441,-7.520091,18 Puerto Plata,2016,16,train
-0.45654052,3.341981,5.4910307,-7.561783,-6.4451613,18 Puerto Plata,2016,17,train
-4.119622,0.8130532,3.2849302,-11.185861,-9.142838,18 Puerto Plata,2016,18,train
1.8119444,-7.6424785,-0.7158003,0.21923941,-0.89687735,18 Puerto Plata,2016,19,train
2.0015662,-10.834541,-2.040544,2.5698454,-2.672138,18 Puerto Plata,2016,20,train
-0.9110446,-9.500819,-2.1108425,-2.7094948,0.95543844,18 Puerto Plata,2016,21,train
-0.5810259,-8.240997,-1.0402819,0.38590652,-0.52053154,18 Puerto Plata,2016,22,train
-0.45370895,-13.39042,-3.2146924,4.6834564,-2.3688684,18 Puerto Plata,2016,23,train
-1.5496111,-13.188807,-2.6125011,5.2553883,-3.0875013,18 Puerto Plata,2016,24,train
-2.6897628,-8.274711,-1.518837,3.8834498,-1.6576749,18 Puerto Plata,2016,25,train
-5.3400817,-8.737339,-2.458863,4.7959604,-2.0928073,18 Puerto Plata,2016,26,train
-1.9838681,-6.1971807,0.7230092,9.590918,-4.2618246,18 Puerto Plata,2016,27,train
-1.6284301,-5.917343,1.1532979,9.726319,-4.2966113,18 Puerto Plata,2016,28,train
-1.9827365,-5.964213,1.0049945,9.879458,-4.487774,18 Puerto Plata,2016,29,train
-4.2276244,-4.318938,0.35691774,9.38274,-1.6946077,18 Puerto Plata,2016,30,train
-5.5313845,-4.4946284,-0.31053475,9.62467,-1.7069647,18 Puerto Plata,2016,31,train
-3.091889,-8.184109,-0.8452307,11.185236,-1.5469673,18 Puerto Plata,2016,32,train
-2.3275087,-9.539569,-0.5908519,11.266565,-2.8919098,18 Puerto Plata,2016,33,train
-6.446488,-1.1776235,0.11360751,13.701294,2.4626374,18 Puerto Plata,2016,34,train
-5.8632274,-7.570371,-3.1470864,5.8287325,0.9521628,18 Puerto Plata,2016,35,train
-4.8934116,-7.7187624,-4.116359,6.822243,3.2702994,18 Puerto Plata,2016,36,train
-4.095936,-9.188114,-3.9319289,7.3721113,3.4654143,18 Puerto Plata,2016,37,train
-6.15863,-9.052706,-5.294312,8.573413,5.2988434,18 Puerto Plata,2016,38,train
-6.296539,-5.4816136,-5.1855063,7.509755,4.532104,18 Puerto Plata,2016,39,train
-11.948885,-2.8405633,-6.455637,4.471625,3.8569643,18 Puerto Plata,2016,40,train
-9.040306,-1.6892211,-4.120248,4.6812305,5.36583,18 Puerto Plata,2016,41,train
-6.09653,-2.1507452,-1.3550237,0.42066634,7.2624354,18 Puerto Plata,2016,42,train
-5.3189025,-1.4075259,-2.877842,0.26340976,6.890409,18 Puerto Plata,2016,43,train
-3.6870165,-0.31827506,-2.8126009,1.6717948,5.8309073,18 Puerto Plata,2016,44,train
-1.9693727,-1.3539239,11.775115,-4.1499314,15.846681,18 Puerto Plata,2016,45,train
-2.3793325,0.56027156,-3.1775484,0.69067717,7.2897754,18 Puerto Plata,2016,46,train
-1.9864076,2.7254825,-4.51932,2.8210762,7.0777173,18 Puerto Plata,2016,47,train
2.3363686,4.018035,-3.8610904,1.4756253,6.4897094,18 Puerto Plata,2016,48,train
3.196378,4.3931274,-3.9411802,4.3977985,6.4070234,18 Puerto Plata,2016,49,train
3.2338903,3.7849314,-3.2224452,3.9375002,5.5329723,18 Puerto Plata,2016,50,train
3.0139153,2.8419445,-2.5038517,2.5265262,5.0416594,18 Puerto Plata,2016,51,train
2.7405612,5.8412166,-1.1920108,9.644292,3.758183,18 Puerto Plata,2016,52,train
4.7517114,8.524149,-1.8396198,11.251013,3.4112346,18 Puerto Plata,2017,1,train
2.9887462,6.4719095,24.404083,20.24212,11.445587,18 Puerto Plata,2017,2,train
6.576399,9.994954,3.909321,21.985691,-2.5543828,18 Puerto Plata,2017,3,train
9.335584,8.373257,2.0221782,15.010393,-1.9986522,18 Puerto Plata,2017,4,train
7.311148,2.0973518,-2.4297085,0.96490335,3.7768254,18 Puerto Plata,2017,5,train
6.734519,1.3304802,-4.184687,-3.908444,5.827017,18 Puerto Plata,2017,6,train
7.600823,1.0862056,-2.4308982,-2.4983878,4.630164,18 Puerto Plata,2017,7,train
11.503649,1.4065064,-4.4811115,-4.2786083,2.978368,18 Puerto Plata,2017,8,train
7.7699127,-0.81154126,-2.964063,-4.1813626,2.7133393,18 Puerto Plata,2017,9,train
7.4956036,-2.219223,-2.03523,-3.8099403,3.4991603,18 Puerto Plata,2017,10,train
10.37968,-3.740361,-2.9128253,-0.4364306,3.1095927,18 Puerto Plata,2017,11,train
8.093291,-3.877372,22.391127,-9.090707,17.426023,18 Puerto Plata,2017,12,train
10.332001,-4.574618,-1.9791965,-1.8175037,1.8143944,18 Puerto Plata,2017,13,train
8.108128,-4.2609305,-0.9398499,-1.2189959,-0.2342549,18 Puerto Plata,2017,14,train
8.899056,-4.390708,-1.1379158,-4.3812404,0.12219621,18 Puerto Plata,2017,15,train
5.332608,-4.1097474,-0.4413885,-2.8633807,1.2090476,18 Puerto Plata,2017,16,train
4.1247916,-4.5130296,1.6640533,-1.4572878,1.7038199,18 Puerto Plata,2017,17,train
5.125289,-5.8949876,-0.18391661,-1.49265,0.5817208,18 Puerto Plata,2017,18,train
6.7673554,-7.6386967,-0.64711636,0.48208907,1.4723052,18 Puerto Plata,2017,19,train
1.4028945,-6.798274,-0.83167225,-0.72501785,0.6513696,18 Puerto Plata,2017,20,train
2.0130568,-13.624205,-3.0158882,1.7880538,-2.9102182,18 Puerto Plata,2017,21,train
0.107479714,-10.523673,-2.54656,0.4402026,-0.68829364,18 Puerto Plata,2017,22,train
-2.1835227,-12.263855,-3.1889143,1.7009743,-3.048905,18 Puerto Plata,2017,23,train
-2.5067372,-8.94785,-1.5103617,1.8509897,-2.3939111,18 Puerto Plata,2017,24,train
-2.6335335,-7.505776,-1.1780453,2.4076848,-1.6637846,18 Puerto Plata,2017,25,train
-2.894803,-7.211048,-1.0923605,2.1521938,-0.07529929,18 Puerto Plata,2017,26,train
-0.67701423,-4.301767,1.357353,10.549187,-2.0667312,18 Puerto Plata,2017,27,train
-1.3680952,-0.9119317,3.2579882,16.631842,-0.38364148,18 Puerto Plata,2017,28,train
-1.6006306,-5.6210904,0.79618645,11.118623,-2.9189315,18 Puerto Plata,2017,29,train
-0.93524534,-6.753736,0.8793879,12.11274,-1.8777726,18 Puerto Plata,2017,30,train
-1.9911511,-4.70648,0.4412163,10.21323,-1.1742866,18 Puerto Plata,2017,31,train
-1.8657789,-3.8893847,1.9682221,13.8601,-2.6846714,18 Puerto Plata,2017,32,train
-3.9350617,-2.613751,0.9655601,14.192814,-1.1420966,18 Puerto Plata,2017,33,train
-1.7474455,-4.6478624,1.0898049,10.568443,-1.4520786,18 Puerto Plata,2017,34,train
-5.013562,-8.56421,-2.64693,5.045813,1.1876752,18 Puerto Plata,2017,35,train
-3.1485434,-12.105281,20.086555,-5.855269,22.119385,18 Puerto Plata,2017,36,train
-6.509964,-7.137232,-3.3015423,3.904,4.981238,18 Puerto Plata,2017,37,train
-3.4345596,-9.17753,20.216162,-5.2114277,19.646091,18 Puerto Plata,2017,38,train
-6.9557776,-5.8787127,-4.189964,5.123543,4.1142535,18 Puerto Plata,2017,39,train
-3.8054893,-4.920958,-3.7638628,5.378361,6.3889704,18 Puerto Plata,2017,40,train
-3.9291754,-5.760183,-4.9009566,3.9391544,8.378277,18 Puerto Plata,2017,41,train
-6.3744254,-3.7405984,-7.204518,7.103834,7.2986684,18 Puerto Plata,2017,42,train
-5.602956,-2.8488305,-6.318874,7.26363,8.586641,18 Puerto Plata,2017,43,train
-3.0734162,-2.8569322,-4.8191133,5.175623,8.619402,18 Puerto Plata,2017,44,train
-0.2319045,-5.0057015,4.3942943,-1.3982068,18.544699,18 Puerto Plata,2017,45,train
-0.259532,-3.3943126,2.2534332,-0.19188446,16.095243,18 Puerto Plata,2017,46,train
-1.4502772,-1.7798231,-7.4221663,4.7361903,11.348578,18 Puerto Plata,2017,47,train
-0.064533964,-1.0738423,-8.21813,4.0929794,12.5145,18 Puerto Plata,2017,48,train
-2.4638484,4.0388308,-6.8708186,0.98228025,8.893069,18 Puerto Plata,2017,49,train
-2.5707428,4.833669,-6.831409,2.0680768,9.742633,18 Puerto Plata,2017,50,train
-1.2851799,3.0895097,-5.2616696,-0.24574943,8.494166,18 Puerto Plata,2017,51,train
-2.4495416,6.329521,-1.2150892,13.81189,4.5134277,18 Puerto Plata,2017,52,train
-0.33676693,1.1538514,28.805689,21.721367,23.624025,18 Puerto Plata,2018,1,train
0.11314586,1.8328524,-2.2754614,14.697566,5.487441,18 Puerto Plata,2018,2,train
-0.11697354,2.0517292,0.13126841,15.781559,4.3171473,18 Puerto Plata,2018,3,train
-0.11430459,1.8106246,18.249525,21.225445,15.474815,18 Puerto Plata,2018,4,train
8.883763,0.5387476,-3.878553,2.6721468,5.4000278,18 Puerto Plata,2018,5,train
4.6972075,1.5374488,-0.9165383,-1.1231649,2.49519,18 Puerto Plata,2018,6,train
6.1519933,-0.16526209,9.551322,-7.05031,9.850096,18 Puerto Plata,2018,7,train
5.6872926,0.78711945,-1.0693499,-2.9370444,1.965812,18 Puerto Plata,2018,8,train
11.191958,1.9324864,-1.7101456,-5.4658794,0.2460362,18 Puerto Plata,2018,9,train
15.659273,-5.174891,-6.4799867,-2.2059631,5.173411,18 Puerto Plata,2018,10,train
14.897111,-7.622255,-6.0469236,1.7341629,6.553624,18 Puerto Plata,2018,11,train
9.92768,-5.3367076,-2.4188893,0.33320203,4.273154,18 Puerto Plata,2018,12,train
9.265099,-2.3135865,-0.8681607,-2.5027661,0.80375946,18 Puerto Plata,2018,13,train
6.094842,-1.4365286,1.0263152,-3.0796263,-1.255988,18 Puerto Plata,2018,14,train
6.960409,-0.40676397,0.68839496,-0.5322787,-2.83688,18 Puerto Plata,2018,15,train
7.3258233,-0.7699791,0.46477363,-0.20903273,-3.461538,18 Puerto Plata,2018,16,train
7.678168,-3.30417,0.23573452,-1.5532392,-5.668308,18 Puerto Plata,2018,17,train
5.366434,-3.8564608,0.33111227,-2.4863646,-3.3249185,18 Puerto Plata,2018,18,train
5.6338506,-1.4675144,0.6410428,0.045469344,-4.7646475,18 Puerto Plata,2018,19,train
5.0996313,-0.8078878,0.35647118,1.1266204,-4.349203,18 Puerto Plata,2018,20,train
5.204884,-2.1481142,0.61900824,0.6422434,-5.4898896,18 Puerto Plata,2018,21,train
4.1953325,-2.5967278,1.1141725,0.772312,-5.1855373,18 Puerto Plata,2018,22,train
4.465587,-3.4695656,1.1914868,1.4743946,-7.2280073,18 Puerto Plata,2018,23,train
4.1439466,-3.2209144,1.5357796,1.7908893,-6.8942595,18 Puerto Plata,2018,24,train
-5.3689623,-7.257086,-0.6260073,-0.76306444,-3.5165863,18 Puerto Plata,2018,25,train
-4.2587905,-6.438618,0.42903516,1.3534867,-4.464662,18 Puerto Plata,2018,26,train
-3.183474,-0.88988006,4.224639,16.160387,-7.948501,18 Puerto Plata,2018,27,train
-7.3489633,0.5138786,3.0529342,17.683558,-5.4903135,18 Puerto Plata,2018,28,train
-3.0874074,-1.5980916,3.1155717,10.551421,-5.2688894,18 Puerto Plata,2018,29,train
-4.764603,-3.434548,2.0654583,10.539975,-6.4663596,18 Puerto Plata,2018,30,train
-2.6103976,-2.6519032,2.9556317,9.856811,-6.2353344,18 Puerto Plata,2018,31,train
-3.2355645,-1.7845874,3.4563248,8.891326,-6.5286994,18 Puerto Plata,2018,32,train
-2.8906708,1.1922606,3.7570763,10.493898,-4.533819,18 Puerto Plata,2018,33,train
-3.103474,-1.5075225,3.4783754,9.842194,-7.0524406,18 Puerto Plata,2018,34,train
-7.454242,-3.6143723,-1.1115518,1.3809088,-0.9713764,18 Puerto Plata,2018,35,train
-7.7262774,-3.3283002,-0.1789987,-0.7310353,-1.6284912,18 Puerto Plata,2018,36,train
-10.323432,-3.5851328,-1.636371,0.95068294,-1.4742346,18 Puerto Plata,2018,37,train
-12.562555,-3.9465113,-2.7486176,1.3405734,-1.2268503,18 Puerto Plata,2018,38,train
-7.163208,-1.9947987,-0.10984981,1.1399089,-1.6979783,18 Puerto Plata,2018,39,train
-7.2437553,-0.58222306,-1.4540411,-1.1487774,3.6376095,18 Puerto Plata,2018,40,train
-7.6077523,0.39945337,-2.2377093,-0.28064647,3.5165243,18 Puerto Plata,2018,41,train
-5.401613,1.1401248,-0.8450403,0.18262541,3.1076748,18 Puerto Plata,2018,42,train
-9.002295,2.5669632,-2.8102028,1.7007943,4.171372,18 Puerto Plata,2018,43,train
-6.6279106,3.130102,-2.540416,0.7373687,4.310984,18 Puerto Plata,2018,44,train
-5.0956006,3.8594966,-1.5693337,0.9361944,3.8101606,18 Puerto Plata,2018,45,train
-4.750493,4.4309,-2.0978765,1.4551442,3.3954577,18 Puerto Plata,2018,46,train
-6.8590784,8.091557,-4.925604,3.1547217,5.5300174,18 Puerto Plata,2018,47,train
-4.398869,6.262481,-3.1815605,-0.30645156,5.4941564,18 Puerto Plata,2018,48,train
-4.1434274,7.72813,-4.9703035,2.8641303,5.4907184,18 Puerto Plata,2018,49,train
3.2862496,10.874053,-5.015652,1.9553941,4.0533423,18 Puerto Plata,2018,50,train
3.301378,10.908491,-5.171318,0.5737379,4.999911,18 Puerto Plata,2018,51,train
2.336493,7.589015,-0.6148093,6.3963866,0.8083266,18 Puerto Plata,2018,52,train
4.455621,10.582225,-0.5541823,6.921951,-0.3434196,18 Puerto Plata,2019,1,train
3.410707,12.057796,3.6479135,16.967022,-2.8278883,18 Puerto Plata,2019,2,train
8.860398,13.411694,2.6128526,15.025061,-4.2632847,18 Puerto Plata,2019,3,train
8.889952,10.578691,1.1043464,9.8469715,-4.4525805,18 Puerto Plata,2019,4,train
8.055792,8.560153,-2.2791378,-2.2842836,0.20332794,18 Puerto Plata,2019,5,train
3.2433145,7.4250283,0.7769058,-7.591123,-0.15156156,18 Puerto Plata,2019,6,train
4.370636,7.6665998,0.51179177,-7.273599,-1.895666,18 Puerto Plata,2019,7,train
6.4845157,8.009775,0.82098025,-2.2449713,-4.5367475,18 Puerto Plata,2019,8,train
5.929888,7.463804,1.3786752,-2.8891907,-4.87045,18 Puerto Plata,2019,9,train
8.277722,4.8439193,0.67903125,-1.5753679,-3.6168482,18 Puerto Plata,2019,10,train
9.078386,3.8426135,0.5755777,-2.7489734,-3.6907039,18 Puerto Plata,2019,11,train
9.521108,2.8278162,0.85852206,-5.1924706,-4.611646,18 Puerto Plata,2019,12,train
4.70334,0.9873119,2.2592928,-6.5195665,-2.2980227,18 Puerto Plata,2019,13,train
5.424882,1.3450426,1.4329634,-2.101257,-3.3837638,18 Puerto Plata,2019,14,train
7.912384,1.1123701,0.79509085,-1.6281921,-5.9855666,18 Puerto Plata,2019,15,train
8.680734,1.132867,0.7576583,-0.590066,-7.0335474,18 Puerto Plata,2019,16,train
7.6487513,0.27568915,1.2369012,-1.3654681,-6.1125407,18 Puerto Plata,2019,17,train
0.6019074,-5.7700777,-0.6771296,-5.355462,-6.071507,18 Puerto Plata,2019,18,train
-0.64089954,-4.833429,1.3033751,-3.795614,-7.5956416,18 Puerto Plata,2019,19,train
-3.1548524,-5.5106955,1.2086089,-5.1947103,-7.7706857,18 Puerto Plata,2019,20,train
-2.8240166,-4.0574584,1.4792202,-5.3807964,-2.9311807,18 Puerto Plata,2019,21,train
-3.0763266,-3.8101792,1.133064,-3.9668074,-3.1523275,18 Puerto Plata,2019,22,train
-5.44088,-4.129555,0.9758011,-4.6958404,-4.217818,18 Puerto Plata,2019,23,train
-5.973526,-4.865724,0.78753066,-0.74825925,-8.1007,18 Puerto Plata,2019,24,train
-8.326999,-5.151979,0.034944266,-0.4225753,-8.397732,18 Puerto Plata,2019,25,train
-7.0358834,-2.6061664,0.9309601,-0.5409941,-5.618794,18 Puerto Plata,2019,26,train
-7.016479,1.273783,3.6334677,9.4428,-7.7295446,18 Puerto Plata,2019,27,train
-9.133599,0.9361032,2.549754,8.795623,-7.5517898,18 Puerto Plata,2019,28,train
-8.010401,2.9045627,2.7028809,6.5318165,-5.224097,18 Puerto Plata,2019,29,train
-10.4595175,2.663096,1.9940368,6.9839854,-5.5409265,18 Puerto Plata,2019,30,train
-9.577968,3.9215298,2.1472797,8.677298,-4.116464,18 Puerto Plata,2019,31,train
-12.120267,2.082921,0.99507713,8.56134,-5.0911098,18 Puerto Plata,2019,32,train
-12.454251,2.4190242,0.84246725,9.086169,-4.8465295,18 Puerto Plata,2019,33,train
-11.788928,2.9984188,0.9554908,7.796923,-4.7633595,18 Puerto Plata,2019,34,train
-14.429971,1.0174383,-1.3261007,2.3624475,-2.9884305,18 Puerto Plata,2019,35,train
-13.191504,1.7032146,-0.31832162,1.5710716,-4.6254163,18 Puerto Plata,2019,36,train
-10.33517,1.9044229,0.63363564,-0.7961256,-2.4605508,18 Puerto Plata,2019,37,train
-9.916232,2.0312345,0.66914505,-2.2338288,-1.1472942,18 Puerto Plata,2019,38,train
-8.591014,2.2551804,2.8289616,-3.1002653,0.3986425,18 Puerto Plata,2019,39,train
-8.717478,2.0026236,0.47025532,-1.5228263,1.4401642,18 Puerto Plata,2019,40,train
-10.686422,3.8667617,-1.3520685,3.071807,0.09523611,18 Puerto Plata,2019,41,train
-11.342178,4.236454,-1.8614876,2.3794909,1.1884142,18 Puerto Plata,2019,42,train
-8.726347,4.8586946,-1.5554713,0.8745289,1.4335599,18 Puerto Plata,2019,43,train
-7.34623,5.6672177,-0.87666523,1.4010775,1.3980867,18 Puerto Plata,2019,44,train
-9.500353,7.34856,-3.0257604,2.3958988,2.0024273,18 Puerto Plata,2019,45,train
-7.5683455,6.6988893,-1.4868062,-0.4514218,2.8648016,18 Puerto Plata,2019,46,train
-6.823284,8.780865,-3.4387295,-4.8645425,4.5996275,18 Puerto Plata,2019,47,train
-6.3175297,9.276773,-2.8791595,-2.7203033,4.3333235,18 Puerto Plata,2019,48,train
-1.9303089,8.723477,0.0062956833,-3.3072963,3.1644409,18 Puerto Plata,2019,49,train
-1.6028591,8.550017,-1.0742352,-2.5884912,1.8543375,18 Puerto Plata,2019,50,train
-0.67150134,11.69208,-2.31001,-0.05384067,1.4906855,18 Puerto Plata,2019,51,train
-1.6914865,13.090901,2.0764847,10.944128,-1.0014763,18 Puerto Plata,2019,52,train
-0.1543595,10.951076,1.7096041,7.742144,0.016289236,18 Puerto Plata,2020,1,val
-0.15841572,8.225634,2.2112854,10.033489,-1.5429884,18 Puerto Plata,2020,2,val
1.0153241,8.167467,3.2841084,12.494296,-2.2840223,18 Puerto Plata,2020,3,val
2.4718454,9.731766,5.2564816,14.118536,-3.1404934,18 Puerto Plata,2020,4,val
6.2355623,9.010237,-1.7062409,-5.2761083,1.2476244,18 Puerto Plata,2020,5,val
3.2102227,6.531467,-0.24883595,-5.6818438,-0.23987195,18 Puerto Plata,2020,6,val
3.8638399,6.096659,0.82212096,-2.9368558,-2.2566457,18 Puerto Plata,2020,7,val
3.7010875,4.1892657,0.68944937,-4.6309743,-0.5650015,18 Puerto Plata,2020,8,val
6.1537504,1.3364754,13.856661,-11.123266,9.306202,18 Puerto Plata,2020,9,val
7.822809,-2.9860392,17.231073,-8.796549,15.21676,18 Puerto Plata,2020,10,val
6.000421,-1.2468691,0.47342807,-3.2158859,1.918783,18 Puerto Plata,2020,11,val
7.4473457,-1.1094184,-0.6695055,-3.2457964,0.40503392,18 Puerto Plata,2020,12,val
7.1141667,-2.0403366,-0.25489458,-2.015451,0.2652468,18 Puerto Plata,2020,13,val
8.940751,-5.2094264,-1.0366143,-1.4969188,1.522059,18 Puerto Plata,2020,14,val
6.982092,-5.303377,-0.52415985,0.16844499,1.9126841,18 Puerto Plata,2020,15,val
6.8675556,-4.298735,-0.5746888,1.2501339,-0.08308912,18 Puerto Plata,2020,16,val
9.01498,-6.307523,-1.4226556,2.1485882,-2.3474011,18 Puerto Plata,2020,17,val
8.588074,-6.147579,-0.9942159,2.1760097,-2.8963695,18 Puerto Plata,2020,18,val
9.484345,-9.67615,-2.3489468,2.874092,-3.888366,18 Puerto Plata,2020,19,val
2.7258637,-12.189641,-2.7110589,1.7804264,-4.1944065,18 Puerto Plata,2020,20,val
1.7073718,-10.503666,-1.4290373,2.0860333,-1.9947772,18 Puerto Plata,2020,21,val
0.46073717,-15.503973,-4.655143,1.5265003,-0.78638774,18 Puerto Plata,2020,22,val
-1.2013298,-12.180062,-2.0970566,2.6541412,-4.4929433,18 Puerto Plata,2020,23,val
-3.0147376,-11.7041645,-1.817737,1.7206486,-1.7485969,18 Puerto Plata,2020,24,val
-2.5658114,-10.329177,-1.6036566,3.9977832,-3.1277342,18 Puerto Plata,2020,25,val
-4.4799166,-9.994868,-2.3005316,3.6514692,-2.3214371,18 Puerto Plata,2020,26,val
-0.23938993,-7.143221,1.4460298,12.662051,-4.164248,18 Puerto Plata,2020,27,val
-2.9091167,-8.947214,0.26972842,13.462064,-6.5846033,18 Puerto Plata,2020,28,val
-1.1401175,-6.7155704,1.1073269,12.882835,-3.5523136,18 Puerto Plata,2020,29,val
-1.4323236,-4.5893025,1.5570323,13.032555,-3.329294,18 Puerto Plata,2020,30,val
1.6731533,-8.419957,19.741854,13.987673,15.026265,18 Puerto Plata,2020,31,val
1.6323305,-10.77166,-1.5065243,12.932724,1.9233012,18 Puerto Plata,2020,32,val
0.0068528196,-7.087513,-0.79168236,11.102951,1.6784898,18 Puerto Plata,2020,33,val
-3.759268,-3.1294596,-0.69434243,14.222198,3.2827058,18 Puerto Plata,2020,34,val
-1.5036783,-10.699175,-3.7614977,6.7430415,5.2927313,18 Puerto Plata,2020,35,val
-3.7994514,-7.537205,-3.7126734,4.0757546,4.7972574,18 Puerto Plata,2020,36,val
-3.6475937,-9.316439,-4.1776204,6.248598,4.7766476,18 Puerto Plata,2020,37,val
-4.2885594,-9.119157,-4.3819394,6.9729486,5.8127837,18 Puerto Plata,2020,38,val
-5.3323746,-9.810859,-5.6768403,7.6399965,7.141517,18 Puerto Plata,2020,39,val
-7.310867,-3.3136816,-5.4217467,6.4864326,4.2229915,18 Puerto Plata,2020,40,val
-7.083965,-3.3876266,-6.144784,6.6585364,6.27859,18 Puerto Plata,2020,41,val
-5.5680785,-2.9311025,-5.1896873,6.2456613,6.406948,18 Puerto Plata,2020,42,val
-11.272534,-3.0926757,-11.314256,8.7261,10.228559,18 Puerto Plata,2020,43,val
-5.7867026,-0.31518194,-7.1657395,6.9838314,6.7026124,18 Puerto Plata,2020,44,val
-4.9742136,-0.7228382,-6.7842293,4.864074,8.279418,18 Puerto Plata,2020,45,val
-3.8463526,-0.06766183,-6.789379,3.7672188,7.948723,18 Puerto Plata,2020,46,val
-1.1397728,-0.17225073,-4.449356,2.992843,8.494762,18 Puerto Plata,2020,47,val
-1.1583145,2.2849689,-6.177232,4.1895328,9.423695,18 Puerto Plata,2020,48,val
3.7876453,-3.397144,-11.29305,11.411813,16.227795,18 Puerto Plata,2020,49,val
10.028058,-7.7176757,5.2019167,3.550196,24.995861,18 Puerto Plata,2020,50,val
8.221425,-4.9158382,-6.2059436,6.8655915,13.255849,18 Puerto Plata,2020,51,val
7.677488,-2.3318024,-4.6184998,14.771296,10.271657,18 Puerto Plata,2020,52,val
11.442763,-1.4476001,-7.437164,16.00093,12.880159,18 Puerto Plata,2021,1,val
12.982742,-3.5018353,-8.349109,15.364192,12.367278,18 Puerto Plata,2021,2,val
11.084643,-5.5196033,-5.3810625,14.194203,10.935062,18 Puerto Plata,2021,3,val
11.796443,-3.7144282,-4.351901,21.52553,8.816207,18 Puerto Plata,2021,4,val
12.251595,-10.756601,7.277049,2.8338542,24.699959,18 Puerto Plata,2021,5,val
11.34753,-3.4549506,-6.500118,6.196243,7.6295004,18 Puerto Plata,2021,6,val
11.169953,-4.023954,-5.9257402,5.997097,7.4861846,18 Puerto Plata,2021,7,val
11.493608,-6.0308843,-6.593655,5.4678006,7.9312897,18 Puerto Plata,2021,8,val
15.773726,-9.182299,-8.029133,6.431726,10.6846285,18 Puerto Plata,2021,9,val
7.8027205,-2.6790216,17.350576,-7.812838,15.153778,18 Puerto Plata,2021,10,val
10.569885,0.8738709,-0.9833475,-0.004449464,-1.25466,18 Puerto Plata,2021,11,val
7.3218746,-0.994797,-0.42798147,-0.18750799,0.21717882,18 Puerto Plata,2021,12,val
9.242101,-3.6409643,-1.9456781,-3.3820353,-0.20852351,18 Puerto Plata,2021,13,val
8.587954,-5.7414885,12.782741,-7.6828647,11.984117,18 Puerto Plata,2021,14,val
12.671724,-9.405089,-2.9631023,-3.8434567,0.9278785,18 Puerto Plata,2021,15,val
13.697981,-7.8393097,-2.579969,0.13470972,-4.6204042,18 Puerto Plata,2021,16,val
6.9003587,-4.178217,-0.25394744,0.08604992,-0.563784,18 Puerto Plata,2021,17,val
7.997781,-4.7873883,-0.7100412,1.102182,-2.568774,18 Puerto Plata,2021,18,val
6.738061,-5.22907,-0.45981178,1.6117154,-2.133023,18 Puerto Plata,2021,19,val
1.2722261,-8.786937,-1.799322,-4.273476,0.7705188,18 Puerto Plata,2021,20,val
1.5696146,-7.775465,-0.35159478,0.4694814,-1.0223967,18 Puerto Plata,2021,21,val
0.9587323,-6.532318,-0.18577643,1.0611072,-1.3906252,18 Puerto Plata,2021,22,val
-1.234947,-7.5474043,-0.88719875,-0.42150715,-1.6093086,18 Puerto Plata,2021,23,val
-2.6500986,-8.600019,-1.7186645,1.3594762,-2.828801,18 Puerto Plata,2021,24,val
-3.1320279,-6.5789785,-0.5328747,1.2131926,-1.2283435,18 Puerto Plata,2021,25,val
-7.2543263,-8.833998,-3.1888416,1.9707992,-3.3198316,18 Puerto Plata,2021,26,val
0.80850327,-7.0501795,-0.41549242,15.269879,0.4311499,18 Puerto Plata,2021,27,val
-0.29942578,-5.152866,0.3060866,13.408487,-0.33042777,18 Puerto Plata,2021,28,val
0.18303367,-7.188375,-0.8637605,14.696375,2.3924675,18 Puerto Plata,2021,29,val
-0.13499582,-7.5299797,-0.8034267,14.734772,1.121724,18 Puerto Plata,2021,30,val
0.3551895,-8.259602,-0.9222669,13.256958,1.2564261,18 Puerto Plata,2021,31,val
0.08565318,-7.2078543,11.253717,17.851238,11.633362,18 Puerto Plata,2021,32,val
-5.178349,-1.9200408,0.5957225,13.368322,-0.2818204,18 Puerto Plata,2021,33,val
-3.8149602,-4.451194,0.7645851,12.719832,-1.8987892,18 Puerto Plata,2021,34,val
-10.432429,-8.833397,-4.241376,4.9727235,1.2204603,18 Puerto Plata,2021,35,val
-4.8849154,-10.431486,-4.510558,6.997516,3.587983,18 Puerto Plata,2021,36,val
-5.556373,-7.785884,-4.527778,4.202117,5.5329213,18 Puerto Plata,2021,37,val
-3.5856547,-7.4188113,-3.5690994,4.410998,7.0824904,18 Puerto Plata,2021,38,val
-9.229111,-9.685884,-7.9746337,4.1457043,9.007588,18 Puerto Plata,2021,39,val
-7.265068,-4.641096,-6.028459,6.7693257,5.7530966,18 Puerto Plata,2021,40,val
-4.8917866,-4.2580624,-3.6634374,3.8855743,7.3462033,18 Puerto Plata,2021,41,val
-8.87665,-3.7404723,-8.516832,8.092043,8.311556,18 Puerto Plata,2021,42,val
-11.056574,-3.069152,-11.197736,10.0359745,11.201198,18 Puerto Plata,2021,43,val
-8.925854,-2.0130033,-10.385434,9.181662,10.372942,18 Puerto Plata,2021,44,val
-6.6930933,-2.824511,-11.564498,9.527752,12.607628,18 Puerto Plata,2021,45,val
-3.4410086,0.17415318,-8.624232,9.291548,9.670449,18 Puerto Plata,2021,46,val
-2.3893852,-1.6781763,-11.216093,3.367767,15.080532,18 Puerto Plata,2021,47,val
-0.052742943,0.2001416,-7.408585,6.427114,11.252684,18 Puerto Plata,2021,48,val
6.789377,-0.51549155,-6.7088604,7.3257275,10.233328,18 Puerto Plata,2021,49,val
6.9531817,-0.6357357,-7.1617904,7.0285497,10.061179,18 Puerto Plata,2021,50,val
8.929279,-2.540029,-8.661382,6.701838,14.5729685,18 Puerto Plata,2021,51,val
9.035406,2.158895,-7.078254,12.728973,9.657883,18 Puerto Plata,2021,52,val
2.4313478,17.926447,9.976096,20.253304,-0.100296564,19 Hermanas Mirabal,2015,1,train
6.2923446,19.299007,10.936436,22.704811,-2.2193618,19 Hermanas Mirabal,2015,2,train
7.189367,16.503368,10.186662,19.030863,-4.3164883,19 Hermanas Mirabal,2015,3,train
11.595154,18.279331,10.637077,21.887466,-7.787758,19 Hermanas Mirabal,2015,4,train
7.8293424,9.469262,12.972059,-14.316055,12.724995,19 Hermanas Mirabal,2015,5,train
11.6725445,10.100559,-0.68540525,-8.756087,4.7330465,19 Hermanas Mirabal,2015,6,train
11.079759,8.567656,0.43273458,-9.1556015,4.2932177,19 Hermanas Mirabal,2015,7,train
12.952519,4.1264935,18.30707,-19.840916,14.347563,19 Hermanas Mirabal,2015,8,train
14.4307785,6.0723147,1.7669481,-8.765326,-0.41148907,19 Hermanas Mirabal,2015,9,train
15.245352,4.8143077,3.502417,-11.616257,-0.60828453,19 Hermanas Mirabal,2015,10,train
14.185019,3.3253052,4.1814046,-12.305269,-1.3087996,19 Hermanas Mirabal,2015,11,train
16.130503,3.6869,4.423495,-11.830098,-6.013296,19 Hermanas Mirabal,2015,12,train
16.466953,-0.06415055,5.547547,-11.42101,-13.28148,19 Hermanas Mirabal,2015,13,train
13.336065,-0.72311556,5.285405,-12.129024,-3.3556077,19 Hermanas Mirabal,2015,14,train
13.336699,-0.24658754,4.471297,-9.059466,-5.896703,19 Hermanas Mirabal,2015,15,train
17.000053,-4.480641,5.256581,-9.261051,-14.663529,19 Hermanas Mirabal,2015,16,train
1.0751753,-17.306843,4.604056,-10.514375,-19.410433,19 Hermanas Mirabal,2015,17,train
-1.2226322,-20.82621,3.7294707,-9.646411,-24.224237,19 Hermanas Mirabal,2015,18,train
-4.8924856,-12.652167,6.617866,-12.764601,-22.567064,19 Hermanas Mirabal,2015,19,train
-5.6704745,-9.338593,6.439683,-13.188432,-16.971409,19 Hermanas Mirabal,2015,20,train
-6.2938914,-8.239027,5.5218534,-10.495789,-8.869012,19 Hermanas Mirabal,2015,21,train
-7.6947007,-10.207268,5.506594,-11.809094,-5.090533,19 Hermanas Mirabal,2015,22,train
-9.407355,-13.608241,3.001649,-7.1447306,-8.762154,19 Hermanas Mirabal,2015,23,train
-11.876353,-15.245371,2.9028559,-5.406987,-10.739836,19 Hermanas Mirabal,2015,24,train
-11.774959,-12.30848,3.333495,-4.1147738,-6.29199,19 Hermanas Mirabal,2015,25,train
-15.460281,-14.423742,2.0657375,-3.1092522,-7.9368825,19 Hermanas Mirabal,2015,26,train
-8.137433,0.4375765,12.816762,20.202677,-16.554863,19 Hermanas Mirabal,2015,27,train
-9.370466,2.4970014,14.710725,27.24322,-15.916563,19 Hermanas Mirabal,2015,28,train
-11.30961,2.3325458,13.716658,25.318043,-16.064985,19 Hermanas Mirabal,2015,29,train
-17.262142,-3.9456494,10.652162,22.173784,-17.847887,19 Hermanas Mirabal,2015,30,train
-17.240284,-1.5364513,10.468856,22.162209,-16.306072,19 Hermanas Mirabal,2015,31,train
-14.809884,4.3766255,14.282468,15.965238,-20.941517,19 Hermanas Mirabal,2015,32,train
-17.14304,5.4488177,14.049345,17.006454,-20.752302,19 Hermanas Mirabal,2015,33,train
-19.738226,2.5564048,12.487086,17.087006,-20.855331,19 Hermanas Mirabal,2015,34,train
-21.27238,-2.7671213,2.419739,-6.459646,-4.9050627,19 Hermanas Mirabal,2015,35,train
-24.64997,-0.35100165,4.7874002,-6.647475,-10.192059,19 Hermanas Mirabal,2015,36,train
-24.117678,0.59903467,3.9712882,-6.790356,-8.173593,19 Hermanas Mirabal,2015,37,train
-24.820866,4.3577156,2.9510996,-7.6578827,-5.077543,19 Hermanas Mirabal,2015,38,train
-25.072145,4.6354218,3.6433022,-5.890942,-5.0377645,19 Hermanas Mirabal,2015,39,train
-35.735466,10.603853,0.4590295,-7.4466114,-4.578351,19 Hermanas Mirabal,2015,40,train
-31.215736,11.919049,-0.11793421,-4.624864,-3.1741903,19 Hermanas Mirabal,2015,41,train
-27.899199,13.535916,1.2185067,-4.7568235,-3.1904125,19 Hermanas Mirabal,2015,42,train
-28.337494,13.050154,6.8541584,-12.1312065,4.3976502,19 Hermanas Mirabal,2015,43,train
-21.09507,15.508893,2.3195488,-9.196118,0.33200908,19 Hermanas Mirabal,2015,44,train
-12.565392,14.303512,3.2451856,-6.537589,4.1650214,19 Hermanas Mirabal,2015,45,train
-12.791959,16.05123,1.0372126,-4.2353816,3.590299,19 Hermanas Mirabal,2015,46,train
-13.617156,20.157162,-1.0385923,-11.889039,8.4100275,19 Hermanas Mirabal,2015,47,train
-3.4842546,23.995667,-0.7684252,-10.661868,7.1921616,19 Hermanas Mirabal,2015,48,train
-2.9882276,19.719318,0.32380822,-5.5687103,5.5856266,19 Hermanas Mirabal,2015,49,train
-0.096297644,22.1084,-1.6089612,-5.124535,5.8679457,19 Hermanas Mirabal,2015,50,train
1.4727006,20.260918,-0.23514761,-5.4650555,4.7405186,19 Hermanas Mirabal,2015,51,train
-3.5519476,19.072113,12.018941,17.049404,0.32669508,19 Hermanas Mirabal,2015,52,train
1.0735639,33.89379,12.250279,19.254688,-8.889369,19 Hermanas Mirabal,2016,1,train
5.531872,33.95533,12.105243,19.609598,-11.237834,19 Hermanas Mirabal,2016,2,train
4.7769156,29.100048,16.235262,20.349745,-13.049158,19 Hermanas Mirabal,2016,3,train
5.949481,25.33877,18.009695,20.044504,-13.631488,19 Hermanas Mirabal,2016,4,train
6.5613494,22.87231,6.217399,-16.714275,-1.4288127,19 Hermanas Mirabal,2016,5,train
5.7748127,19.415707,5.083364,-15.258827,-3.7062056,19 Hermanas Mirabal,2016,6,train
7.5079875,19.571877,6.3532467,-20.02311,-3.2482076,19 Hermanas Mirabal,2016,7,train
9.56531,17.759546,6.3033285,-14.58711,-9.03091,19 Hermanas Mirabal,2016,8,train
7.256758,15.510672,8.414905,-16.794268,-9.412117,19 Hermanas Mirabal,2016,9,train
14.85497,5.369539,4.767723,-13.269349,-1.7052705,19 Hermanas Mirabal,2016,10,train
16.44543,9.540778,5.1577897,-12.198208,-10.416328,19 Hermanas Mirabal,2016,11,train
15.579012,9.355932,6.3084984,-10.012886,-13.280506,19 Hermanas Mirabal,2016,12,train
16.497425,6.4000473,7.0996118,-13.158485,-16.918074,19 Hermanas Mirabal,2016,13,train
9.770978,2.1731935,8.919425,-14.002086,-19.18728,19 Hermanas Mirabal,2016,14,train
11.735829,2.7662704,8.459218,-14.783273,-17.998165,19 Hermanas Mirabal,2016,15,train
5.2550006,0.16358161,10.278572,-16.657362,-10.68445,19 Hermanas Mirabal,2016,16,train
3.8209543,-0.99961966,11.217954,-11.003606,-7.8840766,19 Hermanas Mirabal,2016,17,train
-4.269056,-3.2587633,8.733515,-15.919866,-11.0308075,19 Hermanas Mirabal,2016,18,train
3.1942894,-17.039394,0.6084201,-4.431469,0.99199826,19 Hermanas Mirabal,2016,19,train
2.8335867,-23.666262,-2.0932484,0.4604399,-0.87242913,19 Hermanas Mirabal,2016,20,train
-1.6213255,-18.546309,-1.0174142,-5.1491866,-0.50489783,19 Hermanas Mirabal,2016,21,train
-3.1587505,-17.30113,-0.49398598,-4.3046722,1.526444,19 Hermanas Mirabal,2016,22,train
-3.908405,-27.855225,-4.211534,2.9861197,-1.1225995,19 Hermanas Mirabal,2016,23,train
-6.2619925,-29.258047,-4.222431,4.5135317,-2.558808,19 Hermanas Mirabal,2016,24,train
-8.413917,-17.616447,-1.2955434,0.2097347,3.5179677,19 Hermanas Mirabal,2016,25,train
-13.691303,-18.35385,-3.357118,0.9806138,2.6822207,19 Hermanas Mirabal,2016,26,train
-10.356133,-11.027252,4.633714,28.572027,-4.9811025,19 Hermanas Mirabal,2016,27,train
-11.943821,-10.049666,5.641139,30.153557,-6.2574077,19 Hermanas Mirabal,2016,28,train
-12.713746,-7.705149,5.4071527,28.492014,-3.9125,19 Hermanas Mirabal,2016,29,train
-12.586057,-2.5961905,6.958204,28.493023,-2.3451807,19 Hermanas Mirabal,2016,30,train
-13.970975,-1.8028817,6.6498866,30.754889,-2.3579454,19 Hermanas Mirabal,2016,31,train
-11.521515,-12.711305,2.54741,30.412088,-0.23561151,19 Hermanas Mirabal,2016,32,train
-11.929617,-14.9924,2.5861666,32.351604,-1.4559631,19 Hermanas Mirabal,2016,33,train
-14.734452,0.075641654,4.5327854,29.70453,3.9658244,19 Hermanas Mirabal,2016,34,train
-17.572021,-18.957085,-6.4207892,5.028659,6.8288407,19 Hermanas Mirabal,2016,35,train
-15.512938,-17.50539,-7.696322,7.1776724,11.207612,19 Hermanas Mirabal,2016,36,train
-16.906898,-20.658731,-9.019085,5.761643,12.112171,19 Hermanas Mirabal,2016,37,train
-16.443062,-17.359756,-8.549302,7.5008044,12.375453,19 Hermanas Mirabal,2016,38,train
-14.862542,-12.747567,-7.8966227,6.2816396,13.19432,19 Hermanas Mirabal,2016,39,train
-17.808626,-5.4703693,-5.829924,0.79123896,9.996142,19 Hermanas Mirabal,2016,40,train
-18.827826,-4.237633,-7.163372,1.9713994,11.511424,19 Hermanas Mirabal,2016,41,train
-13.129557,-6.26894,1.9804176,-5.2111297,19.087654,19 Hermanas Mirabal,2016,42,train
-12.925544,-6.503505,0.56499904,-6.2531157,20.8225,19 Hermanas Mirabal,2016,43,train
-11.663804,-2.4959376,4.122728,-5.9312496,21.248886,19 Hermanas Mirabal,2016,44,train
-6.859942,-0.17696282,9.047895,-5.0176063,21.713617,19 Hermanas Mirabal,2016,45,train
-7.236007,-0.61727315,2.4207146,-5.8589735,21.549603,19 Hermanas Mirabal,2016,46,train
-6.3812966,4.4314,-6.0495653,-4.203728,19.415165,19 Hermanas Mirabal,2016,47,train
-5.80556,5.4111533,-7.2114196,-2.4680688,17.681059,19 Hermanas Mirabal,2016,48,train
6.681363,7.9824033,-7.0584464,-1.2937398,17.167908,19 Hermanas Mirabal,2016,49,train
6.097708,7.8609266,-5.899614,0.61145586,15.322145,19 Hermanas Mirabal,2016,50,train
5.484443,6.2915087,-2.241567,-2.0946681,13.998045,19 Hermanas Mirabal,2016,51,train
4.0196085,15.064455,3.3906713,26.418764,7.3511806,19 Hermanas Mirabal,2016,52,train
6.3767014,14.471466,1.5738732,22.039606,5.811067,19 Hermanas Mirabal,2017,1,train
9.001041,16.594337,9.253189,30.058727,3.1529138,19 Hermanas Mirabal,2017,2,train
14.745401,21.316683,11.055059,40.92807,-2.1927915,19 Hermanas Mirabal,2017,3,train
19.505087,17.978682,6.671865,36.072163,-3.1427557,19 Hermanas Mirabal,2017,4,train
15.90496,5.5785174,-6.307213,-3.4853075,11.68501,19 Hermanas Mirabal,2017,5,train
15.2902565,5.1796756,-5.6292543,-6.491604,10.407979,19 Hermanas Mirabal,2017,6,train
15.484937,4.3384852,-3.4457347,-6.098106,7.893785,19 Hermanas Mirabal,2017,7,train
23.888998,5.144208,-6.830769,-10.2753,7.3182926,19 Hermanas Mirabal,2017,8,train
20.21915,2.1135626,-4.6977596,-9.926844,4.982121,19 Hermanas Mirabal,2017,9,train
19.357864,-2.6089664,-2.3854911,-9.226735,7.064495,19 Hermanas Mirabal,2017,10,train
21.4318,-3.9442325,-3.7054846,-4.1253967,4.450238,19 Hermanas Mirabal,2017,11,train
16.491472,-4.9198856,1.6411506,-8.865965,4.0289917,19 Hermanas Mirabal,2017,12,train
23.578587,-8.30579,-2.5416176,-7.0899734,0.6275002,19 Hermanas Mirabal,2017,13,train
19.424498,-13.459476,-0.006815386,-6.90038,-4.6348195,19 Hermanas Mirabal,2017,14,train
22.011538,-13.097891,-0.4383457,-13.832284,-5.219964,19 Hermanas Mirabal,2017,15,train
11.199294,-7.1363554,3.55663,-7.1506495,0.54574,19 Hermanas Mirabal,2017,16,train
7.096789,-7.436408,14.101494,-6.3990407,4.2024765,19 Hermanas Mirabal,2017,17,train
4.0380526,-16.414976,2.3438098,-9.104176,-0.96553963,19 Hermanas Mirabal,2017,18,train
5.109666,-24.185328,-2.0382316,-8.893507,1.645341,19 Hermanas Mirabal,2017,19,train
0.49833167,-15.87925,1.1569417,-7.472556,0.7829451,19 Hermanas Mirabal,2017,20,train
1.3748623,-25.817863,-3.078569,-0.27198932,0.48036653,19 Hermanas Mirabal,2017,21,train
-1.8783329,-21.70496,-1.3013663,-3.7547274,2.8054616,19 Hermanas Mirabal,2017,22,train
-4.3946614,-22.600342,-1.2923623,0.11313504,-2.5147111,19 Hermanas Mirabal,2017,23,train
-8.738331,-18.752829,-1.2185942,-4.315756,-1.0093415,19 Hermanas Mirabal,2017,24,train
-10.682853,-16.29113,-0.16313642,-3.8989916,1.411172,19 Hermanas Mirabal,2017,25,train
-10.950843,-15.557053,0.047579102,-1.8172647,2.0815864,19 Hermanas Mirabal,2017,26,train
-4.709762,-2.8879187,11.0201645,32.643993,-3.9493406,19 Hermanas Mirabal,2017,27,train
-11.008875,-1.5520724,9.373033,36.70135,-1.3168497,19 Hermanas Mirabal,2017,28,train
-7.1013,-6.4926376,6.854414,32.129086,-2.1795712,19 Hermanas Mirabal,2017,29,train
-4.8208184,-8.825268,6.5411167,31.228312,-1.8345981,19 Hermanas Mirabal,2017,30,train
-9.969909,-5.742802,5.512703,31.1028,-0.83623356,19 Hermanas Mirabal,2017,31,train
-10.297037,-6.817565,6.153657,33.415634,-2.371615,19 Hermanas Mirabal,2017,32,train
-10.799095,-1.0654457,7.985464,32.611874,-0.19169071,19 Hermanas Mirabal,2017,33,train
-8.617316,-6.7751985,5.3603973,30.199848,-1.0742064,19 Hermanas Mirabal,2017,34,train
-14.756476,-19.167084,-5.263154,4.546194,5.870262,19 Hermanas Mirabal,2017,35,train
-10.874723,-12.884722,8.339924,-2.033048,16.016705,19 Hermanas Mirabal,2017,36,train
-15.782066,-13.185699,-5.6691275,1.6539459,10.363527,19 Hermanas Mirabal,2017,37,train
-12.737914,-13.705184,6.4601264,-3.079899,19.604897,19 Hermanas Mirabal,2017,38,train
-14.456289,-11.697427,-4.7564015,1.9335715,10.386899,19 Hermanas Mirabal,2017,39,train
-12.802548,-10.709288,-6.4677176,1.9532816,14.795167,19 Hermanas Mirabal,2017,40,train
-13.75354,-10.450874,-8.917749,1.1704334,17.397581,19 Hermanas Mirabal,2017,41,train
-12.853594,-7.556481,-8.7482605,3.2888854,16.955814,19 Hermanas Mirabal,2017,42,train
-13.642692,-6.8616457,-10.649332,3.873205,18.584024,19 Hermanas Mirabal,2017,43,train
-11.339218,-4.487028,-10.072635,4.7619853,18.44965,19 Hermanas Mirabal,2017,44,train
-4.361496,-1.6177732,-5.9278374,0.57819235,18.602926,19 Hermanas Mirabal,2017,45,train
-3.566308,-2.3370218,1.8412853,-2.2058916,24.690498,19 Hermanas Mirabal,2017,46,train
-4.9304957,-1.2922894,-10.978535,2.9331625,21.845905,19 Hermanas Mirabal,2017,47,train
-3.3702426,0.64961,-11.291079,4.7364936,21.828121,19 Hermanas Mirabal,2017,48,train
-6.7947783,7.509886,-9.997737,-0.24203373,18.796883,19 Hermanas Mirabal,2017,49,train
-8.509935,8.347148,-14.028107,-2.1291234,22.691029,19 Hermanas Mirabal,2017,50,train
-4.1913495,8.2032995,-10.41791,-3.3304863,20.165262,19 Hermanas Mirabal,2017,51,train
-6.9708714,15.2734165,2.7335873,32.59556,9.205084,19 Hermanas Mirabal,2017,52,train
7.62389,6.881113,1.7275546,25.547785,11.817155,19 Hermanas Mirabal,2018,1,train
7.183563,5.718028,4.680833,21.99609,7.161915,19 Hermanas Mirabal,2018,2,train
10.203264,5.324762,3.7393255,23.366842,6.70574,19 Hermanas Mirabal,2018,3,train
11.139271,5.3258867,4.98784,24.775965,4.951283,19 Hermanas Mirabal,2018,4,train
17.316628,1.7902946,-7.133608,-1.775882,16.260782,19 Hermanas Mirabal,2018,5,train
11.152441,5.330079,0.2738788,-7.4631615,8.205572,19 Hermanas Mirabal,2018,6,train
13.117925,4.1592913,2.0797012,-8.013649,6.7635884,19 Hermanas Mirabal,2018,7,train
15.736862,3.7868674,0.44857076,-10.945512,5.753494,19 Hermanas Mirabal,2018,8,train
23.867233,5.286694,-3.6151283,-17.11298,3.3877113,19 Hermanas Mirabal,2018,9,train
25.577017,-4.901531,-5.5835166,-6.1062636,7.802795,19 Hermanas Mirabal,2018,10,train
23.575527,-6.3151503,-5.100509,-0.20472373,6.9282446,19 Hermanas Mirabal,2018,11,train
21.68225,-7.324517,-3.4760141,-3.1086345,5.830345,19 Hermanas Mirabal,2018,12,train
25.596354,-6.276527,-2.1202445,-11.85605,2.2677858,19 Hermanas Mirabal,2018,13,train
17.826147,-5.7573195,2.2000818,-10.781758,-7.5796576,19 Hermanas Mirabal,2018,14,train
15.757548,-5.3128204,3.2561848,-7.2412124,-7.939872,19 Hermanas Mirabal,2018,15,train
15.988637,-7.4763856,3.0956178,-8.932215,-9.193788,19 Hermanas Mirabal,2018,16,train
15.736031,-9.123235,3.6548834,-7.5307126,-11.564645,19 Hermanas Mirabal,2018,17,train
1.8967993,-15.7542515,-0.35882404,-13.581,-6.0092735,19 Hermanas Mirabal,2018,18,train
1.9622722,-15.384341,3.145044,-9.292973,-8.998241,19 Hermanas Mirabal,2018,19,train
0.46218303,-13.572934,3.953609,-9.951989,-4.820121,19 Hermanas Mirabal,2018,20,train
-1.5452123,-15.529518,2.8168566,-7.7047133,-7.6967683,19 Hermanas Mirabal,2018,21,train
-4.4622364,-17.54324,2.3695512,-6.5617437,-8.93904,19 Hermanas Mirabal,2018,22,train
-7.5829616,-18.963358,1.9783603,-6.119309,-9.337656,19 Hermanas Mirabal,2018,23,train
-9.131597,-18.111881,1.8792546,-4.7024927,-8.359557,19 Hermanas Mirabal,2018,24,train
-11.197078,-15.164131,0.82933396,-5.627664,-3.5518124,19 Hermanas Mirabal,2018,25,train
-11.665608,-15.073852,1.536885,-3.0135021,-4.777406,19 Hermanas Mirabal,2018,26,train
-12.893092,-4.475896,9.327216,28.985588,-11.556823,19 Hermanas Mirabal,2018,27,train
-13.617996,-0.2924947,9.729262,31.590782,-8.360314,19 Hermanas Mirabal,2018,28,train
-7.469,-0.4334065,11.176284,25.891186,-7.744769,19 Hermanas Mirabal,2018,29,train
-12.84203,-3.0486653,9.20577,28.793879,-10.078728,19 Hermanas Mirabal,2018,30,train
-7.4754524,-0.14892443,12.278928,28.319195,-8.68721,19 Hermanas Mirabal,2018,31,train
-12.588719,-0.37009144,10.278065,29.345205,-9.667745,19 Hermanas Mirabal,2018,32,train
-6.555087,3.4076467,14.553491,29.186405,-7.0557823,19 Hermanas Mirabal,2018,33,train
-6.882423,-0.27751675,12.367384,26.964241,-11.181876,19 Hermanas Mirabal,2018,34,train
-15.944977,-9.405769,0.97334146,-4.104188,4.4439993,19 Hermanas Mirabal,2018,35,train
-16.566772,-9.343877,0.9121131,-3.6588478,0.45665577,19 Hermanas Mirabal,2018,36,train
-17.796614,-8.583067,-0.6837883,-4.486124,2.4333873,19 Hermanas Mirabal,2018,37,train
-17.603289,-7.594001,-0.9263486,-3.6257648,2.6744337,19 Hermanas Mirabal,2018,38,train
-15.922963,-7.4620023,1.2598171,-4.006815,2.818388,19 Hermanas Mirabal,2018,39,train
-16.1605,-2.343656,-1.9673271,-3.7249498,9.801864,19 Hermanas Mirabal,2018,40,train
-16.322823,-1.0843378,-2.87182,-3.2933884,10.124452,19 Hermanas Mirabal,2018,41,train
-15.930124,0.16108054,-2.9250784,-4.2341805,11.633939,19 Hermanas Mirabal,2018,42,train
-20.705027,2.1133802,-7.1421094,-1.9308282,12.030704,19 Hermanas Mirabal,2018,43,train
-18.328348,3.3573735,-7.636901,-4.5838213,13.572423,19 Hermanas Mirabal,2018,44,train
-12.546378,5.5107827,-4.089269,-4.0000343,12.876808,19 Hermanas Mirabal,2018,45,train
-9.016116,6.754445,-2.759154,-2.2933216,11.269914,19 Hermanas Mirabal,2018,46,train
-11.912964,10.403992,-6.555931,-0.7031955,13.35431,19 Hermanas Mirabal,2018,47,train
-9.144451,12.044597,-6.5414495,-1.5210261,13.669569,19 Hermanas Mirabal,2018,48,train
-6.1495233,10.704623,-5.078821,-2.806302,13.951191,19 Hermanas Mirabal,2018,49,train
4.378695,13.898398,-3.6462255,-3.6853242,11.218841,19 Hermanas Mirabal,2018,50,train
6.48572,16.806166,-5.7014003,-4.7488985,12.355845,19 Hermanas Mirabal,2018,51,train
1.5047729,16.03468,7.4515805,21.527822,3.5845656,19 Hermanas Mirabal,2018,52,train
5.426093,21.570518,6.326604,25.495777,0.521028,19 Hermanas Mirabal,2019,1,train
8.176427,23.277094,7.9299717,29.908018,-2.0928247,19 Hermanas Mirabal,2019,2,train
13.834976,21.578743,8.054867,26.935818,-5.486435,19 Hermanas Mirabal,2019,3,train
14.393984,19.146446,9.53902,26.957054,-7.97037,19 Hermanas Mirabal,2019,4,train
13.354228,13.187771,-2.3272073,-8.018408,5.0354047,19 Hermanas Mirabal,2019,5,train
12.370953,15.201577,0.23378588,-14.181039,2.5189464,19 Hermanas Mirabal,2019,6,train
11.157026,12.225348,2.5207574,-12.9332,0.85173285,19 Hermanas Mirabal,2019,7,train
12.959757,11.206422,3.0421958,-10.16254,-2.7447608,19 Hermanas Mirabal,2019,8,train
15.056127,11.389123,2.490129,-13.417149,-3.935695,19 Hermanas Mirabal,2019,9,train
18.976597,7.53602,0.7356535,-11.856103,-3.5875587,19 Hermanas Mirabal,2019,10,train
22.129179,5.1553907,0.869691,-13.612318,-4.699962,19 Hermanas Mirabal,2019,11,train
21.818863,1.7739341,3.150567,-15.373707,-12.178732,19 Hermanas Mirabal,2019,12,train
11.429911,-2.7889023,15.603938,-15.610554,2.4082062,19 Hermanas Mirabal,2019,13,train
12.264389,-1.6810396,5.4755025,-8.729378,-4.085548,19 Hermanas Mirabal,2019,14,train
17.03764,-3.609915,4.025769,-10.986372,-9.975193,19 Hermanas Mirabal,2019,15,train
16.681437,-5.110334,4.5094013,-10.237554,-11.754838,19 Hermanas Mirabal,2019,16,train
15.168078,-8.838994,4.555475,-12.795799,-13.057129,19 Hermanas Mirabal,2019,17,train
11.099878,-8.664734,4.4019465,-11.296859,-10.224809,19 Hermanas Mirabal,2019,18,train
9.327113,-5.939107,6.7789154,-7.115533,-13.135666,19 Hermanas Mirabal,2019,19,train
-6.156626,-14.624794,4.1309104,-10.425403,-15.342155,19 Hermanas Mirabal,2019,20,train
-5.290531,-11.970154,3.6058512,-12.210844,-4.453747,19 Hermanas Mirabal,2019,21,train
-6.038426,-11.297945,4.27965,-9.894656,-3.4411125,19 Hermanas Mirabal,2019,22,train
-9.443004,-9.580507,4.359429,-8.926842,-5.8934736,19 Hermanas Mirabal,2019,23,train
-11.996421,-11.458363,3.92205,-6.4155383,-9.43783,19 Hermanas Mirabal,2019,24,train
-15.985297,-11.845952,2.9135876,-5.5855036,-9.566838,19 Hermanas Mirabal,2019,25,train
-16.435127,-9.737968,2.5618014,-6.111665,-5.2495427,19 Hermanas Mirabal,2019,26,train
-17.899286,-0.21358827,11.615398,32.800434,-14.57813,19 Hermanas Mirabal,2019,27,train
-14.851481,3.7848969,12.80615,28.447348,-11.848383,19 Hermanas Mirabal,2019,28,train
-16.443857,5.763955,11.974573,28.193615,-9.769844,19 Hermanas Mirabal,2019,29,train
-16.963066,3.615632,10.093477,26.1751,-9.03616,19 Hermanas Mirabal,2019,30,train
-16.01163,7.831037,12.98209,28.145437,-5.9641256,19 Hermanas Mirabal,2019,31,train
-18.725674,5.093028,8.83414,23.357353,-7.337254,19 Hermanas Mirabal,2019,32,train
-19.482838,6.093856,9.273228,26.153511,-7.106266,19 Hermanas Mirabal,2019,33,train
-18.199516,7.543381,10.041146,26.429592,-6.585772,19 Hermanas Mirabal,2019,34,train
-28.366152,-4.9911494,-2.3744628,-0.10676583,-0.35583863,19 Hermanas Mirabal,2019,35,train
-24.150326,-4.016105,-0.2970427,-2.8286297,-2.4269621,19 Hermanas Mirabal,2019,36,train
-22.87367,-2.5466936,0.4337678,-3.24167,-0.9455849,19 Hermanas Mirabal,2019,37,train
-18.322992,0.25446552,3.688379,-5.180683,2.8766499,19 Hermanas Mirabal,2019,38,train
-15.173575,0.4965002,9.280752,-7.109431,7.502432,19 Hermanas Mirabal,2019,39,train
-19.108032,-0.16130498,-1.3342266,-4.8996625,6.032008,19 Hermanas Mirabal,2019,40,train
-21.749165,1.9505792,-3.8893635,-1.2207427,6.4377656,19 Hermanas Mirabal,2019,41,train
-24.844517,3.4487128,-5.7026243,-0.61023057,8.184444,19 Hermanas Mirabal,2019,42,train
-16.221123,4.0002246,-1.8098942,-4.2938204,8.394303,19 Hermanas Mirabal,2019,43,train
-17.7539,6.455639,-3.7688508,-4.922779,10.157173,19 Hermanas Mirabal,2019,44,train
-16.991972,8.454832,-4.905044,-3.4696703,10.136017,19 Hermanas Mirabal,2019,45,train
-14.5184555,10.022292,-4.18688,-2.3055465,10.204615,19 Hermanas Mirabal,2019,46,train
-17.600046,14.185443,-6.2211533,-8.256829,14.635744,19 Hermanas Mirabal,2019,47,train
-14.971731,15.789672,-7.645175,-6.895593,13.91171,19 Hermanas Mirabal,2019,48,train
-1.0262051,15.849348,0.60204506,-5.8892665,10.0967,19 Hermanas Mirabal,2019,49,train
-0.5394218,12.078749,3.251548,-6.1701236,9.445492,19 Hermanas Mirabal,2019,50,train
1.0705166,13.720929,0.79197437,-5.9290223,8.651535,19 Hermanas Mirabal,2019,51,train
-1.248864,24.787802,5.1976395,20.853287,1.7654628,19 Hermanas Mirabal,2019,52,train
0.25858122,23.410755,5.404854,22.225544,2.0388906,19 Hermanas Mirabal,2020,1,val
2.4113252,21.523325,7.5775137,24.654526,0.36499175,19 Hermanas Mirabal,2020,2,val
4.0894666,18.798197,12.332576,28.626978,-1.2197771,19 Hermanas Mirabal,2020,3,val
6.3300743,16.581305,10.917956,22.13219,-2.7485309,19 Hermanas Mirabal,2020,4,val
13.289252,16.224928,-3.3331075,-10.992855,4.9459357,19 Hermanas Mirabal,2020,5,val
8.258423,10.78776,1.9070477,-8.722141,3.0291793,19 Hermanas Mirabal,2020,6,val
9.85659,9.928754,2.6745958,-9.668558,2.0154188,19 Hermanas Mirabal,2020,7,val
10.995822,8.394855,2.2996712,-10.486416,1.4214386,19 Hermanas Mirabal,2020,8,val
14.664057,8.276075,1.2851983,-14.926278,-1.2074254,19 Hermanas Mirabal,2020,9,val
14.157207,-3.1382234,7.454805,-11.8168745,9.2002325,19 Hermanas Mirabal,2020,10,val
15.767811,-2.1267872,2.8908908,-10.608671,2.352522,19 Hermanas Mirabal,2020,11,val
20.359215,-2.999779,1.4520143,-14.614916,0.7601597,19 Hermanas Mirabal,2020,12,val
22.045576,-7.5766053,-0.21055993,-13.567811,-0.57401544,19 Hermanas Mirabal,2020,13,val
22.053305,-13.342363,-1.0214682,-8.514616,-1.5014945,19 Hermanas Mirabal,2020,14,val
18.26231,-16.21654,-0.24442975,-2.0922353,-3.112437,19 Hermanas Mirabal,2020,15,val
17.38613,-14.309908,0.68722385,0.10864479,-1.8857399,19 Hermanas Mirabal,2020,16,val
22.486666,-20.547117,-0.46838313,0.8490519,-6.6760154,19 Hermanas Mirabal,2020,17,val
19.400536,-17.423338,0.5352057,2.5108747,-6.3447123,19 Hermanas Mirabal,2020,18,val
15.641942,-17.90825,0.19772898,1.2453471,-4.318149,19 Hermanas Mirabal,2020,19,val
16.500664,-17.975687,0.7812793,3.4778805,-6.1192045,19 Hermanas Mirabal,2020,20,val
14.038564,-17.50899,1.3895165,4.677516,-6.1292443,19 Hermanas Mirabal,2020,21,val
15.36949,-20.124638,1.1758398,6.65789,-4.904704,19 Hermanas Mirabal,2020,22,val
-4.679158,-23.703255,-1.8778603,-0.18878177,-2.7234461,19 Hermanas Mirabal,2020,23,val
-8.279173,-24.337212,-2.298964,-0.83065623,-3.6174905,19 Hermanas Mirabal,2020,24,val
-9.791693,-24.5309,-2.9311175,1.301599,-2.1758156,19 Hermanas Mirabal,2020,25,val
-13.598988,-22.15046,-3.1575253,1.2680346,-1.8662313,19 Hermanas Mirabal,2020,26,val
-10.505483,-15.088682,3.7744434,33.16424,-4.450232,19 Hermanas Mirabal,2020,27,val
-5.4071693,-10.325573,6.419898,30.62551,-5.2176867,19 Hermanas Mirabal,2020,28,val
-9.949889,-12.818064,4.9485035,32.15435,-5.085419,19 Hermanas Mirabal,2020,29,val
-8.634501,-5.1717734,8.989933,34.86109,-5.10922,19 Hermanas Mirabal,2020,30,val
-0.9299433,-9.2880945,19.973927,28.176052,11.396037,19 Hermanas Mirabal,2020,31,val
-5.4522796,-16.800232,1.4727381,30.910187,2.0058353,19 Hermanas Mirabal,2020,32,val
-5.9339395,-11.489932,2.0787554,28.1042,3.9192665,19 Hermanas Mirabal,2020,33,val
-2.0168865,-12.30669,15.577185,28.595175,18.57236,19 Hermanas Mirabal,2020,34,val
-9.042918,-21.706253,-6.187744,5.6698728,11.888279,19 Hermanas Mirabal,2020,35,val
-10.841267,-12.331116,-1.1882681,1.9645226,9.702737,19 Hermanas Mirabal,2020,36,val
-12.716294,-17.450256,-5.9923244,5.5365043,9.848325,19 Hermanas Mirabal,2020,37,val
-14.995379,-16.879915,-7.4560127,4.4376016,11.887605,19 Hermanas Mirabal,2020,38,val
-16.919853,-17.462519,-9.78095,3.4948392,14.538312,19 Hermanas Mirabal,2020,39,val
-14.17936,-7.320523,-3.53564,-0.72630537,12.672877,19 Hermanas Mirabal,2020,40,val
-16.03097,-8.049676,-9.339404,2.7141697,15.213683,19 Hermanas Mirabal,2020,41,val
-13.60045,-6.419025,-8.249922,4.364269,14.8732605,19 Hermanas Mirabal,2020,42,val
-17.745306,-6.323274,-12.375983,4.7015305,19.011326,19 Hermanas Mirabal,2020,43,val
-9.233646,-1.831071,-5.6100497,2.9820166,14.795929,19 Hermanas Mirabal,2020,44,val
-6.906182,-0.5022533,-4.811397,1.0266783,15.980725,19 Hermanas Mirabal,2020,45,val
-5.2877884,0.64917916,-4.629919,0.37153563,16.503511,19 Hermanas Mirabal,2020,46,val
-4.8836813,1.0849677,-7.9311037,-0.95688134,19.96403,19 Hermanas Mirabal,2020,47,val
-4.4784346,2.9065754,-11.29933,0.6711604,21.773556,19 Hermanas Mirabal,2020,48,val
2.708839,-4.2644553,-15.745849,7.6532664,28.92243,19 Hermanas Mirabal,2020,49,val
4.099773,-5.7687783,-12.060265,5.7215962,28.269535,19 Hermanas Mirabal,2020,50,val
5.0496964,-5.598067,-12.233791,4.1323633,27.757593,19 Hermanas Mirabal,2020,51,val
1.7471706,0.62497133,-2.83001,34.211643,18.49666,19 Hermanas Mirabal,2020,52,val
2.7250237,0.32349762,-7.7411323,41.946938,21.990328,19 Hermanas Mirabal,2021,1,val
3.6705492,-2.9987302,-9.9662485,39.179775,22.122538,19 Hermanas Mirabal,2021,2,val
5.787063,-5.3855333,-7.0288925,36.215126,19.894684,19 Hermanas Mirabal,2021,3,val
4.812216,-2.6141872,-6.400788,45.39547,18.849886,19 Hermanas Mirabal,2021,4,val
12.108584,-15.427781,-15.324709,3.345361,25.69452,19 Hermanas Mirabal,2021,5,val
9.686679,-12.921755,-12.905698,-0.7160022,20.152645,19 Hermanas Mirabal,2021,6,val
10.717162,-14.677771,-14.463935,-1.2565386,20.890495,19 Hermanas Mirabal,2021,7,val
10.496772,-15.295623,-13.434928,-2.6186674,19.431852,19 Hermanas Mirabal,2021,8,val
13.328352,-19.253614,-18.475859,-4.2230883,21.537424,19 Hermanas Mirabal,2021,9,val
17.575077,-1.3050206,-1.5990498,-9.452987,4.800399,19 Hermanas Mirabal,2021,10,val
23.423916,-1.0234212,-2.4209366,-10.991675,1.0086328,19 Hermanas Mirabal,2021,11,val
18.086166,-3.3201506,-0.728056,-6.360849,0.78499377,19 Hermanas Mirabal,2021,12,val
18.742815,-7.2081313,-0.5171953,-7.8398824,-0.99094373,19 Hermanas Mirabal,2021,13,val
17.203957,-7.3088813,0.6654935,-12.080438,1.0011712,19 Hermanas Mirabal,2021,14,val
26.12902,-18.230358,-2.2550275,-9.493293,-4.4188867,19 Hermanas Mirabal,2021,15,val
20.175108,-15.606991,-0.544198,-2.3916483,-3.7441025,19 Hermanas Mirabal,2021,16,val
17.481535,-13.4927,1.077461,-6.4909353,-3.410888,19 Hermanas Mirabal,2021,17,val
7.3509746,-24.210567,-2.556965,-6.0440617,-1.7447584,19 Hermanas Mirabal,2021,18,val
5.1372848,-24.09147,-2.9559064,-4.055543,-0.9324358,19 Hermanas Mirabal,2021,19,val
0.47729886,-21.898693,-3.3435166,-11.033966,-0.8207293,19 Hermanas Mirabal,2021,20,val
0.7905022,-17.846634,1.2018867,-4.0279684,-0.029051982,19 Hermanas Mirabal,2021,21,val
-1.652757,-14.581332,3.3850205,-4.7179623,1.0152278,19 Hermanas Mirabal,2021,22,val
-4.95407,-16.873081,0.6836076,-5.902482,1.3862324,19 Hermanas Mirabal,2021,23,val
-5.2124248,-16.089916,0.59736365,-0.50235754,-0.61079264,19 Hermanas Mirabal,2021,24,val
-10.608183,-14.573323,1.0613128,-4.3933525,1.6643711,19 Hermanas Mirabal,2021,25,val
-11.51398,-14.378667,0.3297273,-2.907616,1.4713348,19 Hermanas Mirabal,2021,26,val
-3.0439465,-6.8795,7.4823623,36.368645,0.31872177,19 Hermanas Mirabal,2021,27,val
-7.3191614,-4.7896566,7.054014,37.593407,2.0899496,19 Hermanas Mirabal,2021,28,val
-8.728085,-9.568347,3.318214,33.51196,3.1168025,19 Hermanas Mirabal,2021,29,val
-9.294028,-10.089368,3.1026623,34.111637,2.8527648,19 Hermanas Mirabal,2021,30,val
-5.769534,-10.560914,3.7904909,31.349531,2.0285306,19 Hermanas Mirabal,2021,31,val
-2.8192537,-5.668143,19.00726,31.803127,9.891604,19 Hermanas Mirabal,2021,32,val
-9.694966,1.179905,9.300399,28.670277,1.1003824,19 Hermanas Mirabal,2021,33,val
-14.717987,-7.5745406,3.0134258,29.578259,0.0025340873,19 Hermanas Mirabal,2021,34,val
-20.929644,-17.366959,-5.5769353,4.3474574,5.5170646,19 Hermanas Mirabal,2021,35,val
-17.522099,-21.189203,-7.9589624,8.39722,9.353151,19 Hermanas Mirabal,2021,36,val
-13.875791,-14.427947,-5.398177,1.5402644,12.08889,19 Hermanas Mirabal,2021,37,val
-14.787108,-13.541337,-6.6133065,3.806397,12.745005,19 Hermanas Mirabal,2021,38,val
-16.695755,-13.855536,-8.110342,0.22698948,14.930117,19 Hermanas Mirabal,2021,39,val
-15.862407,-10.135786,-8.401626,3.7438042,14.340231,19 Hermanas Mirabal,2021,40,val
-10.0651865,-10.960476,0.72735375,-0.42300248,20.754814,19 Hermanas Mirabal,2021,41,val
-14.033452,-7.767927,-8.685912,2.6080427,16.882307,19 Hermanas Mirabal,2021,42,val
-18.65275,-6.7538433,-13.393763,7.277221,20.382109,19 Hermanas Mirabal,2021,43,val
-13.5841875,-4.494654,-10.986169,5.146606,18.992018,19 Hermanas Mirabal,2021,44,val
-13.395435,-4.5879188,-14.524943,7.419411,23.032618,19 Hermanas Mirabal,2021,45,val
-10.307556,-1.5631735,-14.164928,7.4715333,23.074095,19 Hermanas Mirabal,2021,46,val
-8.190389,-2.0251522,-16.101847,3.1016622,25.985855,19 Hermanas Mirabal,2021,47,val
-3.9670346,0.46713337,-13.338285,4.691413,23.303806,19 Hermanas Mirabal,2021,48,val
1.4876444,-1.9177784,-14.136689,5.743574,26.36301,19 Hermanas Mirabal,2021,49,val
12.134934,0.5443266,-9.130007,3.3025362,23.243912,19 Hermanas Mirabal,2021,50,val
12.804736,0.14232197,-10.065888,5.3656693,22.449253,19 Hermanas Mirabal,2021,51,val
13.652171,9.246548,-6.203621,29.542488,16.9214,19 Hermanas Mirabal,2021,52,val
2.5561297,10.134694,2.665587,4.0837693,-1.5139415,20 Samaná,2015,1,train
3.8297036,10.501391,3.146865,4.642444,-2.0746186,20 Samaná,2015,2,train
4.0920415,10.494146,4.981023,7.9681664,-3.303949,20 Samaná,2015,3,train
6.4795523,11.032409,4.614734,7.50987,-4.295455,20 Samaná,2015,4,train
3.965228,8.219266,0.90206367,-6.6055546,1.919699,20 Samaná,2015,5,train
7.2878714,7.5863967,0.123789325,-2.944585,1.0163512,20 Samaná,2015,6,train
7.053922,6.4977884,-0.23142056,-4.863378,1.0198448,20 Samaná,2015,7,train
7.1779103,5.988767,1.024225,-3.0387352,-0.5931606,20 Samaná,2015,8,train
8.149155,5.7606387,1.9444488,-1.4631379,-2.704643,20 Samaná,2015,9,train
8.027481,6.0781674,2.678561,-0.5405909,-4.295054,20 Samaná,2015,10,train
7.0815725,5.384522,2.9109008,-1.197719,-4.5886745,20 Samaná,2015,11,train
8.946447,4.905449,3.5874872,-1.8816388,-5.979543,20 Samaná,2015,12,train
9.897815,3.3628201,4.3723974,-2.523994,-9.966736,20 Samaná,2015,13,train
9.038284,2.5930831,3.1169798,-1.2987714,-5.740886,20 Samaná,2015,14,train
7.0114675,2.091778,3.00245,-1.059525,-5.0805206,20 Samaná,2015,15,train
8.519072,0.9082039,3.708033,-1.3027965,-8.062037,20 Samaná,2015,16,train
0.18938062,-10.6566105,2.6086183,-5.032589,-14.082562,20 Samaná,2015,17,train
-0.57643247,-11.152433,1.5870962,-3.7677474,-16.019669,20 Samaná,2015,18,train
-2.5391614,-4.8507414,5.2709446,-3.4211042,-13.765586,20 Samaná,2015,19,train
-2.961535,-2.4555438,5.6500225,-3.184277,-11.87472,20 Samaná,2015,20,train
-2.9596848,-1.835779,4.671221,-3.5235543,-6.598723,20 Samaná,2015,21,train
-3.6950865,-2.676342,4.5940647,-3.4529889,-5.463996,20 Samaná,2015,22,train
-4.276583,-4.8657837,4.1645584,-1.7802166,-5.5293217,20 Samaná,2015,23,train
-5.2405005,-5.914267,3.4918368,-1.0880078,-7.157101,20 Samaná,2015,24,train
-5.3422446,-5.121589,3.5198376,0.40386224,-7.0361633,20 Samaná,2015,25,train
-7.1726136,-6.220924,2.4014912,1.0174413,-5.896969,20 Samaná,2015,26,train
-3.6235518,0.5203083,6.0576158,5.6006255,-8.414015,20 Samaná,2015,27,train
-4.0739455,1.2883788,6.887512,6.677503,-8.922569,20 Samaná,2015,28,train
-5.938465,0.50619614,6.633741,6.103504,-9.842021,20 Samaná,2015,29,train
-7.703504,0.19788477,6.8204784,6.902285,-10.727583,20 Samaná,2015,30,train
-7.395535,0.66928,6.402256,4.607149,-11.033264,20 Samaná,2015,31,train
-9.00926,4.8973413,8.992692,3.6634943,-14.7766075,20 Samaná,2015,32,train
-10.078652,4.1816444,8.518293,2.647064,-15.335199,20 Samaná,2015,33,train
-10.089401,5.5838327,9.331755,3.8697355,-15.368699,20 Samaná,2015,34,train
-10.616556,2.944029,3.980035,-1.9225212,-6.5744486,20 Samaná,2015,35,train
-13.539254,4.680439,5.757894,-3.400879,-9.731181,20 Samaná,2015,36,train
-12.984479,5.9510436,5.648186,-3.4739592,-9.690732,20 Samaná,2015,37,train
-11.6262665,7.701917,6.4803696,-4.68078,-6.995732,20 Samaná,2015,38,train
-14.222677,6.8407903,4.9176836,-2.8829482,-7.2344503,20 Samaná,2015,39,train
-19.24241,11.957033,3.2895336,-2.4103231,-9.551228,20 Samaná,2015,40,train
-20.047733,11.794299,2.1580555,-2.9109125,-7.630989,20 Samaná,2015,41,train
-14.912426,12.0331745,4.696953,-3.1409075,-6.1900845,20 Samaná,2015,42,train
-13.443603,12.370368,5.374921,-5.335233,-4.8095255,20 Samaná,2015,43,train
-11.465352,12.817208,6.478754,-5.885901,-4.466065,20 Samaná,2015,44,train
-7.8632584,9.418445,4.000037,-2.5244393,-0.16619597,20 Samaná,2015,45,train
-9.094343,11.690341,1.2712419,0.4052948,-0.118996516,20 Samaná,2015,46,train
-8.689015,14.116921,0.44068447,-0.6448184,1.1564375,20 Samaná,2015,47,train
-3.7960377,14.626922,2.139472,-3.8272688,0.08148293,20 Samaná,2015,48,train
-2.7278311,13.103982,1.478469,-0.7906169,0.25251368,20 Samaná,2015,49,train
-0.89753056,14.513906,0.9601413,-0.303687,0.44528034,20 Samaná,2015,50,train
-0.6249099,12.980862,1.7831494,-1.3966012,-0.42875037,20 Samaná,2015,51,train
-1.6528585,11.469521,4.1459713,3.9650335,-1.7367163,20 Samaná,2015,52,train
-1.5600302,17.948048,7.3734016,2.3553572,-7.0999093,20 Samaná,2016,1,train
1.4604152,21.596605,6.909767,3.2543998,-9.001599,20 Samaná,2016,2,train
1.838829,20.631685,8.751215,7.0881767,-10.981763,20 Samaná,2016,3,train
1.0544169,16.842386,9.60323,5.1056495,-10.5788965,20 Samaná,2016,4,train
2.0193887,16.887877,4.9077344,-7.346461,-6.866739,20 Samaná,2016,5,train
1.8980567,14.3234005,5.515945,-6.3908224,-6.9429374,20 Samaná,2016,6,train
2.1127937,13.978162,5.419065,-7.6327186,-7.489707,20 Samaná,2016,7,train
3.5296757,13.813333,6.6151695,-6.095751,-9.609478,20 Samaná,2016,8,train
0.25833622,11.944635,8.083378,-7.7090487,-8.938161,20 Samaná,2016,9,train
7.6190257,6.0652804,2.70936,-4.350658,-4.374954,20 Samaná,2016,10,train
7.9276514,7.1284704,4.5052495,-3.4376228,-7.4495964,20 Samaná,2016,11,train
6.674641,6.23091,4.5798054,-4.600387,-8.340654,20 Samaná,2016,12,train
7.0322742,6.1963754,5.248439,-3.9680722,-9.477468,20 Samaná,2016,13,train
4.6244884,5.8499846,6.7464967,-6.36672,-12.190969,20 Samaná,2016,14,train
4.3515882,6.0080357,6.4958158,-4.220542,-10.980473,20 Samaná,2016,15,train
2.8382938,4.5707607,6.099761,-9.678043,-12.004668,20 Samaná,2016,16,train
1.7333547,-0.30600026,15.024343,-10.620548,2.0785532,20 Samaná,2016,17,train
-3.5728114,0.25098997,5.746101,-8.554583,-9.633783,20 Samaná,2016,18,train
2.1966014,-9.3217945,0.9621636,-0.30620992,-0.21274222,20 Samaná,2016,19,train
2.900006,-13.224523,-0.14099884,3.2752705,-0.6012472,20 Samaná,2016,20,train
0.14890184,-11.1747875,-0.584057,-0.31880388,0.35190585,20 Samaná,2016,21,train
0.67180735,-11.889332,4.7270184,-1.4119495,7.628579,20 Samaná,2016,22,train
0.12570801,-13.285928,-0.8926949,3.7907844,1.4951336,20 Samaná,2016,23,train
-0.9159609,-16.116768,-1.832544,5.452607,0.5236704,20 Samaná,2016,24,train
-2.227365,-9.733142,0.13429949,3.6536582,0.17726351,20 Samaná,2016,25,train
-6.4424944,-9.176762,-0.46512964,4.0444427,-0.22297806,20 Samaná,2016,26,train
-1.8360904,-7.1978555,2.4262807,9.930385,-2.5540786,20 Samaná,2016,27,train
-1.9957547,-7.386912,2.5212972,10.453817,-3.2484903,20 Samaná,2016,28,train
-2.5923011,-7.0052214,2.6831102,11.283538,-3.146793,20 Samaná,2016,29,train
-3.2449641,-3.9662757,3.3520408,11.41497,-1.5645912,20 Samaná,2016,30,train
-5.716673,-3.7739904,1.9501511,10.581544,0.26095557,20 Samaná,2016,31,train
-1.6574506,-8.976479,0.94791245,12.601034,0.74765676,20 Samaná,2016,32,train
-2.0781126,-10.817856,0.6977178,11.830879,-1.4288074,20 Samaná,2016,33,train
-5.5972643,-0.6255391,3.2106185,16.05043,2.9001615,20 Samaná,2016,34,train
-6.682912,-9.871028,-2.3534498,6.327098,2.8907351,20 Samaná,2016,35,train
-5.656606,-9.410436,-3.6827514,6.9543104,6.44509,20 Samaná,2016,36,train
-4.5799384,-10.630514,-3.3180048,7.856148,5.6627307,20 Samaná,2016,37,train
-5.5293145,-12.346228,-5.0662327,8.894085,8.408342,20 Samaná,2016,38,train
-7.1537147,-5.9779444,-3.9194436,7.472015,6.1711555,20 Samaná,2016,39,train
-11.234513,-3.0537026,-3.9847462,3.7092502,5.710598,20 Samaná,2016,40,train
-13.215457,-2.003,-5.3275337,6.0496664,7.125544,20 Samaná,2016,41,train
-11.015751,-1.4864272,-4.9590573,4.1775517,7.443786,20 Samaná,2016,42,train
-8.09278,-0.82166886,-3.4108925,2.5966709,8.010486,20 Samaná,2016,43,train
-5.2593904,-0.031885855,-1.6600001,1.9486105,8.167512,20 Samaná,2016,44,train
-4.4176626,-1.0303661,4.8756995,-2.561574,13.860969,20 Samaná,2016,45,train
-4.1347837,0.8890065,-1.7589287,1.1944842,9.796121,20 Samaná,2016,46,train
-3.3029761,2.3068602,-4.4264174,0.9200166,10.033984,20 Samaná,2016,47,train
-4.51729,3.2399902,-5.205374,2.0021727,10.560479,20 Samaná,2016,48,train
3.4867322,5.442172,-3.7239826,4.477445,8.308129,20 Samaná,2016,49,train
3.7809193,5.143677,-3.3159359,4.3977423,7.7374673,20 Samaná,2016,50,train
3.7736988,4.3116665,-1.4684215,2.9433744,6.338519,20 Samaná,2016,51,train
3.1524658,7.3824606,-0.2469348,11.448209,5.2671347,20 Samaná,2016,52,train
3.8954923,8.80503,0.6700788,14.138978,3.9357605,20 Samaná,2017,1,train
7.40752,8.832051,0.5837023,13.839395,1.931554,20 Samaná,2017,2,train
9.6010475,12.1885195,3.916341,22.316164,-2.0964556,20 Samaná,2017,3,train
13.013228,12.096022,2.0117366,22.63273,-1.773489,20 Samaná,2017,4,train
9.246821,2.3664744,-3.7835963,-0.49943215,7.081987,20 Samaná,2017,5,train
8.4073715,2.4671698,-2.4699419,-1.8717722,5.703429,20 Samaná,2017,6,train
11.322379,1.6615351,-4.373401,-5.5091825,6.41129,20 Samaná,2017,7,train
13.231212,2.637297,-2.849605,-2.6090496,3.051581,20 Samaná,2017,8,train
9.6917305,0.86922514,-0.5824056,-1.0246818,1.771337,20 Samaná,2017,9,train
10.899491,-1.9439496,-1.7002645,-2.5067184,3.2545023,20 Samaná,2017,10,train
13.141685,-3.1564407,-1.7812105,0.66216165,2.6327188,20 Samaná,2017,11,train
10.437202,-4.5960965,-0.49179122,-3.4753077,3.6467469,20 Samaná,2017,12,train
16.396502,-6.7007217,-2.6930108,-0.93559813,1.5466726,20 Samaná,2017,13,train
14.095124,-6.936346,-0.30593145,-0.66503227,-3.2298741,20 Samaná,2017,14,train
12.876247,-4.5785728,0.35018793,-1.4508137,-3.2741907,20 Samaná,2017,15,train
7.7284846,-4.81129,0.60731995,-2.8014176,0.428916,20 Samaná,2017,16,train
8.292683,-10.553154,8.17738,-7.1194143,8.141516,20 Samaná,2017,17,train
8.792211,-11.729737,4.179411,-3.5937564,8.16469,20 Samaná,2017,18,train
5.007631,-16.095768,-2.4572005,-1.0377892,2.1800597,20 Samaná,2017,19,train
1.6450071,-10.4114275,-0.16306406,-1.4718505,0.46857375,20 Samaná,2017,20,train
2.489997,-15.007534,-1.7748998,1.8905835,1.7546283,20 Samaná,2017,21,train
-0.6539565,-12.939751,-1.7506799,-1.4869256,2.0983562,20 Samaná,2017,22,train
-1.295966,-13.657,-0.8956241,2.1316428,-0.08199831,20 Samaná,2017,23,train
-3.0674107,-10.688567,0.08611935,1.462521,-1.0358534,20 Samaná,2017,24,train
-3.8807561,-9.435898,0.2513634,1.4451824,0.4817225,20 Samaná,2017,25,train
-3.969435,-8.549114,0.40183,2.0768263,0.5775111,20 Samaná,2017,26,train
-1.1587467,-2.2251477,4.8034673,21.495604,-1.9557202,20 Samaná,2017,27,train
-6.078552,-1.9493262,3.5408273,25.574797,0.6855515,20 Samaná,2017,28,train
-0.518532,-5.34062,3.1027658,14.420744,-1.3919196,20 Samaná,2017,29,train
-0.14526324,-3.984294,4.6966186,20.849234,-0.03455985,20 Samaná,2017,30,train
-1.3459228,-6.0823326,2.4099042,14.484784,-0.6822895,20 Samaná,2017,31,train
-2.2548504,-3.647531,4.272885,21.096998,-2.133934,20 Samaná,2017,32,train
-5.4931803,-0.1337502,3.6366808,19.285704,0.97284096,20 Samaná,2017,33,train
-2.2729201,-4.33177,3.6944501,14.378286,-0.9930473,20 Samaná,2017,34,train
-5.7520895,-12.061254,-2.9299026,5.0157127,4.094215,20 Samaná,2017,35,train
-4.850066,-8.183016,8.580933,-0.36508435,11.759986,20 Samaná,2017,36,train
-4.49058,-7.280408,5.404514,1.6854907,9.162025,20 Samaná,2017,37,train
-6.086566,-10.093131,25.511187,-8.503152,25.327494,20 Samaná,2017,38,train
-6.70887,-6.0817604,-2.7015965,3.6055489,6.8936596,20 Samaná,2017,39,train
-6.557564,-8.089247,-4.5448585,2.3313062,10.121432,20 Samaná,2017,40,train
-4.3547034,-11.580501,-0.82368237,2.163735,18.137608,20 Samaná,2017,41,train
-5.761603,-3.9208248,-4.79607,6.9360523,8.837546,20 Samaná,2017,42,train
-5.1831174,-4.7190156,-5.5889187,5.221874,11.114852,20 Samaná,2017,43,train
-6.7030616,-4.4798994,-7.9451494,6.3545218,12.860874,20 Samaná,2017,44,train
-2.2643716,-0.42035854,8.264369,0.3298443,14.775397,20 Samaná,2017,45,train
-1.6906811,-0.6492701,7.5582685,-0.77299005,17.493784,20 Samaná,2017,46,train
-1.8816562,-2.576705,-6.9814544,2.951629,14.310316,20 Samaná,2017,47,train
-0.27435192,-0.4284353,-6.5000815,5.5118155,13.037951,20 Samaná,2017,48,train
-3.1792204,4.4224863,-4.583395,3.1834557,9.8927,20 Samaná,2017,49,train
-5.007867,6.112065,-9.475599,1.3770665,13.868701,20 Samaná,2017,50,train
4.544018,6.2511477,-3.7412043,1.661399,7.94431,20 Samaná,2017,51,train
2.6042745,8.4466,0.44522265,13.745507,4.599978,20 Samaná,2017,52,train
5.8169146,3.0427067,-0.93343586,17.72583,8.305546,20 Samaná,2018,1,train
5.1314664,2.6798077,1.2779285,13.31622,5.363101,20 Samaná,2018,2,train
5.860272,2.3833985,2.1142042,14.128272,4.576922,20 Samaná,2018,3,train
6.826013,2.7549,2.369053,16.136099,2.8313394,20 Samaná,2018,4,train
11.242561,-0.6713543,-4.7584558,3.0182467,9.068334,20 Samaná,2018,5,train
7.420482,3.3824563,-0.22333004,-0.8412061,3.0847516,20 Samaná,2018,6,train
8.195246,3.0461884,0.11688492,-1.0273038,2.138168,20 Samaná,2018,7,train
9.880197,2.810409,-0.5384316,-2.6153026,1.5359064,20 Samaná,2018,8,train
13.472482,1.6414558,-1.8180002,-9.3686,1.3909239,20 Samaná,2018,9,train
16.777582,-5.8278713,-5.1585884,-0.23442364,6.5394464,20 Samaná,2018,10,train
16.524834,-7.557362,-4.81301,2.6523144,6.661021,20 Samaná,2018,11,train
15.869805,-8.472395,-4.3853645,0.98908526,6.1493945,20 Samaná,2018,12,train
13.91479,-2.2255654,-0.6608287,-0.40854672,-0.12491486,20 Samaná,2018,13,train
10.917383,-3.7370994,1.3777199,-5.905248,-5.20883,20 Samaná,2018,14,train
9.373933,-1.5871145,2.1973016,-1.8030543,-4.149774,20 Samaná,2018,15,train
7.8174396,-1.7976031,2.7044172,-0.9141194,-3.4362335,20 Samaná,2018,16,train
9.737479,-3.4585562,2.3757648,-1.7185516,-6.232197,20 Samaná,2018,17,train
7.211007,-6.175022,1.6723336,-4.912809,-4.915395,20 Samaná,2018,18,train
6.014108,-4.0978866,2.9168212,-2.0124476,-5.194504,20 Samaná,2018,19,train
4.4378953,-3.8851097,3.1532238,-1.8114283,-3.7318478,20 Samaná,2018,20,train
-0.029426996,-8.378711,2.805834,-1.2745494,-5.7594185,20 Samaná,2018,21,train
-1.3084718,-8.525971,2.6086721,-1.4175754,-5.1723065,20 Samaná,2018,22,train
-3.2835202,-9.284583,1.9493352,-2.004517,-5.0537934,20 Samaná,2018,23,train
-4.566235,-9.504141,1.7289386,-1.8722016,-4.595521,20 Samaná,2018,24,train
-6.9046307,-9.544633,0.44351003,-2.670117,-2.9740589,20 Samaná,2018,25,train
-5.365271,-8.036823,1.9171461,1.2961967,-4.536434,20 Samaná,2018,26,train
-3.1230164,-0.9912794,6.6956253,18.269688,-8.247425,20 Samaná,2018,27,train
-5.3180227,2.1173406,6.5584435,20.369102,-5.010448,20 Samaná,2018,28,train
-3.0136528,-0.5729097,6.315325,14.0835,-4.945209,20 Samaná,2018,29,train
-3.8146744,-0.9457605,6.213752,15.404529,-5.7594066,20 Samaná,2018,30,train
-2.6598792,0.40659127,6.8469768,16.784061,-6.061954,20 Samaná,2018,31,train
-4.258262,0.6141556,6.9529977,15.280493,-5.909556,20 Samaná,2018,32,train
-3.848302,3.1780622,8.563524,19.339987,-5.619512,20 Samaná,2018,33,train
-2.9646268,0.14334641,7.0941634,14.236658,-6.8015676,20 Samaná,2018,34,train
-6.6336517,-4.9994397,7.1581187,-4.1124554,6.078229,20 Samaná,2018,35,train
-8.704267,-3.967601,1.5904764,-1.6309842,-0.40355507,20 Samaná,2018,36,train
-9.171337,-3.514909,0.27312165,-1.6906984,0.61485535,20 Samaná,2018,37,train
-8.799291,-2.9302974,0.6793775,-1.3296591,0.85530853,20 Samaná,2018,38,train
-7.8570986,-2.557601,1.2620004,-1.0999873,0.5075297,20 Samaná,2018,39,train
-5.432981,-0.044402856,11.207411,-1.3026409,9.878602,20 Samaná,2018,40,train
-10.107924,-0.7533946,-2.3764932,-3.2234309,6.3622313,20 Samaná,2018,41,train
-8.122694,0.9256163,-1.0565197,-0.8996238,5.200398,20 Samaná,2018,42,train
-10.691645,3.4070132,-2.4209778,3.0737405,5.3227572,20 Samaná,2018,43,train
-9.445101,3.0816443,-3.3413925,-0.62079304,6.7211776,20 Samaná,2018,44,train
-7.0021243,3.6574082,-1.6779032,-1.327952,6.4728413,20 Samaná,2018,45,train
-5.9399433,4.3977227,-1.5827558,-0.27425545,5.6972466,20 Samaná,2018,46,train
-7.9759912,7.49946,-4.904456,-0.7533459,8.565924,20 Samaná,2018,47,train
-7.078055,8.676412,-5.370278,-1.0198816,8.986021,20 Samaná,2018,48,train
-3.716135,6.5130634,-2.5498483,0.590272,7.083902,20 Samaná,2018,49,train
-4.17566,8.16584,-4.3678555,-0.027000278,8.473539,20 Samaná,2018,50,train
-4.0473547,8.313392,-5.6701207,-3.0224545,9.889469,20 Samaná,2018,51,train
0.9152302,9.844907,2.4300594,12.143868,1.6238633,20 Samaná,2018,52,train
3.5360804,10.917773,2.6440241,10.0065775,0.07143744,20 Samaná,2019,1,train
3.4602094,14.560204,6.2871222,22.980286,-3.4753203,20 Samaná,2019,2,train
6.48558,11.506159,5.459341,16.072893,-3.4860191,20 Samaná,2019,3,train
6.268855,11.665893,6.7013288,18.91387,-5.3316994,20 Samaná,2019,4,train
6.971183,7.567363,0.007342001,-3.0280344,1.7984791,20 Samaná,2019,5,train
6.704724,10.0124445,0.5871542,-7.8507686,-0.5219215,20 Samaná,2019,6,train
5.17993,8.231514,2.4391513,-6.2947364,-1.5146543,20 Samaná,2019,7,train
5.928339,8.276468,3.2291226,-2.9155173,-3.8885183,20 Samaná,2019,8,train
6.9184456,7.9888067,3.0416505,-5.0467577,-4.3745503,20 Samaná,2019,9,train
9.537635,4.589154,1.7086593,-4.6899204,-2.9869957,20 Samaná,2019,10,train
11.870384,3.6534293,1.2635417,-5.4195776,-3.560267,20 Samaná,2019,11,train
12.266005,2.1111777,1.3128283,-9.066547,-5.4906387,20 Samaná,2019,12,train
6.289345,-0.43865085,3.7723744,-8.804252,-3.0893455,20 Samaná,2019,13,train
7.2021804,1.3077446,2.9383552,-1.8037735,-3.7362566,20 Samaná,2019,14,train
8.361533,0.062166695,2.9371297,-3.14318,-5.171747,20 Samaná,2019,15,train
8.868971,0.08769843,3.1051533,-1.8020179,-6.082951,20 Samaná,2019,16,train
10.177319,-2.4831963,2.7387009,-4.6242514,-8.060486,20 Samaná,2019,17,train
0.7907317,-6.8169017,2.1640596,-6.9354453,-4.8244805,20 Samaná,2019,18,train
-0.8300742,-5.757588,3.5887058,-5.2411184,-6.61894,20 Samaná,2019,19,train
-3.6227982,-6.9977555,2.4108148,-6.4699945,-8.076373,20 Samaná,2019,20,train
-3.688203,-5.58373,2.5069997,-6.2505827,-3.9152582,20 Samaná,2019,21,train
-4.481774,-6.4229183,1.9184495,-6.9275966,-2.6430626,20 Samaná,2019,22,train
-5.65148,-4.213016,3.6529596,-4.105504,-4.736017,20 Samaná,2019,23,train
-6.04111,-4.349031,3.686136,-2.158501,-6.6224546,20 Samaná,2019,24,train
-7.1912003,-3.8887117,3.291411,-2.046991,-5.5647297,20 Samaná,2019,25,train
-7.655185,-3.574182,3.265794,-1.626362,-4.783543,20 Samaná,2019,26,train
-9.225855,2.6524575,8.24982,22.878666,-11.094752,20 Samaná,2019,27,train
-7.7354307,3.1032968,7.2434025,14.62527,-7.613699,20 Samaná,2019,28,train
-7.003158,3.060568,6.6799903,10.671388,-5.9323187,20 Samaná,2019,29,train
-9.502536,2.3672607,5.3490014,8.718549,-5.557913,20 Samaná,2019,30,train
-7.799286,6.784567,9.343088,16.50183,-3.2897062,20 Samaná,2019,31,train
-9.984757,3.7014956,5.4433036,11.736283,-3.7536082,20 Samaná,2019,32,train
-10.229765,3.468544,4.902034,10.042243,-3.555635,20 Samaná,2019,33,train
-9.856905,4.548796,5.564278,9.901789,-3.2285535,20 Samaná,2019,34,train
-13.948691,0.03108657,0.82904816,0.7611618,-1.4256101,20 Samaná,2019,35,train
-12.905275,1.3518426,2.1710548,0.090068795,-3.2810655,20 Samaná,2019,36,train
-12.607724,0.5458517,1.9663919,-1.967957,-1.9277581,20 Samaná,2019,37,train
-11.514562,1.6236477,1.8417344,-4.1431894,0.030451158,20 Samaná,2019,38,train
-12.881715,1.7440487,0.9058952,-3.6992822,0.09471043,20 Samaná,2019,39,train
-11.52317,2.2802477,0.49918923,-1.0728419,1.6291674,20 Samaná,2019,40,train
-11.545214,3.7555845,0.055165835,1.7076019,1.5024706,20 Samaná,2019,41,train
-13.169086,3.761067,-1.4277166,0.3065889,2.966657,20 Samaná,2019,42,train
-7.665976,3.597294,0.8233293,-1.7461008,3.2078266,20 Samaná,2019,43,train
-9.547604,5.3428164,-1.2771536,0.26318026,3.8203635,20 Samaná,2019,44,train
-9.469,6.07981,-1.4386418,-0.43333033,4.4178114,20 Samaná,2019,45,train
-8.972656,7.161438,-1.912665,-1.1386008,5.2218966,20 Samaná,2019,46,train
-8.864111,9.8504095,-3.8906662,-2.8163946,6.630199,20 Samaná,2019,47,train
-7.7325454,11.246431,-3.65884,-1.6373583,6.4027925,20 Samaná,2019,48,train
-5.541583,8.740727,-1.2382139,-3.530828,5.67801,20 Samaná,2019,49,train
-4.421911,6.278184,3.1182075,-2.601658,6.3839474,20 Samaná,2019,50,train
-0.3384502,9.7435,-0.3105607,-2.637587,3.6406815,20 Samaná,2019,51,train
-1.555491,14.538156,3.5961123,12.224517,-0.038498383,20 Samaná,2019,52,train
0.3567463,12.216671,2.1741216,10.264492,0.93954366,20 Samaná,2020,1,val
1.0727335,9.091759,3.3468895,7.8842335,-0.13799372,20 Samaná,2020,2,val
1.818527,9.898282,6.387635,14.801858,-2.0383477,20 Samaná,2020,3,val
4.7725143,11.948064,5.4492297,13.913906,-3.5783389,20 Samaná,2020,4,val
7.161096,9.717903,-2.0877132,-7.072305,2.5149868,20 Samaná,2020,5,val
3.6265414,6.7429385,2.0300488,-4.27587,0.010754355,20 Samaná,2020,6,val
3.921056,6.160648,3.6730974,-3.8649178,-0.7798705,20 Samaná,2020,7,val
5.054703,5.765171,2.6071692,-4.7524033,-1.4168944,20 Samaná,2020,8,val
7.7187,5.5862947,1.6779456,-5.768687,-2.097705,20 Samaná,2020,9,val
9.074837,-1.2211838,-0.46509978,-5.4825454,2.2508433,20 Samaná,2020,10,val
8.802716,-2.186619,0.20011336,-5.164593,1.9129148,20 Samaná,2020,11,val
10.007323,-0.70872545,0.41674885,-3.8227801,-0.7120841,20 Samaná,2020,12,val
9.689549,-1.0356466,1.0344242,-1.2474362,-1.5072353,20 Samaná,2020,13,val
18.698538,-13.047899,-3.8680682,-7.3102956,-0.08644111,20 Samaná,2020,14,val
13.042604,-12.681434,-2.3049564,-1.5098944,1.1062989,20 Samaná,2020,15,val
9.6400385,-6.81227,-0.014223477,1.7525635,-0.021592552,20 Samaná,2020,16,val
14.001849,-12.525895,-1.8494327,1.8515005,-1.6204637,20 Samaná,2020,17,val
10.585603,-8.501309,-0.020191908,2.423304,-1.7140788,20 Samaná,2020,18,val
10.142076,-11.442455,-0.9184184,2.7606719,-0.94347745,20 Samaná,2020,19,val
8.575594,-8.844749,0.09918047,3.2736864,-1.0104086,20 Samaná,2020,20,val
9.221213,-11.96092,-0.08011419,3.6570735,-0.9980754,20 Samaná,2020,21,val
10.853008,-15.126469,-0.7360528,5.343165,0.2324348,20 Samaná,2020,22,val
6.9964347,-9.504073,0.7426711,4.781183,-1.8355852,20 Samaná,2020,23,val
8.653001,-11.466052,0.8907498,6.6040483,-2.9235742,20 Samaná,2020,24,val
7.452985,-10.047277,0.8897129,6.662843,-2.2389345,20 Samaná,2020,25,val
6.6795764,-8.939033,1.4750208,6.806872,-2.599627,20 Samaná,2020,26,val
9.042541,-7.723849,3.1519258,18.93092,-2.6220028,20 Samaná,2020,27,val
7.2974067,-5.214454,3.8181906,16.601234,-3.4122784,20 Samaná,2020,28,val
7.6953697,-5.7712765,3.7231164,17.193579,-2.9386823,20 Samaná,2020,29,val
6.327326,-3.820899,4.6750255,15.709834,-2.9401917,20 Samaná,2020,30,val
9.184492,-8.69889,19.249138,20.980001,14.052035,20 Samaná,2020,31,val
9.955798,-9.6425705,0.60586107,17.751774,2.7954679,20 Samaná,2020,32,val
8.681401,-7.041123,1.8566327,16.683048,0.62759066,20 Samaná,2020,33,val
10.574201,-11.275316,7.8586845,19.551134,12.844008,20 Samaná,2020,34,val
10.031874,-12.757149,-1.8304032,10.681297,4.7326164,20 Samaná,2020,35,val
7.5387187,-9.135924,1.0366346,8.061155,3.8189838,20 Samaná,2020,36,val
7.6814294,-9.572709,-0.13358673,8.284374,2.8608897,20 Samaná,2020,37,val
-4.9316616,-11.6342745,-4.6269636,5.6757236,8.502007,20 Samaná,2020,38,val
-9.3490505,-12.903399,-8.106679,7.0995207,9.627344,20 Samaná,2020,39,val
-6.3205757,-4.3856654,-1.917057,2.495592,7.2888155,20 Samaná,2020,40,val
-7.0207257,-5.622679,-5.5226893,5.251212,9.2188015,20 Samaná,2020,41,val
-6.497497,-5.593747,-5.3873906,4.070917,10.132682,20 Samaná,2020,42,val
-7.254857,-3.6960568,-6.381444,5.9383492,10.472338,20 Samaná,2020,43,val
-5.2391176,-1.8087703,-3.4637477,3.4725943,8.915835,20 Samaná,2020,44,val
-3.2498527,-3.7371814,3.4083385,-1.1565061,17.001743,20 Samaná,2020,45,val
-1.9954631,-1.8857707,6.350551,-2.1645997,17.70323,20 Samaná,2020,46,val
-2.3160489,-0.23622036,-5.0296183,2.9132395,11.702811,20 Samaná,2020,47,val
-2.8395257,0.7322989,-8.578553,2.7537186,14.291835,20 Samaná,2020,48,val
4.0358353,-4.530258,-12.031867,11.260206,20.126942,20 Samaná,2020,49,val
6.029337,-8.239634,-12.660515,6.551543,22.381304,20 Samaná,2020,50,val
6.601502,-7.91741,-9.5970545,8.499012,18.896357,20 Samaná,2020,51,val
3.6437762,-4.1945205,-5.030996,20.57224,14.356857,20 Samaná,2020,52,val
5.607558,-5.469831,-8.399529,28.091274,18.164454,20 Samaná,2021,1,val
6.5347514,-7.760349,-8.386643,23.876047,17.46713,20 Samaná,2021,2,val
6.613069,-7.6887903,-7.9569783,22.717022,16.6427,20 Samaná,2021,3,val
6.170043,-6.803871,-8.21465,25.653872,16.005978,20 Samaná,2021,4,val
9.708942,-13.701117,-12.624074,5.537324,19.254026,20 Samaná,2021,5,val
7.6976914,-11.2549515,-9.181638,3.8402348,15.06927,20 Samaná,2021,6,val
7.6320014,-10.891744,-9.995641,3.226898,13.943593,20 Samaná,2021,7,val
8.224942,-13.413556,-10.7017355,1.6414297,14.818608,20 Samaná,2021,8,val
21.156178,-9.707944,-10.404176,5.085633,12.4896755,20 Samaná,2021,9,val
10.84371,-2.1575491,-1.6729268,-4.622777,3.2642143,20 Samaná,2021,10,val
14.236946,0.422713,-0.7172716,-1.6146696,-0.74528015,20 Samaná,2021,11,val
10.966872,-2.7324696,-0.75255567,-1.5270681,1.1753203,20 Samaná,2021,12,val
15.421502,-7.0805893,-2.6522648,-3.895918,-0.1880463,20 Samaná,2021,13,val
10.740562,-4.8428082,-0.6551726,-5.4384356,0.8071511,20 Samaná,2021,14,val
16.771196,-12.222909,-2.8761456,-4.0286975,-0.6947136,20 Samaná,2021,15,val
12.149402,-8.821708,-0.72239274,1.3566148,-0.49059573,20 Samaná,2021,16,val
11.2512245,-8.933823,-0.54902494,-0.7124432,-0.7995718,20 Samaná,2021,17,val
10.878183,-7.0708656,0.3971144,1.681965,-2.3969483,20 Samaná,2021,18,val
7.7925344,-8.725931,0.4448118,0.7873912,-0.35435605,20 Samaná,2021,19,val
7.834716,-10.225529,0.4205245,-2.3456073,-1.4312352,20 Samaná,2021,20,val
6.188586,-6.512584,1.7389783,1.8198973,-1.3216895,20 Samaná,2021,21,val
5.8493075,-7.3598657,1.3200805,2.070012,-0.22536623,20 Samaná,2021,22,val
5.424805,-7.174212,2.2504208,1.7853452,-1.0416479,20 Samaná,2021,23,val
5.021318,-6.341139,2.244312,3.077332,-1.730341,20 Samaná,2021,24,val
4.9342456,-5.361392,2.924807,3.6985211,-2.748637,20 Samaná,2021,25,val
5.2593493,-6.411863,2.413688,4.499312,-2.4358318,20 Samaná,2021,26,val
8.260915,-4.8390703,3.0238888,19.498068,-0.17249185,20 Samaná,2021,27,val
7.20173,-3.297504,4.7904086,19.577969,-0.38559726,20 Samaná,2021,28,val
7.9538054,-5.03992,3.1672103,17.537062,0.05433596,20 Samaná,2021,29,val
8.347605,-5.7071342,2.9422886,18.481022,0.7264359,20 Samaná,2021,30,val
8.3392,-5.2170115,3.1622417,17.755474,-0.015861318,20 Samaná,2021,31,val
7.895345,-5.3402834,15.900083,21.773392,9.024682,20 Samaná,2021,32,val
5.7340426,-2.0990427,5.1568336,17.237562,-2.234201,20 Samaná,2021,33,val
-4.366724,-6.1646504,1.7717166,12.633572,-1.1121486,20 Samaná,2021,34,val
-9.327096,-9.601782,-2.4512944,4.2019377,3.2118936,20 Samaná,2021,35,val
-4.6082897,-12.910205,-4.849754,6.1765046,7.8773036,20 Samaná,2021,36,val
-5.196296,-7.914457,-1.9153973,2.7771938,7.8280725,20 Samaná,2021,37,val
-6.156102,-9.71153,-3.9729445,3.548035,8.754553,20 Samaná,2021,38,val
-6.36438,-8.328654,-3.476556,3.2656224,9.003715,20 Samaná,2021,39,val
-6.7069616,-5.0245724,-4.0253234,6.2653117,7.5821257,20 Samaná,2021,40,val
-5.4602284,-8.295369,3.7279181,0.89626426,16.298336,20 Samaná,2021,41,val
-7.0302525,-4.996961,-5.451862,5.1845264,10.125455,20 Samaná,2021,42,val
-10.899844,-5.6915746,-10.832993,6.4899006,13.978349,20 Samaná,2021,43,val
-6.4922385,-3.3784544,-6.499783,5.4640355,11.627785,20 Samaná,2021,44,val
-6.8565073,-3.5587552,-10.236872,9.59607,14.757395,20 Samaná,2021,45,val
-4.0661173,-0.6264841,-8.129411,9.786937,12.965149,20 Samaná,2021,46,val
-3.5814257,-3.0110824,-11.995643,2.7753265,18.186272,20 Samaná,2021,47,val
5.9465027,1.6169287,-6.689942,6.3893576,13.031007,20 Samaná,2021,48,val
8.1032295,-0.95228106,-7.1975594,8.191825,13.747748,20 Samaná,2021,49,val
8.237531,-2.162684,-7.0413513,5.928595,14.608458,20 Samaná,2021,50,val
9.183551,-2.777281,-7.5939617,5.6395507,16.331137,20 Samaná,2021,51,val
10.981709,2.5909677,-7.0420074,13.797581,12.525736,20 Samaná,2021,52,val
9.555327,18.07441,1.3877208,3.849965,1.0631425,21 San Cristóbal,2015,1,train
12.391873,18.990358,2.2976015,4.401115,0.121036835,21 San Cristóbal,2015,2,train
8.237972,13.485813,7.7538257,8.071349,-1.3999655,21 San Cristóbal,2015,3,train
14.404417,16.183641,6.7718062,8.255981,-3.9779437,21 San Cristóbal,2015,4,train
9.125502,11.713152,4.8526278,-3.9850466,2.9102013,21 San Cristóbal,2015,5,train
13.005317,11.274495,2.3151543,-2.4280791,2.0343077,21 San Cristóbal,2015,6,train
14.250859,11.490397,2.0897431,-2.0455203,0.41654184,21 San Cristóbal,2015,7,train
16.637564,10.684155,2.7663462,-4.6220584,-0.29701832,21 San Cristóbal,2015,8,train
14.750826,8.390305,3.9996042,-2.3700814,-2.1285813,21 San Cristóbal,2015,9,train
15.577901,8.9144125,4.6126423,0.41606894,-5.117094,21 San Cristóbal,2015,10,train
17.70144,9.257447,5.425091,-0.564147,-7.370079,21 San Cristóbal,2015,11,train
18.43269,8.119634,7.1375136,-0.99790686,-9.691585,21 San Cristóbal,2015,12,train
14.309404,2.289325,8.246058,-4.3499446,-10.45672,21 San Cristóbal,2015,13,train
16.813347,4.4472537,6.0283155,1.002053,-8.880853,21 San Cristóbal,2015,14,train
12.8467045,3.2292953,5.8848147,0.92481124,-7.814032,21 San Cristóbal,2015,15,train
15.235279,-0.36669773,7.9900565,-1.5714098,-12.568864,21 San Cristóbal,2015,16,train
1.446123,-11.791116,8.348757,-4.344436,-13.213712,21 San Cristóbal,2015,17,train
0.8611829,-13.096296,8.353973,-4.083255,-15.17005,21 San Cristóbal,2015,18,train
-2.4832606,-7.243161,10.064628,-5.6812286,-16.519396,21 San Cristóbal,2015,19,train
-4.0948715,-7.8553543,9.752258,-2.498749,-20.170788,21 San Cristóbal,2015,20,train
-5.494484,-9.416271,8.502453,-3.361102,-13.416342,21 San Cristóbal,2015,21,train
-6.9866824,-9.986175,8.596575,-4.5936728,-11.114151,21 San Cristóbal,2015,22,train
-5.8908257,-9.819119,6.7066026,-0.8523898,-9.2418,21 San Cristóbal,2015,23,train
-8.672947,-12.106303,6.7727976,-1.3015131,-9.2297125,21 San Cristóbal,2015,24,train
-10.798389,-12.830913,5.232189,1.4726509,-9.870977,21 San Cristóbal,2015,25,train
-10.723457,-10.768235,5.6006446,1.2059833,-7.5180016,21 San Cristóbal,2015,26,train
-8.197334,-6.8744044,10.284331,9.55644,-13.827002,21 San Cristóbal,2015,27,train
-11.424843,-4.358344,12.540164,16.381422,-12.920632,21 San Cristóbal,2015,28,train
-9.417268,-6.332171,11.078255,10.866713,-13.041751,21 San Cristóbal,2015,29,train
-11.730691,-4.9787183,11.605028,13.388805,-12.246691,21 San Cristóbal,2015,30,train
-12.465531,-6.9834065,9.981175,9.979396,-14.625394,21 San Cristóbal,2015,31,train
-14.514395,-0.9865039,13.842575,11.591873,-15.902633,21 San Cristóbal,2015,32,train
-13.188864,-1.6549718,12.544306,7.753962,-16.321604,21 San Cristóbal,2015,33,train
-13.103377,-0.11309002,12.159276,7.8408484,-14.230398,21 San Cristóbal,2015,34,train
-15.704155,-0.6185071,22.299858,-12.700967,3.6903422,21 San Cristóbal,2015,35,train
-16.563602,2.1755972,10.526396,-4.6621513,-9.248183,21 San Cristóbal,2015,36,train
-17.957783,2.058668,9.995694,-4.4508543,-8.402857,21 San Cristóbal,2015,37,train
-17.540384,4.440055,9.680849,-4.7744327,-4.977096,21 San Cristóbal,2015,38,train
-15.6046,5.972902,9.2088995,-3.5074885,-5.103889,21 San Cristóbal,2015,39,train
-19.008266,11.191415,8.369345,-3.224571,-6.237524,21 San Cristóbal,2015,40,train
-24.362932,11.975695,5.3619742,-1.4299256,-4.0972447,21 San Cristóbal,2015,41,train
-20.441484,12.192284,7.4719286,-3.4319384,-2.0529397,21 San Cristóbal,2015,42,train
-21.10483,15.89835,6.1735983,-2.2494028,-2.3518648,21 San Cristóbal,2015,43,train
-19.478119,15.96294,6.9897094,-5.1591773,0.34463945,21 San Cristóbal,2015,44,train
-12.244042,14.659546,4.5748963,-0.861381,3.606707,21 San Cristóbal,2015,45,train
-11.176204,14.628698,3.4085698,0.040557537,3.4731169,21 San Cristóbal,2015,46,train
-13.214645,20.47703,1.0084876,1.1441981,5.97963,21 San Cristóbal,2015,47,train
-3.5571558,22.930126,2.6629255,-1.7926484,4.148864,21 San Cristóbal,2015,48,train
-2.5996768,15.87336,4.0738125,-0.8198063,3.088157,21 San Cristóbal,2015,49,train
-0.988242,15.231708,3.8862104,-1.1623385,4.2580147,21 San Cristóbal,2015,50,train
-0.22656105,15.601979,4.9032197,-2.7147276,5.036628,21 San Cristóbal,2015,51,train
0.24961199,18.922651,4.0243526,4.4188476,1.2505994,21 San Cristóbal,2015,52,train
2.9815881,28.580273,11.692577,7.798898,-4.5542736,21 San Cristóbal,2016,1,train
6.9966598,26.454123,10.260001,3.8484735,-6.6551805,21 San Cristóbal,2016,2,train
10.250756,26.830698,10.190481,2.5733151,-9.115573,21 San Cristóbal,2016,3,train
6.1036124,20.569246,14.204638,4.5279007,-8.801589,21 San Cristóbal,2016,4,train
9.75706,24.341114,7.6702294,-7.3643937,-5.35541,21 San Cristóbal,2016,5,train
7.3033204,19.365047,8.993392,-6.8458185,-6.415945,21 San Cristóbal,2016,6,train
8.093898,17.551325,10.362055,-8.325779,-5.8005157,21 San Cristóbal,2016,7,train
10.096511,17.813694,9.933392,-6.8767056,-9.558064,21 San Cristóbal,2016,8,train
7.1025047,16.807339,10.358377,-6.5095997,-11.527418,21 San Cristóbal,2016,9,train
19.252684,11.378737,5.9269958,-4.834286,-8.310322,21 San Cristóbal,2016,10,train
14.262381,10.079033,8.422368,-5.4192896,-9.285237,21 San Cristóbal,2016,11,train
14.113091,9.339874,8.554376,-4.199413,-10.539607,21 San Cristóbal,2016,12,train
13.062793,7.0401993,9.612713,-7.0190477,-10.476762,21 San Cristóbal,2016,13,train
6.808247,5.098566,11.859068,-7.625791,-12.258057,21 San Cristóbal,2016,14,train
11.413503,7.5835485,11.841314,-3.257238,-18.495283,21 San Cristóbal,2016,15,train
7.233524,6.211271,11.245564,-4.727727,-15.811923,21 San Cristóbal,2016,16,train
3.1962361,-1.9121805,20.153261,-8.288763,1.334339,21 San Cristóbal,2016,17,train
-2.0827408,-2.424226,12.7321005,-7.5075855,-6.2853856,21 San Cristóbal,2016,18,train
2.7598736,-12.521516,4.7253294,0.1386071,-2.2833922,21 San Cristóbal,2016,19,train
2.4609454,-15.153829,3.6820414,2.2164555,-1.4806668,21 San Cristóbal,2016,20,train
-0.043732163,-14.088834,5.140063,0.29120764,0.2529836,21 San Cristóbal,2016,21,train
-0.5680249,-14.122891,12.888511,-3.0929482,7.897544,21 San Cristóbal,2016,22,train
-0.66120356,-17.09722,2.5276134,3.7719133,3.1161597,21 San Cristóbal,2016,23,train
-3.406918,-21.955793,1.2266372,5.174261,2.1596708,21 San Cristóbal,2016,24,train
-6.998027,-13.247141,4.1513615,1.2785796,3.3665187,21 San Cristóbal,2016,25,train
-8.349997,-12.507229,3.929761,3.0266738,1.5903877,21 San Cristóbal,2016,26,train
-4.0893426,-11.682973,6.0240803,12.810397,-4.421211,21 San Cristóbal,2016,27,train
-5.762803,-13.965736,5.9848475,13.016311,-7.574937,21 San Cristóbal,2016,28,train
-6.9405146,-12.110493,5.7405944,12.302342,-5.3236375,21 San Cristóbal,2016,29,train
-8.795619,-11.425692,5.6242504,12.615689,-4.5228176,21 San Cristóbal,2016,30,train
-1.8830925,-9.27477,18.212605,21.938688,10.340497,21 San Cristóbal,2016,31,train
-7.5206485,-13.046655,4.1616626,15.6331835,0.55921996,21 San Cristóbal,2016,32,train
-5.055925,-18.13791,3.1089783,15.288437,-3.8169127,21 San Cristóbal,2016,33,train
-15.621698,-2.5347958,5.4855523,21.140583,6.8922224,21 San Cristóbal,2016,34,train
-13.208936,-15.447004,-0.8978243,8.148487,3.436477,21 San Cristóbal,2016,35,train
-14.244439,-14.178984,-1.9987419,9.040284,10.519429,21 San Cristóbal,2016,36,train
-12.326814,-16.0077,-2.7869644,10.0351515,5.3253183,21 San Cristóbal,2016,37,train
-12.088283,-14.646791,-3.171773,10.631369,9.516189,21 San Cristóbal,2016,38,train
-15.107127,-9.770256,-3.7219636,10.20048,11.271085,21 San Cristóbal,2016,39,train
-11.370806,-6.5845265,14.329317,-3.967979,19.866879,21 San Cristóbal,2016,40,train
-13.5000105,-2.1267498,-0.98627996,5.7315693,9.631797,21 San Cristóbal,2016,41,train
-11.814142,-0.9613257,-1.3975574,5.101331,10.216182,21 San Cristóbal,2016,42,train
-14.106669,1.0781614,-3.6874595,7.6601143,11.621013,21 San Cristóbal,2016,43,train
-13.321672,1.6922895,-3.3231392,5.73019,13.682815,21 San Cristóbal,2016,44,train
-10.389915,2.8864245,-3.0302374,6.2258363,12.402663,21 San Cristóbal,2016,45,train
-8.014458,4.1016574,-2.662305,5.1810846,13.907351,21 San Cristóbal,2016,46,train
-6.0153804,7.3214636,-3.4050362,6.304642,15.475638,21 San Cristóbal,2016,47,train
4.2631884,10.168101,-3.3902328,4.3453803,13.41695,21 San Cristóbal,2016,48,train
6.195704,10.477002,-4.3317094,5.4265823,12.417907,21 San Cristóbal,2016,49,train
6.9181423,9.984908,-4.0892425,5.2790213,11.490226,21 San Cristóbal,2016,50,train
8.185905,9.539078,-2.472689,3.5931773,8.838118,21 San Cristóbal,2016,51,train
7.7016544,10.793068,-0.90021104,8.6247015,7.5646734,21 San Cristóbal,2016,52,train
7.5577607,11.297775,1.4799258,10.941813,7.2515264,21 San Cristóbal,2017,1,train
13.86341,13.218302,-0.82313174,9.061793,5.342836,21 San Cristóbal,2017,2,train
23.203983,18.617222,-0.008709351,12.124673,3.2808647,21 San Cristóbal,2017,3,train
20.699688,13.249809,1.032607,12.248411,2.758023,21 San Cristóbal,2017,4,train
17.333546,7.8863297,-2.4957497,2.7907798,7.489535,21 San Cristóbal,2017,5,train
13.867089,6.1089196,-0.03647368,1.4067229,5.443797,21 San Cristóbal,2017,6,train
15.697087,5.9847627,0.7522517,0.25862882,5.130242,21 San Cristóbal,2017,7,train
21.579428,5.753585,-1.1999276,-0.23166707,4.31004,21 San Cristóbal,2017,8,train
20.213694,6.02939,0.9422766,3.3006616,-0.14634982,21 San Cristóbal,2017,9,train
17.743065,1.2584761,1.1895994,1.3666772,2.2327926,21 San Cristóbal,2017,10,train
18.473883,-1.5013936,1.5435783,1.4041796,3.29048,21 San Cristóbal,2017,11,train
19.99493,-3.0708845,1.9336339,1.2973596,1.9111876,21 San Cristóbal,2017,12,train
23.373915,-3.5724401,2.2574668,4.2412844,-2.9317214,21 San Cristóbal,2017,13,train
16.03868,-5.6224723,4.4540544,2.1862807,-4.7491264,21 San Cristóbal,2017,14,train
22.679493,-10.723515,3.4384818,1.9145242,-9.1967535,21 San Cristóbal,2017,15,train
12.231044,-10.546825,13.4452505,-7.1963286,9.790651,21 San Cristóbal,2017,16,train
7.4224715,-7.238578,5.8218737,-1.4552099,0.3380907,21 San Cristóbal,2017,17,train
3.512894,-14.537998,6.485627,-3.797483,-1.6736276,21 San Cristóbal,2017,18,train
4.420621,-18.071081,4.577009,1.1072512,-4.088119,21 San Cristóbal,2017,19,train
1.5093327,-12.702698,4.7909513,-1.362617,-0.06510816,21 San Cristóbal,2017,20,train
1.7275606,-17.057379,3.3765757,3.3251579,-2.634412,21 San Cristóbal,2017,21,train
-0.9403779,-15.985033,4.5560236,1.6121142,-1.1487979,21 San Cristóbal,2017,22,train
-2.4499142,-14.774812,3.6599364,2.2366993,-1.0352253,21 San Cristóbal,2017,23,train
-5.2404475,-15.150182,3.7294548,2.3007393,-2.5981495,21 San Cristóbal,2017,24,train
-6.9958663,-13.876474,4.184166,1.9868714,-0.6086594,21 San Cristóbal,2017,25,train
-7.654702,-13.992455,3.150411,3.8447697,-1.850605,21 San Cristóbal,2017,26,train
-3.2068734,-12.806722,6.938764,15.852892,-3.7053041,21 San Cristóbal,2017,27,train
-5.6664214,-11.505487,6.707557,19.095205,0.7117148,21 San Cristóbal,2017,28,train
-7.3628273,-13.939543,4.8775644,13.284464,-4.6335697,21 San Cristóbal,2017,29,train
-2.60242,-12.820554,5.9462523,13.03197,-2.400415,21 San Cristóbal,2017,30,train
-10.485833,-10.515327,5.4225373,16.544296,0.9411996,21 San Cristóbal,2017,31,train
-5.348389,-10.807127,7.29245,16.472229,-1.3331882,21 San Cristóbal,2017,32,train
-12.958002,-9.501239,6.1703596,19.521336,0.9293856,21 San Cristóbal,2017,33,train
-5.905914,-11.536437,5.057326,14.995759,0.2536897,21 San Cristóbal,2017,34,train
-10.822259,-15.279401,0.21105005,6.439245,5.4705634,21 San Cristóbal,2017,35,train
-12.280481,-8.248201,2.0141282,4.361639,6.7360935,21 San Cristóbal,2017,36,train
-10.421528,-9.470865,1.2138422,5.0777016,7.171337,21 San Cristóbal,2017,37,train
-14.942134,-8.5388775,-0.21017203,6.601368,8.180801,21 San Cristóbal,2017,38,train
-11.05814,-7.866816,1.2968631,5.0175376,8.902534,21 San Cristóbal,2017,39,train
-10.382391,-7.037045,-0.11358849,5.647433,11.768242,21 San Cristóbal,2017,40,train
-10.54193,-6.404506,-1.4241244,6.718602,13.215429,21 San Cristóbal,2017,41,train
-8.038895,-7.1136074,6.1573505,1.5810153,19.068933,21 San Cristóbal,2017,42,train
-9.8899765,-3.7442734,-4.1089864,8.777246,14.457173,21 San Cristóbal,2017,43,train
-10.431468,-1.1043588,-5.469036,10.40166,14.637103,21 San Cristóbal,2017,44,train
-3.5326123,0.28601572,10.082871,0.25576368,19.322077,21 San Cristóbal,2017,45,train
-2.5436733,0.9278969,-0.45833287,4.141366,15.16296,21 San Cristóbal,2017,46,train
-4.9214525,0.9756172,-6.693577,9.151359,19.224327,21 San Cristóbal,2017,47,train
-4.6228046,2.5937989,-8.451523,11.014913,18.957159,21 San Cristóbal,2017,48,train
-7.869909,9.486732,-7.1834965,8.722792,16.034775,21 San Cristóbal,2017,49,train
-9.24908,11.579087,-9.434797,9.370339,18.797,21 San Cristóbal,2017,50,train
-6.945361,12.079381,-9.48538,10.3462715,17.20325,21 San Cristóbal,2017,51,train
-5.307667,11.049605,-4.997074,15.499358,11.886339,21 San Cristóbal,2017,52,train
7.7137117,4.5698895,0.6140631,14.071058,12.477433,21 San Cristóbal,2018,1,train
6.9756093,5.094027,5.7698874,15.833113,8.769995,21 San Cristóbal,2018,2,train
10.609594,4.1234636,0.84144396,8.653841,6.211902,21 San Cristóbal,2018,3,train
12.530058,4.6066914,0.5274417,8.862048,4.713383,21 San Cristóbal,2018,4,train
17.945267,5.2328143,-3.2063494,4.7078032,8.72135,21 San Cristóbal,2018,5,train
11.455109,6.477938,1.1349028,0.726708,3.0238686,21 San Cristóbal,2018,6,train
16.141066,8.153361,1.1523889,0.34461462,1.8681276,21 San Cristóbal,2018,7,train
19.743893,8.901807,1.1624035,1.0367627,-0.4288273,21 San Cristóbal,2018,8,train
21.958075,7.6511374,2.1842616,-2.773869,-0.120983124,21 San Cristóbal,2018,9,train
23.693783,-2.148972,-0.75311416,2.292431,5.575349,21 San Cristóbal,2018,10,train
15.712203,-4.2122755,1.7242289,2.8085353,5.8449545,21 San Cristóbal,2018,11,train
21.52805,-2.4811618,0.6074765,4.1997056,2.414965,21 San Cristóbal,2018,12,train
25.90697,2.4505348,2.8957105,5.16466,-6.528098,21 San Cristóbal,2018,13,train
15.112781,-2.816297,6.095814,-2.1489604,-6.5531273,21 San Cristóbal,2018,14,train
14.190687,-1.1438214,5.553289,0.575499,-6.0281963,21 San Cristóbal,2018,15,train
11.906911,-4.2244253,6.8277535,-2.186749,-5.3798294,21 San Cristóbal,2018,16,train
10.698998,-4.7185755,6.4781594,-1.4175158,-5.9302077,21 San Cristóbal,2018,17,train
7.378371,-5.427653,7.216157,-2.7851338,-2.3142343,21 San Cristóbal,2018,18,train
1.4828833,-10.7862835,7.894225,-4.577981,-4.070028,21 San Cristóbal,2018,19,train
0.894594,-10.346525,8.059008,-4.4038367,-3.0915897,21 San Cristóbal,2018,20,train
-0.57531345,-11.0198345,7.0310564,-1.8856618,-5.462317,21 San Cristóbal,2018,21,train
-1.7322239,-10.078829,7.091274,-1.3292142,-4.134521,21 San Cristóbal,2018,22,train
-3.7046757,-11.397134,6.0327945,-0.9022039,-5.3468575,21 San Cristóbal,2018,23,train
-4.35509,-10.537293,6.31589,-0.5708558,-4.0477104,21 San Cristóbal,2018,24,train
-7.6020074,-10.446693,6.8497305,-1.8764981,-0.18253626,21 San Cristóbal,2018,25,train
-9.457355,-13.223778,4.1945977,2.3331897,-6.677711,21 San Cristóbal,2018,26,train
-11.082744,-7.8816333,8.612767,17.03902,-7.9465284,21 San Cristóbal,2018,27,train
-7.8695765,-2.0805795,11.962097,18.485722,-3.1465204,21 San Cristóbal,2018,28,train
-5.4953947,-4.734413,9.126942,11.923524,-4.4044476,21 San Cristóbal,2018,29,train
-7.787495,-3.690172,10.497658,16.122616,-3.9803534,21 San Cristóbal,2018,30,train
-5.8668547,-6.95974,9.365402,13.531563,-7.731192,21 San Cristóbal,2018,31,train
-4.4531116,-2.900587,11.112887,12.562924,-5.0723705,21 San Cristóbal,2018,32,train
-7.033071,-2.0475042,11.910312,16.037563,-4.6289067,21 San Cristóbal,2018,33,train
-6.942989,-2.236229,12.222461,17.074753,-5.6005006,21 San Cristóbal,2018,34,train
-13.0368395,-7.0413966,4.789086,0.4831601,3.8656435,21 San Cristóbal,2018,35,train
-13.657525,-7.943263,5.056482,0.58072305,-0.84012866,21 San Cristóbal,2018,36,train
-12.444185,-6.0270486,5.1182547,0.4646367,1.2508515,21 San Cristóbal,2018,37,train
-13.5578985,-5.8416123,4.5616813,1.1350234,1.3976003,21 San Cristóbal,2018,38,train
-11.876879,-5.507933,5.7015705,0.4354389,1.7564374,21 San Cristóbal,2018,39,train
-17.545996,-1.8454,0.77546453,0.49141565,10.032138,21 San Cristóbal,2018,40,train
-13.492689,-1.5501957,10.612226,-4.5975122,16.531796,21 San Cristóbal,2018,41,train
-15.61858,2.6807709,0.2686567,4.306811,9.475092,21 San Cristóbal,2018,42,train
-15.723847,4.265883,-1.3672726,5.4614677,8.814007,21 San Cristóbal,2018,43,train
-15.354287,5.44412,-1.5903801,4.8230486,10.444864,21 San Cristóbal,2018,44,train
-11.671881,7.235891,-1.3526988,5.84734,8.500162,21 San Cristóbal,2018,45,train
-6.345741,5.633749,3.7514026,0.9962267,9.608283,21 San Cristóbal,2018,46,train
-10.83515,10.860329,-2.2774036,4.8625517,11.418005,21 San Cristóbal,2018,47,train
-9.152042,12.7779875,-2.824734,5.513564,11.379479,21 San Cristóbal,2018,48,train
3.9484131,13.538407,-1.7321864,2.7168925,7.5706215,21 San Cristóbal,2018,49,train
3.733404,12.824883,-0.5458672,1.7896904,8.534034,21 San Cristóbal,2018,50,train
6.156095,15.07848,-1.1105982,1.0423291,9.301928,21 San Cristóbal,2018,51,train
5.49602,13.697863,1.0560914,7.4709706,4.849491,21 San Cristóbal,2018,52,train
6.1462283,16.393759,4.503161,10.558671,3.9485064,21 San Cristóbal,2019,1,train
10.394526,14.575809,4.2742915,7.857213,1.7841383,21 San Cristóbal,2019,2,train
11.481495,14.949161,7.9944983,12.514165,-0.3653709,21 San Cristóbal,2019,3,train
10.905102,12.001243,9.352703,11.851486,-1.7113382,21 San Cristóbal,2019,4,train
11.546395,11.357813,3.1865466,-3.7157018,4.6171513,21 San Cristóbal,2019,5,train
10.503296,13.039727,4.756028,-2.7986872,-0.6085272,21 San Cristóbal,2019,6,train
8.037063,10.019913,7.382452,-4.517956,-0.21797158,21 San Cristóbal,2019,7,train
14.507768,13.14374,5.1933503,-2.5836296,-4.671793,21 San Cristóbal,2019,8,train
11.71273,10.953564,7.5032725,-6.1335497,-3.7108428,21 San Cristóbal,2019,9,train
13.557795,6.7496324,6.766677,-5.645174,-1.6741356,21 San Cristóbal,2019,10,train
16.930786,7.511919,5.4075885,-0.30113548,-5.9125233,21 San Cristóbal,2019,11,train
16.206463,5.2624626,6.800901,-3.708476,-5.272131,21 San Cristóbal,2019,12,train
9.998649,0.758941,9.115037,-5.92719,-5.547058,21 San Cristóbal,2019,13,train
10.765629,0.38349724,7.6060743,-2.914219,-5.426468,21 San Cristóbal,2019,14,train
10.614865,-0.031763136,7.0988297,-3.3249805,-5.0000362,21 San Cristóbal,2019,15,train
11.031304,-0.8082266,7.864557,-2.9433224,-6.177023,21 San Cristóbal,2019,16,train
11.255019,-1.4233752,7.5635014,-1.5103234,-7.9795537,21 San Cristóbal,2019,17,train
1.0666575,-10.10774,8.81513,-6.2333264,-7.2397666,21 San Cristóbal,2019,18,train
-2.4080517,-8.461315,9.478288,-7.284756,-8.683086,21 San Cristóbal,2019,19,train
-2.971434,-7.1218147,8.165095,-3.0750995,-9.533232,21 San Cristóbal,2019,20,train
-4.434953,-7.832736,9.915037,-5.806684,-4.465772,21 San Cristóbal,2019,21,train
-4.60517,-10.127617,17.201921,-9.102801,4.3225656,21 San Cristóbal,2019,22,train
-6.800643,-6.2011375,8.795837,-3.731695,-5.504451,21 San Cristóbal,2019,23,train
-8.639513,-6.6757793,8.623416,-3.058764,-6.3330703,21 San Cristóbal,2019,24,train
-9.453625,-5.5169854,7.0979123,-1.8068727,-6.217396,21 San Cristóbal,2019,25,train
-13.378392,-6.468545,7.54198,-1.7483022,-4.5014124,21 San Cristóbal,2019,26,train
-14.346626,-0.38480058,12.43203,16.850073,-7.2576942,21 San Cristóbal,2019,27,train
-10.804507,2.0278747,11.4920435,11.100171,-2.842899,21 San Cristóbal,2019,28,train
-14.2404995,1.9237725,10.794178,12.558527,-3.8962457,21 San Cristóbal,2019,29,train
-16.554623,1.4687667,9.608766,12.375597,-3.7735589,21 San Cristóbal,2019,30,train
-17.02434,2.486199,10.9871025,16.238865,-2.034169,21 San Cristóbal,2019,31,train
-12.268941,3.477162,10.4192505,10.385871,-1.3646317,21 San Cristóbal,2019,32,train
-12.978367,3.9369493,10.741986,11.812046,-1.2744373,21 San Cristóbal,2019,33,train
-12.285278,4.639878,11.491624,13.307378,-0.4458546,21 San Cristóbal,2019,34,train
-18.590067,-0.6213682,3.9114327,2.838468,0.13576663,21 San Cristóbal,2019,35,train
-17.77625,0.811233,5.2029004,0.7496411,-0.9650874,21 San Cristóbal,2019,36,train
-16.205666,0.7090487,5.09342,1.1593856,-1.7000557,21 San Cristóbal,2019,37,train
-13.721161,1.3772241,18.771933,-7.6659255,10.42795,21 San Cristóbal,2019,38,train
-14.239605,2.815186,5.535093,-0.3535092,1.5084773,21 San Cristóbal,2019,39,train
-15.122889,2.2168283,3.7671962,1.0923299,4.69086,21 San Cristóbal,2019,40,train
-17.462532,4.0291114,1.0280113,3.9592903,4.5592003,21 San Cristóbal,2019,41,train
-16.778036,4.6816506,1.0134993,3.5114756,5.471744,21 San Cristóbal,2019,42,train
-13.012201,5.251026,2.769926,1.3610916,6.399331,21 San Cristóbal,2019,43,train
-16.973589,9.152379,-2.115182,5.944535,6.8094687,21 San Cristóbal,2019,44,train
-13.966783,9.313762,-0.93275464,4.5887165,7.3290553,21 San Cristóbal,2019,45,train
-11.942477,9.425587,0.12665051,2.331538,8.811921,21 San Cristóbal,2019,46,train
-15.801339,16.00819,-4.0195727,5.205556,11.926173,21 San Cristóbal,2019,47,train
-17.111927,19.456842,-6.7764955,7.4826035,12.570769,21 San Cristóbal,2019,48,train
-1.0717791,14.737896,1.0482881,0.68260604,7.54406,21 San Cristóbal,2019,49,train
-0.32967275,11.735012,4.8707757,-1.2965742,7.9745317,21 San Cristóbal,2019,50,train
1.0795196,13.350729,2.6824317,-0.56369686,7.030104,21 San Cristóbal,2019,51,train
2.0712972,16.83352,2.9076078,6.352079,3.5453768,21 San Cristóbal,2019,52,train
5.4372373,17.007961,0.608289,5.2375584,3.705072,21 San Cristóbal,2020,1,val
7.1689386,17.610844,1.18923,6.0472546,2.741068,21 San Cristóbal,2020,2,val
9.471875,14.983678,3.7538085,7.2430825,0.57845145,21 San Cristóbal,2020,3,val
8.677217,12.046313,5.9116435,6.008711,-0.41998637,21 San Cristóbal,2020,4,val
12.231027,13.348579,2.0725067,-2.7017815,2.5083845,21 San Cristóbal,2020,5,val
9.498645,10.353678,4.1551657,-3.4763665,1.5570954,21 San Cristóbal,2020,6,val
11.004446,10.176211,3.5632107,-1.7059301,-0.860698,21 San Cristóbal,2020,7,val
10.04998,7.033514,5.5434175,-3.5264442,0.90393037,21 San Cristóbal,2020,8,val
12.403481,7.7794056,5.594096,-3.8154275,-2.30315,21 San Cristóbal,2020,9,val
13.662589,0.7207283,4.822594,-1.9386225,2.4816728,21 San Cristóbal,2020,10,val
17.34349,0.8762535,4.3800826,-2.55349,0.53658354,21 San Cristóbal,2020,11,val
20.841383,2.8965402,3.4798777,3.3896132,-5.356369,21 San Cristóbal,2020,12,val
15.289744,-3.716451,5.7805357,-1.5732367,0.07019536,21 San Cristóbal,2020,13,val
21.891962,-6.374531,3.9100578,2.0970514,-3.8834147,21 San Cristóbal,2020,14,val
13.641764,-9.695214,3.2981284,2.061612,0.5752593,21 San Cristóbal,2020,15,val
14.388395,-7.108343,4.0112886,3.6725087,-2.8732312,21 San Cristóbal,2020,16,val
13.946433,-12.064741,4.7346015,2.0642083,-1.184759,21 San Cristóbal,2020,17,val
11.252978,-9.554486,4.84942,1.8679968,-1.3757848,21 San Cristóbal,2020,18,val
4.0322943,-15.934139,3.9739735,1.135351,-0.3548023,21 San Cristóbal,2020,19,val
2.3279831,-14.788896,5.3280387,0.320137,-0.7509182,21 San Cristóbal,2020,20,val
1.7177527,-17.209585,2.7682695,2.8702486,0.5002842,21 San Cristóbal,2020,21,val
-0.079394646,-16.859324,3.2597108,2.6283102,0.53678906,21 San Cristóbal,2020,22,val
-3.4888186,-18.774973,3.615332,2.3768346,-2.0117257,21 San Cristóbal,2020,23,val
-4.901783,-18.159214,2.9256165,2.9718843,-1.8968205,21 San Cristóbal,2020,24,val
-6.2660227,-16.211565,3.5212433,2.9991617,-0.52339464,21 San Cristóbal,2020,25,val
-10.399978,-18.769274,1.4343275,5.117179,-3.9775724,21 San Cristóbal,2020,26,val
-1.9361236,-12.971345,6.6638975,13.069141,-4.6282825,21 San Cristóbal,2020,27,val
-7.477249,-12.606469,6.1947637,16.640593,-1.8618345,21 San Cristóbal,2020,28,val
-8.613501,-10.782387,8.506416,18.848543,-2.5446935,21 San Cristóbal,2020,29,val
-6.9669952,-9.990011,8.4477,16.502012,-3.4966886,21 San Cristóbal,2020,30,val
-1.2240262,-14.272326,17.073154,20.41796,13.196567,21 San Cristóbal,2020,31,val
-3.5376854,-17.68002,1.7794346,17.047102,5.008034,21 San Cristóbal,2020,32,val
-4.8795633,-17.010294,1.3308513,13.979417,-0.7629088,21 San Cristóbal,2020,33,val
-2.5591455,-11.476375,33.049248,21.353113,25.492672,21 San Cristóbal,2020,34,val
-6.734343,-17.403675,-1.6640449,9.273472,6.63997,21 San Cristóbal,2020,35,val
-9.988302,-10.959984,1.426127,4.6126404,8.771293,21 San Cristóbal,2020,36,val
-8.9225855,-13.5287485,-0.47711056,7.6193585,9.147503,21 San Cristóbal,2020,37,val
-12.836006,-15.340506,-2.876151,10.049942,9.947145,21 San Cristóbal,2020,38,val
-16.3289,-15.219789,-5.1910005,11.880494,10.069234,21 San Cristóbal,2020,39,val
-6.089563,-3.0987675,11.309483,0.96979576,13.550264,21 San Cristóbal,2020,40,val
-13.183059,-6.056199,-3.20231,7.462229,13.418648,21 San Cristóbal,2020,41,val
-10.812223,-4.657921,-2.721046,7.1811295,13.308469,21 San Cristóbal,2020,42,val
-11.510859,-3.3440936,-4.806777,8.900987,14.365886,21 San Cristóbal,2020,43,val
-8.809458,-0.69193155,-2.5364964,6.3211794,13.461304,21 San Cristóbal,2020,44,val
-6.495477,-3.2817516,7.6084886,-0.84994584,23.54234,21 San Cristóbal,2020,45,val
-4.327059,-1.5417835,11.938044,-2.4239635,24.324194,21 San Cristóbal,2020,46,val
-5.0950913,2.215269,-3.971033,6.554172,17.158987,21 San Cristóbal,2020,47,val
-7.0111938,4.254475,-8.9380665,10.132408,19.724836,21 San Cristóbal,2020,48,val
1.5753754,-1.0231732,-11.911743,15.402584,24.645697,21 San Cristóbal,2020,49,val
11.668072,-1.3533316,-6.9026456,9.906523,20.665462,21 San Cristóbal,2020,50,val
12.674684,-0.6775687,-7.467974,9.99753,19.314665,21 San Cristóbal,2020,51,val
13.577461,-0.33668077,-6.4313583,16.31719,19.049719,21 San Cristóbal,2020,52,val
17.824383,2.0224226,-7.994804,16.209194,19.476383,21 San Cristóbal,2021,1,val
17.092854,-3.8908937,-5.704483,16.964138,18.670198,21 San Cristóbal,2021,2,val
19.67122,-3.2407873,-6.6688514,15.288874,16.78463,21 San Cristóbal,2021,3,val
23.809324,-1.5240669,-7.3600264,15.720486,14.801183,21 San Cristóbal,2021,4,val
19.6463,-7.20938,-7.0054703,10.513665,19.040127,21 San Cristóbal,2021,5,val
18.729319,-4.13208,-4.818099,7.881642,14.808311,21 San Cristóbal,2021,6,val
20.016031,-4.9505253,-4.6077647,8.054375,14.2817545,21 San Cristóbal,2021,7,val
21.867336,-3.0677407,-4.488569,8.062684,10.477718,21 San Cristóbal,2021,8,val
23.638996,-6.790257,-4.807431,8.276744,12.55254,21 San Cristóbal,2021,9,val
18.914688,0.8035648,1.1251727,-1.0666828,3.5444899,21 San Cristóbal,2021,10,val
21.595695,3.5025334,1.9689559,1.9696939,-1.8873463,21 San Cristóbal,2021,11,val
13.67831,-0.95515144,3.5930543,-0.37679744,1.1328465,21 San Cristóbal,2021,12,val
13.405576,-2.9096558,3.8307843,0.20620394,-0.20036739,21 San Cristóbal,2021,13,val
14.77186,-5.725078,4.610143,-3.0346315,0.020165725,21 San Cristóbal,2021,14,val
21.850693,-9.579525,3.7073739,0.70614296,-5.4057436,21 San Cristóbal,2021,15,val
12.962151,-7.5943465,3.907534,1.6485286,-1.3427825,21 San Cristóbal,2021,16,val
13.529426,-6.0617304,5.018454,1.4978105,-3.3073199,21 San Cristóbal,2021,17,val
6.3301787,-20.049503,3.2033925,0.21877381,-2.906729,21 San Cristóbal,2021,18,val
3.5202963,-15.112171,5.4297557,-0.3791458,-1.8435729,21 San Cristóbal,2021,19,val
2.4890945,-17.124569,5.107495,-0.75772077,-1.708705,21 San Cristóbal,2021,20,val
1.1788468,-15.950488,5.0402102,0.9147287,-1.8681945,21 San Cristóbal,2021,21,val
-1.2851144,-12.855179,6.276304,-0.8840393,-0.7943428,21 San Cristóbal,2021,22,val
-3.5217068,-13.957585,5.906423,-0.2458027,-1.8068607,21 San Cristóbal,2021,23,val
-5.020679,-14.340253,3.9257743,1.7361233,-2.6069233,21 San Cristóbal,2021,24,val
-7.325381,-12.322829,4.585926,0.9040491,-0.7476652,21 San Cristóbal,2021,25,val
-4.597989,-13.335154,14.999551,-3.4823372,10.018541,21 San Cristóbal,2021,26,val
-2.7582138,-13.43041,5.345726,20.81341,3.2366018,21 San Cristóbal,2021,27,val
-7.552591,-10.5025425,5.8074837,18.776814,2.8354812,21 San Cristóbal,2021,28,val
-5.185344,-13.880221,3.5392592,16.179296,2.92585,21 San Cristóbal,2021,29,val
-6.489879,-11.995385,4.707555,19.11996,5.4490547,21 San Cristóbal,2021,30,val
-6.8110785,-13.83161,3.6222339,19.121,5.237327,21 San Cristóbal,2021,31,val
-3.9772553,-7.1723413,19.105097,22.326717,11.495799,21 San Cristóbal,2021,32,val
-3.458451,-7.9474864,23.533297,21.867733,13.75469,21 San Cristóbal,2021,33,val
-11.372797,-12.443099,3.1859062,13.935387,-2.0264366,21 San Cristóbal,2021,34,val
-14.4878845,-11.939075,1.479289,6.1376247,5.180848,21 San Cristóbal,2021,35,val
-11.478443,-15.560999,-1.7023709,9.979026,7.46108,21 San Cristóbal,2021,36,val
-9.982392,-11.648315,0.62420315,6.889903,9.693621,21 San Cristóbal,2021,37,val
-14.126034,-12.049306,-2.6745079,10.691326,9.231239,21 San Cristóbal,2021,38,val
-14.860929,-10.950129,-3.197025,9.354184,13.463052,21 San Cristóbal,2021,39,val
-15.669394,-8.16233,-4.01259,9.829332,13.199253,21 San Cristóbal,2021,40,val
-11.834126,-6.234802,-1.8328475,6.867309,13.03984,21 San Cristóbal,2021,41,val
-11.049174,-4.2358365,-0.96437025,5.51194,13.657545,21 San Cristóbal,2021,42,val
-12.319362,-3.7752287,-5.918617,10.516254,15.627768,21 San Cristóbal,2021,43,val
-10.464091,-1.1021243,-5.0660768,10.215268,14.370346,21 San Cristóbal,2021,44,val
-10.903971,-2.1898308,-8.954686,13.354584,18.684565,21 San Cristóbal,2021,45,val
-13.305786,2.111311,-13.5135,16.100813,21.033548,21 San Cristóbal,2021,46,val
-7.015979,1.4638312,-10.23092,13.535156,21.221497,21 San Cristóbal,2021,47,val
8.60654,6.638926,-6.993172,8.675238,15.615214,21 San Cristóbal,2021,48,val
11.197009,4.578473,-8.461149,9.777471,16.912338,21 San Cristóbal,2021,49,val
12.554681,4.8476696,-8.288626,9.324488,16.825155,21 San Cristóbal,2021,50,val
11.437533,0.80883694,-6.3558125,8.353866,21.199207,21 San Cristóbal,2021,51,val
15.68196,7.153372,-8.485862,13.925784,16.771183,21 San Cristóbal,2021,52,val
14.99409,29.509739,3.5075083,22.064192,-2.2350562,22 San Juan,2015,1,train
19.138903,31.932043,6.10058,28.429577,-5.6324325,22 San Juan,2015,2,train
15.565542,22.549358,5.9127073,17.565828,-5.243615,22 San Juan,2015,3,train
21.364794,23.683653,7.5332394,20.647057,-8.972262,22 San Juan,2015,4,train
16.00339,18.766497,-3.7710135,-14.374364,5.179965,22 San Juan,2015,5,train
21.147463,15.993118,-3.9678261,-10.606177,4.0370655,22 San Juan,2015,6,train
18.428547,13.459659,-2.1201806,-7.7092395,2.005198,22 San Juan,2015,7,train
18.082918,10.309864,-0.15551285,-6.7000074,-0.71244735,22 San Juan,2015,8,train
24.617128,9.485629,-0.93453133,-12.475798,-2.407814,22 San Juan,2015,9,train
30.639685,10.152652,-1.1137414,-15.305181,-5.6879573,22 San Juan,2015,10,train
31.638102,9.175096,-0.2078116,-13.589072,-8.41582,22 San Juan,2015,11,train
13.217627,1.5312285,11.817535,-23.1731,1.4238392,22 San Juan,2015,12,train
15.923196,1.4973098,5.3495626,-12.625602,-5.606822,22 San Juan,2015,13,train
19.264029,0.76159835,3.8510036,-12.655472,-5.7263975,22 San Juan,2015,14,train
22.959866,3.2436984,3.5474298,-6.560576,-10.206629,22 San Juan,2015,15,train
24.14064,2.0770612,4.7985086,-6.3471146,-14.169072,22 San Juan,2015,16,train
16.137037,-2.4842908,5.5828176,-6.750216,-13.85996,22 San Juan,2015,17,train
1.6328511,-20.836767,3.140434,-14.381982,-21.435593,22 San Juan,2015,18,train
-2.7827234,-16.521326,4.3159866,-20.244663,-20.308216,22 San Juan,2015,19,train
-4.9793096,-14.364602,4.905852,-19.239185,-19.75518,22 San Juan,2015,20,train
-7.22768,-14.181836,4.3753653,-15.287966,-10.891577,22 San Juan,2015,21,train
-9.8717,-17.152699,3.0329103,-16.96804,-7.921055,22 San Juan,2015,22,train
-10.323433,-16.89448,2.7995393,-11.228864,-7.5666275,22 San Juan,2015,23,train
-16.128895,-20.98791,-0.08485581,-12.757597,-9.100702,22 San Juan,2015,24,train
-18.249886,-19.7761,-1.0070608,-12.405986,-6.114481,22 San Juan,2015,25,train
-19.863203,-19.631618,-1.3234729,-11.841176,-4.633203,22 San Juan,2015,26,train
-6.10123,-3.9567792,16.513329,36.87009,-29.376204,22 San Juan,2015,27,train
-5.539682,-2.730589,16.94528,37.62672,-28.129356,22 San Juan,2015,28,train
-7.0667896,-0.22574852,17.967142,39.281296,-26.588524,22 San Juan,2015,29,train
-9.583821,-1.1279447,16.661423,35.089153,-25.469442,22 San Juan,2015,30,train
-11.512783,-4.7725787,16.380772,37.338486,-29.750723,22 San Juan,2015,31,train
-10.194996,0.5680375,17.292656,26.04077,-29.391298,22 San Juan,2015,32,train
-11.377314,4.0432463,18.917484,29.544127,-28.58174,22 San Juan,2015,33,train
-14.412607,5.8364143,17.902988,33.26847,-23.881481,22 San Juan,2015,34,train
-25.148758,-4.718925,12.727248,-22.100466,4.000627,22 San Juan,2015,35,train
-26.361153,-4.2196393,3.9746642,-14.182438,-7.8719783,22 San Juan,2015,36,train
-27.799044,-4.870898,2.620789,-15.310205,-8.333277,22 San Juan,2015,37,train
-29.678858,-2.4458332,2.063676,-15.764238,-5.000282,22 San Juan,2015,38,train
-23.372232,1.7028557,6.3816166,-10.857631,-1.4027413,22 San Juan,2015,39,train
-29.483982,6.335295,0.4016547,-16.770199,0.14726649,22 San Juan,2015,40,train
-31.058958,9.050242,-0.83522224,-11.937428,-1.6042525,22 San Juan,2015,41,train
-29.449574,11.614403,0.2904578,-11.507089,0.6826788,22 San Juan,2015,42,train
-27.882206,14.310806,2.7916534,-15.926237,4.430578,22 San Juan,2015,43,train
-27.43416,17.477135,-0.6857994,-13.673675,2.9461708,22 San Juan,2015,44,train
-20.749779,18.521212,-3.7389295,-9.327754,7.131795,22 San Juan,2015,45,train
-19.090956,21.21318,-4.542169,-11.3282385,8.980965,22 San Juan,2015,46,train
-18.467484,24.331974,-6.6087527,-9.606082,10.650494,22 San Juan,2015,47,train
0.14285837,29.959373,-3.5238817,-9.819741,6.3668165,22 San Juan,2015,48,train
0.4966993,23.316658,-1.4202514,-9.640188,7.790597,22 San Juan,2015,49,train
3.5636492,24.39482,-2.4314625,-11.085215,8.673955,22 San Juan,2015,50,train
5.199384,23.938202,-1.6831555,-11.834949,8.033561,22 San Juan,2015,51,train
5.705444,35.543255,3.3545456,21.785133,-1.2935221,22 San Juan,2015,52,train
9.265878,39.557545,8.958147,19.402678,-10.2106085,22 San Juan,2016,1,train
12.881721,40.427383,12.909047,25.837162,-13.926127,22 San Juan,2016,2,train
16.354908,37.710197,11.497518,19.602072,-16.12879,22 San Juan,2016,3,train
14.675093,31.338652,12.105948,14.028376,-16.261272,22 San Juan,2016,4,train
16.718424,33.66473,0.59260786,-17.280985,-5.5031776,22 San Juan,2016,5,train
14.412043,28.761292,4.285125,-9.310551,-9.075027,22 San Juan,2016,6,train
16.111761,23.245079,1.6645526,-20.253887,-6.2299685,22 San Juan,2016,7,train
16.66852,21.804983,3.8669662,-18.424559,-9.925772,22 San Juan,2016,8,train
6.882993,11.2263975,19.485397,-21.013367,1.113741,22 San Juan,2016,9,train
30.515778,9.550416,-0.22874002,-20.943916,-5.292536,22 San Juan,2016,10,train
14.872538,6.450081,5.980009,-12.08558,-6.3111043,22 San Juan,2016,11,train
23.040157,7.2673316,3.693708,-12.364137,-10.298737,22 San Juan,2016,12,train
17.581314,5.9314,5.5610266,-13.149775,-10.724729,22 San Juan,2016,13,train
6.8325744,2.9049494,11.299383,-12.024843,-8.090375,22 San Juan,2016,14,train
12.1802435,3.8692603,7.827748,-17.12664,-15.929607,22 San Juan,2016,15,train
7.8896976,2.8652413,9.462999,-15.621139,-10.342874,22 San Juan,2016,16,train
7.3765244,-2.365927,17.364992,-14.98858,-0.019900452,22 San Juan,2016,17,train
-1.1716472,-4.794276,10.058985,-12.244509,-7.523262,22 San Juan,2016,18,train
3.388333,-17.981134,2.743653,-9.642262,-0.6616615,22 San Juan,2016,19,train
2.6512797,-21.38209,0.24780722,-5.125865,-3.08803,22 San Juan,2016,20,train
-1.1201785,-17.175367,3.7280188,-8.070605,-0.46441948,22 San Juan,2016,21,train
-3.7972617,-17.533411,2.1899552,-8.359888,0.60940254,22 San Juan,2016,22,train
-6.6312795,-25.604649,-2.5065353,-5.9062505,1.2191473,22 San Juan,2016,23,train
-9.950804,-28.893497,-4.282417,-4.3010097,-0.5898814,22 San Juan,2016,24,train
-16.49809,-25.168547,-4.8554792,-9.335681,5.6088266,22 San Juan,2016,25,train
-17.40192,-22.781427,-4.08057,-7.8006587,4.4066696,22 San Juan,2016,26,train
-7.05737,-5.5881615,12.645127,45.050587,-16.11748,22 San Juan,2016,27,train
-9.084309,-8.673274,10.999224,40.9646,-16.882685,22 San Juan,2016,28,train
-9.361574,-7.0907693,10.9182,40.15071,-15.126687,22 San Juan,2016,29,train
-8.693172,-6.0909076,11.407928,40.63255,-15.247888,22 San Juan,2016,30,train
-10.759597,-2.0460927,13.529831,44.63634,-11.922936,22 San Juan,2016,31,train
-7.033289,-7.652946,10.623701,40.261494,-10.065352,22 San Juan,2016,32,train
-12.7306185,-13.170541,8.839698,48.680252,-14.200328,22 San Juan,2016,33,train
-19.078772,3.1162124,9.251456,46.474045,0.05065892,22 San Juan,2016,34,train
-25.38464,-24.871218,-9.515528,-5.3625417,6.2513895,22 San Juan,2016,35,train
-24.741043,-23.325603,-12.110584,-2.7488098,13.64959,22 San Juan,2016,36,train
-22.566977,-24.462484,-11.765739,-0.4540936,14.627744,22 San Juan,2016,37,train
-21.674915,-20.77466,-10.688547,0.92449653,14.060535,22 San Juan,2016,38,train
-24.966095,-16.637888,-12.962333,1.6565157,15.63572,22 San Juan,2016,39,train
-18.093897,-7.9905343,8.5192175,-10.022293,24.337156,22 San Juan,2016,40,train
-18.515718,-4.7022977,-6.261991,-1.7426385,13.859422,22 San Juan,2016,41,train
-15.848318,-3.0343182,-5.4255376,-3.4277282,15.751389,22 San Juan,2016,42,train
-17.09432,-1.5157417,-7.780794,-3.841088,17.503098,22 San Juan,2016,43,train
-19.697329,-0.26358232,-11.976302,-5.8030896,20.13471,22 San Juan,2016,44,train
-11.398857,2.0002787,-4.8300233,-0.1431471,15.966631,22 San Juan,2016,45,train
-8.219077,4.2226744,-4.992739,-0.7651419,16.868158,22 San Juan,2016,46,train
-11.382298,6.366521,-12.776819,-7.1192145,23.21016,22 San Juan,2016,47,train
-12.750674,7.214593,-14.208601,-6.144265,24.154198,22 San Juan,2016,48,train
-12.175563,7.632333,-18.998304,-4.96174,28.792822,22 San Juan,2016,49,train
-6.81502,9.562405,-14.358677,-2.8641152,23.91598,22 San Juan,2016,50,train
-7.922513,12.392549,-18.247797,-2.3092387,25.790783,22 San Juan,2016,51,train
-10.527424,19.663023,-7.763686,36.589504,14.885066,22 San Juan,2016,52,train
-12.142675,19.167002,-11.470868,38.100872,16.052057,22 San Juan,2017,1,train
-11.5957155,26.58408,-8.962453,55.5622,12.242234,22 San Juan,2017,2,train
31.312529,28.778404,-0.15285999,36.023376,-1.9537885,22 San Juan,2017,3,train
31.212261,23.711725,0.11526792,34.85189,-2.0594928,22 San Juan,2017,4,train
28.216713,14.1591835,-12.979899,-3.0144413,12.047106,22 San Juan,2017,5,train
27.032375,13.609464,-9.668831,-5.8792424,8.70595,22 San Juan,2017,6,train
28.05787,10.67268,-9.109768,-9.858287,8.412469,22 San Juan,2017,7,train
32.2206,8.889553,-9.453762,-10.738742,5.408476,22 San Juan,2017,8,train
34.9222,9.974923,-7.4811673,-4.939453,-1.2498816,22 San Juan,2017,9,train
36.047363,6.040156,-5.3802104,-6.924979,-1.8740412,22 San Juan,2017,10,train
31.612638,-0.51320887,-6.056229,-7.8000617,0.88841987,22 San Juan,2017,11,train
23.096252,-10.610708,5.167638,-16.112364,14.211171,22 San Juan,2017,12,train
29.178871,-5.146551,-1.4385672,-8.785696,-2.8701565,22 San Juan,2017,13,train
23.527403,-9.064028,-0.13153917,-9.129466,-7.438862,22 San Juan,2017,14,train
28.371359,-10.273229,-1.2132403,-14.267147,-9.350604,22 San Juan,2017,15,train
14.578658,-10.547334,8.75929,-15.594141,4.424194,22 San Juan,2017,16,train
12.428721,-8.510621,4.4609356,-8.191055,-0.731842,22 San Juan,2017,17,train
16.13814,-11.313535,3.8414605,-9.3307085,-3.4512515,22 San Juan,2017,18,train
18.445753,-14.0979185,3.197767,-7.8417234,-3.751466,22 San Juan,2017,19,train
0.28381795,-20.62967,-2.0793245,-14.086108,-2.2895906,22 San Juan,2017,20,train
-1.1463991,-32.3069,-4.571542,-8.671167,-4.9060526,22 San Juan,2017,21,train
-5.341335,-31.70067,-4.9020586,-9.141481,-4.4975767,22 San Juan,2017,22,train
-9.520716,-29.842566,-4.0596375,-7.285164,-5.3926916,22 San Juan,2017,23,train
-13.302143,-27.104053,-4.1002126,-8.287097,-4.652765,22 San Juan,2017,24,train
-17.320175,-27.535477,-5.1754994,-7.1713705,-4.369224,22 San Juan,2017,25,train
-19.700962,-27.746487,-5.450388,-5.1967306,-3.6161182,22 San Juan,2017,26,train
-11.541533,-14.517523,8.0921135,42.422855,-16.124292,22 San Juan,2017,27,train
-11.789435,-12.175513,8.045357,42.641693,-11.897307,22 San Juan,2017,28,train
-17.39982,-16.725475,6.2466974,40.777355,-15.158428,22 San Juan,2017,29,train
-8.664157,-13.361876,8.560192,41.331707,-12.691395,22 San Juan,2017,30,train
-17.490149,-15.606171,5.20642,35.538612,-13.597784,22 San Juan,2017,31,train
-10.778149,-12.117984,9.137815,41.6181,-14.62172,22 San Juan,2017,32,train
-18.76042,-17.475199,5.2203264,37.978226,-14.91749,22 San Juan,2017,33,train
-18.995783,-10.623449,5.3415546,43.109318,-8.334586,22 San Juan,2017,34,train
-26.789932,-27.431786,-9.916332,1.5134333,3.2014055,22 San Juan,2017,35,train
-26.420893,-16.172592,-10.2517605,-5.1989594,10.366863,22 San Juan,2017,36,train
-15.760714,-20.789923,-0.041383345,-6.335036,22.063047,22 San Juan,2017,37,train
-24.68172,-14.816505,-9.828602,-1.1530997,9.829847,22 San Juan,2017,38,train
-25.276054,-16.58629,-11.21037,-3.739027,14.519945,22 San Juan,2017,39,train
-21.57487,-13.128556,-11.762623,-1.9984685,18.396303,22 San Juan,2017,40,train
-20.986065,-11.191229,-13.295708,-0.62947917,20.196463,22 San Juan,2017,41,train
-22.735737,-6.8086224,-14.626549,2.9456925,20.15127,22 San Juan,2017,42,train
-25.2889,-7.1051793,-18.456242,2.8776991,24.808428,22 San Juan,2017,43,train
-22.673702,-2.7523468,-18.055088,6.4347963,24.065077,22 San Juan,2017,44,train
-8.558732,-7.9898324,-2.1202874,-5.974509,33.78199,22 San Juan,2017,45,train
-5.332632,-3.5498197,-0.39482164,-6.7794065,32.98963,22 San Juan,2017,46,train
-10.270539,-0.12361738,-16.048506,-0.22962521,27.694633,22 San Juan,2017,47,train
12.984297,9.193765,-11.971165,1.2976339,20.837444,22 San Juan,2017,48,train
10.177945,16.653687,-11.386037,-2.0333567,17.896116,22 San Juan,2017,49,train
14.77999,20.668562,-14.224334,-0.70904917,18.169287,22 San Juan,2017,50,train
16.831976,23.057392,-17.434265,-1.44961,19.453354,22 San Juan,2017,51,train
18.929424,29.04194,-9.964108,21.299854,10.443644,22 San Juan,2017,52,train
12.975508,12.872193,-3.9960093,30.681965,13.807041,22 San Juan,2018,1,train
16.150463,13.4248705,-3.6728196,28.362255,11.194063,22 San Juan,2018,2,train
22.53385,11.795461,-4.528621,21.927975,9.505091,22 San Juan,2018,3,train
27.501106,12.688837,-5.0732446,18.358423,6.246731,22 San Juan,2018,4,train
31.338037,10.4994955,-14.725715,-2.4638898,15.942505,22 San Juan,2018,5,train
32.8806,20.839746,-10.75435,-6.0458393,2.5445936,22 San Juan,2018,6,train
33.960114,17.991856,-8.507148,-7.367991,0.4505463,22 San Juan,2018,7,train
37.33788,19.109838,-5.7754927,0.78030646,-6.0258737,22 San Juan,2018,8,train
38.13401,12.984034,-8.451936,-16.220003,-1.2929662,22 San Juan,2018,9,train
43.391556,5.64747,-8.246254,-7.579119,-2.0958037,22 San Juan,2018,10,train
38.15105,-0.06904046,-7.0919595,-3.61932,-0.734183,22 San Juan,2018,11,train
32.29449,-1.5924464,-3.9506423,-3.7122407,-1.7884915,22 San Juan,2018,12,train
45.62783,1.5721042,-5.621551,-8.656472,-10.645308,22 San Juan,2018,13,train
29.419092,-0.10791216,0.11090885,-7.781155,-11.557113,22 San Juan,2018,14,train
29.588177,-0.6307426,0.38290074,-9.541697,-11.432755,22 San Juan,2018,15,train
25.145203,-4.8404613,1.9813436,-10.062527,-12.041161,22 San Juan,2018,16,train
22.315441,-8.769573,2.2501612,-12.11108,-13.011328,22 San Juan,2018,17,train
2.7856653,-19.184696,-2.6651936,-19.053215,-7.0292497,22 San Juan,2018,18,train
2.168672,-18.830025,0.37975478,-15.420753,-8.8212805,22 San Juan,2018,19,train
0.0791852,-21.725143,-1.2727485,-14.903614,-11.28968,22 San Juan,2018,20,train
-2.9981203,-25.380035,-0.70571536,-12.340352,-14.954479,22 San Juan,2018,21,train
-6.367233,-25.571688,-0.23764566,-10.99773,-13.988775,22 San Juan,2018,22,train
-11.337255,-29.590347,-1.3731734,-10.901061,-16.312521,22 San Juan,2018,23,train
-13.236837,-26.288736,-1.0158379,-9.344671,-12.393021,22 San Juan,2018,24,train
-16.02385,-22.506151,-1.4846005,-10.667959,-5.5820103,22 San Juan,2018,25,train
-21.571415,-27.384602,-3.0882666,-8.208842,-9.739166,22 San Juan,2018,26,train
-22.228655,-11.697122,9.328112,40.49437,-21.265566,22 San Juan,2018,27,train
-17.839981,-7.354089,11.498039,42.531754,-19.996063,22 San Juan,2018,28,train
-17.235773,-8.9347515,10.582359,37.774296,-19.0086,22 San Juan,2018,29,train
-13.507776,-6.6442294,12.255308,41.438877,-20.756884,22 San Juan,2018,30,train
-17.422453,-6.7968335,12.006521,42.76685,-19.924294,22 San Juan,2018,31,train
-18.498077,-5.426052,12.898971,44.954853,-22.16834,22 San Juan,2018,32,train
-13.75116,-4.2904334,13.107613,40.74691,-21.09313,22 San Juan,2018,33,train
-12.03679,-2.7608936,13.484958,39.676064,-19.566868,22 San Juan,2018,34,train
-28.749306,-18.931105,-6.654442,-7.639034,0.6680825,22 San Juan,2018,35,train
-27.60813,-18.41984,-4.5069103,-9.294562,-1.4226371,22 San Juan,2018,36,train
-31.371988,-16.5437,-7.3798475,-7.77444,0.95587265,22 San Juan,2018,37,train
-28.390638,-15.168803,-5.9650517,-8.626114,2.088888,22 San Juan,2018,38,train
-28.616999,-14.576309,-6.078872,-5.9648886,0.7453424,22 San Juan,2018,39,train
-27.94891,-5.4216366,-9.527517,-7.991038,13.506891,22 San Juan,2018,40,train
-24.858038,-2.985299,-8.438875,-8.660211,14.870327,22 San Juan,2018,41,train
-33.04129,1.0469266,-14.576605,-3.259997,16.147058,22 San Juan,2018,42,train
-31.888243,3.8758335,-13.887647,-0.27158532,16.171465,22 San Juan,2018,43,train
-30.710321,5.7165537,-15.621965,-3.3198376,18.77602,22 San Juan,2018,44,train
-28.425474,9.775653,-15.804126,-1.6765169,19.33703,22 San Juan,2018,45,train
-22.498665,10.717468,-13.262112,-1.7304772,17.513771,22 San Juan,2018,46,train
-22.940353,14.141246,-14.868719,-1.6407579,19.98799,22 San Juan,2018,47,train
-19.874249,17.064447,-14.868528,-0.7003413,20.120733,22 San Juan,2018,48,train
9.851648,26.256609,-11.349427,-2.8947134,14.634155,22 San Juan,2018,49,train
10.898526,26.19159,-11.868994,-5.8412957,15.992019,22 San Juan,2018,50,train
12.942406,26.260834,-11.846084,-7.5186276,15.8597,22 San Juan,2018,51,train
12.469232,31.380579,-2.4658558,21.766447,5.563596,22 San Juan,2018,52,train
16.274885,34.351547,-0.40795174,25.465792,1.5674387,22 San Juan,2019,1,train
22.61758,32.951298,2.3242903,27.171366,-2.871862,22 San Juan,2019,2,train
23.985613,27.78599,3.8039868,22.402937,-4.7152033,22 San Juan,2019,3,train
30.83991,29.41048,3.3165858,23.226099,-8.147889,22 San Juan,2019,4,train
22.718697,21.108177,-6.0203433,-9.755881,5.2419257,22 San Juan,2019,5,train
26.141571,28.294353,-3.5686147,-12.942038,-2.1147656,22 San Juan,2019,6,train
22.834877,20.119352,-2.6495316,-16.062117,-1.6404412,22 San Juan,2019,7,train
28.972576,20.825985,-3.041739,-15.96763,-5.9696026,22 San Juan,2019,8,train
28.325922,18.963615,-2.0310664,-18.081484,-7.3189344,22 San Juan,2019,9,train
28.187641,11.714049,-1.263361,-14.370711,-6.8478446,22 San Juan,2019,10,train
35.11912,10.701893,-1.9027449,-16.903206,-10.544435,22 San Juan,2019,11,train
29.615337,7.6624913,0.9176267,-15.170354,-13.193311,22 San Juan,2019,12,train
14.066122,-1.6651447,15.022857,-20.536793,3.7770705,22 San Juan,2019,13,train
23.244623,-0.7760713,1.5351981,-16.43445,-8.305067,22 San Juan,2019,14,train
24.780832,-0.20706986,2.209446,-12.332437,-12.272924,22 San Juan,2019,15,train
25.744473,-1.2662548,2.6769783,-12.782228,-14.76953,22 San Juan,2019,16,train
18.38759,-5.258304,4.6885843,-16.116411,-8.208844,22 San Juan,2019,17,train
2.0123012,-16.712807,1.1951127,-19.983055,-9.999693,22 San Juan,2019,18,train
-2.826442,-16.144625,2.5997245,-18.560843,-16.075663,22 San Juan,2019,19,train
-7.346875,-20.04208,2.7002115,-18.194216,-19.605701,22 San Juan,2019,20,train
-6.5125284,-14.196338,4.6397095,-16.33977,-6.0685773,22 San Juan,2019,21,train
-5.8371882,-15.521028,10.50466,-18.451807,3.4274437,22 San Juan,2019,22,train
-13.810698,-15.100538,3.6716065,-15.581697,-5.653166,22 San Juan,2019,23,train
-17.933388,-16.438784,1.4483842,-14.320331,-8.773484,22 San Juan,2019,24,train
-25.67419,-17.534063,-0.30695236,-10.47204,-11.889421,22 San Juan,2019,25,train
-29.049362,-17.911388,-2.2697103,-10.335775,-8.739847,22 San Juan,2019,26,train
-28.456276,0.2655561,11.218975,43.172928,-19.96128,22 San Juan,2019,27,train
-30.040329,3.6628993,9.900832,42.84418,-15.635209,22 San Juan,2019,28,train
-30.485054,3.415246,9.55306,40.042984,-15.8002405,22 San Juan,2019,29,train
-32.395298,1.6624581,8.262885,37.05139,-15.155399,22 San Juan,2019,30,train
-27.816843,8.957607,10.6758375,42.112663,-11.559203,22 San Juan,2019,31,train
-31.350788,4.7729626,8.06233,39.097744,-11.905834,22 San Juan,2019,32,train
-31.742369,1.8197978,6.563383,35.891087,-12.07307,22 San Juan,2019,33,train
-27.749855,5.141816,7.604518,34.504513,-10.1964655,22 San Juan,2019,34,train
-37.427975,-9.23447,-6.383228,-4.435171,0.37060714,22 San Juan,2019,35,train
-33.9686,-6.18974,-4.6153207,-7.454366,-0.36177376,22 San Juan,2019,36,train
-30.52627,-6.1495357,-3.2119915,-7.159423,0.34233236,22 San Juan,2019,37,train
-20.77603,-2.2471304,12.15033,-11.927221,13.074095,22 San Juan,2019,38,train
-18.354198,-1.3057177,11.965223,-9.208121,14.140775,22 San Juan,2019,39,train
-22.807817,-2.798285,3.2635906,-14.322864,16.417408,22 San Juan,2019,40,train
-29.756193,-0.08649965,-8.134476,-8.34742,11.724233,22 San Juan,2019,41,train
-29.468405,2.445907,-8.46365,-6.7708216,12.6315975,22 San Juan,2019,42,train
-25.436348,4.1118155,-8.508167,-9.029863,13.706637,22 San Juan,2019,43,train
-27.807913,8.326127,-11.123687,-4.460339,14.425768,22 San Juan,2019,44,train
-24.337273,10.7208605,-10.627718,-3.2722719,14.587165,22 San Juan,2019,45,train
-19.976505,11.157848,-8.147757,-6.216592,14.753624,22 San Juan,2019,46,train
-20.552296,16.612701,-12.879493,-8.747175,18.240816,22 San Juan,2019,47,train
-24.380455,20.055319,-16.257853,-5.9088855,19.852468,22 San Juan,2019,48,train
2.3598166,20.802618,-4.1948905,-6.3949146,10.65864,22 San Juan,2019,49,train
6.8388233,25.699663,-6.746433,-4.9330792,10.370092,22 San Juan,2019,50,train
8.156722,22.849575,-5.841573,-6.306193,9.711591,22 San Juan,2019,51,train
3.167663,31.168325,2.7300506,24.093197,2.2247183,22 San Juan,2019,52,train
8.074243,31.505108,-0.47063622,21.411495,3.3743315,22 San Juan,2020,1,val
14.235262,33.396473,-0.87653434,21.616846,0.9879898,22 San Juan,2020,2,val
23.080942,31.812819,0.29973704,20.108448,-3.0709765,22 San Juan,2020,3,val
14.916996,25.11813,8.116033,28.931551,-6.7704988,22 San Juan,2020,4,val
20.486057,20.886404,-6.264885,-11.846253,4.8971043,22 San Juan,2020,5,val
20.555897,18.609932,-4.9398575,-13.359471,2.6296194,22 San Juan,2020,6,val
27.9393,19.34436,-4.857264,-12.500207,-0.5757741,22 San Juan,2020,7,val
20.877909,13.200434,-2.0644133,-15.01874,-1.3215914,22 San Juan,2020,8,val
19.484724,10.535045,0.2743328,-12.961507,-3.58168,22 San Juan,2020,9,val
23.068693,2.3091679,-2.860436,-13.217043,0.80906755,22 San Juan,2020,10,val
27.993273,0.5277138,-2.4849622,-16.067911,-1.8148534,22 San Juan,2020,11,val
38.40547,1.365891,-3.9456987,-15.162766,-7.359334,22 San Juan,2020,12,val
30.245255,-5.268954,-1.1589793,-13.285745,-7.971776,22 San Juan,2020,13,val
33.35747,-14.193751,-2.330157,-6.8548245,-9.72737,22 San Juan,2020,14,val
26.727707,-15.555919,-0.38825238,-3.0276835,-9.949466,22 San Juan,2020,15,val
28.274513,-15.267044,-0.6052302,-3.617709,-10.605297,22 San Juan,2020,16,val
27.409979,-15.831894,0.065135874,-1.2819864,-11.862418,22 San Juan,2020,17,val
26.046135,-14.666808,0.95685714,-0.20007963,-13.099974,22 San Juan,2020,18,val
3.6058803,-27.191097,-4.199395,-9.979983,-4.926182,22 San Juan,2020,19,val
1.167725,-32.1607,-4.892002,-11.270403,-7.679715,22 San Juan,2020,20,val
-2.4337165,-31.43063,-4.9888873,-7.7572303,-5.7735314,22 San Juan,2020,21,val
-5.4145374,-31.111134,-5.036524,-9.728778,-3.559873,22 San Juan,2020,22,val
-9.210719,-29.779074,-4.408049,-8.314043,-3.9114273,22 San Juan,2020,23,val
-12.796961,-25.67294,-2.667869,-9.251467,0.5208738,22 San Juan,2020,24,val
-16.16697,-27.9421,-5.117777,-6.756834,-1.9251333,22 San Juan,2020,25,val
-20.180342,-29.488653,-5.9743032,-2.4766266,-5.673916,22 San Juan,2020,26,val
-11.201848,-10.035015,10.080559,50.814854,-13.981539,22 San Juan,2020,27,val
-14.049853,-14.271063,7.888721,45.61704,-14.6784115,22 San Juan,2020,28,val
-12.827089,-10.528725,9.271539,44.055016,-14.334405,22 San Juan,2020,29,val
-14.159183,-11.681115,8.8510275,44.62546,-15.295899,22 San Juan,2020,30,val
-27.46147,-12.465939,3.0672412,43.847343,-10.086744,22 San Juan,2020,31,val
-10.383816,-17.18523,4.6107707,43.26908,-6.815775,22 San Juan,2020,32,val
-12.458985,-19.18486,2.460183,37.418606,-5.4181643,22 San Juan,2020,33,val
-4.4348783,-19.481411,21.251408,32.81485,24.174511,22 San Juan,2020,34,val
-16.673822,-24.874533,-8.653615,-0.55836105,12.103206,22 San Juan,2020,35,val
-19.618477,-20.12721,-8.177286,-4.1972685,11.786907,22 San Juan,2020,36,val
-19.700598,-20.233873,-8.607132,-2.6169143,13.29648,22 San Juan,2020,37,val
-21.967693,-20.864788,-10.705137,0.72642326,13.747379,22 San Juan,2020,38,val
-23.470087,-20.687216,-13.051464,0.33480483,16.701561,22 San Juan,2020,39,val
-26.893198,-12.399265,-13.356682,-1.6042751,15.371128,22 San Juan,2020,40,val
-25.966677,-11.163854,-15.819768,-0.8278744,20.29937,22 San Juan,2020,41,val
-21.829664,-8.058131,-14.18209,1.3906087,20.0826,22 San Juan,2020,42,val
-24.56984,-4.9008884,-16.918442,3.2739844,22.16567,22 San Juan,2020,43,val
-23.893929,-1.4405032,-17.74109,5.89277,22.77852,22 San Juan,2020,44,val
-12.654625,-9.492635,-2.9581976,-8.76439,36.729813,22 San Juan,2020,45,val
-11.482045,0.6356591,-12.174083,-3.623132,24.376707,22 San Juan,2020,46,val
-9.384994,2.5798013,-13.949628,-2.425272,25.177364,22 San Juan,2020,47,val
-12.05902,4.122579,-19.554302,-4.192913,29.944204,22 San Juan,2020,48,val
17.453794,3.3925803,-15.350986,4.915906,28.013357,22 San Juan,2020,49,val
16.911821,1.7971227,-14.131095,5.8522243,27.337717,22 San Juan,2020,50,val
19.44061,3.988455,-17.078966,5.036694,28.541412,22 San Juan,2020,51,val
16.707096,9.404967,-8.634177,28.894043,18.646593,22 San Juan,2020,52,val
20.266006,10.646755,-8.898941,37.550198,20.246727,22 San Juan,2021,1,val
23.945879,9.7133255,-9.040683,33.78068,17.773571,22 San Juan,2021,2,val
25.413322,5.9962206,-8.290712,30.298885,15.919779,22 San Juan,2021,3,val
32.62371,8.810576,-6.6464243,32.548954,11.01619,22 San Juan,2021,4,val
27.232004,-3.7141209,-15.889455,4.968223,24.086187,22 San Juan,2021,5,val
28.03827,0.061596178,-13.028555,2.229319,17.339735,22 San Juan,2021,6,val
35.13288,-0.20918065,-14.533138,0.5250108,15.581363,22 San Juan,2021,7,val
36.249954,0.17754194,-11.835774,-1.516633,10.859028,22 San Juan,2021,8,val
36.964436,-4.414219,-11.751006,-2.3768651,11.213004,22 San Juan,2021,9,val
24.540785,1.2060984,-3.6846523,-13.487841,1.9932829,22 San Juan,2021,10,val
36.41517,-0.33574715,-6.9547505,-15.187337,0.4453819,22 San Juan,2021,11,val
27.674578,-2.3060775,-2.98079,-11.3701315,-2.6033764,22 San Juan,2021,12,val
27.579575,-4.8503113,-1.30225,-9.418642,-6.689825,22 San Juan,2021,13,val
17.669067,-9.7680645,11.067561,-13.167022,8.346982,22 San Juan,2021,14,val
31.850447,-13.960297,-2.1289349,-13.835614,-6.66712,22 San Juan,2021,15,val
27.071983,-12.144894,-0.92814386,-12.066568,-7.143382,22 San Juan,2021,16,val
22.492952,-10.2631645,0.7495635,-12.14421,-6.463505,22 San Juan,2021,17,val
22.352175,-12.980307,0.5667041,-8.967467,-8.271408,22 San Juan,2021,18,val
20.709726,-14.072116,0.81493396,-6.1141906,-9.750599,22 San Juan,2021,19,val
19.645786,-15.205526,1.0877787,-8.008979,-10.784326,22 San Juan,2021,20,val
16.709768,-16.463007,1.9016877,-4.4643064,-9.030334,22 San Juan,2021,21,val
12.863001,-11.836375,4.444144,-1.6788828,-6.918861,22 San Juan,2021,22,val
13.474007,-14.148837,4.4565935,-0.6721989,-9.737801,22 San Juan,2021,23,val
-12.658546,-26.209633,-3.7729821,-7.828039,-3.7680795,22 San Juan,2021,24,val
-16.727537,-23.960962,-3.7924573,-10.228108,-0.53824204,22 San Juan,2021,25,val
-20.473307,-24.002798,-5.3348618,-8.439663,-1.947237,22 San Juan,2021,26,val
-9.510153,-12.829775,6.3778486,49.359634,-8.489103,22 San Juan,2021,27,val
-13.263849,-7.8654222,6.3593793,47.958477,-5.743403,22 San Juan,2021,28,val
-13.774599,-9.237758,6.298569,49.234627,-5.9739566,22 San Juan,2021,29,val
-12.558298,-11.87431,4.9956937,44.151257,-4.574346,22 San Juan,2021,30,val
-12.054274,-13.047968,5.303479,45.14374,-5.813875,22 San Juan,2021,31,val
-1.6459665,-11.837649,26.510712,39.61346,12.578963,22 San Juan,2021,32,val
0.21272224,-4.6112113,26.519558,35.695755,8.288654,22 San Juan,2021,33,val
-14.62619,-5.4984374,8.764451,45.367275,-10.112029,22 San Juan,2021,34,val
-25.49896,-20.530706,-7.74783,-2.1883264,6.589623,22 San Juan,2021,35,val
-24.614607,-24.899218,-10.865774,0.03777245,10.205927,22 San Juan,2021,36,val
-24.237747,-21.74043,-11.349849,-2.534032,13.293126,22 San Juan,2021,37,val
-23.981537,-18.088583,-11.817195,2.1281607,14.68266,22 San Juan,2021,38,val
-21.19306,-16.345901,-10.704518,-3.2275429,17.165297,22 San Juan,2021,39,val
-26.451416,-14.247873,-14.935432,-1.5342484,19.413183,22 San Juan,2021,40,val
-15.703122,-13.487997,1.69059,-5.455943,29.325987,22 San Juan,2021,41,val
-17.93812,-8.289862,-10.958345,-3.0607195,21.42115,22 San Juan,2021,42,val
-22.31347,-6.9601607,-16.638138,-1.0259241,24.88313,22 San Juan,2021,43,val
-18.759766,-3.9469302,-15.927122,-0.20520626,24.93483,22 San Juan,2021,44,val
-19.214474,-4.377735,-19.925476,3.0602107,29.305735,22 San Juan,2021,45,val
-21.845201,0.8261722,-25.654999,4.162764,32.928066,22 San Juan,2021,46,val
-14.403099,0.111110255,-22.330841,1.7791243,32.590508,22 San Juan,2021,47,val
-10.619293,2.2899837,-19.674639,4.750368,29.671507,22 San Juan,2021,48,val
17.963396,9.387012,-17.114466,5.453633,26.144598,22 San Juan,2021,49,val
19.77583,13.061256,-15.457058,7.290605,22.651777,22 San Juan,2021,50,val
17.115751,6.645981,-14.725982,4.5989976,24.751774,22 San Juan,2021,51,val
18.599764,21.495909,-8.096946,38.47498,17.074274,22 San Juan,2021,52,val
3.4526534,12.239797,-1.1992763,5.048699,-3.0058527,23 San Pedro de Macorís,2015,1,train
5.8040166,13.096467,-1.2990254,4.9585557,-3.680103,23 San Pedro de Macorís,2015,2,train
5.5687127,12.545305,1.6158623,7.301777,-4.5597286,23 San Pedro de Macorís,2015,3,train
7.470805,12.070943,1.8637255,6.9556465,-5.5586424,23 San Pedro de Macorís,2015,4,train
4.1410027,7.9819894,0.116357684,-3.5046697,-1.2271528,23 San Pedro de Macorís,2015,5,train
7.51376,7.73429,-1.5449694,-2.5890272,-0.63263553,23 San Pedro de Macorís,2015,6,train
5.784033,5.988383,-0.40732586,-2.6012201,-0.80519885,23 San Pedro de Macorís,2015,7,train
7.231581,6.190643,-0.96517897,-2.9913256,-2.0228355,23 San Pedro de Macorís,2015,8,train
9.030509,6.3526692,-1.2749578,-1.7286657,-4.821033,23 San Pedro de Macorís,2015,9,train
10.3080225,7.10955,-0.72939426,0.50259,-7.308738,23 San Pedro de Macorís,2015,10,train
10.327559,6.736115,-0.8220989,0.60804975,-8.915889,23 San Pedro de Macorís,2015,11,train
9.136382,4.8846397,1.5626277,-2.421183,-8.236583,23 San Pedro de Macorís,2015,12,train
8.039522,4.161734,1.8400409,-1.5346065,-9.980792,23 San Pedro de Macorís,2015,13,train
10.715854,3.8912783,0.15076615,1.0352671,-9.537238,23 San Pedro de Macorís,2015,14,train
8.566562,3.2880971,0.50087255,0.98945266,-8.715625,23 San Pedro de Macorís,2015,15,train
8.075894,1.6843193,0.534895,-1.1485853,-10.473774,23 San Pedro de Macorís,2015,16,train
-0.45513228,-5.6372857,1.7424283,-2.917336,-11.898647,23 San Pedro de Macorís,2015,17,train
-1.0466795,-4.7299166,1.801705,-1.7812974,-11.606898,23 San Pedro de Macorís,2015,18,train
-3.2016704,-0.88257545,2.954618,-4.0632157,-16.52008,23 San Pedro de Macorís,2015,19,train
-4.084567,0.18002902,3.4778583,-4.0159755,-17.779509,23 San Pedro de Macorís,2015,20,train
-5.151348,1.3447334,4.9665046,-4.698599,-16.786758,23 San Pedro de Macorís,2015,21,train
-4.6407685,-4.2094316,1.3661673,-3.475085,-9.249158,23 San Pedro de Macorís,2015,22,train
-3.8517795,-4.2895494,1.9593865,-1.6718996,-6.3639026,23 San Pedro de Macorís,2015,23,train
-4.880397,-5.0989604,1.2310195,-0.26026636,-8.28533,23 San Pedro de Macorís,2015,24,train
-6.920867,-6.124668,-0.287805,0.6038263,-8.084631,23 San Pedro de Macorís,2015,25,train
-6.986945,-5.4711885,-0.34848034,0.95814526,-6.894462,23 San Pedro de Macorís,2015,26,train
-5.6890144,-1.0384009,2.8967414,7.2336226,-11.133051,23 San Pedro de Macorís,2015,27,train
-6.336419,-0.6126018,3.6063066,7.7306437,-11.673358,23 San Pedro de Macorís,2015,28,train
-6.656645,-0.26214096,3.8953366,7.4416566,-11.670146,23 San Pedro de Macorís,2015,29,train
-6.622074,0.5665773,4.6646295,6.1995554,-11.190533,23 San Pedro de Macorís,2015,30,train
-7.598575,-0.89845276,2.8579957,5.9472513,-12.58203,23 San Pedro de Macorís,2015,31,train
-8.854959,4.173657,5.75925,3.1504238,-15.261335,23 San Pedro de Macorís,2015,32,train
-9.818093,4.387318,5.9079785,3.7339437,-16.400335,23 San Pedro de Macorís,2015,33,train
-9.592093,6.2006726,7.0350957,4.644494,-15.867982,23 San Pedro de Macorís,2015,34,train
-10.246613,2.9675221,1.1109384,-2.2330704,-7.5742574,23 San Pedro de Macorís,2015,35,train
-12.180374,6.2069774,4.1957583,-4.018546,-10.676227,23 San Pedro de Macorís,2015,36,train
-13.310185,5.6165357,2.1417565,-2.798941,-10.258475,23 San Pedro de Macorís,2015,37,train
-11.436771,6.759176,2.7848797,-3.4829638,-7.3714647,23 San Pedro de Macorís,2015,38,train
-10.548252,7.038466,4.3235993,-3.0890994,-7.8226075,23 San Pedro de Macorís,2015,39,train
-12.086461,10.853873,4.1430936,-3.0881784,-9.859699,23 San Pedro de Macorís,2015,40,train
-14.379369,11.177042,2.1410437,-2.9946792,-8.6932955,23 San Pedro de Macorís,2015,41,train
-14.785572,11.950591,1.8387047,-2.7603495,-7.644733,23 San Pedro de Macorís,2015,42,train
-14.62585,12.62674,1.762354,-3.8527832,-6.375126,23 San Pedro de Macorís,2015,43,train
-11.689211,13.376631,3.2298496,-4.202966,-6.62624,23 San Pedro de Macorís,2015,44,train
-8.5244665,9.77283,-0.0416397,-1.7102888,-1.7970959,23 San Pedro de Macorís,2015,45,train
-9.82597,11.248647,-2.2561827,0.6477442,-0.8689823,23 San Pedro de Macorís,2015,46,train
-9.331373,13.985079,-4.379495,1.1034456,0.0759809,23 San Pedro de Macorís,2015,47,train
-3.5829325,14.625673,0.028657364,-2.573801,-1.3787497,23 San Pedro de Macorís,2015,48,train
-2.5476205,12.130619,-0.58259755,-0.59112114,-1.0058315,23 San Pedro de Macorís,2015,49,train
-0.90819824,14.156526,-1.9476924,0.19418125,-0.88108915,23 San Pedro de Macorís,2015,50,train
-0.1800597,13.849081,-0.9904719,-0.27766106,-1.7218771,23 San Pedro de Macorís,2015,51,train
-0.1058852,14.720012,-1.3746525,4.141623,-3.667256,23 San Pedro de Macorís,2015,52,train
-1.2061135,19.229786,5.349386,2.4661527,-8.804888,23 San Pedro de Macorís,2016,1,train
2.0581925,18.966295,3.1035683,0.79734033,-9.347779,23 San Pedro de Macorís,2016,2,train
1.6905557,20.083548,5.564471,3.7139912,-12.256501,23 San Pedro de Macorís,2016,3,train
1.7361095,17.42257,5.0178537,0.3698075,-11.711677,23 San Pedro de Macorís,2016,4,train
2.1145813,18.995161,2.7860103,-6.555753,-10.624014,23 San Pedro de Macorís,2016,5,train
2.8772922,17.277851,3.1564765,-6.307105,-11.4756365,23 San Pedro de Macorís,2016,6,train
1.8761413,16.34317,4.152501,-6.621202,-11.748823,23 San Pedro de Macorís,2016,7,train
2.0994508,17.162954,5.4571104,-6.956978,-14.158267,23 San Pedro de Macorís,2016,8,train
1.4990838,16.725565,6.49589,-7.1090293,-15.272663,23 San Pedro de Macorís,2016,9,train
8.853806,9.038729,-0.45500222,-0.22734103,-10.877812,23 San Pedro de Macorís,2016,10,train
6.712551,6.540917,2.0092616,-4.059206,-8.238542,23 San Pedro de Macorís,2016,11,train
6.2914104,6.449696,1.6785227,-2.0847905,-10.08354,23 San Pedro de Macorís,2016,12,train
6.696679,5.8435974,2.307328,-3.5404065,-10.718317,23 San Pedro de Macorís,2016,13,train
3.4438834,6.0141454,4.5936146,-4.9901423,-12.260263,23 San Pedro de Macorís,2016,14,train
4.9752836,6.70862,4.0907245,-3.0669076,-14.006361,23 San Pedro de Macorís,2016,15,train
2.9810293,6.318366,3.723727,-3.7863524,-12.420519,23 San Pedro de Macorís,2016,16,train
0.121404365,0.9246867,14.096747,-8.800324,2.466265,23 San Pedro de Macorís,2016,17,train
-2.618038,0.9008193,3.5382724,-5.8817773,-5.9831414,23 San Pedro de Macorís,2016,18,train
2.0761435,-8.812006,-1.3573734,-0.37730438,-1.6318518,23 San Pedro de Macorís,2016,19,train
2.7198145,-11.309705,-1.8673036,2.8748333,-0.6943469,23 San Pedro de Macorís,2016,20,train
1.2663667,-9.970556,-1.673218,1.4552482,0.1587368,23 San Pedro de Macorís,2016,21,train
0.42950025,-8.441113,4.5487375,-2.377857,6.053725,23 San Pedro de Macorís,2016,22,train
1.3197489,-11.491542,-2.3349364,3.9453597,2.3427176,23 San Pedro de Macorís,2016,23,train
0.2355871,-12.905461,-3.2028866,4.605587,1.1577412,23 San Pedro de Macorís,2016,24,train
-3.5580153,-8.424259,-2.22539,2.4508104,-0.31419188,23 San Pedro de Macorís,2016,25,train
-4.8096566,-9.614584,-3.1030262,3.6777296,-0.58031034,23 San Pedro de Macorís,2016,26,train
-2.3855457,-7.3893228,-0.10987138,12.231797,-3.5507286,23 San Pedro de Macorís,2016,27,train
-3.3709085,-7.49962,-0.063558474,11.384313,-5.1831355,23 San Pedro de Macorís,2016,28,train
-4.051649,-8.639086,-0.74742717,12.784311,-5.496437,23 San Pedro de Macorís,2016,29,train
-6.041766,-5.6225467,-0.3570714,11.956642,-3.22686,23 San Pedro de Macorís,2016,30,train
-7.4554167,-3.0602603,-0.31854492,13.912173,-1.3745495,23 San Pedro de Macorís,2016,31,train
-2.5462747,-7.927964,-0.88022566,13.608975,-0.5070775,23 San Pedro de Macorís,2016,32,train
-2.124145,-11.4725275,-2.3789978,14.33765,-2.0480726,23 San Pedro de Macorís,2016,33,train
-0.8381393,-5.4941726,7.984223,13.413524,10.841981,23 San Pedro de Macorís,2016,34,train
-6.78375,-10.043758,-5.7922945,6.7291293,1.5427264,23 San Pedro de Macorís,2016,35,train
-6.298528,-8.727782,-5.969693,7.2264743,4.9031677,23 San Pedro de Macorís,2016,36,train
-4.9060054,-9.574259,-5.4389267,7.9279857,4.711405,23 San Pedro de Macorís,2016,37,train
-4.7056923,-10.418823,-6.427215,8.19209,6.817195,23 San Pedro de Macorís,2016,38,train
-9.401578,-6.2987685,-8.516037,8.807082,4.4348245,23 San Pedro de Macorís,2016,39,train
-4.3823028,-5.6508555,3.347609,-3.3743834,10.856318,23 San Pedro de Macorís,2016,40,train
-8.237231,-1.6682134,-4.0344653,4.5759816,5.066107,23 San Pedro de Macorís,2016,41,train
-4.653652,-4.4794602,4.1624146,-3.5806477,12.222384,23 San Pedro de Macorís,2016,42,train
-7.7103777,-0.3254274,-4.861965,4.458333,6.057388,23 San Pedro de Macorís,2016,43,train
-5.9515653,0.34793442,-4.566389,3.9547625,5.8462434,23 San Pedro de Macorís,2016,44,train
-5.434509,0.49395743,-4.4013104,3.3520694,6.377173,23 San Pedro de Macorís,2016,45,train
-3.377074,0.5049133,-3.118661,2.176742,6.5420794,23 San Pedro de Macorís,2016,46,train
-2.031974,1.6819927,-3.990725,2.700411,6.18283,23 San Pedro de Macorís,2016,47,train
2.5905833,5.3265486,-4.8947,2.6071506,6.937676,23 San Pedro de Macorís,2016,48,train
3.425006,4.797541,-4.89366,4.5820947,6.0456357,23 San Pedro de Macorís,2016,49,train
4.1558843,5.7752423,-5.8179994,4.768786,5.9597197,23 San Pedro de Macorís,2016,50,train
5.014098,5.447836,-5.242858,3.9740558,5.1266346,23 San Pedro de Macorís,2016,51,train
5.063143,7.9668527,-3.8795004,9.312858,4.374353,23 San Pedro de Macorís,2016,52,train
5.2432923,9.75654,-3.6772869,12.430827,3.6963367,23 San Pedro de Macorís,2017,1,train
8.944165,10.44678,-6.070459,12.409583,0.64231133,23 San Pedro de Macorís,2017,2,train
12.411378,15.332432,-2.6966739,22.858171,-2.9384913,23 San Pedro de Macorís,2017,3,train
12.159695,9.275888,-2.567176,16.975296,-1.4154348,23 San Pedro de Macorís,2017,4,train
10.574338,3.6103632,-7.7418118,0.47793013,4.9251456,23 San Pedro de Macorís,2017,5,train
11.590692,4.427001,-7.0691037,-0.08437523,2.8062255,23 San Pedro de Macorís,2017,6,train
10.598298,1.7300951,-5.3867917,-3.3593647,4.336967,23 San Pedro de Macorís,2017,7,train
14.371025,3.6922739,-6.3180213,-0.7084653,-0.06480895,23 San Pedro de Macorís,2017,8,train
14.468301,3.6340332,-8.133297,2.0178523,-3.285553,23 San Pedro de Macorís,2017,9,train
12.829121,0.40927738,-5.0514646,0.72704613,-0.44586992,23 San Pedro de Macorís,2017,10,train
14.784169,-2.8888962,-5.6806636,1.8629568,0.729218,23 San Pedro de Macorís,2017,11,train
15.425784,-5.25268,-6.2047486,-0.5377311,0.40169734,23 San Pedro de Macorís,2017,12,train
16.823807,-7.784621,-7.1404047,1.6665546,-0.6787241,23 San Pedro de Macorís,2017,13,train
12.3528595,-5.4288554,-3.191432,1.7139163,-5.1494904,23 San Pedro de Macorís,2017,14,train
16.122124,-4.7858825,-4.9210386,3.6045663,-10.347509,23 San Pedro de Macorís,2017,15,train
9.141035,-4.588757,-2.1073158,-1.0139514,-3.5305922,23 San Pedro de Macorís,2017,16,train
4.138531,-4.875261,0.27136704,-1.9480684,0.86523485,23 San Pedro de Macorís,2017,17,train
2.633359,-10.160592,-2.2757647,-3.1309628,-1.8545982,23 San Pedro de Macorís,2017,18,train
4.585481,-16.171698,-5.6766596,-0.31114253,-1.2001337,23 San Pedro de Macorís,2017,19,train
1.5222417,-11.61732,-4.106664,0.8229097,-4.7484336,23 San Pedro de Macorís,2017,20,train
1.7217559,-15.583157,-6.107563,2.6169019,-3.0189133,23 San Pedro de Macorís,2017,21,train
-0.75620335,-11.655208,-3.8115766,0.561106,-3.0618796,23 San Pedro de Macorís,2017,22,train
-1.6503026,-13.505431,-4.2660913,2.8397062,-4.2761803,23 San Pedro de Macorís,2017,23,train
-5.5881085,-13.225797,-5.488931,1.9652524,-6.0231404,23 San Pedro de Macorís,2017,24,train
-6.9994135,-13.005179,-5.7265596,2.5320053,-5.2899075,23 San Pedro de Macorís,2017,25,train
-8.765473,-12.965362,-6.190073,3.6140208,-5.0988307,23 San Pedro de Macorís,2017,26,train
-4.9445424,-9.798816,-2.2826273,16.887896,-4.524371,23 San Pedro de Macorís,2017,27,train
-2.5107572,-6.4463286,0.49108654,15.288758,-0.62213975,23 San Pedro de Macorís,2017,28,train
-9.476502,-10.50818,-4.995809,16.464012,-4.0430245,23 San Pedro de Macorís,2017,29,train
-4.977875,-10.461029,-2.8921676,17.347105,-0.9554345,23 San Pedro de Macorís,2017,30,train
-11.462587,-11.236716,-6.555144,14.494959,-4.1043997,23 San Pedro de Macorís,2017,31,train
-8.575483,-7.974148,-2.336505,18.310764,-3.702095,23 San Pedro de Macorís,2017,32,train
-12.192632,-5.0342393,-4.5373573,17.037388,-1.7948936,23 San Pedro de Macorís,2017,33,train
-6.010247,-7.72525,-1.4527699,17.129723,-2.4358764,23 San Pedro de Macorís,2017,34,train
-9.418302,-11.383352,-7.4473767,6.2438064,1.2309216,23 San Pedro de Macorís,2017,35,train
-9.7818985,-6.845706,-6.288158,4.8806233,1.9053909,23 San Pedro de Macorís,2017,36,train
-7.3014956,-7.6034527,-4.729203,4.1819816,4.4078374,23 San Pedro de Macorís,2017,37,train
-1.9039549,-10.62362,8.110743,-2.7995155,16.44269,23 San Pedro de Macorís,2017,38,train
-6.9375243,-5.6498413,-5.0848427,4.8606915,5.101597,23 San Pedro de Macorís,2017,39,train
-5.008305,-6.94706,-5.6201563,3.3329294,7.9729915,23 San Pedro de Macorís,2017,40,train
-5.569948,-6.073037,-6.1949406,3.3092217,8.23021,23 San Pedro de Macorís,2017,41,train
-5.7427454,-3.566677,-6.8674293,7.0674677,6.7006645,23 San Pedro de Macorís,2017,42,train
-6.3739777,-3.9451437,-8.365332,6.4057875,9.307236,23 San Pedro de Macorís,2017,43,train
-4.8693643,-4.4620957,-8.562722,5.6330113,10.279729,23 San Pedro de Macorís,2017,44,train
-1.8367294,-0.363841,10.087048,0.24027644,12.655218,23 San Pedro de Macorís,2017,45,train
0.046748266,-4.288423,10.603338,-3.910245,21.619226,23 San Pedro de Macorís,2017,46,train
-1.4427559,-2.6948986,-8.465427,3.93019,11.868906,23 San Pedro de Macorís,2017,47,train
-0.77082163,-1.9166771,-9.863422,5.1489224,12.550792,23 San Pedro de Macorís,2017,48,train
-4.5217543,5.0451813,-9.478263,3.037866,8.868176,23 San Pedro de Macorís,2017,49,train
4.5052857,9.207473,-9.600821,1.3056632,8.357221,23 San Pedro de Macorís,2017,50,train
5.16149,8.090583,-8.041991,3.5633075,5.8624663,23 San Pedro de Macorís,2017,51,train
4.4442735,10.793342,-5.07036,12.241144,3.9718297,23 San Pedro de Macorís,2017,52,train
6.2492094,3.201629,-4.5034003,14.461519,7.812875,23 San Pedro de Macorís,2018,1,train
6.3393064,2.457982,-3.4022753,12.711035,5.588968,23 San Pedro de Macorís,2018,2,train
8.913242,1.9614564,-3.1917255,13.310687,5.0277677,23 San Pedro de Macorís,2018,3,train
9.9374895,1.8094878,-3.9922986,11.488271,3.1782773,23 San Pedro de Macorís,2018,4,train
13.373418,1.9906389,-9.828831,4.2100983,6.0763955,23 San Pedro de Macorís,2018,5,train
10.073297,5.511159,-4.4194665,0.43490595,0.20250475,23 San Pedro de Macorís,2018,6,train
10.780436,5.145234,-3.9622698,0.40714416,-0.535379,23 San Pedro de Macorís,2018,7,train
13.151433,5.253638,-6.155431,-0.68597114,-2.9391563,23 San Pedro de Macorís,2018,8,train
14.038278,2.1059039,-5.9625406,-9.717051,-0.28203797,23 San Pedro de Macorís,2018,9,train
17.035812,-3.9691353,-8.514543,2.7500918,2.9273112,23 San Pedro de Macorís,2018,10,train
13.691116,-5.4559865,-4.9584374,5.034238,3.7629552,23 San Pedro de Macorís,2018,11,train
13.506612,-5.3339195,-4.4923015,3.8985605,2.6751502,23 San Pedro de Macorís,2018,12,train
15.874569,-0.8565588,-3.8768601,1.621143,-4.476188,23 San Pedro de Macorís,2018,13,train
11.356196,-2.2095973,-0.8311132,-3.0409555,-6.643369,23 San Pedro de Macorís,2018,14,train
11.400423,-2.8026912,-2.053613,-2.0191674,-8.459193,23 San Pedro de Macorís,2018,15,train
10.48889,-2.8088706,-1.0472049,-1.2850763,-7.5779586,23 San Pedro de Macorís,2018,16,train
10.136274,-3.0141456,-1.1147319,-0.6075623,-8.083134,23 San Pedro de Macorís,2018,17,train
7.023412,-3.372677,0.1561583,-0.6897905,-5.534673,23 San Pedro de Macorís,2018,18,train
7.174797,-1.952708,0.78643936,0.7199245,-6.2403603,23 San Pedro de Macorís,2018,19,train
0.8135702,-7.959939,-0.9123035,-1.6101363,-7.453032,23 San Pedro de Macorís,2018,20,train
-0.51125467,-9.627754,-1.6365397,-1.862835,-8.679413,23 San Pedro de Macorís,2018,21,train
-1.9167925,-9.130467,-1.1459028,-1.6878239,-7.1267133,23 San Pedro de Macorís,2018,22,train
-3.193232,-9.499472,-1.5462449,-0.52523273,-8.269394,23 San Pedro de Macorís,2018,23,train
-4.2762237,-9.638729,-1.6337595,0.42599103,-8.361375,23 San Pedro de Macorís,2018,24,train
-7.3678737,-8.523884,-2.9531643,-2.822495,-3.3271768,23 San Pedro de Macorís,2018,25,train
-9.920815,-11.017774,-4.7242584,1.7281183,-8.661311,23 San Pedro de Macorís,2018,26,train
-10.769184,-7.727304,-2.3639538,15.040607,-12.522737,23 San Pedro de Macorís,2018,27,train
-9.069849,-1.3259021,1.496736,15.684499,-5.2440248,23 San Pedro de Macorís,2018,28,train
-7.742581,-2.8036551,1.9756818,13.324926,-5.8087497,23 San Pedro de Macorís,2018,29,train
-7.312817,-5.7598996,1.3017056,12.775758,-9.026675,23 San Pedro de Macorís,2018,30,train
-11.617332,-5.172982,-0.83297175,15.668223,-9.249031,23 San Pedro de Macorís,2018,31,train
-7.779009,-2.0832043,2.8473904,13.46058,-7.482764,23 San Pedro de Macorís,2018,32,train
-5.9645967,-0.5084273,3.2845984,13.8869095,-7.204237,23 San Pedro de Macorís,2018,33,train
-5.6533513,-0.76058847,3.8109949,13.995155,-7.7413054,23 San Pedro de Macorís,2018,34,train
-12.379607,-4.885186,-4.870885,0.082108915,0.3850988,23 San Pedro de Macorís,2018,35,train
-9.031424,-3.6163762,-0.8967771,-0.8698814,-1.6044075,23 San Pedro de Macorís,2018,36,train
-12.28333,-4.522635,-3.893975,-0.51756305,-1.7138397,23 San Pedro de Macorís,2018,37,train
-10.621414,-2.971251,-2.5082684,0.6452279,-1.1870562,23 San Pedro de Macorís,2018,38,train
-9.877722,-2.4893708,-2.3426154,1.0295073,-1.3872889,23 San Pedro de Macorís,2018,39,train
-10.528717,-1.9013771,-3.7504897,-2.9071827,4.541748,23 San Pedro de Macorís,2018,40,train
-7.498656,-0.17474589,-2.2659006,-1.5180385,3.982351,23 San Pedro de Macorís,2018,41,train
-10.026729,2.4073021,-4.476214,3.151536,2.6030507,23 San Pedro de Macorís,2018,42,train
-11.09774,2.750698,-5.0040865,2.048257,3.8961623,23 San Pedro de Macorís,2018,43,train
-13.078178,3.6482577,-8.7394,0.6479235,5.4334183,23 San Pedro de Macorís,2018,44,train
-8.187938,4.2294645,-4.5048704,0.47262087,4.593631,23 San Pedro de Macorís,2018,45,train
-6.8126836,4.8959947,-4.1295595,1.0539255,4.087872,23 San Pedro de Macorís,2018,46,train
-8.258679,7.337758,-6.768813,1.1330032,5.910471,23 San Pedro de Macorís,2018,47,train
-7.909536,8.772091,-8.263017,0.49031278,6.616646,23 San Pedro de Macorís,2018,48,train
-6.7878547,9.866898,-10.018878,3.2118871,6.042229,23 San Pedro de Macorís,2018,49,train
-5.4424343,10.195152,-10.258069,0.8518073,7.197574,23 San Pedro de Macorís,2018,50,train
3.3988469,12.494515,-7.7822967,-0.12605086,5.357527,23 San Pedro de Macorís,2018,51,train
4.2016306,13.18711,-6.3336205,7.639138,0.6866324,23 San Pedro de Macorís,2018,52,train
5.6443706,14.562017,-4.038416,8.386905,-0.9458954,23 San Pedro de Macorís,2019,1,train
7.445679,15.805597,-1.8979294,13.496167,-3.1728063,23 San Pedro de Macorís,2019,2,train
8.579608,14.172154,1.5939406,15.09484,-4.7292676,23 San Pedro de Macorís,2019,3,train
9.570414,12.773755,0.68885154,13.263948,-6.065865,23 San Pedro de Macorís,2019,4,train
9.622484,10.555976,-5.6769953,-3.4044397,-0.17614986,23 San Pedro de Macorís,2019,5,train
8.168304,11.328375,-3.06974,-6.1235876,-3.5398617,23 San Pedro de Macorís,2019,6,train
8.062981,10.912156,-1.9872617,-4.505699,-5.4785757,23 San Pedro de Macorís,2019,7,train
9.005405,10.593627,-2.1112137,-3.8584769,-6.9616747,23 San Pedro de Macorís,2019,8,train
11.608079,11.772437,-3.1871352,-2.388317,-10.034044,23 San Pedro de Macorís,2019,9,train
10.445491,6.229183,-1.8173847,-5.051726,-5.6768494,23 San Pedro de Macorís,2019,10,train
12.731799,3.941557,-2.3300316,-6.1582246,-5.931426,23 San Pedro de Macorís,2019,11,train
10.268679,3.09744,-0.16279054,-6.1867023,-6.5359035,23 San Pedro de Macorís,2019,12,train
6.4232144,0.8804634,1.4236537,-7.4549117,-6.878033,23 San Pedro de Macorís,2019,13,train
11.217431,0.7014195,-1.2590388,-2.5698874,-9.900751,23 San Pedro de Macorís,2019,14,train
10.693488,1.2591572,-0.43320504,0.34854797,-10.038601,23 San Pedro de Macorís,2019,15,train
10.06675,0.4732345,-0.44430745,-0.828663,-10.247979,23 San Pedro de Macorís,2019,16,train
9.676803,-1.56041,-0.0022715668,-3.3502574,-9.619316,23 San Pedro de Macorís,2019,17,train
0.5903418,-7.97247,-2.5010328,-6.106974,-9.494329,23 San Pedro de Macorís,2019,18,train
-2.103503,-5.8359923,-0.5126296,-7.2046723,-9.315522,23 San Pedro de Macorís,2019,19,train
-3.0845244,-4.671872,1.2867011,-3.5761626,-9.076573,23 San Pedro de Macorís,2019,20,train
-3.7810133,-4.1628222,0.6100935,-5.735775,-5.0409255,23 San Pedro de Macorís,2019,21,train
-2.9672046,-5.0070047,7.141955,-8.041759,3.1147895,23 San Pedro de Macorís,2019,22,train
-5.125206,-2.4355311,2.0056753,-3.8251393,-5.433598,23 San Pedro de Macorís,2019,23,train
-7.8259807,-5.624059,-0.6320976,-2.468809,-9.284515,23 San Pedro de Macorís,2019,24,train
-8.51556,-4.735994,-0.6831091,-1.3246117,-8.842471,23 San Pedro de Macorís,2019,25,train
-12.332494,-5.665424,-2.7868774,-0.11542884,-8.391958,23 San Pedro de Macorís,2019,26,train
-11.201911,0.20140749,2.3965585,17.39206,-11.457363,23 San Pedro de Macorís,2019,27,train
-13.725184,-0.32875988,0.72132,14.407652,-10.367442,23 San Pedro de Macorís,2019,28,train
-13.587518,0.97418463,0.8495486,12.048101,-9.531154,23 San Pedro de Macorís,2019,29,train
-17.146488,-0.55255103,-2.2692635,10.727453,-10.385516,23 San Pedro de Macorís,2019,30,train
-13.099507,4.5731387,1.5571096,15.487528,-6.038613,23 San Pedro de Macorís,2019,31,train
-12.030312,3.691107,2.1504295,10.255967,-5.3989167,23 San Pedro de Macorís,2019,32,train
-15.674376,2.133287,-0.916652,11.1862755,-6.9964523,23 San Pedro de Macorís,2019,33,train
-11.212463,4.1157856,2.0434973,8.604182,-4.5866656,23 San Pedro de Macorís,2019,34,train
-16.447906,0.6269,-3.227703,2.3611655,-3.9694133,23 San Pedro de Macorís,2019,35,train
-16.57418,1.2206107,-3.4815044,0.15755597,-4.925731,23 San Pedro de Macorís,2019,36,train
-17.039274,0.88795626,-3.6603935,0.91027623,-5.604805,23 San Pedro de Macorís,2019,37,train
-9.949035,2.2417374,15.295164,-11.313903,7.3618717,23 San Pedro de Macorís,2019,38,train
-10.047551,3.2362006,0.9020761,-1.703607,-1.6802592,23 San Pedro de Macorís,2019,39,train
-9.030584,3.128926,0.29250407,-0.5131017,0.05675021,23 San Pedro de Macorís,2019,40,train
-14.836282,3.3633735,-4.757562,0.8844589,0.4413993,23 San Pedro de Macorís,2019,41,train
-15.282833,3.9865856,-5.798077,0.2467161,1.3154229,23 San Pedro de Macorís,2019,42,train
-10.881061,4.869938,-3.542138,-1.3758913,1.5367416,23 San Pedro de Macorís,2019,43,train
-13.945425,7.269337,-7.6351886,2.330281,2.0815237,23 San Pedro de Macorís,2019,44,train
-12.33812,7.5190854,-7.305475,1.4150189,2.7877662,23 San Pedro de Macorís,2019,45,train
-11.003388,7.7138367,-6.4611416,-1.520105,4.4968343,23 San Pedro de Macorís,2019,46,train
-11.959524,11.605799,-11.040436,-0.2951953,4.862477,23 San Pedro de Macorís,2019,47,train
-12.567144,14.202034,-13.846567,1.2322341,4.777218,23 San Pedro de Macorís,2019,48,train
-1.4948134,11.351584,-2.855729,-1.7659808,2.840732,23 San Pedro de Macorís,2019,49,train
-0.687306,11.186375,-3.238653,-0.47756654,1.3440994,23 San Pedro de Macorís,2019,50,train
0.59492505,12.829795,-4.6677785,0.21402289,1.2769223,23 San Pedro de Macorís,2019,51,train
-0.9377519,15.791194,-0.4255986,10.334529,-0.8824465,23 San Pedro de Macorís,2019,52,train
1.1662385,15.993463,-3.8639038,9.057307,-0.38040563,23 San Pedro de Macorís,2020,1,val
2.792952,14.928519,-4.666702,8.729948,-1.957098,23 San Pedro de Macorís,2020,2,val
5.606443,12.503605,-2.9594853,8.136565,-3.3992147,23 San Pedro de Macorís,2020,3,val
5.6133513,12.557671,1.7829963,9.776248,-3.701555,23 San Pedro de Macorís,2020,4,val
6.623703,9.260135,-2.8402424,-4.879858,0.19874696,23 San Pedro de Macorís,2020,5,val
8.54823,10.449433,-4.6903825,-3.0654895,-3.0270286,23 San Pedro de Macorís,2020,6,val
9.230572,9.555863,-4.6357427,-2.321707,-4.5214987,23 San Pedro de Macorís,2020,7,val
8.886905,7.38014,-3.061585,-2.904422,-3.1828747,23 San Pedro de Macorís,2020,8,val
7.5850887,6.197513,-0.33100826,-5.8325377,-3.8096576,23 San Pedro de Macorís,2020,9,val
9.1610985,0.3604606,-2.2262902,-1.6018523,-0.34981114,23 San Pedro de Macorís,2020,10,val
9.902405,-0.69283533,-2.585297,-4.2938123,-0.37626657,23 San Pedro de Macorís,2020,11,val
13.415767,-0.055546522,-3.7330532,-0.92341655,-4.162949,23 San Pedro de Macorís,2020,12,val
11.990008,-2.864206,-2.696573,-1.9234418,-3.0662844,23 San Pedro de Macorís,2020,13,val
15.361039,-7.368697,-4.2407236,0.6375144,-2.5613694,23 San Pedro de Macorís,2020,14,val
10.386606,-8.988994,-2.9484913,1.1284034,0.15633239,23 San Pedro de Macorís,2020,15,val
11.432619,-8.294567,-3.599003,2.4380584,-2.5334473,23 San Pedro de Macorís,2020,16,val
10.754694,-8.2325,-3.3889067,3.102906,-3.237023,23 San Pedro de Macorís,2020,17,val
11.663033,-9.036881,-3.366286,3.0184152,-4.4429784,23 San Pedro de Macorís,2020,18,val
8.998465,-8.614922,-3.1496623,3.5197654,-3.2995598,23 San Pedro de Macorís,2020,19,val
8.372408,-7.260399,-2.2796187,3.938128,-4.076652,23 San Pedro de Macorís,2020,20,val
8.076795,-9.7086,-2.7753358,4.2435217,-2.5105233,23 San Pedro de Macorís,2020,21,val
8.184959,-10.160188,-2.123586,4.704023,-2.7117825,23 San Pedro de Macorís,2020,22,val
-2.3632996,-14.640519,-5.323988,2.2586625,-4.594191,23 San Pedro de Macorís,2020,23,val
-3.404431,-14.189326,-4.55356,2.5216618,-3.2459402,23 San Pedro de Macorís,2020,24,val
-4.915414,-14.277689,-5.524445,3.9936633,-4.898404,23 San Pedro de Macorís,2020,25,val
-9.243365,-12.990051,-7.5625677,4.5209236,-5.879817,23 San Pedro de Macorís,2020,26,val
-3.518875,-8.403359,-0.40729797,16.658169,-3.8664184,23 San Pedro de Macorís,2020,27,val
-5.9329696,-9.952624,-2.607004,15.72848,-4.6632833,23 San Pedro de Macorís,2020,28,val
-5.4811234,-8.472916,-1.335101,18.218872,-5.5330687,23 San Pedro de Macorís,2020,29,val
-8.805671,-9.64423,-3.3219614,16.314766,-5.451643,23 San Pedro de Macorís,2020,30,val
2.6715178,-11.714504,14.459405,12.423808,15.25884,23 San Pedro de Macorís,2020,31,val
-1.720017,-14.866293,-6.1603227,18.598469,2.4862754,23 San Pedro de Macorís,2020,32,val
-7.929422,-11.948831,-7.424471,18.181005,2.4232073,23 San Pedro de Macorís,2020,33,val
2.428555,-13.824048,19.646242,14.288888,23.529297,23 San Pedro de Macorís,2020,34,val
-3.7810888,-14.2629595,-8.218675,8.44052,5.107351,23 San Pedro de Macorís,2020,35,val
-8.098736,-7.551716,-6.378604,4.9260306,3.9688554,23 San Pedro de Macorís,2020,36,val
-4.5774584,-10.754247,-6.078538,5.6159096,6.359761,23 San Pedro de Macorís,2020,37,val
-7.6792526,-13.230464,-9.908964,6.911114,6.5385547,23 San Pedro de Macorís,2020,38,val
-8.126202,-11.751019,-10.127942,8.91966,6.8630266,23 San Pedro de Macorís,2020,39,val
-10.171601,-4.5850444,-8.3027725,3.5479996,4.548599,23 San Pedro de Macorís,2020,40,val
-9.540731,-5.998549,-10.317651,4.8746667,8.009656,23 San Pedro de Macorís,2020,41,val
-7.4697742,-4.7318997,-8.187699,4.637523,8.096444,23 San Pedro de Macorís,2020,42,val
-9.789477,-4.5641255,-12.706973,7.127563,9.800355,23 San Pedro de Macorís,2020,43,val
-9.217549,-1.4641247,-12.400306,7.819419,7.9733443,23 San Pedro de Macorís,2020,44,val
-1.7104988,-7.0077624,0.619486,-2.303423,17.887468,23 San Pedro de Macorís,2020,45,val
-0.79277855,-4.9580493,5.034705,-4.203702,18.655668,23 San Pedro de Macorís,2020,46,val
-2.9147668,-0.38308436,-8.017076,3.4370728,10.05902,23 San Pedro de Macorís,2020,47,val
-2.6881077,0.62586194,-9.925926,2.795082,11.021437,23 San Pedro de Macorís,2020,48,val
4.1508274,-5.6370077,-15.6195,10.70862,18.010256,23 San Pedro de Macorís,2020,49,val
5.9090924,-7.346031,-12.66896,9.046505,17.384983,23 San Pedro de Macorís,2020,50,val
5.7071214,-6.310283,-15.741222,9.410996,18.077433,23 San Pedro de Macorís,2020,51,val
3.2277956,-5.5849953,-12.401462,22.267473,15.462,23 San Pedro de Macorís,2020,52,val
12.7772455,-3.075038,-10.1221285,18.601608,14.444666,23 San Pedro de Macorís,2021,1,val
14.305816,-6.050192,-10.532657,18.376268,14.295744,23 San Pedro de Macorís,2021,2,val
14.839412,-5.8549953,-9.637777,17.918257,12.700646,23 San Pedro de Macorís,2021,3,val
16.191992,-4.600426,-10.009148,17.3623,10.065256,23 San Pedro de Macorís,2021,4,val
15.317046,-8.290648,-11.840008,10.160655,14.345482,23 San Pedro de Macorís,2021,5,val
15.305162,-3.4095821,-12.118508,8.313249,8.176053,23 San Pedro de Macorís,2021,6,val
16.363491,-3.9691055,-13.2642565,8.702756,7.5076365,23 San Pedro de Macorís,2021,7,val
15.504929,-3.938178,-11.858975,8.056867,5.0312786,23 San Pedro de Macorís,2021,8,val
17.364769,-6.114027,-11.309571,8.333862,6.2340007,23 San Pedro de Macorís,2021,9,val
13.110422,-1.7784454,-6.0618486,-3.5282896,1.2036251,23 San Pedro de Macorís,2021,10,val
15.8150015,0.7000593,-6.6308236,-2.134726,-3.8563716,23 San Pedro de Macorís,2021,11,val
12.72813,-1.2763419,-3.9907985,-0.13175762,-2.3619459,23 San Pedro de Macorís,2021,12,val
13.283722,-4.9653835,-4.9491262,0.26273546,-2.3380249,23 San Pedro de Macorís,2021,13,val
9.5684595,-10.058084,8.399697,-9.577853,14.196477,23 San Pedro de Macorís,2021,14,val
14.528019,-9.280897,-4.5525064,-1.620512,-2.5728114,23 San Pedro de Macorís,2021,15,val
10.771655,-6.2266593,-2.2508717,2.0603123,-3.0781717,23 San Pedro de Macorís,2021,16,val
4.6633487,-13.824219,-5.362483,-4.1002994,-2.8403852,23 San Pedro de Macorís,2021,17,val
4.6686378,-15.256211,-5.6955633,-1.1335926,-4.486168,23 San Pedro de Macorís,2021,18,val
3.3744233,-12.183281,-3.4607923,0.22429201,-3.0584207,23 San Pedro de Macorís,2021,19,val
2.1123664,-13.646599,-5.7357206,-1.1082338,-4.0718694,23 San Pedro de Macorís,2021,20,val
1.5471731,-13.8061,-4.9731736,0.7773504,-4.572991,23 San Pedro de Macorís,2021,21,val
-0.52691925,-10.937321,-3.8073041,0.18565245,-5.1962876,23 San Pedro de Macorís,2021,22,val
-2.4655414,-9.068489,-2.2603967,-2.4194593,-0.83659,23 San Pedro de Macorís,2021,23,val
-3.602411,-11.055852,-3.809479,1.5159757,-3.8294263,23 San Pedro de Macorís,2021,24,val
-7.125562,-10.426071,-4.389054,0.9993796,-4.127868,23 San Pedro de Macorís,2021,25,val
-7.366124,-9.485876,-4.1092567,2.3942378,-3.6627734,23 San Pedro de Macorís,2021,26,val
-4.695953,-13.189782,-5.8928895,18.234972,-2.136037,23 San Pedro de Macorís,2021,27,val
-7.372362,-7.298641,-3.535605,18.918499,1.1706709,23 San Pedro de Macorís,2021,28,val
-3.1655028,-11.331237,-4.145793,18.41832,2.883553,23 San Pedro de Macorís,2021,29,val
-6.3278794,-10.688731,-5.14692,17.941523,2.3607264,23 San Pedro de Macorís,2021,30,val
-4.5613127,-11.4361925,-4.704809,18.142284,2.6314497,23 San Pedro de Macorís,2021,31,val
-0.049812444,-8.322515,13.46113,15.292913,13.939986,23 San Pedro de Macorís,2021,32,val
-7.7097225,-1.8824424,-0.57261825,14.381206,0.40276653,23 San Pedro de Macorís,2021,33,val
-6.826444,-7.8325934,-1.8854263,15.381971,-2.32042,23 San Pedro de Macorís,2021,34,val
-8.902006,-9.924127,-6.0354376,3.9744911,3.0534477,23 San Pedro de Macorís,2021,35,val
-7.886223,-10.500022,-7.7723684,7.53514,4.334091,23 San Pedro de Macorís,2021,36,val
-6.972082,-10.429345,-7.370774,6.726612,5.807386,23 San Pedro de Macorís,2021,37,val
-6.7323356,-11.445614,-8.282182,7.62115,6.7952924,23 San Pedro de Macorís,2021,38,val
-8.09801,-9.123067,-8.419212,5.4879026,7.687588,23 San Pedro de Macorís,2021,39,val
-11.060142,-6.1975746,-11.076068,8.683759,6.503733,23 San Pedro de Macorís,2021,40,val
-6.882061,-6.1239524,-6.8489227,3.8068933,8.590023,23 San Pedro de Macorís,2021,41,val
-9.147849,-5.193003,-10.548734,6.580262,9.174963,23 San Pedro de Macorís,2021,42,val
-9.588569,-2.5879853,-12.20021,10.311655,8.507586,23 San Pedro de Macorís,2021,43,val
-8.432021,-2.1040378,-11.469265,9.0283985,9.383414,23 San Pedro de Macorís,2021,44,val
-8.539357,-2.884927,-16.6553,11.916732,11.82357,23 San Pedro de Macorís,2021,45,val
-9.206389,-0.18421622,-21.53714,13.9620285,11.197174,23 San Pedro de Macorís,2021,46,val
-5.347248,-0.13898458,-16.733723,11.227227,13.361559,23 San Pedro de Macorís,2021,47,val
-3.8089986,-0.5190961,-16.936922,10.573822,13.570322,23 San Pedro de Macorís,2021,48,val
-0.11423807,-1.0509858,-19.867853,13.983704,14.700249,23 San Pedro de Macorís,2021,49,val
0.96101165,0.28504124,-16.868729,12.386834,12.9498415,23 San Pedro de Macorís,2021,50,val
3.6487594,-4.896397,-13.443947,7.1556325,16.258055,23 San Pedro de Macorís,2021,51,val
1.2404644,-0.41275898,-13.344397,21.318436,13.345241,23 San Pedro de Macorís,2021,52,val
4.1661887,22.308945,12.998164,24.46075,1.7452798,24 Sánchez Ramírez,2015,1,train
8.481186,25.622223,15.121607,30.023113,-0.61543083,24 Sánchez Ramírez,2015,2,train
9.150069,18.938545,12.809138,20.479885,-2.677809,24 Sánchez Ramírez,2015,3,train
14.91768,20.165035,12.973882,21.439032,-5.9175158,24 Sánchez Ramírez,2015,4,train
9.387578,12.91244,4.67932,-10.961375,7.7929916,24 Sánchez Ramírez,2015,5,train
15.474585,12.953447,0.72662956,-8.6819105,5.695113,24 Sánchez Ramírez,2015,6,train
14.9792185,11.449576,0.92449075,-10.243947,4.9218307,24 Sánchez Ramírez,2015,7,train
14.568779,5.8787127,15.288936,-18.463839,11.953827,24 Sánchez Ramírez,2015,8,train
18.756119,8.071768,3.1240728,-10.518502,0.13674198,24 Sánchez Ramírez,2015,9,train
18.185926,6.068137,5.992057,-12.142409,0.08679385,24 Sánchez Ramírez,2015,10,train
18.213392,5.143139,6.3637624,-14.107834,-1.3131635,24 Sánchez Ramírez,2015,11,train
19.59911,3.4610798,6.249787,-12.560997,-6.5324345,24 Sánchez Ramírez,2015,12,train
17.625557,0.6607849,7.798194,-9.564582,-13.027169,24 Sánchez Ramírez,2015,13,train
17.512484,-0.6596911,7.1951537,-13.564414,-3.8967865,24 Sánchez Ramírez,2015,14,train
16.021605,-3.3035448,7.7088447,-12.211041,-7.05348,24 Sánchez Ramírez,2015,15,train
17.835745,-4.136966,8.019007,-8.968193,-13.66128,24 Sánchez Ramírez,2015,16,train
15.743226,-6.5512805,8.73082,-5.9683585,-18.215351,24 Sánchez Ramírez,2015,17,train
-0.018168632,-18.48492,7.561087,-8.629088,-20.040844,24 Sánchez Ramírez,2015,18,train
-4.9037895,-14.495894,9.342302,-12.661764,-24.143566,24 Sánchez Ramírez,2015,19,train
-6.8334804,-11.521615,9.840337,-13.052284,-19.788607,24 Sánchez Ramírez,2015,20,train
-7.3804297,-11.045928,9.389426,-11.1697035,-9.409094,24 Sánchez Ramírez,2015,21,train
-8.329029,-11.928565,9.850098,-11.219331,-5.61006,24 Sánchez Ramírez,2015,22,train
-9.842962,-14.55682,7.087418,-6.420138,-8.593723,24 Sánchez Ramírez,2015,23,train
-11.740076,-15.573287,6.2748127,-4.457576,-10.9896,24 Sánchez Ramírez,2015,24,train
-13.541934,-14.46253,6.2642446,-4.1999593,-7.0362077,24 Sánchez Ramírez,2015,25,train
-17.156284,-15.776277,5.4712205,-3.6267738,-6.794057,24 Sánchez Ramírez,2015,26,train
-10.029644,0.6553919,17.497532,24.929865,-14.839277,24 Sánchez Ramírez,2015,27,train
-14.276906,4.4692497,20.430576,31.954823,-13.939429,24 Sánchez Ramírez,2015,28,train
-14.3503895,2.8802338,18.722313,27.970488,-15.0686245,24 Sánchez Ramírez,2015,29,train
-16.105028,-2.365492,14.676456,21.501875,-16.000795,24 Sánchez Ramírez,2015,30,train
-21.743832,0.4627967,15.002441,22.55736,-17.790268,24 Sánchez Ramírez,2015,31,train
-19.074646,5.6934347,19.313784,23.852755,-18.360682,24 Sánchez Ramírez,2015,32,train
-20.443975,6.0181932,17.860985,19.295422,-18.832796,24 Sánchez Ramírez,2015,33,train
-21.918924,4.94333,17.02874,21.636354,-19.028263,24 Sánchez Ramírez,2015,34,train
-22.133474,-3.2465434,18.243145,-13.227632,6.566795,24 Sánchez Ramírez,2015,35,train
-25.360872,-0.12789118,9.283942,-6.7785516,-8.762544,24 Sánchez Ramírez,2015,36,train
-31.341251,0.2709234,9.581872,-8.555637,-2.9655545,24 Sánchez Ramírez,2015,37,train
-33.38254,3.9964242,9.209881,-10.225147,2.4390326,24 Sánchez Ramírez,2015,38,train
-25.451925,4.6871815,5.82863,-5.452623,-1.3865892,24 Sánchez Ramírez,2015,39,train
-34.08281,10.36132,1.8901904,-4.5830894,-4.218232,24 Sánchez Ramírez,2015,40,train
-30.587078,11.942863,2.6785495,-3.2640572,-2.7561882,24 Sánchez Ramírez,2015,41,train
-26.647211,14.152408,3.7623656,-3.9608197,-2.4686956,24 Sánchez Ramírez,2015,42,train
-26.095276,15.245843,4.6859784,-9.587062,1.446889,24 Sánchez Ramírez,2015,43,train
-23.16841,16.366652,5.232382,-9.832372,2.2353284,24 Sánchez Ramírez,2015,44,train
-12.622256,14.550877,5.211419,-6.4336076,6.3431067,24 Sánchez Ramírez,2015,45,train
-14.372135,16.848644,3.396561,-5.2746067,6.898034,24 Sánchez Ramírez,2015,46,train
-14.022381,20.945395,1.1113436,-10.766521,11.798108,24 Sánchez Ramírez,2015,47,train
-2.8999593,24.544245,1.7130593,-9.430146,8.946262,24 Sánchez Ramírez,2015,48,train
-2.6913042,19.795948,2.4792774,-5.445581,7.104441,24 Sánchez Ramírez,2015,49,train
-0.12697539,21.292479,1.4892869,-4.735118,6.7361054,24 Sánchez Ramírez,2015,50,train
1.5787067,21.421755,2.3353965,-6.309979,7.1529584,24 Sánchez Ramírez,2015,51,train
-2.9025898,22.32223,14.084672,22.043331,2.1295688,24 Sánchez Ramírez,2015,52,train
3.7831674,33.320328,14.594568,17.580898,-6.149846,24 Sánchez Ramírez,2016,1,train
6.2482243,32.297905,16.439854,17.32997,-8.054862,24 Sánchez Ramírez,2016,2,train
8.669902,31.045612,17.93398,16.59007,-11.085641,24 Sánchez Ramírez,2016,3,train
6.961343,25.452206,21.03943,18.12262,-11.3343115,24 Sánchez Ramírez,2016,4,train
8.8052635,24.92836,8.845748,-16.22737,-0.008596601,24 Sánchez Ramírez,2016,5,train
8.204961,22.385485,8.292975,-14.110621,-3.394831,24 Sánchez Ramírez,2016,6,train
9.711962,21.284975,9.525299,-18.283064,-2.5610912,24 Sánchez Ramírez,2016,7,train
12.199848,19.572721,9.004352,-14.779268,-8.362059,24 Sánchez Ramírez,2016,8,train
9.243916,17.25624,12.753985,-16.878881,-8.825377,24 Sánchez Ramírez,2016,9,train
18.033808,7.5899887,7.2872043,-13.861979,-1.8732059,24 Sánchez Ramírez,2016,10,train
17.924088,10.630381,7.360087,-10.95373,-10.760151,24 Sánchez Ramírez,2016,11,train
17.798397,10.099007,8.4146,-10.428758,-14.196668,24 Sánchez Ramírez,2016,12,train
17.326527,7.398114,9.476715,-11.683107,-16.366934,24 Sánchez Ramírez,2016,13,train
9.886603,3.33193,11.70333,-11.5758915,-17.09162,24 Sánchez Ramírez,2016,14,train
13.021908,1.9959964,11.784181,-14.815779,-19.67111,24 Sánchez Ramírez,2016,15,train
6.748199,-0.32645857,13.179746,-16.494184,-11.422611,24 Sánchez Ramírez,2016,16,train
5.4860215,-3.1649563,19.78922,-11.354991,0.78400624,24 Sánchez Ramírez,2016,17,train
3.9834852,0.95499337,11.827553,-11.461061,-13.140909,24 Sánchez Ramírez,2016,18,train
3.5957174,-18.444698,3.2275972,-3.5517666,1.0136768,24 Sánchez Ramírez,2016,19,train
3.1373923,-24.236647,0.6598584,1.4141619,-1.0323666,24 Sánchez Ramírez,2016,20,train
-1.0836015,-19.447786,2.2629688,-3.5419726,0.94619066,24 Sánchez Ramírez,2016,21,train
-2.5713704,-19.340658,2.669677,-3.5957053,2.34599,24 Sánchez Ramírez,2016,22,train
-2.375686,-25.71891,-1.1993059,4.0231633,2.034956,24 Sánchez Ramírez,2016,23,train
-5.744289,-29.525948,-1.8377668,5.22699,-0.5214072,24 Sánchez Ramírez,2016,24,train
-9.878737,-19.825523,0.9872286,-0.3987235,6.214073,24 Sánchez Ramírez,2016,25,train
-14.968107,-20.728441,-0.7827849,1.3473855,5.2264204,24 Sánchez Ramírez,2016,26,train
-10.21764,-11.999161,7.6861005,28.490292,-3.9076025,24 Sánchez Ramírez,2016,27,train
-15.341029,-8.67923,10.932863,38.25313,-3.9985316,24 Sánchez Ramírez,2016,28,train
-13.25008,-8.918295,9.219202,29.285152,-2.986151,24 Sánchez Ramírez,2016,29,train
-14.475872,-2.365236,11.505794,32.244427,-0.32642782,24 Sánchez Ramírez,2016,30,train
-15.615469,-2.4570596,10.308225,30.216066,0.74365944,24 Sánchez Ramírez,2016,31,train
-10.849942,-13.203371,6.494418,30.548643,1.7064254,24 Sánchez Ramírez,2016,32,train
-12.026854,-16.155468,5.0655193,32.867268,-0.2866777,24 Sánchez Ramírez,2016,33,train
-14.625754,-0.0010686406,8.653138,30.455006,5.1419106,24 Sánchez Ramírez,2016,34,train
-19.908333,-21.868185,-5.380554,5.521634,9.295324,24 Sánchez Ramírez,2016,35,train
-15.603827,-17.85933,-4.860419,6.930586,12.936137,24 Sánchez Ramírez,2016,36,train
-15.547221,-21.140871,-6.1205173,5.996023,13.85234,24 Sánchez Ramírez,2016,37,train
-15.655872,-18.418001,-6.279108,7.3844504,13.990047,24 Sánchez Ramírez,2016,38,train
-14.605084,-13.12141,-4.957803,5.9846992,15.259371,24 Sánchez Ramírez,2016,39,train
-20.16334,-6.033787,-3.8480077,1.5204513,12.257709,24 Sánchez Ramírez,2016,40,train
-18.737234,-4.0852485,-4.0664268,2.4697163,13.169726,24 Sánchez Ramírez,2016,41,train
-16.894245,-3.3296092,-3.5457196,0.8971736,14.406213,24 Sánchez Ramírez,2016,42,train
-16.796396,-0.9440946,-5.0796947,2.8087852,15.196039,24 Sánchez Ramírez,2016,43,train
-12.416501,0.9443087,-3.9259527,-0.28039306,16.703253,24 Sánchez Ramírez,2016,44,train
-9.58532,-0.3630091,6.615591,-5.053555,23.403658,24 Sánchez Ramírez,2016,45,train
-5.9417024,4.7639027,0.8110523,0.5247013,17.90161,24 Sánchez Ramírez,2016,46,train
-6.826901,5.762227,-3.9941955,-2.0054765,20.915329,24 Sánchez Ramírez,2016,47,train
4.5521636,9.310766,-2.792708,-0.6557739,16.913929,24 Sánchez Ramírez,2016,48,train
6.9374957,9.413403,-4.5504117,-0.005477071,18.888006,24 Sánchez Ramírez,2016,49,train
7.284644,9.102354,-4.9623847,0.2857602,19.291035,24 Sánchez Ramírez,2016,50,train
6.427356,8.139726,-1.4712673,-2.2392683,16.644892,24 Sánchez Ramírez,2016,51,train
4.970846,16.819168,5.094675,26.585289,10.145177,24 Sánchez Ramírez,2016,52,train
8.65949,15.343209,-0.13836877,19.736788,9.536752,24 Sánchez Ramírez,2017,1,train
7.436115,15.411372,12.617908,32.466934,4.4373665,24 Sánchez Ramírez,2017,2,train
17.089558,21.746733,11.557279,38.511597,1.1535923,24 Sánchez Ramírez,2017,3,train
24.070095,16.402184,4.089614,28.828684,1.0099319,24 Sánchez Ramírez,2017,4,train
18.563581,5.3392854,-5.9086437,-1.8062239,13.468551,24 Sánchez Ramírez,2017,5,train
15.710019,5.6956286,-2.4367614,-4.777305,10.679818,24 Sánchez Ramírez,2017,6,train
16.987564,4.861594,-1.4796768,-5.4454627,9.043751,24 Sánchez Ramírez,2017,7,train
23.630682,6.1593246,-3.4866924,-5.449051,6.2015977,24 Sánchez Ramírez,2017,8,train
24.770561,3.6643236,-4.2203164,-8.077237,6.087809,24 Sánchez Ramírez,2017,9,train
21.814028,-2.0189216,-0.13572419,-7.947133,8.119909,24 Sánchez Ramírez,2017,10,train
24.544924,-3.6224966,-2.635081,-2.551413,5.1220837,24 Sánchez Ramírez,2017,11,train
16.802904,-2.8871627,6.038062,-6.579299,4.1951838,24 Sánchez Ramírez,2017,12,train
24.55048,-9.737947,-0.08942206,-4.074939,0.08723175,24 Sánchez Ramírez,2017,13,train
20.840761,-13.491922,2.5628183,-2.5923896,-5.9365616,24 Sánchez Ramírez,2017,14,train
21.294643,-11.105871,3.4897687,-7.760582,-6.005592,24 Sánchez Ramírez,2017,15,train
12.698074,-9.601408,13.028945,-9.7127285,5.8679237,24 Sánchez Ramírez,2017,16,train
11.805605,-13.649691,16.192583,-8.264297,9.783494,24 Sánchez Ramírez,2017,17,train
13.897,-16.64881,10.217802,-5.9528913,-0.47074413,24 Sánchez Ramírez,2017,18,train
4.939605,-25.03064,1.7472101,-5.2165804,0.79171425,24 Sánchez Ramírez,2017,19,train
0.8562268,-17.27947,3.0478706,-5.2525377,0.29756406,24 Sánchez Ramírez,2017,20,train
1.3782705,-27.655586,-0.5993432,2.0726392,-1.3143849,24 Sánchez Ramírez,2017,21,train
-2.035143,-23.474724,5.374282,-3.2137117,1.6310339,24 Sánchez Ramírez,2017,22,train
-4.295999,-22.999743,1.1998236,1.7586141,-3.1205359,24 Sánchez Ramírez,2017,23,train
-8.96876,-22.038319,1.4093273,-1.3957938,-3.7406917,24 Sánchez Ramírez,2017,24,train
-10.731122,-18.2074,2.8380873,-2.336842,1.3905716,24 Sánchez Ramírez,2017,25,train
-12.276033,-17.675713,2.9476314,-0.7022668,2.1186726,24 Sánchez Ramírez,2017,26,train
-6.6678534,-5.265691,12.060514,31.675259,-1.2745956,24 Sánchez Ramírez,2017,27,train
-12.693273,-4.0384583,11.536956,33.46028,1.0379475,24 Sánchez Ramírez,2017,28,train
-9.415242,-9.0901575,8.75076,29.65456,1.3024879,24 Sánchez Ramírez,2017,29,train
-8.093908,-12.2428,7.6229253,28.329723,1.2284856,24 Sánchez Ramírez,2017,30,train
-11.207822,-7.6284127,9.112758,29.153667,1.3669493,24 Sánchez Ramírez,2017,31,train
-11.488304,-6.286479,11.043789,31.27698,-0.030420002,24 Sánchez Ramírez,2017,32,train
-6.7339625,0.40980342,14.196825,30.264038,-0.5226278,24 Sánchez Ramírez,2017,33,train
-10.041437,-9.271508,7.041036,26.774021,1.2824949,24 Sánchez Ramírez,2017,34,train
-12.85314,-18.50091,-1.5762962,5.089406,6.5659437,24 Sánchez Ramírez,2017,35,train
-16.523987,-10.981858,-1.826668,2.6055005,9.772328,24 Sánchez Ramírez,2017,36,train
-16.337872,-12.441697,-2.4922159,5.0741243,9.27735,24 Sánchez Ramírez,2017,37,train
-16.954538,-9.587692,-2.4859374,3.4838026,10.549408,24 Sánchez Ramírez,2017,38,train
-16.18082,-11.668753,-3.6115,5.116448,11.466049,24 Sánchez Ramírez,2017,39,train
-12.446626,-9.181324,-3.7473903,5.2130704,13.882489,24 Sánchez Ramírez,2017,40,train
-13.9221735,-9.208784,-5.470768,4.4538794,17.007929,24 Sánchez Ramírez,2017,41,train
-14.584728,-6.731258,-6.995238,7.4367533,17.139454,24 Sánchez Ramírez,2017,42,train
-13.392563,-5.708765,-7.441786,6.739334,18.58819,24 Sánchez Ramírez,2017,43,train
-12.969964,-4.151431,-8.426858,7.324861,19.7133,24 Sánchez Ramírez,2017,44,train
-4.61246,1.5861386,-0.88202,2.069874,17.6026,24 Sánchez Ramírez,2017,45,train
-3.9223962,-0.064785056,-3.915262,2.8534753,19.337852,24 Sánchez Ramírez,2017,46,train
-5.891508,-0.9758743,-9.519836,6.624545,22.781404,24 Sánchez Ramírez,2017,47,train
-5.231851,0.783453,-11.093386,7.9550443,23.66489,24 Sánchez Ramírez,2017,48,train
-7.941447,7.952133,-7.95081,2.4723039,20.388628,24 Sánchez Ramírez,2017,49,train
-9.792872,9.629774,-12.252246,2.0901568,23.719019,24 Sánchez Ramírez,2017,50,train
-4.8218994,8.333968,-5.828925,0.5366428,20.227905,24 Sánchez Ramírez,2017,51,train
4.31699,17.039484,5.0395546,24.662565,9.5587435,24 Sánchez Ramírez,2017,52,train
7.5097113,6.9806423,3.1537254,23.255867,13.470972,24 Sánchez Ramírez,2018,1,train
9.0619,6.9429936,4.7474523,23.984455,9.95635,24 Sánchez Ramírez,2018,2,train
8.341942,7.1683507,7.846664,23.659225,5.8390927,24 Sánchez Ramírez,2018,3,train
11.420289,6.1182003,7.8096156,25.080492,5.662481,24 Sánchez Ramírez,2018,4,train
17.831549,2.1038558,-4.1601357,0.18063377,16.498594,24 Sánchez Ramírez,2018,5,train
11.951016,5.902147,2.6000354,-5.836184,8.382382,24 Sánchez Ramírez,2018,6,train
15.722926,5.4860573,3.5513234,-8.360445,7.7462773,24 Sánchez Ramírez,2018,7,train
17.692429,4.8817315,3.2140071,-9.853561,6.672094,24 Sánchez Ramírez,2018,8,train
25.480904,6.934641,-0.9032415,-13.480825,3.2582576,24 Sánchez Ramírez,2018,9,train
28.797522,-3.8190362,-4.601728,-3.2205627,8.525435,24 Sánchez Ramírez,2018,10,train
23.229729,-4.6851215,-2.4015782,3.357417,6.239369,24 Sánchez Ramírez,2018,11,train
23.588697,-6.174084,-1.5794202,-0.22185291,5.706176,24 Sánchez Ramírez,2018,12,train
22.02513,-4.8544397,3.4901073,-6.739198,2.8517737,24 Sánchez Ramírez,2018,13,train
18.28155,-6.816139,4.8771925,-9.667867,-8.403949,24 Sánchez Ramírez,2018,14,train
17.174969,-8.114674,6.0568514,-9.22455,-8.935146,24 Sánchez Ramírez,2018,15,train
18.252079,-9.65264,5.6886244,-8.426603,-12.010412,24 Sánchez Ramírez,2018,16,train
15.614163,-10.074387,6.162631,-5.654058,-12.336301,24 Sánchez Ramírez,2018,17,train
13.606248,-10.221906,5.75808,-7.091007,-9.392588,24 Sánchez Ramírez,2018,18,train
13.606403,-8.932237,6.960051,-4.2360277,-11.662576,24 Sánchez Ramírez,2018,19,train
8.417098,-7.973776,7.252669,-4.816674,-6.1083984,24 Sánchez Ramírez,2018,20,train
10.354388,-10.495541,7.497436,-1.5701172,-12.609852,24 Sánchez Ramírez,2018,21,train
9.348952,-8.592938,7.331332,1.0360787,-11.825192,24 Sánchez Ramírez,2018,22,train
9.226687,-9.28521,7.961448,2.9044557,-14.124251,24 Sánchez Ramírez,2018,23,train
-7.6721478,-16.940275,4.6419096,-1.9245043,-8.507704,24 Sánchez Ramírez,2018,24,train
-11.095108,-16.54483,3.5196087,-2.915052,-5.471166,24 Sánchez Ramírez,2018,25,train
-14.382607,-18.85452,3.4123785,-1.5948675,-6.8536334,24 Sánchez Ramírez,2018,26,train
-18.90948,-11.093183,9.194427,25.942553,-12.060915,24 Sánchez Ramírez,2018,27,train
-16.21125,-4.049578,10.919262,27.337185,-6.581315,24 Sánchez Ramírez,2018,28,train
-10.547393,-3.0770004,12.539408,23.924047,-6.101941,24 Sánchez Ramírez,2018,29,train
-17.015448,-7.2725434,9.735718,25.530855,-8.822053,24 Sánchez Ramírez,2018,30,train
-14.005365,-2.5769384,13.91655,29.435162,-6.559615,24 Sánchez Ramírez,2018,31,train
-15.535898,-2.261581,13.097756,27.73686,-6.808739,24 Sánchez Ramírez,2018,32,train
-9.182442,2.724567,16.755116,29.922253,-5.032707,24 Sánchez Ramírez,2018,33,train
-11.58297,-2.6927807,14.43913,27.741686,-10.202094,24 Sánchez Ramírez,2018,34,train
-13.650109,-9.491045,12.03544,-5.4301248,10.097393,24 Sánchez Ramírez,2018,35,train
-17.516293,-9.943796,3.1242094,-1.8279864,0.17793992,24 Sánchez Ramírez,2018,36,train
-15.980594,-7.608216,3.4815187,-1.9622105,2.7568455,24 Sánchez Ramírez,2018,37,train
-18.434715,-7.3183827,1.84504,-0.8474046,3.0649433,24 Sánchez Ramírez,2018,38,train
-15.341985,-7.2009087,6.009628,-2.0930057,4.3225064,24 Sánchez Ramírez,2018,39,train
-19.697533,-2.6105042,-0.976378,-1.8029542,11.133432,24 Sánchez Ramírez,2018,40,train
-18.794018,-0.92521703,-1.0337712,-2.2365842,12.209644,24 Sánchez Ramírez,2018,41,train
-14.458235,1.0888976,1.0051695,-1.0878103,11.487957,24 Sánchez Ramírez,2018,42,train
-18.74323,3.2977266,-3.0747008,2.1339545,11.263964,24 Sánchez Ramírez,2018,43,train
-17.78371,4.2402515,-3.2428083,-0.30469644,13.811789,24 Sánchez Ramírez,2018,44,train
-11.897325,5.7900805,-0.16340047,-2.0794113,13.716683,24 Sánchez Ramírez,2018,45,train
-11.610623,7.7584543,-1.7419236,-0.8227701,13.597016,24 Sánchez Ramírez,2018,46,train
-13.264848,10.972183,-4.515635,1.10152,14.618352,24 Sánchez Ramírez,2018,47,train
2.9537947,17.140553,-2.6874323,-1.9240903,11.954728,24 Sánchez Ramírez,2018,48,train
2.125177,13.277796,-0.77726454,-1.7438829,12.495367,24 Sánchez Ramírez,2018,49,train
4.985377,16.510458,-3.0669787,-0.6541032,11.659219,24 Sánchez Ramírez,2018,50,train
6.1728063,17.319103,-3.2871575,-2.6544797,13.065393,24 Sánchez Ramírez,2018,51,train
2.0446887,18.640276,7.8876333,21.718601,5.9448123,24 Sánchez Ramírez,2018,52,train
7.456752,22.966938,4.773183,19.224655,3.309398,24 Sánchez Ramírez,2019,1,train
8.26439,22.769213,12.156758,27.934116,1.3112057,24 Sánchez Ramírez,2019,2,train
14.511736,21.142252,9.966913,22.98938,-2.7791834,24 Sánchez Ramírez,2019,3,train
16.521362,18.366234,8.786196,18.703596,-4.985699,24 Sánchez Ramírez,2019,4,train
16.544361,16.092352,-1.2767652,-7.064003,5.1686945,24 Sánchez Ramírez,2019,5,train
12.848501,15.570174,4.588573,-11.919679,3.4494898,24 Sánchez Ramírez,2019,6,train
13.328536,13.880249,5.63047,-12.90892,2.2399175,24 Sánchez Ramírez,2019,7,train
16.582611,14.3195715,4.20428,-10.335694,-3.3090112,24 Sánchez Ramírez,2019,8,train
18.216002,14.387704,4.2210803,-11.88585,-5.066172,24 Sánchez Ramírez,2019,9,train
20.124514,9.054718,3.169603,-9.498013,-3.9380205,24 Sánchez Ramírez,2019,10,train
19.711527,5.6880274,4.8326545,-12.416985,-4.350195,24 Sánchez Ramírez,2019,11,train
21.516558,2.9510047,5.6795907,-12.437464,-11.333995,24 Sánchez Ramírez,2019,12,train
11.397628,-1.5391915,19.109617,-16.622858,4.34767,24 Sánchez Ramírez,2019,13,train
14.939424,-3.6693764,8.365645,-9.4109125,-7.177191,24 Sánchez Ramírez,2019,14,train
16.997015,-1.5922527,6.773906,-6.02202,-9.886997,24 Sánchez Ramírez,2019,15,train
17.48569,-4.685271,7.4097037,-7.0776052,-13.541048,24 Sánchez Ramírez,2019,16,train
15.194833,-8.918585,7.794372,-9.809638,-14.400019,24 Sánchez Ramírez,2019,17,train
0.41996142,-15.249001,6.2233877,-12.161319,-9.756558,24 Sánchez Ramírez,2019,18,train
-3.3195755,-13.927739,7.4683433,-10.719297,-13.634231,24 Sánchez Ramírez,2019,19,train
-5.8161016,-13.991251,6.7125864,-8.886818,-13.374569,24 Sánchez Ramírez,2019,20,train
-5.7579947,-12.236147,7.7927837,-9.901838,-5.610699,24 Sánchez Ramírez,2019,21,train
-6.3465824,-12.242741,9.888093,-8.5358925,-3.5611272,24 Sánchez Ramírez,2019,22,train
-9.94867,-10.5288315,7.72645,-7.379692,-7.2375116,24 Sánchez Ramírez,2019,23,train
-12.479493,-12.55166,6.677765,-5.200342,-10.790095,24 Sánchez Ramírez,2019,24,train
-16.15855,-13.050219,6.03751,-4.1044464,-11.161637,24 Sánchez Ramírez,2019,25,train
-17.747042,-10.61888,6.9457808,-4.640124,-5.6668115,24 Sánchez Ramírez,2019,26,train
-22.370905,-3.1517105,12.638364,28.571806,-14.253685,24 Sánchez Ramírez,2019,27,train
-17.817036,2.6233196,15.1085,25.042751,-10.290998,24 Sánchez Ramírez,2019,28,train
-15.782661,5.2687855,16.705166,27.268177,-6.3792567,24 Sánchez Ramírez,2019,29,train
-22.774202,1.9705312,11.868334,22.581255,-8.436243,24 Sánchez Ramírez,2019,30,train
-20.00016,7.3133545,15.57023,28.162128,-4.061019,24 Sánchez Ramírez,2019,31,train
-18.992083,1.0072808,8.890534,17.381752,-4.6426673,24 Sánchez Ramírez,2019,32,train
-23.364487,4.549678,11.891941,24.612383,-4.9987216,24 Sánchez Ramírez,2019,33,train
-18.67909,6.2776093,12.63812,22.289331,-4.1616,24 Sánchez Ramírez,2019,34,train
-28.486338,-4.976207,0.9595862,3.2301762,-1.6259763,24 Sánchez Ramírez,2019,35,train
-24.489885,-3.8312762,2.8876114,-1.1027744,-2.6719668,24 Sánchez Ramírez,2019,36,train
-24.559502,-2.1075966,3.4090676,-1.4347568,-0.7030057,24 Sánchez Ramírez,2019,37,train
-20.712257,0.46155843,4.695259,-4.0083785,3.3880684,24 Sánchez Ramírez,2019,38,train
-17.39489,0.11049636,5.739332,-3.0962055,4.7568583,24 Sánchez Ramírez,2019,39,train
-23.538279,1.0539584,-0.30295455,0.13174263,6.0688076,24 Sánchez Ramírez,2019,40,train
-25.538088,2.9151418,-1.8531458,1.9453797,7.0840726,24 Sánchez Ramírez,2019,41,train
-27.46771,4.501782,-3.7371793,3.393647,8.517658,24 Sánchez Ramírez,2019,42,train
-16.447304,4.259485,1.5156,-2.796997,9.792544,24 Sánchez Ramírez,2019,43,train
-15.747779,6.1901536,-0.11644742,-1.2699614,9.971017,24 Sánchez Ramírez,2019,44,train
-15.711922,8.4664755,-0.7841911,-0.5601966,10.37658,24 Sánchez Ramírez,2019,45,train
-13.907496,9.507029,-0.47264737,-1.0356677,10.936233,24 Sánchez Ramírez,2019,46,train
-15.309159,14.193225,-4.1073856,-2.0604422,13.643415,24 Sánchez Ramírez,2019,47,train
-15.623119,16.076216,-4.7314405,-2.1546557,14.377706,24 Sánchez Ramírez,2019,48,train
-1.1942736,16.35521,0.5035422,-3.6043518,10.288394,24 Sánchez Ramírez,2019,49,train
-0.24628004,11.607842,4.642771,-4.5335894,9.886499,24 Sánchez Ramírez,2019,50,train
1.303916,15.474735,1.9808791,-4.4220357,9.891512,24 Sánchez Ramírez,2019,51,train
-0.21021152,20.558256,6.1454635,15.220413,4.150075,24 Sánchez Ramírez,2019,52,train
1.8935357,19.848328,4.646174,15.684473,4.548279,24 Sánchez Ramírez,2020,1,val
3.6682208,18.99354,7.248763,17.665752,3.0908966,24 Sánchez Ramírez,2020,2,val
5.034891,16.987328,12.946778,23.209436,0.62764496,24 Sánchez Ramírez,2020,3,val
7.9383416,17.655037,11.125367,18.818802,-1.312568,24 Sánchez Ramírez,2020,4,val
13.326317,15.970019,-0.35876608,-7.022224,4.256947,24 Sánchez Ramírez,2020,5,val
10.725116,12.794316,4.0389514,-7.3036304,2.9351149,24 Sánchez Ramírez,2020,6,val
11.515009,10.598706,5.157633,-8.382312,2.6659744,24 Sánchez Ramírez,2020,7,val
13.256751,9.255974,4.432295,-8.869001,1.6215485,24 Sánchez Ramírez,2020,8,val
17.03104,8.853167,3.5195186,-11.213174,-0.46639413,24 Sánchez Ramírez,2020,9,val
16.620836,-3.0291007,12.91894,-11.28823,12.473387,24 Sánchez Ramírez,2020,10,val
17.021463,-1.6285939,5.808212,-8.883577,2.7056098,24 Sánchez Ramírez,2020,11,val
20.330286,-2.4305906,5.3528986,-10.230053,1.0849278,24 Sánchez Ramírez,2020,12,val
22.09496,-8.627424,4.1056757,-9.737529,-1.5725292,24 Sánchez Ramírez,2020,13,val
23.493067,-14.130951,1.8807998,-5.586625,-2.6351848,24 Sánchez Ramírez,2020,14,val
18.6787,-16.678917,2.3600361,-0.7230634,-3.0304773,24 Sánchez Ramírez,2020,15,val
20.220005,-17.485525,2.3703046,0.8834574,-3.5010183,24 Sánchez Ramírez,2020,16,val
22.330345,-18.822186,1.847069,3.8489826,-6.8614745,24 Sánchez Ramírez,2020,17,val
21.391083,-19.31295,2.0848484,3.7819538,-7.6115246,24 Sánchez Ramírez,2020,18,val
4.377238,-24.765661,-0.7762156,-0.45420036,-1.3903201,24 Sánchez Ramírez,2020,19,val
3.538863,-25.923397,0.4983992,1.7092808,-4.6537824,24 Sánchez Ramírez,2020,20,val
-0.34821677,-25.728895,-0.32715455,0.84635794,-3.7274582,24 Sánchez Ramírez,2020,21,val
-1.252464,-28.033846,-1.2295557,1.6202539,-0.42701608,24 Sánchez Ramírez,2020,22,val
-5.187264,-28.265287,-0.28333515,1.4361479,-4.0345097,24 Sánchez Ramírez,2020,23,val
-8.769832,-27.59004,-0.49487013,1.1783096,-4.7830153,24 Sánchez Ramírez,2020,24,val
-9.974035,-27.179476,-0.5293287,3.5355537,-3.8520312,24 Sánchez Ramírez,2020,25,val
-14.939602,-26.896296,-1.3085645,3.065487,-3.6744757,24 Sánchez Ramírez,2020,26,val
-10.312672,-16.282326,5.6715226,30.162512,-2.193332,24 Sánchez Ramírez,2020,27,val
-9.739297,-13.599705,7.503114,28.968758,-2.4884102,24 Sánchez Ramírez,2020,28,val
-11.968393,-15.207985,6.7082515,30.859343,-2.2901192,24 Sánchez Ramírez,2020,29,val
-10.78978,-4.646618,14.053409,33.913246,-2.6744733,24 Sánchez Ramírez,2020,30,val
-2.2418594,-8.091324,20.762499,27.646433,10.063675,24 Sánchez Ramírez,2020,31,val
-9.846585,-22.26668,0.29205546,28.364822,4.5363708,24 Sánchez Ramírez,2020,32,val
-13.218237,-16.036,0.86769104,28.123528,6.0195513,24 Sánchez Ramírez,2020,33,val
-4.4295216,-12.76889,24.181541,29.687618,23.793653,24 Sánchez Ramírez,2020,34,val
-11.395053,-23.072384,-4.559573,8.946421,11.186371,24 Sánchez Ramírez,2020,35,val
-7.3170342,-13.952863,7.9844427,2.9457684,15.082737,24 Sánchez Ramírez,2020,36,val
-14.179781,-18.137802,-4.0676622,8.014868,10.126956,24 Sánchez Ramírez,2020,37,val
-14.278053,-15.683322,-3.7655327,6.34733,12.117386,24 Sánchez Ramírez,2020,38,val
-17.201715,-16.854008,-7.0950975,7.7188964,13.895799,24 Sánchez Ramírez,2020,39,val
-9.192454,-4.931128,8.910753,1.0452452,14.83099,24 Sánchez Ramírez,2020,40,val
-17.495825,-7.917614,-7.404153,5.7318735,16.099674,24 Sánchez Ramírez,2020,41,val
-13.893551,-6.305647,-5.3459306,5.2957044,15.5135355,24 Sánchez Ramírez,2020,42,val
-16.807392,-4.51559,-9.420471,9.236226,17.945805,24 Sánchez Ramírez,2020,43,val
-11.163381,-2.3306475,-4.829665,3.8098545,16.966064,24 Sánchez Ramírez,2020,44,val
-7.4574695,0.075725086,-3.7839847,2.8770473,16.803627,24 Sánchez Ramírez,2020,45,val
-6.275065,-1.7616892,5.259333,-1.7495726,24.62247,24 Sánchez Ramírez,2020,46,val
-6.031805,1.7106795,-5.8448524,2.3646336,21.291273,24 Sánchez Ramírez,2020,47,val
-6.8282366,2.9815423,-10.259003,3.1797972,24.955215,24 Sánchez Ramírez,2020,48,val
0.67041147,-4.604163,-15.855845,9.750183,32.667797,24 Sánchez Ramírez,2020,49,val
4.0975184,-5.4907613,-11.856917,9.352373,30.210749,24 Sánchez Ramírez,2020,50,val
4.6365237,-5.0486083,-9.376005,7.1387353,27.661455,24 Sánchez Ramírez,2020,51,val
1.3143983,-0.7568711,-2.3813915,30.21958,21.22538,24 Sánchez Ramírez,2020,52,val
3.2135372,-1.5927083,-7.27783,37.2784,25.137205,24 Sánchez Ramírez,2021,1,val
4.372179,-5.433763,-10.572094,33.902065,24.963999,24 Sánchez Ramírez,2021,2,val
6.2939816,-6.6343527,-6.4664173,33.141174,22.701109,24 Sánchez Ramírez,2021,3,val
5.7440443,-4.613098,-7.180232,40.615932,22.218508,24 Sánchez Ramírez,2021,4,val
13.141188,-15.53987,-14.890498,5.6422067,26.947937,24 Sánchez Ramírez,2021,5,val
11.185545,-13.822783,-14.23203,0.6131283,22.452204,24 Sánchez Ramírez,2021,6,val
12.125919,-15.458119,-15.326756,0.2947028,23.065388,24 Sánchez Ramírez,2021,7,val
11.924476,-16.377378,-13.507821,-1.7664517,21.750042,24 Sánchez Ramírez,2021,8,val
13.490959,-18.508232,-16.463057,-0.1981249,21.14833,24 Sánchez Ramírez,2021,9,val
6.5960174,-8.446502,8.986211,-13.591682,16.456142,24 Sánchez Ramírez,2021,10,val
9.108927,-11.875085,-8.058034,-11.202704,9.346049,24 Sánchez Ramírez,2021,11,val
18.324314,-2.7035122,1.9381883,-4.2333226,1.4889704,24 Sánchez Ramírez,2021,12,val
22.111189,-9.43991,0.7970122,-6.9323473,-2.24494,24 Sánchez Ramírez,2021,13,val
17.60076,-7.8274713,3.9003694,-9.587563,1.4060295,24 Sánchez Ramírez,2021,14,val
25.97395,-16.830566,0.9094787,-4.79502,-5.353379,24 Sánchez Ramírez,2021,15,val
19.859436,-14.892752,1.9556392,1.0220916,-3.7808332,24 Sánchez Ramírez,2021,16,val
17.71351,-14.146349,4.423421,-4.4367414,-3.275105,24 Sánchez Ramírez,2021,17,val
18.02694,-15.325104,2.9667509,-0.5533154,-4.3550563,24 Sánchez Ramírez,2021,18,val
14.534321,-14.888745,3.0581858,1.6186308,-3.9100668,24 Sánchez Ramírez,2021,19,val
13.20189,-16.216528,5.3363523,-2.8977861,-4.3833027,24 Sánchez Ramírez,2021,20,val
10.337973,-12.8831835,5.874794,0.81623673,-2.2140214,24 Sánchez Ramírez,2021,21,val
5.836852,-7.2474613,10.147381,-1.8774784,-0.15620492,24 Sánchez Ramírez,2021,22,val
9.180713,-15.162388,15.5543785,-1.8102117,9.406677,24 Sánchez Ramírez,2021,23,val
10.359242,-13.457249,4.9859414,6.086824,-6.1084795,24 Sánchez Ramírez,2021,24,val
7.29131,-9.547378,8.287211,3.5537627,-4.040221,24 Sánchez Ramírez,2021,25,val
-14.692837,-17.552032,2.2947636,-0.371242,0.9125602,24 Sánchez Ramírez,2021,26,val
-9.270946,-10.178713,8.347428,35.480217,3.1792037,24 Sánchez Ramírez,2021,27,val
-10.228545,-4.6615744,11.249517,36.625263,3.3450916,24 Sánchez Ramírez,2021,28,val
-11.291661,-12.957504,4.2566237,30.125269,6.040389,24 Sánchez Ramírez,2021,29,val
-12.165931,-12.329154,4.7792025,31.273102,6.471156,24 Sánchez Ramírez,2021,30,val
-7.730228,-11.323944,6.6314473,29.606976,5.4698853,24 Sánchez Ramírez,2021,31,val
-4.087761,-4.9376597,20.836958,30.14275,9.650471,24 Sánchez Ramírez,2021,32,val
-13.536563,-0.74223685,9.68268,27.89371,3.3601637,24 Sánchez Ramírez,2021,33,val
-15.892199,-11.232176,3.6600003,23.881517,1.329767,24 Sánchez Ramírez,2021,34,val
-21.689005,-16.969326,-2.7485626,7.024897,4.923036,24 Sánchez Ramírez,2021,35,val
-15.639165,-19.774187,-4.8681483,8.981974,10.457933,24 Sánchez Ramírez,2021,36,val
-12.159434,-12.2075,-1.0941017,3.6647348,11.3556595,24 Sánchez Ramírez,2021,37,val
-12.887447,-11.591075,-1.7527758,4.74667,12.120861,24 Sánchez Ramírez,2021,38,val
-16.380268,-12.763411,-4.471479,4.525259,14.915944,24 Sánchez Ramírez,2021,39,val
-19.8516,-10.456976,-7.787726,8.255277,15.587178,24 Sánchez Ramírez,2021,40,val
-10.326465,-7.0586123,6.8964334,1.4003549,18.62326,24 Sánchez Ramírez,2021,41,val
-15.938399,-7.637913,-6.9899807,5.87506,18.28946,24 Sánchez Ramírez,2021,42,val
-18.841839,-4.3053236,-10.687209,11.714173,19.17149,24 Sánchez Ramírez,2021,43,val
-14.522027,-4.598741,-8.79104,6.387497,20.137794,24 Sánchez Ramírez,2021,44,val
-13.42585,-4.8628683,-11.903989,11.107162,23.337542,24 Sánchez Ramírez,2021,45,val
-11.231367,-2.212324,-12.272939,10.895311,23.792116,24 Sánchez Ramírez,2021,46,val
-7.493708,-1.25395,-11.572685,5.747737,26.524834,24 Sánchez Ramírez,2021,47,val
9.4404125,5.03882,-9.424467,7.4950223,21.988308,24 Sánchez Ramírez,2021,48,val
12.499015,1.2744994,-9.390704,7.869291,24.442398,24 Sánchez Ramírez,2021,49,val
13.942365,1.5892998,-8.927706,4.7659364,27.118736,24 Sánchez Ramírez,2021,50,val
13.150908,0.72731066,-8.316404,6.8294535,23.86302,24 Sánchez Ramírez,2021,51,val
15.6494255,8.153,-7.488683,24.891113,20.305737,24 Sánchez Ramírez,2021,52,val
9.63629,19.776478,7.451941,7.241601,4.1531386,25 Santiago,2015,1,train
14.104058,21.546904,7.6635084,7.6736803,2.6216793,25 Santiago,2015,2,train
15.9289255,21.180737,10.663387,10.22805,0.2717436,25 Santiago,2015,3,train
21.343674,22.35461,10.738973,9.988358,-2.7399926,25 Santiago,2015,4,train
9.569784,13.422239,15.571563,-14.714941,12.005046,25 Santiago,2015,5,train
16.766369,14.05633,5.9627113,-4.4610248,5.6438107,25 Santiago,2015,6,train
15.263445,11.568035,7.0895133,-5.070573,5.574818,25 Santiago,2015,7,train
14.895647,6.5778627,21.287691,-15.238373,13.949814,25 Santiago,2015,8,train
19.695992,9.836082,7.562619,-4.6445723,-0.009779663,25 Santiago,2015,9,train
20.3712,9.461566,8.810309,-4.3544846,-2.1498392,25 Santiago,2015,10,train
20.469433,8.5678,9.584858,-5.26609,-3.3336005,25 Santiago,2015,11,train
22.177057,6.792258,11.173585,-6.8708944,-8.296441,25 Santiago,2015,12,train
23.525358,4.9411955,13.944661,-4.4430213,-18.528551,25 Santiago,2015,13,train
19.680923,1.7165011,11.122706,-7.287149,-6.026348,25 Santiago,2015,14,train
19.72862,2.7656322,10.165857,-1.056332,-10.388219,25 Santiago,2015,15,train
23.864119,-0.79693544,12.557245,-0.21671082,-19.853222,25 Santiago,2015,16,train
1.5304873,-20.698286,13.098561,-3.3369756,-25.759148,25 Santiago,2015,17,train
-1.334037,-24.566505,10.994605,-2.1459618,-33.45633,25 Santiago,2015,18,train
-4.3292794,-14.697818,15.438995,-3.752985,-31.69887,25 Santiago,2015,19,train
-5.780197,-11.683546,16.218412,-6.5094023,-24.589956,25 Santiago,2015,20,train
-7.227837,-12.941565,12.980522,-4.829188,-16.420185,25 Santiago,2015,21,train
-8.945478,-14.66259,14.622863,-7.5984473,-11.216646,25 Santiago,2015,22,train
-11.373877,-21.004885,11.210291,-1.6595641,-17.430824,25 Santiago,2015,23,train
-14.064932,-22.90938,10.476043,0.2126861,-19.321905,25 Santiago,2015,24,train
-15.380636,-19.34047,9.198886,1.57687,-14.705334,25 Santiago,2015,25,train
-19.005737,-21.138193,8.544908,3.5211112,-17.382824,25 Santiago,2015,26,train
-13.9418125,-13.316511,14.531492,8.56854,-21.866297,25 Santiago,2015,27,train
-13.314851,-11.336316,15.736949,8.890084,-21.219898,25 Santiago,2015,28,train
-18.534063,-11.043737,15.661635,8.8826275,-20.680468,25 Santiago,2015,29,train
-22.732975,-14.769561,13.896808,8.638058,-25.05608,25 Santiago,2015,30,train
-23.013018,-12.732671,13.964432,8.851359,-22.468317,25 Santiago,2015,31,train
-21.656832,-7.4836636,16.58282,4.878324,-26.817543,25 Santiago,2015,32,train
-21.67329,-6.260842,16.448864,4.6437187,-27.291145,25 Santiago,2015,33,train
-25.879976,-8.621481,15.061912,6.118658,-26.923325,25 Santiago,2015,34,train
-29.605688,-7.1410766,9.814805,0.3042508,-7.641887,25 Santiago,2015,35,train
-31.319275,-5.478491,11.084956,-1.6063821,-13.598119,25 Santiago,2015,36,train
-30.485361,-2.9624434,9.823928,-0.75474036,-14.95941,25 Santiago,2015,37,train
-33.989906,2.1293359,7.443887,0.7672063,-8.79768,25 Santiago,2015,38,train
-34.856003,0.7438798,7.536758,0.36556625,-5.3481727,25 Santiago,2015,39,train
-38.804256,11.881621,5.915014,-0.5970298,-2.2407353,25 Santiago,2015,40,train
-38.190254,14.953596,3.7393434,1.8620487,-1.9936141,25 Santiago,2015,41,train
-37.46487,17.685862,3.1527722,2.1548765,-1.1791139,25 Santiago,2015,42,train
-27.228933,15.474538,10.656699,-5.438628,5.330112,25 Santiago,2015,43,train
-26.117743,19.804218,8.130481,-3.6058652,3.286398,25 Santiago,2015,44,train
-17.691217,20.464087,4.7094297,0.8224318,4.990673,25 Santiago,2015,45,train
-19.981222,22.258265,2.398836,2.1993754,6.7765474,25 Santiago,2015,46,train
-20.422935,29.351059,1.5398391,0.6180775,12.867614,25 Santiago,2015,47,train
-1.9010394,31.23939,5.3520427,-4.5967793,11.395371,25 Santiago,2015,48,train
-2.0955606,27.397924,3.6365316,-0.8351392,7.6132884,25 Santiago,2015,49,train
3.1440585,31.405424,1.4859949,-0.67880166,7.872342,25 Santiago,2015,50,train
4.945982,28.871822,2.1534295,-1.2764356,6.1857724,25 Santiago,2015,51,train
2.1849866,22.217882,6.978784,4.1737833,3.1408954,25 Santiago,2015,52,train
12.229663,39.315678,11.563013,3.7993143,-3.6633825,25 Santiago,2016,1,train
17.048622,40.42503,12.870134,4.1757784,-6.3523774,25 Santiago,2016,2,train
13.692418,33.009655,17.263062,6.554957,-7.272467,25 Santiago,2016,3,train
14.340065,28.845549,18.83169,6.6417007,-8.914791,25 Santiago,2016,4,train
16.44118,32.398777,12.0683975,-11.293242,-2.3789487,25 Santiago,2016,5,train
12.428531,24.744497,12.566477,-9.608917,-3.5863352,25 Santiago,2016,6,train
15.311744,25.73493,14.962268,-13.469406,-3.505301,25 Santiago,2016,7,train
17.922564,24.200012,13.533719,-9.518781,-10.359698,25 Santiago,2016,8,train
12.84439,20.48632,15.682948,-10.795662,-10.585823,25 Santiago,2016,9,train
20.530529,10.840867,11.586056,-9.491974,-2.6568158,25 Santiago,2016,10,train
23.696991,15.002408,12.668262,-6.9176807,-14.726729,25 Santiago,2016,11,train
20.965294,13.797567,12.938035,-3.5108056,-17.646948,25 Santiago,2016,12,train
23.081402,10.945132,15.768839,-4.9766483,-24.785223,25 Santiago,2016,13,train
15.345259,4.8025327,17.768513,-7.194991,-24.055689,25 Santiago,2016,14,train
17.531918,5.7409773,17.606447,-6.7263393,-24.464195,25 Santiago,2016,15,train
8.455279,1.5149925,17.665894,-13.54174,-13.773274,25 Santiago,2016,16,train
5.476596,-0.14316176,17.541058,-10.669856,-10.466073,25 Santiago,2016,17,train
-4.792347,-6.91153,18.357723,-13.262182,-14.605065,25 Santiago,2016,18,train
3.5064442,-20.600468,8.167434,-0.09830131,-3.3699431,25 Santiago,2016,19,train
2.354597,-27.06884,5.0580316,5.5271916,-7.630929,25 Santiago,2016,20,train
-1.9689171,-21.916983,7.82662,-0.67351496,-3.9709136,25 Santiago,2016,21,train
-4.139033,-24.129011,7.8756547,0.0666178,-2.9787416,25 Santiago,2016,22,train
-6.3063927,-34.67696,3.3306963,7.77607,-9.614174,25 Santiago,2016,23,train
-9.37487,-36.20177,2.7215292,9.146425,-9.781927,25 Santiago,2016,24,train
-13.526866,-23.152231,4.23975,6.269977,-4.24312,25 Santiago,2016,25,train
-19.922434,-23.910255,3.1819766,8.5194235,-4.0409274,25 Santiago,2016,26,train
-16.212753,-24.831572,6.9412947,16.79586,-10.241911,25 Santiago,2016,27,train
-16.43746,-24.7764,7.5422835,16.204494,-11.879386,25 Santiago,2016,28,train
-19.653643,-23.140457,6.9266453,16.190947,-9.226821,25 Santiago,2016,29,train
-20.797882,-18.709381,7.05321,16.177141,-4.9995294,25 Santiago,2016,30,train
-23.236065,-18.333632,7.076006,17.620913,-3.9216647,25 Santiago,2016,31,train
-21.15763,-26.82975,4.1205263,19.727901,-4.228947,25 Santiago,2016,32,train
-22.15858,-29.580221,3.616662,21.990314,-5.4111037,25 Santiago,2016,33,train
-8.547938,-13.259283,17.54079,25.94556,18.914358,25 Santiago,2016,34,train
-23.638947,-22.035841,0.59726834,10.555792,4.1661577,25 Santiago,2016,35,train
-25.86553,-21.597872,-3.1201499,13.452835,9.617708,25 Santiago,2016,36,train
-27.453526,-24.302454,-4.110971,14.278266,8.866393,25 Santiago,2016,37,train
-27.161934,-20.560785,-4.480228,14.763711,10.893033,25 Santiago,2016,38,train
-26.886114,-13.303581,-5.683755,14.511358,13.091722,25 Santiago,2016,39,train
-28.126438,-5.4450464,-2.2883406,9.68452,14.124791,25 Santiago,2016,40,train
-26.302898,-3.66712,-2.911732,9.74948,15.429406,25 Santiago,2016,41,train
-15.551293,-4.9302416,7.034523,-1.0402887,21.741137,25 Santiago,2016,42,train
-16.810572,0.229556,-0.22701153,5.0830092,17.45677,25 Santiago,2016,43,train
-15.238381,-2.3995917,6.0290627,-2.9905703,26.656315,25 Santiago,2016,44,train
-9.563048,0.3176412,10.530671,-2.9032252,25.416016,25 Santiago,2016,45,train
-8.52304,1.4224399,7.3567057,-1.8673953,23.433329,25 Santiago,2016,46,train
-7.1395745,8.616965,-0.89249635,2.7922788,22.901114,25 Santiago,2016,47,train
5.028522,11.576476,0.72045964,1.5041379,18.487358,25 Santiago,2016,48,train
8.6923485,13.323995,-2.539867,3.4181998,22.141724,25 Santiago,2016,49,train
7.8632016,12.53409,-2.1606216,4.3787146,18.157623,25 Santiago,2016,50,train
7.7778544,10.914438,1.0507472,1.5728787,16.995115,25 Santiago,2016,51,train
8.478881,17.807981,4.64114,18.043,14.551387,25 Santiago,2016,52,train
13.2102165,17.844662,2.0686374,15.193823,12.934523,25 Santiago,2017,1,train
11.959761,18.772749,13.240817,26.731192,8.370822,25 Santiago,2017,2,train
21.53709,21.770111,14.209186,26.93647,4.5410433,25 Santiago,2017,3,train
25.078661,19.133057,12.363287,23.574633,3.149269,25 Santiago,2017,4,train
23.674555,10.827771,-1.3366747,0.97529393,13.852918,25 Santiago,2017,5,train
21.878962,9.220332,1.2072576,-0.30251497,11.896313,25 Santiago,2017,6,train
20.392298,7.476171,3.0835652,-1.2574855,9.030329,25 Santiago,2017,7,train
30.719051,9.025965,1.3681363,-1.2476399,6.8908005,25 Santiago,2017,8,train
25.21702,5.990965,3.495989,-1.0300311,5.0087814,25 Santiago,2017,9,train
24.87329,1.7920111,5.963245,-3.5400686,7.543867,25 Santiago,2017,10,train
25.201487,-0.18734226,3.492957,1.6232723,3.650866,25 Santiago,2017,11,train
19.395538,-6.492258,15.705377,-6.756357,13.84233,25 Santiago,2017,12,train
25.40898,-4.8708897,7.068092,-1.9772303,1.645451,25 Santiago,2017,13,train
24.440767,-13.219763,8.893108,0.049632043,-5.611371,25 Santiago,2017,14,train
25.886482,-9.504202,10.52809,-5.426488,-4.795778,25 Santiago,2017,15,train
13.898394,-7.892353,9.1170635,-5.009754,0.008260197,25 Santiago,2017,16,train
11.706868,-9.58229,9.12085,-3.048181,-1.2003686,25 Santiago,2017,17,train
14.748524,-13.25191,9.697763,-2.210321,-3.1640851,25 Santiago,2017,18,train
6.2788415,-28.324867,8.75042,-3.3894012,-1.9413275,25 Santiago,2017,19,train
1.7134336,-19.531832,8.106221,-2.1838443,-2.679103,25 Santiago,2017,20,train
1.3827014,-31.505472,5.0086417,5.4364743,-5.44778,25 Santiago,2017,21,train
-2.285923,-30.674952,6.807419,2.5922616,-3.1313038,25 Santiago,2017,22,train
-5.7093883,-30.561302,5.5524035,5.399798,-9.210135,25 Santiago,2017,23,train
-9.718749,-26.97667,6.7259707,2.815294,-7.4382977,25 Santiago,2017,24,train
-12.214145,-24.248253,6.173112,3.3011181,-5.639289,25 Santiago,2017,25,train
-13.416904,-22.764229,5.502906,4.3569345,-3.1131759,25 Santiago,2017,26,train
-11.193692,-20.188398,8.979733,18.19256,-4.8191047,25 Santiago,2017,27,train
-18.162352,-19.57637,8.621314,21.163004,-0.81038374,25 Santiago,2017,28,train
-16.710678,-22.59002,7.834067,19.455807,-3.0292687,25 Santiago,2017,29,train
-16.096472,-24.427055,7.4422045,21.096888,-1.1655467,25 Santiago,2017,30,train
-19.690784,-21.000078,6.9297123,21.049572,0.43126267,25 Santiago,2017,31,train
-20.855532,-20.508,8.571322,24.447948,-0.032793183,25 Santiago,2017,32,train
-23.039362,-17.414318,7.4767785,23.239668,2.2733824,25 Santiago,2017,33,train
-20.433084,-21.704556,6.064495,21.423487,-0.60416514,25 Santiago,2017,34,train
-24.37716,-25.618532,-0.2810247,11.279335,1.9732043,25 Santiago,2017,35,train
-13.696182,-17.923653,12.203722,0.5346541,21.679749,25 Santiago,2017,36,train
-11.857693,-17.46593,7.5501475,3.8941853,19.35045,25 Santiago,2017,37,train
-13.321677,-14.650949,7.498346,3.0432866,20.868092,25 Santiago,2017,38,train
-21.08455,-13.393236,0.12516297,8.187208,12.703607,25 Santiago,2017,39,train
-21.811012,-10.578034,-2.0886433,10.85636,17.509548,25 Santiago,2017,40,train
-20.014093,-8.655362,-2.7014942,9.222092,20.719158,25 Santiago,2017,41,train
-18.871788,-5.2431135,-4.6905046,12.286613,19.740152,25 Santiago,2017,42,train
-24.064169,-3.866233,-8.527413,14.712786,24.597977,25 Santiago,2017,43,train
-19.986511,-1.363052,-7.8833194,14.445067,24.60026,25 Santiago,2017,44,train
-9.726797,0.3785953,-3.780893,9.722579,24.490557,25 Santiago,2017,45,train
-6.540386,1.621119,-2.8480082,6.4888597,25.97885,25 Santiago,2017,46,train
-7.470387,2.7661104,-4.9802876,8.869751,25.333475,25 Santiago,2017,47,train
10.3324375,7.9629226,-5.155115,7.437417,22.661625,25 Santiago,2017,48,train
7.3496017,14.541666,-2.2501094,3.3827121,18.558802,25 Santiago,2017,49,train
11.648912,18.711405,-5.3729715,4.494789,21.299025,25 Santiago,2017,50,train
10.451085,14.922863,-1.2109759,1.4192309,19.812397,25 Santiago,2017,51,train
9.608406,17.770771,2.0938423,13.658147,13.134361,25 Santiago,2017,52,train
10.810356,3.6907077,17.246092,23.297735,23.086706,25 Santiago,2018,1,train
14.834569,8.231348,1.7393918,15.402345,14.888479,25 Santiago,2018,2,train
17.602085,7.0063744,2.731054,15.40419,12.741621,25 Santiago,2018,3,train
17.851751,5.7976446,5.9169283,17.626514,11.077777,25 Santiago,2018,4,train
22.82617,5.626587,-0.78275657,2.0633495,18.390959,25 Santiago,2018,5,train
17.670465,10.727916,4.7485676,-4.273211,10.284574,25 Santiago,2018,6,train
19.152739,8.792489,6.889334,-5.50171,8.741933,25 Santiago,2018,7,train
20.86738,7.7323008,7.4179792,-5.779548,6.967259,25 Santiago,2018,8,train
33.65645,11.851543,5.9211054,-8.098144,3.0949714,25 Santiago,2018,9,train
32.41729,-0.7292699,2.6260424,0.42339718,8.758921,25 Santiago,2018,10,train
32.28266,-2.3662877,0.80745435,4.4310184,5.878984,25 Santiago,2018,11,train
30.118517,-3.8153174,3.236786,2.757602,4.636247,25 Santiago,2018,12,train
30.183186,-1.1758066,7.904964,-3.6494703,0.7315485,25 Santiago,2018,13,train
23.534525,-4.978087,10.94189,-4.5415854,-10.091922,25 Santiago,2018,14,train
21.434502,-4.021423,9.782281,-0.5478026,-11.287211,25 Santiago,2018,15,train
22.00494,-6.302315,10.379191,-0.31855357,-13.564803,25 Santiago,2018,16,train
21.498728,-8.770157,11.395882,-0.05989145,-15.753732,25 Santiago,2018,17,train
1.3649832,-23.149332,9.4091425,-5.436316,-13.385862,25 Santiago,2018,18,train
1.8941991,-21.875854,10.647645,-1.4499125,-16.819363,25 Santiago,2018,19,train
0.8937164,-19.324396,10.137159,-2.148626,-12.803499,25 Santiago,2018,20,train
-1.4664894,-22.556524,10.226067,-0.47260883,-15.833378,25 Santiago,2018,21,train
-4.519574,-23.296461,9.508373,0.88888776,-15.93053,25 Santiago,2018,22,train
-9.871455,-28.879187,9.661799,-0.6402807,-18.286201,25 Santiago,2018,23,train
-10.611474,-25.87451,8.612006,1.7221851,-16.569324,25 Santiago,2018,24,train
-15.206463,-23.634256,7.9287677,0.21382985,-9.911795,25 Santiago,2018,25,train
-18.211988,-24.127121,7.4950275,3.3342888,-11.086201,25 Santiago,2018,26,train
-23.294817,-21.688488,10.31482,18.842402,-14.354423,25 Santiago,2018,27,train
-21.675106,-16.326939,11.280063,18.533653,-8.924245,25 Santiago,2018,28,train
-17.698692,-16.812088,10.457089,14.666154,-9.942221,25 Santiago,2018,29,train
-22.665741,-18.997187,9.848224,17.254625,-11.06244,25 Santiago,2018,30,train
-20.107685,-15.955124,11.519731,17.707369,-9.226214,25 Santiago,2018,31,train
-25.03683,-16.828012,10.915541,18.65295,-10.755046,25 Santiago,2018,32,train
-17.823185,-10.737875,12.557318,17.80349,-7.315595,25 Santiago,2018,33,train
-17.883375,-16.33692,11.925844,15.740126,-13.070591,25 Santiago,2018,34,train
-26.04868,-14.10036,4.74103,4.538197,1.6882739,25 Santiago,2018,35,train
-26.678337,-15.935912,5.548122,3.4938607,-2.5695667,25 Santiago,2018,36,train
-27.17506,-12.876615,4.1643257,4.476446,0.3890756,25 Santiago,2018,37,train
-28.208424,-11.525736,3.596228,4.797039,2.065459,25 Santiago,2018,38,train
-25.80295,-10.732633,4.1706266,4.277356,1.6836838,25 Santiago,2018,39,train
-27.206493,-2.5387032,0.45150614,5.0861406,12.446593,25 Santiago,2018,40,train
-23.685635,0.20987104,1.4104538,4.1233974,13.929226,25 Santiago,2018,41,train
-23.873209,2.5631757,0.44129884,4.4765806,15.562386,25 Santiago,2018,42,train
-30.769258,5.5037603,-3.8950155,8.90293,16.421915,25 Santiago,2018,43,train
-28.455875,8.624188,-4.4347157,8.768105,18.365686,25 Santiago,2018,44,train
-22.141277,10.125832,-1.7018298,5.5549474,18.980509,25 Santiago,2018,45,train
-16.440224,11.251732,-0.90647995,5.6635714,16.418594,25 Santiago,2018,46,train
-22.858002,15.885974,-5.3311687,8.939632,20.062624,25 Santiago,2018,47,train
-21.109295,18.164305,-5.426296,8.12343,21.397581,25 Santiago,2018,48,train
5.1381774,20.837706,-1.6142304,2.4108512,14.361088,25 Santiago,2018,49,train
7.556104,22.733236,-1.7860615,1.3770211,15.255759,25 Santiago,2018,50,train
8.991452,25.688019,-3.089743,1.4382805,16.441679,25 Santiago,2018,51,train
7.2990203,20.2402,5.552186,12.114672,9.657428,25 Santiago,2018,52,train
13.229988,25.53078,6.703372,13.753058,7.3279185,25 Santiago,2019,1,train
18.54141,30.332006,7.867319,17.888472,4.9027476,25 Santiago,2019,2,train
26.020185,26.991201,8.029343,13.498973,0.16985397,25 Santiago,2019,3,train
25.132772,22.939037,9.890019,12.368573,-1.416484,25 Santiago,2019,4,train
21.867935,21.041967,2.6601012,-3.246869,4.8015847,25 Santiago,2019,5,train
22.735012,23.743076,7.045148,-6.9768333,0.9712273,25 Santiago,2019,6,train
19.443094,18.865366,9.516903,-7.748488,0.5473775,25 Santiago,2019,7,train
20.851097,17.766716,8.006507,-4.8459373,-4.0852613,25 Santiago,2019,8,train
23.933922,18.992676,9.374344,-6.4450445,-6.3100424,25 Santiago,2019,9,train
28.10415,15.218226,8.581752,-4.6815143,-7.279132,25 Santiago,2019,10,train
29.056322,13.062583,9.448106,-4.9091096,-9.259074,25 Santiago,2019,11,train
30.698092,8.587704,12.932153,-7.531901,-19.56455,25 Santiago,2019,12,train
14.090607,-0.9181395,22.419401,-15.478672,2.6187146,25 Santiago,2019,13,train
18.386383,0.8264631,10.641271,-4.253392,-6.8729825,25 Santiago,2019,14,train
22.848398,-1.7044456,12.655749,-3.7566686,-16.850231,25 Santiago,2019,15,train
23.798788,-2.1125631,12.670762,-1.6006219,-19.75581,25 Santiago,2019,16,train
23.33058,-8.262291,14.485999,-5.1788597,-21.128046,25 Santiago,2019,17,train
0.972642,-18.312683,12.529441,-6.010228,-15.946892,25 Santiago,2019,18,train
-3.682362,-17.0174,13.860777,-4.654174,-21.524553,25 Santiago,2019,19,train
-8.19623,-22.463074,13.146788,-4.504796,-24.414944,25 Santiago,2019,20,train
-6.9534082,-15.693907,14.064693,-7.811854,-9.913384,25 Santiago,2019,21,train
-7.4593496,-15.967497,12.812847,-5.8932543,-8.956011,25 Santiago,2019,22,train
-11.9049015,-14.293772,14.351313,-6.503955,-9.981758,25 Santiago,2019,23,train
-14.613709,-17.007069,11.694619,-2.9280884,-15.184678,25 Santiago,2019,24,train
-23.31645,-20.971445,10.16745,-0.3799204,-18.549604,25 Santiago,2019,25,train
-27.37199,-17.584673,9.809679,0.95493746,-13.154378,25 Santiago,2019,26,train
-30.144732,-14.873243,13.074894,15.882345,-18.17986,25 Santiago,2019,27,train
-27.56483,-10.170334,13.681836,13.296635,-15.305934,25 Santiago,2019,28,train
-28.473694,-7.855212,13.19543,12.320954,-12.652529,25 Santiago,2019,29,train
-30.437292,-8.302728,12.04023,12.449944,-12.820024,25 Santiago,2019,30,train
-26.944788,-5.080109,11.879364,15.114229,-4.8910894,25 Santiago,2019,31,train
-31.678963,-7.79243,9.451202,14.523071,-6.535821,25 Santiago,2019,32,train
-33.54546,-7.3119974,8.849222,15.111671,-7.1328454,25 Santiago,2019,33,train
-30.989668,-4.6252923,9.693338,13.552197,-6.653447,25 Santiago,2019,34,train
-38.639458,-9.1272545,3.832256,7.1019278,-4.0247774,25 Santiago,2019,35,train
-35.96293,-7.145716,6.117497,4.271537,-4.5669527,25 Santiago,2019,36,train
-33.095898,-5.6314554,6.571948,3.2643478,-0.59019214,25 Santiago,2019,37,train
-29.030416,-2.1066585,5.908137,2.316315,2.9740906,25 Santiago,2019,38,train
-15.064513,0.6996608,15.980726,-4.3079906,9.981398,25 Santiago,2019,39,train
-18.679867,-0.030391933,15.339994,-6.266783,15.909137,25 Santiago,2019,40,train
-27.557306,4.07475,1.0359899,5.7435956,9.0495405,25 Santiago,2019,41,train
-33.22941,6.348401,-1.29686,7.674406,11.295801,25 Santiago,2019,42,train
-25.111742,8.48387,1.1433624,4.4694753,11.628006,25 Santiago,2019,43,train
-23.439756,11.117956,1.0295644,3.7233975,13.30515,25 Santiago,2019,44,train
-24.4752,13.342481,0.3694947,3.9313934,15.278821,25 Santiago,2019,45,train
-25.716736,15.795257,-1.7128994,5.66199,16.014532,25 Santiago,2019,46,train
-24.913559,20.756939,0.2692689,1.8268669,21.460754,25 Santiago,2019,47,train
-22.722052,22.872345,-2.484336,4.400115,19.872375,25 Santiago,2019,48,train
-1.1708999,15.627034,19.713423,-12.187492,19.020098,25 Santiago,2019,49,train
1.1034563,18.667524,5.7954264,-2.9812484,13.190755,25 Santiago,2019,50,train
2.6486144,19.339088,4.9516454,-2.1462262,12.100882,25 Santiago,2019,51,train
4.0829725,30.165228,7.1133375,12.980954,9.957798,25 Santiago,2019,52,train
4.4810424,23.467083,5.7628636,10.334609,8.671509,25 Santiago,2020,1,val
8.791827,25.954132,10.135542,14.112237,8.108345,25 Santiago,2020,2,val
8.14568,18.330774,15.089871,18.986786,4.7198653,25 Santiago,2020,3,val
11.952052,17.823545,14.665827,15.941375,2.576745,25 Santiago,2020,4,val
17.032143,18.98339,5.1641474,-5.9682775,6.7197294,25 Santiago,2020,5,val
12.372729,13.095422,7.6444902,-4.8880935,4.591471,25 Santiago,2020,6,val
14.722023,13.25075,8.40747,-5.6748867,3.0401928,25 Santiago,2020,7,val
16.786314,12.100077,9.201549,-6.62864,2.5026479,25 Santiago,2020,8,val
21.853144,11.823628,10.776324,-8.665972,1.4312277,25 Santiago,2020,9,val
17.65195,1.6178508,7.8722076,-3.434678,4.7229366,25 Santiago,2020,10,val
20.79345,0.76982236,10.001316,-7.227924,3.576585,25 Santiago,2020,11,val
23.990404,0.22249508,10.109365,-7.5885735,1.3160883,25 Santiago,2020,12,val
29.966505,-6.688723,11.066525,-7.9495287,-1.8896501,25 Santiago,2020,13,val
25.781082,-12.175883,8.809785,-1.991382,-2.0394561,25 Santiago,2020,14,val
22.59307,-15.64451,7.928619,2.470189,-4.863209,25 Santiago,2020,15,val
23.552036,-14.660351,6.7157993,5.393504,-6.0969577,25 Santiago,2020,16,val
27.3553,-19.512028,6.5477586,6.7694283,-10.566059,25 Santiago,2020,17,val
7.666203,-34.659035,4.5187707,5.8028564,-9.2170925,25 Santiago,2020,18,val
4.645004,-29.709108,5.2882843,3.3798978,-4.8809457,25 Santiago,2020,19,val
2.8245466,-34.204403,4.4467626,6.1960583,-9.289907,25 Santiago,2020,20,val
-0.4064827,-29.432129,4.763585,4.7842445,-7.147091,25 Santiago,2020,21,val
-2.7619016,-37.10479,5.2014265,4.6148467,-4.522668,25 Santiago,2020,22,val
-6.1685066,-33.6597,5.129254,5.4164486,-8.295226,25 Santiago,2020,23,val
-9.898144,-34.376606,4.947355,4.999533,-8.203336,25 Santiago,2020,24,val
-11.878575,-32.13305,4.329424,7.0170894,-8.38628,25 Santiago,2020,25,val
-17.750631,-31.970903,3.464576,7.535761,-7.6345744,25 Santiago,2020,26,val
-18.646896,-27.972797,6.717001,23.873093,-5.974938,25 Santiago,2020,27,val
-16.152357,-26.99408,7.071009,19.896093,-7.535922,25 Santiago,2020,28,val
-18.499695,-28.017193,6.1264844,20.342115,-7.6204023,25 Santiago,2020,29,val
-17.955858,-23.276354,9.399277,22.071455,-4.131735,25 Santiago,2020,30,val
-6.505636,-18.8286,16.934452,25.265759,16.763008,25 Santiago,2020,31,val
-15.578661,-30.789354,2.6640472,23.199774,1.8544922,25 Santiago,2020,32,val
-16.436272,-25.184607,3.0556502,20.424082,2.7920434,25 Santiago,2020,33,val
-6.8589134,-19.63048,17.954151,24.478886,24.015053,25 Santiago,2020,34,val
-12.025679,-23.50286,1.0739325,9.435181,10.927894,25 Santiago,2020,35,val
-16.457623,-17.279722,2.0792687,8.158705,10.725256,25 Santiago,2020,36,val
-22.245972,-22.259089,-1.3139518,12.217932,9.895928,25 Santiago,2020,37,val
-24.110373,-20.19676,-2.522623,13.063958,11.7058935,25 Santiago,2020,38,val
-27.021235,-20.169027,-3.6028085,13.169017,15.767745,25 Santiago,2020,39,val
-24.84562,-9.353248,-3.01599,10.686064,17.47381,25 Santiago,2020,40,val
-27.241743,-8.568813,-7.308917,13.893745,20.528448,25 Santiago,2020,41,val
-23.98664,-5.920369,-7.1191945,14.244434,20.383497,25 Santiago,2020,42,val
-26.806692,-4.077038,-10.412469,15.977897,24.39968,25 Santiago,2020,43,val
-17.61956,-0.5620983,-6.11419,12.934675,22.784962,25 Santiago,2020,44,val
-13.5402565,0.6442565,-4.0726304,10.306013,23.556114,25 Santiago,2020,45,val
-10.713612,2.610124,-3.0769722,7.470481,25.256725,25 Santiago,2020,46,val
-9.308165,4.287032,-4.0617905,7.0258,27.527761,25 Santiago,2020,47,val
-7.6812644,6.3087754,-5.2587423,7.3137875,28.395397,25 Santiago,2020,48,val
17.359556,4.2632337,-7.4474106,8.877026,30.151552,25 Santiago,2020,49,val
13.910851,-5.2125177,9.77171,4.5873547,39.178898,25 Santiago,2020,50,val
14.924629,2.2512527,-4.1747656,6.486638,27.658909,25 Santiago,2020,51,val
14.359019,3.958354,-1.1591176,19.38359,22.614113,25 Santiago,2020,52,val
21.48982,6.264779,-3.8310397,24.15207,26.155273,25 Santiago,2021,1,val
25.175549,2.8911397,-6.0619407,21.75871,24.40979,25 Santiago,2021,2,val
22.858547,-0.6210804,-2.8870206,18.456308,20.142282,25 Santiago,2021,3,val
28.495808,1.0970049,-1.1156704,24.340416,20.328379,25 Santiago,2021,4,val
24.22046,-5.083412,-5.2432346,9.337716,25.14803,25 Santiago,2021,5,val
24.482439,-1.2125467,-3.5260181,8.159381,18.100313,25 Santiago,2021,6,val
27.813868,-0.77318007,-3.5727558,7.8170657,17.462132,25 Santiago,2021,7,val
26.899166,-3.2986467,-1.059989,6.341327,15.438025,25 Santiago,2021,8,val
34.616444,-5.207193,-3.0860639,6.7715597,15.86296,25 Santiago,2021,9,val
22.079342,1.9756287,6.9767766,-4.1494036,6.5692797,25 Santiago,2021,10,val
31.269236,2.5955982,6.1412954,-4.2768855,2.7725668,25 Santiago,2021,11,val
21.436148,-0.19240683,5.7435784,-0.50882846,1.2427393,25 Santiago,2021,12,val
24.586271,-5.8260255,7.496516,-1.7908952,-1.5956362,25 Santiago,2021,13,val
21.246073,-5.4877295,8.5803585,-6.590971,0.5507212,25 Santiago,2021,14,val
33.19174,-18.13709,7.5752482,-2.4357626,-6.82592,25 Santiago,2021,15,val
25.362797,-14.353851,6.943114,4.498393,-7.430159,25 Santiago,2021,16,val
22.75129,-13.050206,8.804117,1.1255425,-5.7927284,25 Santiago,2021,17,val
7.8398457,-31.684908,5.9545546,2.3873024,-8.516247,25 Santiago,2021,18,val
4.986807,-31.381802,5.85265,4.038033,-8.394859,25 Santiago,2021,19,val
0.37440345,-29.433428,8.853093,-3.4283125,-5.5933685,25 Santiago,2021,20,val
1.7486932,-23.671684,8.311888,0.44334808,-2.7767217,25 Santiago,2021,21,val
-1.3229715,-20.444271,8.82138,-0.70933974,-2.8360965,25 Santiago,2021,22,val
-5.37481,-21.951351,8.887,-0.56415915,-2.7511897,25 Santiago,2021,23,val
-6.9761887,-22.661652,5.990645,3.844514,-5.3966184,25 Santiago,2021,24,val
-13.909466,-20.79283,7.238253,1.5597044,-1.9864514,25 Santiago,2021,25,val
-16.474731,-20.876875,6.1793914,4.098679,-2.1666613,25 Santiago,2021,26,val
-13.030793,-23.71288,7.3736515,25.345322,2.0521119,25 Santiago,2021,27,val
-17.475761,-19.770847,8.55879,26.654387,3.8189418,25 Santiago,2021,28,val
-17.053562,-23.492933,5.920772,22.798944,3.4574535,25 Santiago,2021,29,val
-18.96711,-24.595816,5.318969,23.48943,3.3538604,25 Santiago,2021,30,val
-15.976599,-24.347248,4.8359804,21.477976,2.483527,25 Santiago,2021,31,val
-7.7190433,-13.421697,17.382883,26.290031,15.368641,25 Santiago,2021,32,val
-16.703203,-8.075033,9.97813,19.40669,4.0188217,25 Santiago,2021,33,val
-22.677425,-18.86528,6.4133368,20.132622,-0.29847383,25 Santiago,2021,34,val
-31.405003,-22.997992,-0.23258333,12.088863,3.0003755,25 Santiago,2021,35,val
-26.995897,-26.163765,-3.29871,14.482008,7.1570673,25 Santiago,2021,36,val
-23.885006,-18.840971,-0.61069745,11.475091,12.224556,25 Santiago,2021,37,val
-23.980743,-16.612492,-1.260355,11.935552,13.986044,25 Santiago,2021,38,val
-26.595278,-15.527245,-3.1877387,12.037984,17.781435,25 Santiago,2021,39,val
-26.142223,-10.238635,-4.768934,13.703065,17.764439,25 Santiago,2021,40,val
-20.228481,-7.7326427,-1.1298465,8.852837,18.829718,25 Santiago,2021,41,val
-19.184252,-6.0276804,-2.9395812,10.560334,20.947144,25 Santiago,2021,42,val
-26.769608,-4.472296,-10.191091,16.271528,26.235226,25 Santiago,2021,43,val
-19.844042,-2.202362,-6.6900177,13.643251,25.393143,25 Santiago,2021,44,val
-20.628595,-1.3716979,-10.730905,16.76902,29.476347,25 Santiago,2021,45,val
-18.606459,1.9707063,-12.006776,17.164803,30.536274,25 Santiago,2021,46,val
-15.057004,2.3080568,-10.416769,13.419049,35.26318,25 Santiago,2021,47,val
11.0137205,8.568072,-6.796936,9.513316,25.916784,25 Santiago,2021,48,val
13.690066,4.9116697,-6.275723,8.699924,27.910696,25 Santiago,2021,49,val
14.294446,4.7536063,-4.3566985,6.6009607,27.976374,25 Santiago,2021,50,val
15.354292,4.3050175,-6.618788,9.337413,26.839983,25 Santiago,2021,51,val
18.660635,12.330211,-4.56016,21.99318,24.172213,25 Santiago,2021,52,val
6.7193513,23.667002,-0.7439635,17.00789,-2.7534819,26 Santiago Rodríguez,2015,1,train
10.656438,24.914705,0.66722053,21.29002,-5.3591766,26 Santiago Rodríguez,2015,2,train
8.622055,20.419127,4.1579533,22.131014,-8.084511,26 Santiago Rodríguez,2015,3,train
13.627972,22.233837,5.565618,26.693499,-12.008377,26 Santiago Rodríguez,2015,4,train
5.689708,6.722884,10.986227,-17.158255,12.895368,26 Santiago Rodríguez,2015,5,train
10.622727,9.308652,-5.712358,-12.424546,4.1425743,26 Santiago Rodríguez,2015,6,train
9.962961,7.0643682,-4.927328,-15.179046,4.9921956,26 Santiago Rodríguez,2015,7,train
10.562911,4.1671557,-4.058111,-15.873146,2.5964181,26 Santiago Rodríguez,2015,8,train
15.358953,5.040967,-3.913029,-13.928541,-0.97328985,26 Santiago Rodríguez,2015,9,train
18.53019,6.10066,-2.7976377,-10.204872,-5.353385,26 Santiago Rodríguez,2015,10,train
18.998938,5.2845535,-2.8295362,-9.856788,-7.1938953,26 Santiago Rodríguez,2015,11,train
16.770832,2.8215454,-1.3580036,-13.460545,-7.999041,26 Santiago Rodríguez,2015,12,train
14.230242,0.44799998,0.06778468,-13.161837,-13.487811,26 Santiago Rodríguez,2015,13,train
16.89094,-1.7412877,-2.2932212,-15.613799,-8.522808,26 Santiago Rodríguez,2015,14,train
19.896936,0.89110166,-1.458424,-6.5279746,-15.563881,26 Santiago Rodríguez,2015,15,train
20.467031,0.36890572,-0.6643382,-3.3330336,-19.732075,26 Santiago Rodríguez,2015,16,train
14.584705,-5.827867,-0.040791377,-6.062849,-21.595327,26 Santiago Rodríguez,2015,17,train
-2.5897613,-19.584631,-6.468553,-9.823447,-27.55546,26 Santiago Rodríguez,2015,18,train
-4.9347463,-12.887949,-4.42471,-8.335366,-34.40188,26 Santiago Rodríguez,2015,19,train
-6.494378,-10.962957,-1.9669265,-11.863344,-24.066809,26 Santiago Rodríguez,2015,20,train
-8.446582,-12.252135,-3.52054,-11.355824,-16.073803,26 Santiago Rodríguez,2015,21,train
-9.910522,-12.4505825,-3.765678,-13.438784,-9.899804,26 Santiago Rodríguez,2015,22,train
-10.011812,-13.321873,-3.077189,-7.473886,-11.510358,26 Santiago Rodríguez,2015,23,train
-13.449661,-16.854034,-5.5293274,-6.143123,-14.65441,26 Santiago Rodríguez,2015,24,train
-17.518505,-18.120298,-7.350207,-2.6030078,-16.16909,26 Santiago Rodríguez,2015,25,train
-22.092247,-20.393576,-9.627247,2.6445584,-21.571869,26 Santiago Rodríguez,2015,26,train
-14.392068,-13.450738,-1.3318179,15.132204,-27.839462,26 Santiago Rodríguez,2015,27,train
-12.425149,-8.18351,3.630091,21.871262,-25.3253,26 Santiago Rodríguez,2015,28,train
-18.008554,-7.4364853,2.7765627,24.787643,-25.806023,26 Santiago Rodríguez,2015,29,train
-22.638731,-12.199403,-2.339407,20.072939,-27.965212,26 Santiago Rodríguez,2015,30,train
-22.84488,-11.687053,-2.449604,20.110847,-26.162294,26 Santiago Rodríguez,2015,31,train
-19.361464,-6.3882895,1.5992906,12.604381,-29.05266,26 Santiago Rodríguez,2015,32,train
-20.984041,-1.7040353,3.0021899,13.919003,-27.614058,26 Santiago Rodríguez,2015,33,train
-22.829117,-0.885229,1.5823985,11.12028,-26.193426,26 Santiago Rodríguez,2015,34,train
-27.806568,-4.8915324,-7.4887233,-0.91713154,-13.340384,26 Santiago Rodríguez,2015,35,train
-26.828524,-0.8990884,-2.874472,-6.4529696,-14.4638405,26 Santiago Rodríguez,2015,36,train
-32.002407,-0.5569907,-6.276367,-2.1543233,-18.824886,26 Santiago Rodríguez,2015,37,train
-27.812008,2.990341,-4.921264,-5.010416,-10.782855,26 Santiago Rodríguez,2015,38,train
-27.223171,2.9111493,-3.5514534,-5.283483,-10.886752,26 Santiago Rodríguez,2015,39,train
-38.20018,12.047955,-9.1895485,-5.3568935,-10.622552,26 Santiago Rodríguez,2015,40,train
-34.01672,12.564397,-9.347895,-4.899775,-8.216573,26 Santiago Rodríguez,2015,41,train
-36.909893,17.149216,-11.877438,0.080775484,-9.002861,26 Santiago Rodríguez,2015,42,train
-22.143744,12.702498,-1.5441194,-16.760298,-1.8646927,26 Santiago Rodríguez,2015,43,train
-22.102884,15.459257,-3.0740638,-13.654812,-1.6624675,26 Santiago Rodríguez,2015,44,train
-20.155191,19.035572,-8.026938,0.2989664,0.23499823,26 Santiago Rodríguez,2015,45,train
-21.73082,21.773472,-12.051072,0.18355387,1.2359673,26 Santiago Rodríguez,2015,46,train
-20.983877,25.433825,-15.123654,-8.497758,5.599368,26 Santiago Rodríguez,2015,47,train
-3.2805614,23.385876,-6.4494596,-13.54088,4.568508,26 Santiago Rodríguez,2015,48,train
-1.7735583,23.592955,-7.2686768,-5.9833937,3.5017543,26 Santiago Rodríguez,2015,49,train
0.6051524,26.370056,-9.307694,-5.749263,3.182736,26 Santiago Rodríguez,2015,50,train
3.3552225,26.911093,-9.603677,-3.5765567,2.0622,26 Santiago Rodríguez,2015,51,train
1.947012,25.098114,-3.7122169,8.414603,-1.4861475,26 Santiago Rodríguez,2015,52,train
4.9711967,37.474846,3.1127903,18.517859,-13.02101,26 Santiago Rodríguez,2016,1,train
9.03696,38.724392,3.08528,18.368574,-15.894639,26 Santiago Rodríguez,2016,2,train
6.4678016,31.328695,8.167817,22.85045,-17.746666,26 Santiago Rodríguez,2016,3,train
7.951181,27.386873,9.971076,20.105696,-17.877422,26 Santiago Rodríguez,2016,4,train
9.738081,26.389345,-4.318179,-22.471329,-4.0550895,26 Santiago Rodríguez,2016,5,train
3.3775902,17.819418,-0.0038114276,-17.96893,-4.618242,26 Santiago Rodríguez,2016,6,train
5.1432943,17.320835,0.1782587,-18.773283,-6.027113,26 Santiago Rodríguez,2016,7,train
9.760675,18.812885,-0.99394995,-22.16714,-9.201262,26 Santiago Rodríguez,2016,8,train
6.2176127,15.251854,2.1347344,-18.995886,-11.062147,26 Santiago Rodríguez,2016,9,train
18.575315,7.7137384,-3.3436494,-16.511337,-6.787034,26 Santiago Rodríguez,2016,10,train
18.62377,11.414071,-2.6161277,-15.6345,-17.077847,26 Santiago Rodríguez,2016,11,train
20.286554,12.708609,-2.4139771,-6.84594,-23.837687,26 Santiago Rodríguez,2016,12,train
19.36784,11.4776945,-0.7460661,-4.9234786,-27.445797,26 Santiago Rodríguez,2016,13,train
10.193434,2.7443335,2.5858655,-15.769213,-21.947996,26 Santiago Rodríguez,2016,14,train
13.568674,4.170322,2.9479966,-13.701965,-21.406965,26 Santiago Rodríguez,2016,15,train
5.7973957,1.7882318,3.6519506,-17.317562,-14.464811,26 Santiago Rodríguez,2016,16,train
3.0390966,0.1545475,4.182736,-14.012485,-8.567796,26 Santiago Rodríguez,2016,17,train
-4.1883006,-4.6796174,11.739635,-23.9887,-0.6104427,26 Santiago Rodríguez,2016,18,train
2.8763468,-16.77002,-4.985007,-6.7916574,-0.82386756,26 Santiago Rodríguez,2016,19,train
2.0764575,-23.695545,-8.137272,-0.0027631342,-5.524055,26 Santiago Rodríguez,2016,20,train
-4.153341,-15.486269,-6.441762,-10.501219,0.33749464,26 Santiago Rodríguez,2016,21,train
-0.11442298,-18.521383,6.5240827,-7.512912,13.54853,26 Santiago Rodríguez,2016,22,train
-3.4525416,-23.124577,-8.879598,0.22450326,1.3983995,26 Santiago Rodríguez,2016,23,train
-7.9079437,-27.580507,-11.451421,-0.76504546,0.3510371,26 Santiago Rodríguez,2016,24,train
-11.530046,-20.115229,-8.421218,0.4773145,-1.5500327,26 Santiago Rodríguez,2016,25,train
-17.077642,-22.597395,-10.937699,2.1328778,-3.2935195,26 Santiago Rodríguez,2016,26,train
-16.685078,-15.433914,-3.3962183,26.271917,-14.096621,26 Santiago Rodríguez,2016,27,train
-16.27025,-15.342178,-2.3880873,25.753277,-15.1330595,26 Santiago Rodríguez,2016,28,train
-21.6277,-16.142324,-4.5890603,26.601543,-14.113299,26 Santiago Rodríguez,2016,29,train
-20.53595,-14.61308,-4.3101277,23.452862,-12.679155,26 Santiago Rodríguez,2016,30,train
-20.965193,-14.960605,-5.086362,22.34459,-12.559778,26 Santiago Rodríguez,2016,31,train
-19.289055,-18.608692,-6.9128766,24.452261,-8.94771,26 Santiago Rodríguez,2016,32,train
-25.64501,-19.501444,-10.217178,30.346498,-13.715203,26 Santiago Rodríguez,2016,33,train
-1.2743912,-12.904577,14.4959755,24.60371,19.02251,26 Santiago Rodríguez,2016,34,train
-19.527992,-19.016977,-12.260837,1.6031126,4.1175356,26 Santiago Rodríguez,2016,35,train
-20.423534,-17.719236,-13.786771,7.11457,5.391785,26 Santiago Rodríguez,2016,36,train
-25.853647,-19.271904,-18.182037,7.2986083,5.069344,26 Santiago Rodríguez,2016,37,train
-20.089577,-16.407034,-15.429538,7.362094,8.888559,26 Santiago Rodríguez,2016,38,train
-23.626625,-12.501703,-16.82117,12.07942,6.579451,26 Santiago Rodríguez,2016,39,train
-20.934702,-5.972911,-12.328465,0.6814289,7.6134925,26 Santiago Rodríguez,2016,40,train
-17.74459,-4.3357186,-11.203552,0.0885129,9.208427,26 Santiago Rodríguez,2016,41,train
-8.166648,-3.1077375,7.3145247,-4.43533,15.457702,26 Santiago Rodríguez,2016,42,train
-9.390009,-1.9630444,-6.544774,-3.3678086,10.549759,26 Santiago Rodríguez,2016,43,train
-10.828007,-1.2037377,-9.531191,-6.626524,13.265344,26 Santiago Rodríguez,2016,44,train
-4.2755384,-0.050735485,-4.0195985,-2.6035743,9.407394,26 Santiago Rodríguez,2016,45,train
-3.6028383,0.35015607,4.9390655,-5.850997,16.786373,26 Santiago Rodríguez,2016,46,train
-3.9463847,2.616067,-8.248863,-7.3564153,13.840424,26 Santiago Rodríguez,2016,47,train
-4.9624352,3.6830175,-10.510005,-7.6512914,15.397072,26 Santiago Rodríguez,2016,48,train
6.7416487,8.2790785,-10.848942,-5.1684113,14.776729,26 Santiago Rodríguez,2016,49,train
6.7566514,8.741974,-10.780044,-3.4478762,14.113654,26 Santiago Rodríguez,2016,50,train
7.172765,9.632169,-9.480504,-3.0344331,11.848402,26 Santiago Rodríguez,2016,51,train
4.8328176,17.296423,-1.5563858,26.817728,3.969175,26 Santiago Rodríguez,2016,52,train
9.373883,17.321814,-8.653132,18.68115,5.969997,26 Santiago Rodríguez,2017,1,train
6.3986473,14.533329,2.7255917,29.689966,-1.5251341,26 Santiago Rodríguez,2017,2,train
18.81201,22.028801,0.035188455,33.672062,-4.397739,26 Santiago Rodríguez,2017,3,train
22.64458,17.894987,-4.1931553,29.922134,-3.762359,26 Santiago Rodríguez,2017,4,train
17.367842,8.174541,-13.102726,0.3047297,6.109194,26 Santiago Rodríguez,2017,5,train
17.785042,9.018159,-12.8437605,-1.7516354,3.7936442,26 Santiago Rodríguez,2017,6,train
16.919207,4.600915,-10.527512,-7.5619907,6.4052277,26 Santiago Rodríguez,2017,7,train
23.601809,5.8501225,-14.9944105,-7.8364997,2.186603,26 Santiago Rodríguez,2017,8,train
23.005842,7.369375,-10.920828,1.1943021,-4.9124904,26 Santiago Rodríguez,2017,9,train
21.78741,0.81198424,-8.995711,-5.943842,-0.20729207,26 Santiago Rodríguez,2017,10,train
22.692068,-1.101045,-9.770122,-0.93184435,-1.7331287,26 Santiago Rodríguez,2017,11,train
12.447797,-7.8292933,10.785117,-11.096609,14.636728,26 Santiago Rodríguez,2017,12,train
18.042795,-7.2022276,-4.7236443,-6.560444,0.79017353,26 Santiago Rodríguez,2017,13,train
18.187311,-9.981747,-3.992103,-3.7131073,-7.972116,26 Santiago Rodríguez,2017,14,train
16.961185,-8.838723,-3.3975353,-11.910856,-3.9411833,26 Santiago Rodríguez,2017,15,train
11.634959,-9.511928,-1.9901596,-9.746653,-3.5811193,26 Santiago Rodríguez,2017,16,train
8.46455,-9.644661,-0.9547979,-6.0082498,-1.6035188,26 Santiago Rodríguez,2017,17,train
9.812929,-13.924923,6.4365654,-9.040253,9.702164,26 Santiago Rodríguez,2017,18,train
13.251221,-16.546104,-3.2663238,-6.2630544,-2.413797,26 Santiago Rodríguez,2017,19,train
8.488695,-11.17365,-0.9639362,-3.6351175,-4.6833315,26 Santiago Rodríguez,2017,20,train
17.157104,-20.384195,-5.1696496,6.295625,-11.258475,26 Santiago Rodríguez,2017,21,train
-2.917266,-24.365137,-8.969462,0.61128074,-8.957711,26 Santiago Rodríguez,2017,22,train
-6.2801824,-24.535446,-9.271072,3.7255692,-14.959422,26 Santiago Rodríguez,2017,23,train
-10.74363,-24.362246,-10.864752,-2.6480765,-9.784702,26 Santiago Rodríguez,2017,24,train
-12.263593,-20.502558,-8.623926,2.2077637,-9.060392,26 Santiago Rodríguez,2017,25,train
-16.60198,-21.054699,-10.421275,4.4571724,-9.883755,26 Santiago Rodríguez,2017,26,train
-15.581124,-16.7599,-5.6468415,21.750446,-10.547093,26 Santiago Rodríguez,2017,27,train
-14.558299,-7.4197297,-0.86628205,31.109314,-5.0602922,26 Santiago Rodríguez,2017,28,train
-16.411314,-16.933363,-5.03935,24.156023,-8.855926,26 Santiago Rodríguez,2017,29,train
-17.369717,-16.638454,-5.7793965,23.547112,-8.730912,26 Santiago Rodríguez,2017,30,train
-19.48234,-18.10492,-8.009839,18.722921,-10.328743,26 Santiago Rodríguez,2017,31,train
-15.119023,-13.751692,-2.8401597,25.457062,-9.404882,26 Santiago Rodríguez,2017,32,train
-17.110617,-15.693329,-4.8235564,22.44876,-8.584839,26 Santiago Rodríguez,2017,33,train
-20.29251,-15.325633,-7.291188,23.789154,-7.4034553,26 Santiago Rodríguez,2017,34,train
-25.050806,-20.420141,-16.120573,10.202594,-5.4912024,26 Santiago Rodríguez,2017,35,train
-7.599251,-19.2341,6.3806524,-8.829487,24.004019,26 Santiago Rodríguez,2017,36,train
-5.3510466,-7.5951133,10.004038,-0.15112096,10.880861,26 Santiago Rodríguez,2017,37,train
-6.1009374,-13.798345,10.964934,-5.500479,18.33991,26 Santiago Rodríguez,2017,38,train
-14.394217,-11.834267,-9.731232,0.07967399,8.784009,26 Santiago Rodríguez,2017,39,train
-13.105211,-9.57632,-10.512151,2.8401542,10.445141,26 Santiago Rodríguez,2017,40,train
-14.593078,-10.466657,-13.670198,-0.13306966,14.4693985,26 Santiago Rodríguez,2017,41,train
-15.027685,-6.320863,-13.639379,6.6111298,12.333424,26 Santiago Rodríguez,2017,42,train
-22.474644,-3.5406713,-22.232557,10.743305,14.640157,26 Santiago Rodríguez,2017,43,train
-15.61653,-4.5937066,-17.313759,5.6240425,16.096231,26 Santiago Rodríguez,2017,44,train
-4.835106,-10.052427,-2.4142027,-4.7400365,24.250525,26 Santiago Rodríguez,2017,45,train
-3.2967677,-3.1172466,-9.209846,-2.0423758,16.01379,26 Santiago Rodríguez,2017,46,train
-4.27864,-3.3622384,-13.770201,-0.59977263,18.84429,26 Santiago Rodríguez,2017,47,train
-4.5415993,-0.6308547,-17.609745,-1.5697124,21.14777,26 Santiago Rodríguez,2017,48,train
-10.010761,6.6995893,-17.263275,-0.8033345,16.537872,26 Santiago Rodríguez,2017,49,train
-11.544601,8.797294,-22.83727,-1.5776582,19.448296,26 Santiago Rodríguez,2017,50,train
-7.0941916,10.572811,-18.218237,4.2220554,14.763553,26 Santiago Rodríguez,2017,51,train
-11.995175,16.447435,-16.034517,31.247103,9.924466,26 Santiago Rodríguez,2017,52,train
4.1447544,-8.412481,9.326692,28.768099,27.269867,26 Santiago Rodríguez,2018,1,train
-0.32289657,4.07437,-6.7739925,27.075874,10.612871,26 Santiago Rodríguez,2018,2,train
-0.03303901,3.5695252,-6.6241302,28.623503,9.488373,26 Santiago Rodríguez,2018,3,train
-0.15913895,3.3579671,-7.07675,29.77093,8.0172415,26 Santiago Rodríguez,2018,4,train
7.8917165,-7.150747,-23.387651,-6.394417,15.097259,26 Santiago Rodríguez,2018,5,train
2.7062807,1.2137022,-18.736662,-14.37098,5.0502825,26 Santiago Rodríguez,2018,6,train
2.4143476,-0.27956122,-16.474102,-14.118403,4.42021,26 Santiago Rodríguez,2018,7,train
2.6612244,-1.147302,-15.990408,-15.072748,4.1047626,26 Santiago Rodríguez,2018,8,train
24.964771,7.7750926,-11.616194,-12.660194,-2.737145,26 Santiago Rodríguez,2018,9,train
30.349705,-5.0858912,-17.327263,-5.3702354,4.622158,26 Santiago Rodríguez,2018,10,train
27.306505,-6.262674,-15.211466,-1.2419505,2.8239017,26 Santiago Rodríguez,2018,11,train
24.331663,-5.9372864,-11.34538,-2.517421,0.39624935,26 Santiago Rodríguez,2018,12,train
25.666418,-2.438841,-6.659613,-4.5897784,-5.7458715,26 Santiago Rodríguez,2018,13,train
16.053823,-7.21465,-2.8709242,-11.621375,-9.600782,26 Santiago Rodríguez,2018,14,train
18.70934,-3.2532434,-2.1464982,-3.9897478,-12.6037035,26 Santiago Rodríguez,2018,15,train
21.170462,-3.3519652,-3.4164798,1.2015849,-18.305683,26 Santiago Rodríguez,2018,16,train
17.95829,-7.3264513,-2.407361,-3.2643685,-16.871311,26 Santiago Rodríguez,2018,17,train
14.056716,-9.932316,-2.009648,-7.4102902,-13.299368,26 Santiago Rodríguez,2018,18,train
14.554061,-7.087959,-0.20690864,-2.0375412,-15.531433,26 Santiago Rodríguez,2018,19,train
13.751645,-3.4287767,-0.102740474,3.0789056,-14.382531,26 Santiago Rodríguez,2018,20,train
16.059916,-6.912262,-1.8623438,4.698535,-22.284395,26 Santiago Rodríguez,2018,21,train
13.643038,-8.583047,-1.9786004,4.8100467,-22.652964,26 Santiago Rodríguez,2018,22,train
14.4508915,-8.510761,-3.8892891,7.817201,-27.524782,26 Santiago Rodríguez,2018,23,train
10.884919,-10.783748,-0.10045365,5.6949286,-23.6972,26 Santiago Rodríguez,2018,24,train
9.759792,-8.378256,1.768925,6.893262,-19.814413,26 Santiago Rodríguez,2018,25,train
10.21435,-9.52384,-1.0454859,8.626407,-24.581259,26 Santiago Rodríguez,2018,26,train
-18.938177,-15.95425,-3.918133,20.411285,-20.47007,26 Santiago Rodríguez,2018,27,train
-22.705288,-15.578769,-5.1812425,21.116302,-18.837711,26 Santiago Rodríguez,2018,28,train
-18.632757,-15.658411,-4.1308813,17.515581,-18.398804,26 Santiago Rodríguez,2018,29,train
-22.867203,-14.563964,-4.4107165,21.831926,-17.737478,26 Santiago Rodríguez,2018,30,train
-18.239244,-15.273976,-4.051838,16.860806,-17.756487,26 Santiago Rodríguez,2018,31,train
-25.557756,-11.727711,-3.473811,25.432741,-18.399422,26 Santiago Rodríguez,2018,32,train
-17.824293,-12.713539,-2.1584046,16.88577,-17.855526,26 Santiago Rodríguez,2018,33,train
-17.358286,-15.631402,-3.6349905,16.82023,-22.502522,26 Santiago Rodríguez,2018,34,train
-25.405985,-12.281779,-9.675312,2.823939,-4.0927515,26 Santiago Rodríguez,2018,35,train
-24.589437,-14.396702,-9.633548,0.65569174,-9.202297,26 Santiago Rodríguez,2018,36,train
-24.356916,-11.439692,-9.387453,4.1406584,-7.774698,26 Santiago Rodríguez,2018,37,train
-27.257542,-10.111655,-11.750816,2.1160142,-3.7624516,26 Santiago Rodríguez,2018,38,train
-25.343336,-10.115208,-10.227043,4.078979,-6.0535097,26 Santiago Rodríguez,2018,39,train
-21.45889,-4.452454,-10.939994,-6.0789676,6.3721557,26 Santiago Rodríguez,2018,40,train
-17.868622,-2.041392,-8.797542,-5.9806337,7.559862,26 Santiago Rodríguez,2018,41,train
-20.356617,0.9509204,-10.96184,-0.5760635,7.565227,26 Santiago Rodríguez,2018,42,train
-28.636364,4.295199,-18.453775,5.263758,8.093512,26 Santiago Rodríguez,2018,43,train
-25.319841,5.175104,-17.246689,1.6877706,10.077208,26 Santiago Rodríguez,2018,44,train
-25.13118,7.8851323,-19.066345,-0.374713,12.049456,26 Santiago Rodríguez,2018,45,train
-17.130136,9.713996,-14.002872,3.5103376,8.791939,26 Santiago Rodríguez,2018,46,train
-20.490562,13.511244,-20.15338,4.30043,10.462615,26 Santiago Rodríguez,2018,47,train
-15.73914,13.465847,-17.552137,-1.2444212,12.341793,26 Santiago Rodríguez,2018,48,train
4.045956,22.193975,-16.147438,1.6594833,8.279931,26 Santiago Rodríguez,2018,49,train
6.3828588,23.812338,-17.432686,1.2772125,7.8981256,26 Santiago Rodríguez,2018,50,train
8.352401,25.915163,-20.48822,-2.9397206,9.93119,26 Santiago Rodríguez,2018,51,train
6.5118947,21.435377,-7.711912,12.819757,3.0497906,26 Santiago Rodríguez,2018,52,train
12.4360695,24.406836,-10.350075,10.596979,-1.422007,26 Santiago Rodríguez,2019,1,train
8.54183,25.756842,-1.6624402,24.623766,-3.467761,26 Santiago Rodríguez,2019,2,train
17.363663,26.221327,-4.15864,20.36302,-7.567832,26 Santiago Rodríguez,2019,3,train
19.889988,20.827993,-5.774371,10.317819,-8.421455,26 Santiago Rodríguez,2019,4,train
16.498938,18.362358,-12.584273,-5.507866,-1.5860981,26 Santiago Rodríguez,2019,5,train
13.750966,17.754736,-6.80465,-11.219396,-2.7034144,26 Santiago Rodríguez,2019,6,train
15.853889,17.93479,-6.8096194,-8.728857,-6.6241317,26 Santiago Rodríguez,2019,7,train
18.617407,17.504803,-5.990394,-2.9027,-11.954895,26 Santiago Rodríguez,2019,8,train
20.792698,19.52518,-7.541693,-3.5281484,-16.397009,26 Santiago Rodríguez,2019,9,train
22.128511,14.16818,-7.6276174,-2.9164114,-15.727329,26 Santiago Rodríguez,2019,10,train
24.05273,11.681344,-6.101504,-2.9805813,-16.701735,26 Santiago Rodríguez,2019,11,train
19.82111,4.7289033,-3.8726828,-11.803995,-18.426888,26 Santiago Rodríguez,2019,12,train
11.593206,-1.7462107,0.5065584,-15.039855,-10.206728,26 Santiago Rodríguez,2019,13,train
16.322836,-0.41777754,-1.387589,-9.133333,-13.205653,26 Santiago Rodríguez,2019,14,train
21.22326,2.5671096,-3.0029519,1.7177438,-20.99065,26 Santiago Rodríguez,2019,15,train
22.378513,1.2547717,-4.2141895,1.1234074,-25.921751,26 Santiago Rodríguez,2019,16,train
18.877207,-6.76552,-2.7657428,-8.71775,-22.511395,26 Santiago Rodríguez,2019,17,train
14.483965,-8.191649,-1.8992192,-7.0097027,-20.895134,26 Santiago Rodríguez,2019,18,train
14.359203,-2.1480682,-0.72711533,1.2067875,-28.247211,26 Santiago Rodríguez,2019,19,train
-7.9451513,-12.103897,-4.076962,-11.402246,-17.435974,26 Santiago Rodríguez,2019,20,train
-6.3553715,-8.722018,-1.6701715,-12.921577,-6.0747194,26 Santiago Rodríguez,2019,21,train
-7.488338,-10.537454,7.0131264,-19.355532,4.9485006,26 Santiago Rodríguez,2019,22,train
-9.896617,-7.673125,-0.7713465,-10.006269,-7.0191593,26 Santiago Rodríguez,2019,23,train
-12.616445,-9.965919,-1.8349824,-7.470375,-11.485295,26 Santiago Rodríguez,2019,24,train
-25.599203,-17.285793,-9.985343,-1.9301865,-23.197685,26 Santiago Rodríguez,2019,25,train
-27.326628,-12.673489,-8.855087,2.4842396,-19.02856,26 Santiago Rodríguez,2019,26,train
-30.011984,-3.4197936,-1.5446386,31.188364,-18.51481,26 Santiago Rodríguez,2019,27,train
-28.86276,-3.2711504,-2.857116,16.257442,-18.790468,26 Santiago Rodríguez,2019,28,train
-30.512869,-4.109509,-5.713518,16.351402,-17.520817,26 Santiago Rodríguez,2019,29,train
-31.395903,-5.5484204,-6.6190076,15.343467,-17.420332,26 Santiago Rodríguez,2019,30,train
-25.918638,4.062511,0.11637361,25.622705,-10.361767,26 Santiago Rodríguez,2019,31,train
-30.143957,-2.361271,-5.302055,19.568233,-11.6029215,26 Santiago Rodríguez,2019,32,train
-32.7638,-5.08519,-8.810029,17.40311,-14.256131,26 Santiago Rodríguez,2019,33,train
-31.220451,0.20870458,-4.5242567,23.703909,-10.824176,26 Santiago Rodríguez,2019,34,train
-34.139935,-4.9828277,-12.6985445,3.041335,-7.1252933,26 Santiago Rodríguez,2019,35,train
-33.118732,-3.3680766,-11.332657,1.0014452,-8.440046,26 Santiago Rodríguez,2019,36,train
-26.963839,-2.6616576,-7.7538347,-2.7661617,-4.310739,26 Santiago Rodríguez,2019,37,train
-15.039319,-1.1298916,14.891746,-17.298618,9.708028,26 Santiago Rodríguez,2019,38,train
-7.5391665,1.6063433,13.729772,-3.7016735,7.52294,26 Santiago Rodríguez,2019,39,train
-12.625952,-1.364772,12.98844,-9.440341,14.280442,26 Santiago Rodríguez,2019,40,train
-21.940073,1.48289,-8.963987,-2.850252,4.3824363,26 Santiago Rodríguez,2019,41,train
-26.93347,2.7167342,-12.873073,-3.5111506,6.415668,26 Santiago Rodríguez,2019,42,train
-24.792276,5.6883698,-11.755892,-2.5034325,5.5633035,26 Santiago Rodríguez,2019,43,train
-24.0747,8.36954,-13.695201,0.89960915,5.683059,26 Santiago Rodríguez,2019,44,train
-21.008242,10.171817,-13.521973,1.5563095,6.123336,26 Santiago Rodríguez,2019,45,train
-16.310663,9.5620165,-10.664551,-5.0504837,7.7483068,26 Santiago Rodríguez,2019,46,train
-14.444761,12.205113,-11.958912,-12.829839,11.32352,26 Santiago Rodríguez,2019,47,train
-15.693035,15.183573,-15.456177,-10.933388,12.384672,26 Santiago Rodríguez,2019,48,train
-0.3728073,17.142752,-7.3153176,-8.46165,7.7878265,26 Santiago Rodríguez,2019,49,train
0.68624127,18.081778,-7.2378554,-1.9626426,5.941619,26 Santiago Rodríguez,2019,50,train
2.4970152,21.978325,-10.493991,-2.157084,6.1175194,26 Santiago Rodríguez,2019,51,train
3.5763164,29.903656,-8.61024,14.866447,0.39448667,26 Santiago Rodríguez,2019,52,train
2.8822381,23.324593,-6.2629685,13.64738,1.566331,26 Santiago Rodríguez,2020,1,val
6.6509027,23.554707,-6.7954926,12.989657,-0.5302828,26 Santiago Rodríguez,2020,2,val
8.774174,18.744663,-0.8544445,16.988447,-2.9242835,26 Santiago Rodríguez,2020,3,val
8.371187,20.944841,3.5459971,25.666115,-7.798213,26 Santiago Rodríguez,2020,4,val
12.858212,16.125841,-9.487566,-9.363497,1.2407913,26 Santiago Rodríguez,2020,5,val
12.403274,14.498759,-7.7356343,-11.615933,0.39066035,26 Santiago Rodríguez,2020,6,val
14.6038,13.162368,-6.253156,-7.254821,-3.3270261,26 Santiago Rodríguez,2020,7,val
14.44674,11.12193,-5.0655212,-6.4629226,-4.581063,26 Santiago Rodríguez,2020,8,val
15.958585,8.6057825,-6.08191,-14.485415,-4.6292357,26 Santiago Rodríguez,2020,9,val
12.973136,-0.51385903,-3.940662,-8.9655285,1.4759272,26 Santiago Rodríguez,2020,10,val
15.399741,-2.2870595,-4.0295157,-13.962439,0.9577739,26 Santiago Rodríguez,2020,11,val
21.637194,-0.10265514,-3.4083247,-6.8523865,-5.1563125,26 Santiago Rodríguez,2020,12,val
24.351482,-6.6451297,-6.124909,-6.7424774,-8.773174,26 Santiago Rodríguez,2020,13,val
23.303152,-15.513947,-7.6059465,-6.321254,-8.414753,26 Santiago Rodríguez,2020,14,val
24.598728,-15.573789,-8.373163,2.77823,-15.433368,26 Santiago Rodríguez,2020,15,val
23.502785,-10.162016,-7.6482673,7.4792295,-17.546576,26 Santiago Rodríguez,2020,16,val
25.920877,-14.71608,-10.281841,8.381542,-22.231983,26 Santiago Rodríguez,2020,17,val
23.08701,-14.449688,-8.779434,8.511351,-20.128292,26 Santiago Rodríguez,2020,18,val
17.293703,-19.794796,-6.4997053,0.2118159,-9.648093,26 Santiago Rodríguez,2020,19,val
17.551765,-20.87794,-6.7598367,4.0643644,-10.709128,26 Santiago Rodríguez,2020,20,val
14.399707,-14.900047,-4.4624343,6.1495843,-13.794297,26 Santiago Rodríguez,2020,21,val
17.942219,-24.08143,-6.490793,7.9483147,-10.814901,26 Santiago Rodríguez,2020,22,val
15.974153,-21.100176,-4.7787156,8.796284,-14.850421,26 Santiago Rodríguez,2020,23,val
13.942524,-18.564116,-4.262453,10.245991,-15.423989,26 Santiago Rodríguez,2020,24,val
13.953881,-20.138605,-4.3578634,11.747185,-14.795108,26 Santiago Rodríguez,2020,25,val
12.549338,-16.512045,-7.039172,12.805972,-21.68728,26 Santiago Rodríguez,2020,26,val
16.338623,-13.794684,0.0887063,26.959126,-15.5709,26 Santiago Rodríguez,2020,27,val
15.499927,-12.652575,-2.1552505,21.329283,-18.510715,26 Santiago Rodríguez,2020,28,val
15.509951,-14.081489,-2.7656472,22.222965,-20.327566,26 Santiago Rodríguez,2020,29,val
13.878193,-10.566621,-1.6680114,19.90581,-18.901186,26 Santiago Rodríguez,2020,30,val
11.933908,-10.469135,0.3063521,21.452917,-13.014244,26 Santiago Rodríguez,2020,31,val
16.58609,-17.879984,-6.5810804,25.365246,-12.675838,26 Santiago Rodríguez,2020,32,val
14.165678,-12.979308,-6.704714,20.318182,-13.649362,26 Santiago Rodríguez,2020,33,val
10.083889,-10.772166,-7.0468373,23.671446,-7.038485,26 Santiago Rodríguez,2020,34,val
12.522414,-15.808063,-3.803748,13.661707,0.49982518,26 Santiago Rodríguez,2020,35,val
9.608795,-11.432601,-4.5295215,11.651327,-5.146856,26 Santiago Rodríguez,2020,36,val
8.138128,-15.239591,-9.855068,13.494017,-1.7809951,26 Santiago Rodríguez,2020,37,val
8.415531,-12.459438,-6.66484,11.717043,-0.44595465,26 Santiago Rodríguez,2020,38,val
8.52975,-14.505053,-8.486577,11.997583,2.064858,26 Santiago Rodríguez,2020,39,val
6.9069023,-8.043222,-10.398018,9.935014,-1.5909327,26 Santiago Rodríguez,2020,40,val
3.8631792,-6.117466,-15.9971075,10.7810955,4.431353,26 Santiago Rodríguez,2020,41,val
4.8303046,-1.9178332,-15.073446,9.788244,5.850585,26 Santiago Rodríguez,2020,42,val
5.3841414,-0.91097254,-16.119884,9.092257,10.279483,26 Santiago Rodríguez,2020,43,val
6.258051,5.655336,-16.292845,8.86363,7.4163775,26 Santiago Rodríguez,2020,44,val
5.643117,3.0733793,-13.135044,6.053159,13.411025,26 Santiago Rodríguez,2020,45,val
6.5475817,4.343769,-11.350768,4.4780016,12.798778,26 Santiago Rodríguez,2020,46,val
6.783187,4.2393074,-11.1580105,3.257894,14.008019,26 Santiago Rodríguez,2020,47,val
8.010824,5.799408,-12.303911,1.1682183,15.420498,26 Santiago Rodríguez,2020,48,val
16.230677,3.3752806,-22.946466,9.309944,22.93573,26 Santiago Rodríguez,2020,49,val
14.135051,-11.722599,3.784861,-0.7315417,37.80128,26 Santiago Rodríguez,2020,50,val
13.507278,-2.4948368,-14.118906,6.546089,20.747332,26 Santiago Rodríguez,2020,51,val
13.346005,1.6016566,-11.625968,23.83786,16.642862,26 Santiago Rodríguez,2020,52,val
17.22778,4.33134,-13.813406,32.025955,17.402817,26 Santiago Rodríguez,2021,1,val
23.32721,3.1355433,-20.85741,22.61272,14.77554,26 Santiago Rodríguez,2021,2,val
22.014069,-1.4003901,-16.216045,22.61735,13.831176,26 Santiago Rodríguez,2021,3,val
23.205355,-1.3402407,-11.694028,29.775795,11.528205,26 Santiago Rodríguez,2021,4,val
18.170301,-8.576774,-14.805242,5.103663,19.948452,26 Santiago Rodríguez,2021,5,val
20.455124,-1.9645892,-13.948025,7.8396096,11.039018,26 Santiago Rodríguez,2021,6,val
26.804958,-1.4618429,-20.004084,6.7513204,9.5821705,26 Santiago Rodríguez,2021,7,val
23.766634,-1.631239,-14.048645,7.1688995,5.624249,26 Santiago Rodríguez,2021,8,val
25.267254,-8.9046335,-16.393188,6.3487988,10.611924,26 Santiago Rodríguez,2021,9,val
12.497926,-2.680688,-4.9005795,-10.693869,3.1839235,26 Santiago Rodríguez,2021,10,val
24.779411,-0.29492313,-9.529153,-8.917846,-2.4167316,26 Santiago Rodríguez,2021,11,val
18.301315,-4.1467996,-6.2935133,-6.7057395,-2.3737063,26 Santiago Rodríguez,2021,12,val
13.8532295,-13.201952,9.122211,-12.568783,17.48508,26 Santiago Rodríguez,2021,13,val
14.727418,-7.106866,-3.2208545,-10.337416,-2.1161957,26 Santiago Rodríguez,2021,14,val
27.519096,-18.073788,-10.561592,-5.915587,-11.257844,26 Santiago Rodríguez,2021,15,val
26.214182,-14.625179,-10.98144,3.2343242,-18.029125,26 Santiago Rodríguez,2021,16,val
21.368763,-12.05303,-6.5086274,-1.6095082,-13.776275,26 Santiago Rodríguez,2021,17,val
22.108849,-10.63062,-6.8520336,4.5165963,-18.408401,26 Santiago Rodríguez,2021,18,val
20.540098,-11.188623,-7.368212,6.815502,-19.67826,26 Santiago Rodríguez,2021,19,val
15.448712,-15.395506,-4.0418005,-1.8443227,-13.198005,26 Santiago Rodríguez,2021,20,val
14.434674,-16.83923,-3.7423663,1.141221,-12.84496,26 Santiago Rodríguez,2021,21,val
12.5009575,-9.822857,-1.1225656,5.459968,-12.6703205,26 Santiago Rodríguez,2021,22,val
11.733772,-13.691407,-0.16012993,4.6101036,-11.036705,26 Santiago Rodríguez,2021,23,val
12.786542,-15.099656,-3.0904262,8.481388,-16.01978,26 Santiago Rodríguez,2021,24,val
10.656804,-10.109433,-0.9960123,8.4373045,-16.880419,26 Santiago Rodríguez,2021,25,val
9.635096,-12.156016,-1.7437341,9.222276,-17.78196,26 Santiago Rodríguez,2021,26,val
16.093086,-9.919863,-3.399129,20.203215,-17.229084,26 Santiago Rodríguez,2021,27,val
14.327245,-9.226412,-1.3332254,20.619686,-15.822727,26 Santiago Rodríguez,2021,28,val
13.743825,-10.035322,-2.7731447,20.622839,-14.753914,26 Santiago Rodríguez,2021,29,val
13.973339,-11.788709,-1.5773431,23.551609,-11.048563,26 Santiago Rodríguez,2021,30,val
13.571651,-10.538053,-3.4719198,20.754965,-14.09738,26 Santiago Rodríguez,2021,31,val
10.672127,-6.222866,2.8534644,22.41948,-13.0583935,26 Santiago Rodríguez,2021,32,val
9.671848,-5.7616205,2.1757565,21.264715,-12.087217,26 Santiago Rodríguez,2021,33,val
11.486796,-9.493494,-4.1108923,19.022387,-20.40628,26 Santiago Rodríguez,2021,34,val
6.9761167,-11.354793,-8.791344,12.2438755,-17.869392,26 Santiago Rodríguez,2021,35,val
-27.51869,-22.743624,-21.179354,13.66342,-3.3942807,26 Santiago Rodríguez,2021,36,val
-22.384483,-15.974566,-15.763128,7.2969537,5.6881013,26 Santiago Rodríguez,2021,37,val
-21.377655,-13.965463,-15.7655,8.203394,7.6567235,26 Santiago Rodríguez,2021,38,val
-18.670996,-14.377612,-14.987377,2.142297,11.852658,26 Santiago Rodríguez,2021,39,val
-23.060783,-10.06418,-17.987463,7.300251,10.674523,26 Santiago Rodríguez,2021,40,val
-7.5363336,-9.593834,4.598807,-3.4426665,19.137665,26 Santiago Rodríguez,2021,41,val
-13.450646,-7.730611,-12.723297,2.1281645,13.674207,26 Santiago Rodríguez,2021,42,val
-18.392916,-7.5174026,-19.679932,5.9561324,17.140022,26 Santiago Rodríguez,2021,43,val
-18.679867,-5.974624,-20.965134,5.4555807,18.156757,26 Santiago Rodríguez,2021,44,val
-20.676859,-4.508476,-28.48153,8.097837,22.54083,26 Santiago Rodríguez,2021,45,val
-16.739262,1.5959622,-26.842089,15.231728,17.85007,26 Santiago Rodríguez,2021,46,val
-11.010593,-3.3014143,-23.285978,0.37496275,23.917637,26 Santiago Rodríguez,2021,47,val
-6.6941056,-0.8847227,-20.198277,3.6235387,21.720596,26 Santiago Rodríguez,2021,48,val
-3.954209,1.0813351,-25.822319,11.679615,23.207558,26 Santiago Rodríguez,2021,49,val
-0.88872486,2.7638786,-20.906427,14.258971,19.309467,26 Santiago Rodríguez,2021,50,val
-0.33046007,-3.5605714,-26.520458,6.4588737,27.192493,26 Santiago Rodríguez,2021,51,val
-3.6954482,3.3044605,-18.617207,35.178913,18.373936,26 Santiago Rodríguez,2021,52,val
5.8607764,20.003792,0.9637292,15.17896,-2.6614125,27 Valverde,2015,1,train
10.23046,21.036612,1.6606977,16.92659,-4.5166745,27 Valverde,2015,2,train
10.039709,21.37193,4.3333073,22.600609,-8.219669,27 Valverde,2015,3,train
13.769319,21.105928,5.726745,24.71896,-11.246654,27 Valverde,2015,4,train
5.6568713,7.3329167,11.18532,-18.527174,13.230103,27 Valverde,2015,5,train
10.309237,8.919603,-4.8413143,-10.830189,3.6152487,27 Valverde,2015,6,train
9.002887,6.623487,-3.5271792,-12.146514,4.17591,27 Valverde,2015,7,train
9.359387,1.622109,13.201028,-19.163235,12.513995,27 Valverde,2015,8,train
14.565573,4.868271,-3.1564667,-12.430922,-1.1127825,27 Valverde,2015,9,train
16.329632,5.8869514,-0.90352714,-6.532797,-4.884824,27 Valverde,2015,10,train
16.076872,5.448169,-0.5049091,-5.4882517,-6.2059493,27 Valverde,2015,11,train
16.634457,3.002162,-0.91981137,-12.482071,-7.463235,27 Valverde,2015,12,train
16.788351,2.3219752,0.46009335,-11.616404,-14.59408,27 Valverde,2015,13,train
13.920563,-0.3997482,-0.89854467,-12.031151,-6.2612567,27 Valverde,2015,14,train
17.818727,3.3295257,0.46079162,-2.443882,-11.84816,27 Valverde,2015,15,train
19.965973,2.7801983,0.9509851,-0.44393995,-17.111261,27 Valverde,2015,16,train
14.909664,-4.5168705,0.5686479,-5.1739383,-20.693182,27 Valverde,2015,17,train
-2.2895648,-18.559614,-4.913367,-8.880101,-26.213837,27 Valverde,2015,18,train
-3.8773198,-11.932954,-2.6932204,-4.4745584,-32.925186,27 Valverde,2015,19,train
-4.74751,-8.338077,1.1010348,-9.434124,-21.4127,27 Valverde,2015,20,train
-6.6789436,-6.6751595,2.0535755,-7.4682198,-19.2687,27 Valverde,2015,21,train
-8.637524,-11.124676,-2.2560132,-12.931017,-8.751566,27 Valverde,2015,22,train
-11.305712,-16.280405,-4.326074,-7.220372,-15.160074,27 Valverde,2015,23,train
-13.2632675,-17.028074,-4.633671,-3.0975223,-17.368124,27 Valverde,2015,24,train
-14.040701,-15.082869,-3.4461656,1.7796975,-16.856771,27 Valverde,2015,25,train
-17.097578,-17.48249,-5.5420294,4.2595334,-20.771221,27 Valverde,2015,26,train
-7.9959645,-10.069359,2.6046398,12.073786,-24.533413,27 Valverde,2015,27,train
-6.800319,-6.7765384,5.467452,14.11703,-24.065723,27 Valverde,2015,28,train
-11.980327,-5.192485,5.504162,14.748909,-25.967943,27 Valverde,2015,29,train
-17.153728,-11.154421,0.08250182,12.290445,-30.139212,27 Valverde,2015,30,train
-15.759534,-7.7138,2.4404752,11.956545,-26.295528,27 Valverde,2015,31,train
-14.819377,-2.3999825,5.284307,7.2174163,-29.285627,27 Valverde,2015,32,train
-14.909929,-2.096499,4.6776457,6.505319,-30.325418,27 Valverde,2015,33,train
-19.264055,-1.0487472,3.367669,6.493955,-28.579153,27 Valverde,2015,34,train
-24.473816,-3.4388955,-4.374741,-2.801488,-11.232166,27 Valverde,2015,35,train
-26.222801,-1.4545268,-2.2956285,-5.3641677,-15.00011,27 Valverde,2015,36,train
-26.637453,-0.2517739,-2.6506863,-0.94822043,-19.822308,27 Valverde,2015,37,train
-26.954626,2.8827562,-3.3047948,-4.2672486,-11.204065,27 Valverde,2015,38,train
-27.642864,3.5258992,-3.6709752,-4.4680953,-10.296531,27 Valverde,2015,39,train
-35.88057,12.269854,-8.28074,-4.397699,-10.385736,27 Valverde,2015,40,train
-34.005695,13.348118,-8.582931,-3.8186216,-8.020487,27 Valverde,2015,41,train
-34.074688,17.867,-10.254954,1.5678654,-8.709963,27 Valverde,2015,42,train
-17.87698,11.336372,10.346839,-20.243263,4.566599,27 Valverde,2015,43,train
-20.930376,15.945948,-1.394044,-12.322123,-2.404992,27 Valverde,2015,44,train
-16.447899,18.423214,-4.3562527,0.6623414,-0.05109696,27 Valverde,2015,45,train
-18.382473,20.880386,-7.8186283,1.0396507,0.84318876,27 Valverde,2015,46,train
-17.247305,25.782982,-11.953503,-6.002559,4.651971,27 Valverde,2015,47,train
-3.159853,24.398466,-6.510173,-13.387535,4.5529537,27 Valverde,2015,48,train
-2.3170044,23.88214,-6.335439,-3.9472482,2.8905282,27 Valverde,2015,49,train
1.6444194,28.127062,-9.788252,-3.5495172,2.6164188,27 Valverde,2015,50,train
3.6280317,25.152699,-7.449228,-1.5441664,1.6797216,27 Valverde,2015,51,train
2.0878046,20.314169,-0.9321908,5.2780933,-2.1665673,27 Valverde,2015,52,train
5.6452436,36.159664,3.6981053,17.125229,-11.978193,27 Valverde,2016,1,train
9.070133,37.2687,3.71746,17.245846,-14.882046,27 Valverde,2016,2,train
6.382619,30.43105,8.551487,21.330347,-16.21461,27 Valverde,2016,3,train
7.790255,27.295425,10.332557,19.942799,-17.636938,27 Valverde,2016,4,train
8.757024,25.186039,-3.0775635,-21.387814,-3.8247256,27 Valverde,2016,5,train
4.4509535,19.237352,0.3673769,-15.656213,-5.865739,27 Valverde,2016,6,train
6.885626,18.833172,-0.79693764,-20.614868,-5.909818,27 Valverde,2016,7,train
10.557033,19.574297,-0.66804767,-17.897861,-10.8771715,27 Valverde,2016,8,train
6.118794,15.362795,3.0110638,-17.001348,-11.453934,27 Valverde,2016,9,train
15.862266,6.3040824,-1.6647106,-14.354981,-5.340822,27 Valverde,2016,10,train
18.886374,11.098496,-1.9233044,-14.381187,-15.91088,27 Valverde,2016,11,train
17.26623,11.553973,0.38416559,-2.9479263,-18.236595,27 Valverde,2016,12,train
19.675982,11.613351,0.2673777,-4.6301203,-25.420279,27 Valverde,2016,13,train
11.024818,4.525696,3.1014192,-12.454043,-21.681229,27 Valverde,2016,14,train
13.55035,5.1198516,3.6996155,-12.016065,-20.591509,27 Valverde,2016,15,train
5.863335,1.8024427,3.6180272,-18.020872,-12.987161,27 Valverde,2016,16,train
3.234432,0.036174882,10.509887,-17.347582,-1.8088825,27 Valverde,2016,17,train
2.7440786,0.9934405,12.362959,-22.248661,-2.973419,27 Valverde,2016,18,train
3.0476294,-15.998424,-3.8685892,-5.1490307,-1.4914804,27 Valverde,2016,19,train
2.365493,-22.389523,-6.5890527,1.7563485,-6.773711,27 Valverde,2016,20,train
-3.2471778,-16.117289,-6.2264886,-8.919944,-0.2534678,27 Valverde,2016,21,train
0.30004716,-20.18636,1.7517508,-6.928127,13.905507,27 Valverde,2016,22,train
-4.5044036,-26.478289,-10.378809,0.9223394,-1.5581228,27 Valverde,2016,23,train
-8.770766,-29.942904,-12.387123,1.0205405,-4.4571114,27 Valverde,2016,24,train
-10.575248,-18.450062,-5.7864623,4.5943804,-5.5967717,27 Valverde,2016,25,train
-15.193345,-19.639423,-7.809185,6.672872,-7.0671554,27 Valverde,2016,26,train
-11.630861,-16.384647,-2.24908,18.719067,-14.35431,27 Valverde,2016,27,train
-8.158407,-16.870108,-1.4458699,16.423164,-16.362637,27 Valverde,2016,28,train
-13.543276,-16.773098,-2.7344396,18.456926,-14.243467,27 Valverde,2016,29,train
-10.73854,-14.197073,-1.3365993,16.35602,-12.913808,27 Valverde,2016,30,train
-16.376503,-12.751356,-1.5778906,21.314674,-10.756553,27 Valverde,2016,31,train
-16.490183,-18.579412,-4.968733,21.51318,-9.874243,27 Valverde,2016,32,train
-20.005833,-19.510973,-6.4800353,25.043713,-12.989639,27 Valverde,2016,33,train
-0.9376457,-11.198503,16.050333,24.998793,18.200327,27 Valverde,2016,34,train
-17.136654,-17.669092,-10.145401,2.1609106,3.7314527,27 Valverde,2016,35,train
-17.963774,-16.07718,-11.42376,8.630123,4.4267097,27 Valverde,2016,36,train
-21.966793,-17.96653,-14.651594,7.3387485,5.9988284,27 Valverde,2016,37,train
-18.82241,-14.986121,-13.237271,10.104564,7.40397,27 Valverde,2016,38,train
-21.605843,-11.2750025,-14.37068,12.47141,6.271315,27 Valverde,2016,39,train
-22.175894,-5.7781153,-12.619838,1.8718911,7.655074,27 Valverde,2016,40,train
-18.446232,-4.2284966,-11.4809675,0.656708,9.412103,27 Valverde,2016,41,train
-8.710606,-3.8206155,5.5268445,-5.064393,15.441113,27 Valverde,2016,42,train
-9.24022,-1.8623334,-5.836598,-2.6652894,10.280542,27 Valverde,2016,43,train
-9.762969,-3.5268555,-1.5507196,-9.712168,17.89207,27 Valverde,2016,44,train
-4.0983453,-0.5772784,4.976987,-5.5602846,16.26249,27 Valverde,2016,45,train
-2.867777,0.7508015,7.48374,-5.174922,17.563726,27 Valverde,2016,46,train
-3.8351133,2.796397,-7.8797917,-6.831765,13.822633,27 Valverde,2016,47,train
4.116961,6.7991295,-6.857995,-4.185517,11.912051,27 Valverde,2016,48,train
6.386571,8.204998,-10.193352,-3.8138459,13.90982,27 Valverde,2016,49,train
6.1633954,8.429753,-9.71083,-1.9586847,13.021457,27 Valverde,2016,50,train
5.97823,7.5800333,-7.223573,-2.0797048,10.006589,27 Valverde,2016,51,train
4.5586286,16.089273,-0.37483284,25.742807,3.307152,27 Valverde,2016,52,train
8.323737,15.28254,-5.6781225,16.52987,5.2361794,27 Valverde,2017,1,train
4.6253285,14.812444,5.299023,35.013348,-3.2477913,27 Valverde,2017,2,train
14.1091,20.778582,4.674787,39.041454,-5.3527017,27 Valverde,2017,3,train
19.699406,16.341333,-0.95370185,30.107824,-3.7046938,27 Valverde,2017,4,train
16.04786,7.089955,-10.875204,-1.4981897,7.4547524,27 Valverde,2017,5,train
16.977922,8.064701,-10.933922,-2.2387261,4.8649597,27 Valverde,2017,6,train
14.780406,3.8197026,-7.2292995,-4.885628,5.4012165,27 Valverde,2017,7,train
22.23234,4.5911536,-12.265536,-9.339297,4.075935,27 Valverde,2017,8,train
19.938643,5.12893,-7.051885,-1.2260348,-1.9376049,27 Valverde,2017,9,train
23.322206,3.256478,-7.6836696,-4.4876547,-3.0819852,27 Valverde,2017,10,train
21.17261,0.7272398,-6.826343,2.2241044,-3.4206135,27 Valverde,2017,11,train
13.048559,-8.370497,7.2732525,-8.80864,13.014961,27 Valverde,2017,12,train
18.723982,-7.817942,-4.9715853,-5.7038183,1.16984,27 Valverde,2017,13,train
18.850664,-11.42691,-4.3143296,-4.646125,-7.714587,27 Valverde,2017,14,train
17.217054,-8.766543,-3.165395,-12.150705,-3.7067842,27 Valverde,2017,15,train
10.071443,-7.990344,-1.286909,-8.677011,-1.2522576,27 Valverde,2017,16,train
9.316262,-10.295867,-0.9907755,-6.589373,-2.3831718,27 Valverde,2017,17,train
2.704429,-14.92376,-4.601843,-10.737336,-1.4268634,27 Valverde,2017,18,train
4.1863003,-20.30868,-7.0531893,-10.079323,0.8999714,27 Valverde,2017,19,train
-0.25912288,-14.840211,-4.996201,-6.7362957,-3.9856913,27 Valverde,2017,20,train
0.5914541,-25.663729,-8.420167,2.4210305,-8.497474,27 Valverde,2017,21,train
-2.8711665,-23.640684,-7.5574694,-0.8070198,-7.747319,27 Valverde,2017,22,train
-6.669216,-25.353851,-9.033123,2.295295,-13.6721945,27 Valverde,2017,23,train
-8.968348,-22.335888,-7.50445,1.8053011,-11.39015,27 Valverde,2017,24,train
-10.4881935,-19.17688,-5.713378,4.261386,-9.460421,27 Valverde,2017,25,train
-13.0611105,-18.660357,-6.8089995,4.5966487,-7.893061,27 Valverde,2017,26,train
-12.034591,-14.3694315,-2.4763813,20.85366,-10.05562,27 Valverde,2017,27,train
-12.224375,-7.928574,-0.39384955,26.883081,-3.8258944,27 Valverde,2017,28,train
-14.611881,-16.21336,-3.3101013,23.29177,-7.9633117,27 Valverde,2017,29,train
-17.688946,-16.753717,-4.860234,23.666185,-7.8785453,27 Valverde,2017,30,train
-17.342388,-16.121918,-5.010603,18.706562,-8.659867,27 Valverde,2017,31,train
-15.783304,-15.081283,-2.698984,24.69154,-9.030427,27 Valverde,2017,32,train
-15.906769,-13.877999,-2.6805038,23.705675,-7.2951183,27 Valverde,2017,33,train
-16.900703,-14.162743,-4.231472,21.867157,-7.38713,27 Valverde,2017,34,train
-21.948812,-18.809914,-12.501336,9.85826,-4.727969,27 Valverde,2017,35,train
-6.3029914,-16.367718,9.673964,-7.195384,21.842445,27 Valverde,2017,36,train
-5.526589,-15.292998,-0.8137575,-0.41850886,15.866874,27 Valverde,2017,37,train
-6.832017,-12.717786,9.209224,-4.7423215,17.553028,27 Valverde,2017,38,train
-14.302506,-10.899781,-8.508309,2.748827,7.698219,27 Valverde,2017,39,train
-14.25845,-9.293423,-11.010321,4.6986933,10.578262,27 Valverde,2017,40,train
-18.682783,-8.962359,-15.342854,4.9824886,13.080893,27 Valverde,2017,41,train
-17.21916,-4.885719,-14.647514,10.564112,11.699096,27 Valverde,2017,42,train
-20.342052,-3.2407186,-19.347303,12.1854,13.802803,27 Valverde,2017,43,train
-15.481939,-4.1052837,-16.636763,7.1019483,15.690446,27 Valverde,2017,44,train
-9.462483,-2.43906,-14.553714,6.167257,15.798712,27 Valverde,2017,45,train
-5.53681,-3.4100835,-13.214593,-0.24671546,18.164839,27 Valverde,2017,46,train
-5.057191,-1.9419053,-13.5159235,4.340686,17.34117,27 Valverde,2017,47,train
7.9622226,3.8550603,-11.512132,4.6509614,15.199672,27 Valverde,2017,48,train
5.816784,12.687632,-12.81777,3.0756447,12.015855,27 Valverde,2017,49,train
7.862845,15.282325,-15.690052,3.9696324,12.147356,27 Valverde,2017,50,train
8.379992,13.636059,-11.043967,1.845252,10.164181,27 Valverde,2017,51,train
7.9806647,17.893894,-9.080481,15.927666,7.251941,27 Valverde,2017,52,train
11.282562,-5.423677,7.1642065,21.065538,21.808493,27 Valverde,2018,1,train
11.193207,5.414291,-5.6360197,16.62067,8.659065,27 Valverde,2018,2,train
13.376169,4.744941,-5.163787,17.310272,6.781794,27 Valverde,2018,3,train
15.017225,4.0090938,-4.7326846,17.21985,4.6517925,27 Valverde,2018,4,train
18.804377,2.5025573,-12.977173,0.28419575,12.4005,27 Valverde,2018,5,train
14.568928,8.293139,-6.3927717,-4.3073545,2.4655795,27 Valverde,2018,6,train
14.999982,6.2609406,-4.8706217,-5.7732925,1.4328241,27 Valverde,2018,7,train
16.64543,5.895348,-5.1547675,-6.222507,0.16660579,27 Valverde,2018,8,train
22.89349,5.993423,-9.300852,-14.618937,-0.816005,27 Valverde,2018,9,train
27.14353,-4.9090877,-12.71322,-4.879631,4.8956413,27 Valverde,2018,10,train
27.61437,-4.8640494,-13.473334,0.515704,1.7025024,27 Valverde,2018,11,train
23.777716,-6.0872993,-9.727404,-1.7075279,1.508202,27 Valverde,2018,12,train
23.920422,-0.24766889,-3.0348046,-4.4328084,-6.335998,27 Valverde,2018,13,train
15.230882,-5.767813,-1.5604533,-9.718382,-8.445946,27 Valverde,2018,14,train
18.391743,-2.4307506,-1.2802019,-0.879402,-13.068093,27 Valverde,2018,15,train
20.068474,-3.4325378,-2.3827283,0.07789655,-16.143326,27 Valverde,2018,16,train
18.954897,-7.4098663,-2.077515,-2.3068917,-18.184624,27 Valverde,2018,17,train
0.100546375,-17.054476,-8.2585335,-13.409786,-10.408337,27 Valverde,2018,18,train
1.4966735,-17.61709,-4.662916,-5.2292185,-16.981276,27 Valverde,2018,19,train
1.048281,-14.882713,-2.9520023,-2.6469188,-14.548861,27 Valverde,2018,20,train
-1.7379788,-19.10845,-5.271795,-2.8096719,-18.614515,27 Valverde,2018,21,train
-3.3077283,-18.501802,-4.7637553,0.17464973,-18.95483,27 Valverde,2018,22,train
-8.144138,-22.920898,-7.921965,0.4770125,-23.289196,27 Valverde,2018,23,train
-9.077483,-19.89469,-6.159624,0.943225,-18.79382,27 Valverde,2018,24,train
-12.746671,-18.198368,-5.6099563,-2.5523381,-11.628737,27 Valverde,2018,25,train
-15.472489,-18.196568,-6.1062603,2.4203002,-13.692488,27 Valverde,2018,26,train
-17.965025,-14.791606,-1.5446475,21.728565,-19.518707,27 Valverde,2018,27,train
-15.066407,-12.727796,0.054447103,19.31827,-16.608604,27 Valverde,2018,28,train
-13.446015,-12.494768,0.40337694,17.372663,-15.955714,27 Valverde,2018,29,train
-14.74849,-14.973737,-1.5834062,18.150858,-19.20022,27 Valverde,2018,30,train
-11.568535,-11.563696,0.3041534,16.061394,-15.281336,27 Valverde,2018,31,train
-17.815844,-13.109556,-1.1426765,18.509663,-18.618235,27 Valverde,2018,32,train
-10.561008,-9.139517,1.8879901,15.829046,-15.759042,27 Valverde,2018,33,train
-12.831621,-11.549752,0.77720684,17.371935,-19.134367,27 Valverde,2018,34,train
-19.216154,-12.052803,-6.083321,3.2974832,-7.0069327,27 Valverde,2018,35,train
-21.040625,-12.894439,-6.4686794,1.4498575,-10.295812,27 Valverde,2018,36,train
-23.455664,-10.720078,-7.6641645,2.698937,-5.5142817,27 Valverde,2018,37,train
-25.91166,-9.793049,-9.90162,0.2987522,-1.9875593,27 Valverde,2018,38,train
-22.638647,-9.07475,-7.5150623,2.2963655,-3.7653985,27 Valverde,2018,39,train
-21.765268,-3.0971782,-9.9791975,-1.7797695,6.3763356,27 Valverde,2018,40,train
-22.627218,-1.183823,-11.27651,-1.5205353,7.477202,27 Valverde,2018,41,train
-21.108551,2.6245968,-10.784453,4.1607804,6.8382783,27 Valverde,2018,42,train
-26.802544,4.6763353,-15.996479,6.6669245,7.68213,27 Valverde,2018,43,train
-22.566668,5.632003,-14.538143,3.3154914,9.384436,27 Valverde,2018,44,train
-19.098942,7.784751,-13.554558,2.0018218,9.681027,27 Valverde,2018,45,train
-15.316893,9.603714,-11.630663,4.2385783,8.402944,27 Valverde,2018,46,train
-20.28998,13.362694,-18.889513,4.109728,10.962852,27 Valverde,2018,47,train
-14.262086,12.973782,-15.034865,1.1315902,10.659433,27 Valverde,2018,48,train
-10.961364,14.688913,-15.43441,1.8848108,11.750828,27 Valverde,2018,49,train
-10.0739765,16.556301,-17.013054,1.3352873,12.696956,27 Valverde,2018,50,train
-10.491729,17.196676,-19.412882,-0.7313803,13.763693,27 Valverde,2018,51,train
-7.6583457,17.047594,-6.0683036,20.23623,4.4697294,27 Valverde,2018,52,train
12.328757,22.81882,-5.655496,11.917358,0.0022696273,27 Valverde,2019,1,train
10.019938,24.61423,-1.0697877,22.61922,-3.4515939,27 Valverde,2019,2,train
15.630471,24.023294,-0.66991854,21.393774,-6.967784,27 Valverde,2019,3,train
19.041706,20.974035,-1.1455512,16.870487,-9.131488,27 Valverde,2019,4,train
16.68402,17.807543,-10.518724,-3.9762447,-1.1524941,27 Valverde,2019,5,train
14.265373,17.25223,-4.77741,-7.633273,-2.5912023,27 Valverde,2019,6,train
13.537579,14.56578,-4.3335714,-10.75907,-3.9785228,27 Valverde,2019,7,train
16.183615,14.091327,-2.5457413,-5.0672884,-7.985377,27 Valverde,2019,8,train
17.960596,15.631492,-3.6271663,-5.6218987,-10.772682,27 Valverde,2019,9,train
21.908972,11.7379265,-5.8690853,-4.841929,-11.602385,27 Valverde,2019,10,train
23.515629,7.8590117,-4.2537894,-7.255647,-11.231434,27 Valverde,2019,11,train
20.72931,3.3867252,-3.1158268,-13.3191185,-18.082054,27 Valverde,2019,12,train
12.362345,-2.7545714,0.52542406,-16.042538,-11.099297,27 Valverde,2019,13,train
16.132277,0.86996365,-0.4314903,-5.6306124,-10.743131,27 Valverde,2019,14,train
21.889212,0.1892697,-2.2298849,-1.9417492,-21.913301,27 Valverde,2019,15,train
22.091248,-0.2387973,-2.3620546,-1.2639626,-23.401999,27 Valverde,2019,16,train
18.670555,-6.174695,-1.1282941,-7.9443955,-19.96258,27 Valverde,2019,17,train
0.53666544,-14.832157,-4.116658,-8.475948,-16.908129,27 Valverde,2019,18,train
-3.8581598,-13.8675165,-3.4625552,-6.135346,-22.590368,27 Valverde,2019,19,train
-8.0620165,-14.964173,-4.563693,-9.944442,-20.241138,27 Valverde,2019,20,train
-5.8678665,-9.5668545,-1.6195337,-11.712708,-6.4899416,27 Valverde,2019,21,train
-7.872415,-12.484705,-3.2825465,-10.98778,-7.954208,27 Valverde,2019,22,train
-11.571477,-11.082174,-2.0946193,-8.77497,-12.477979,27 Valverde,2019,23,train
-13.828337,-13.113739,-2.2811038,-2.627786,-18.546364,27 Valverde,2019,24,train
-22.460785,-16.669378,-7.657034,0.53519905,-24.74807,27 Valverde,2019,25,train
-24.526314,-13.1644745,-6.478347,2.706018,-18.101616,27 Valverde,2019,26,train
-27.990637,-3.9831257,0.31169152,25.869116,-19.021244,27 Valverde,2019,27,train
-28.21268,0.78952706,1.6722333,17.859608,-19.260666,27 Valverde,2019,28,train
-26.894598,1.2850405,0.521135,16.05498,-16.263588,27 Valverde,2019,29,train
-28.024693,-2.0977368,-1.3085333,13.752016,-17.032387,27 Valverde,2019,30,train
-24.043846,2.386191,1.7419587,15.384302,-13.401727,27 Valverde,2019,31,train
-26.894266,-3.99422,-3.0495422,13.733651,-13.856606,27 Valverde,2019,32,train
-29.445675,-2.1418507,-3.3526905,14.247633,-16.141323,27 Valverde,2019,33,train
-29.55095,-1.2703682,-3.8135338,13.354071,-16.911163,27 Valverde,2019,34,train
-32.315434,-6.255159,-10.267105,5.3734884,-12.000864,27 Valverde,2019,35,train
-31.254812,-1.8301136,-7.7160544,1.8598745,-9.160716,27 Valverde,2019,36,train
-24.759617,-2.171665,-5.861579,-2.1281343,-3.6742747,27 Valverde,2019,37,train
-23.230883,-1.0405041,-6.3578773,-3.8779192,-1.6894411,27 Valverde,2019,38,train
-12.296329,0.13816254,9.635857,-8.388434,7.235216,27 Valverde,2019,39,train
-14.763261,-0.015901765,-2.9223928,-4.498489,3.1818998,27 Valverde,2019,40,train
-21.557024,2.6376572,-7.96518,1.7898601,3.3811963,27 Valverde,2019,41,train
-26.861477,4.4259186,-11.342987,1.6772362,4.0599833,27 Valverde,2019,42,train
-22.368645,6.0819507,-10.012238,-0.25670776,4.8109365,27 Valverde,2019,43,train
-20.214903,9.7285385,-10.267288,3.777437,4.8072243,27 Valverde,2019,44,train
-20.828075,10.85592,-12.025766,1.1756322,6.132265,27 Valverde,2019,45,train
-17.065544,10.450113,-10.35566,-1.8958807,7.0088797,27 Valverde,2019,46,train
-16.942047,13.518104,-12.396495,-8.195494,9.927375,27 Valverde,2019,47,train
-16.764065,16.13893,-14.856042,-6.6256857,10.83673,27 Valverde,2019,48,train
-0.9308292,17.794,-7.44181,-5.2307944,6.818082,27 Valverde,2019,49,train
0.30072975,16.532068,-5.8105016,-2.6079416,5.3313165,27 Valverde,2019,50,train
1.3941854,17.269098,-6.1640606,-1.8460778,5.1763935,27 Valverde,2019,51,train
1.896329,26.520477,-5.4558706,14.400217,1.1200794,27 Valverde,2019,52,train
3.039397,23.431019,-4.5786257,13.974856,1.6407976,27 Valverde,2020,1,val
4.0135674,23.891861,-2.5018797,18.39522,-1.1380031,27 Valverde,2020,2,val
4.7986593,18.875668,3.117372,23.77784,-4.6416698,27 Valverde,2020,3,val
7.1489234,17.942778,5.1125317,23.204147,-6.4387374,27 Valverde,2020,4,val
11.594124,15.084008,-7.3922215,-10.597719,2.6975646,27 Valverde,2020,5,val
11.386103,13.276379,-4.7247667,-7.682862,-0.15005806,27 Valverde,2020,6,val
13.319042,12.487049,-3.584567,-5.7684875,-2.6744242,27 Valverde,2020,7,val
13.441434,10.787345,-3.5025845,-7.889218,-3.7148042,27 Valverde,2020,8,val
15.606519,8.415534,-4.274994,-13.721139,-3.8086216,27 Valverde,2020,9,val
13.119416,0.10185126,-3.5357296,-8.034062,0.92015016,27 Valverde,2020,10,val
13.74224,-0.9400686,-2.6098123,-10.78256,-0.08238733,27 Valverde,2020,11,val
21.123587,-1.500693,-3.5650373,-13.342801,-2.6754208,27 Valverde,2020,12,val
24.5523,-5.7265706,-5.06573,-9.337504,-6.8458996,27 Valverde,2020,13,val
23.181479,-14.46595,-6.2813444,-6.1840205,-7.7232156,27 Valverde,2020,14,val
23.54027,-14.779003,-6.2281976,2.1593714,-13.124038,27 Valverde,2020,15,val
22.950296,-12.394633,-5.9067245,5.183958,-14.611731,27 Valverde,2020,16,val
23.988834,-12.333653,-7.0781093,8.118789,-18.180336,27 Valverde,2020,17,val
22.694735,-12.84837,-6.3472905,8.114524,-18.444374,27 Valverde,2020,18,val
15.814364,-13.929178,-3.494961,2.472459,-8.999011,27 Valverde,2020,19,val
18.926224,-16.803204,-5.987659,7.380013,-14.921483,27 Valverde,2020,20,val
14.98475,-13.770445,-3.6829598,7.1704206,-14.199999,27 Valverde,2020,21,val
17.974388,-22.037462,-5.2738585,8.947939,-12.420626,27 Valverde,2020,22,val
14.668403,-15.8735,-3.4904623,10.0872345,-16.662306,27 Valverde,2020,23,val
13.592595,-16.712662,-2.142573,10.053396,-14.941041,27 Valverde,2020,24,val
13.452517,-15.426208,-3.6619658,11.61183,-17.280878,27 Valverde,2020,25,val
12.367429,-16.09629,-4.679461,12.194604,-18.7101,27 Valverde,2020,26,val
15.427909,-12.424062,0.015050066,21.933388,-18.273237,27 Valverde,2020,27,val
14.508074,-11.044541,-0.30613402,20.439962,-17.089176,27 Valverde,2020,28,val
14.1813965,-11.48471,-0.7245179,20.470133,-18.108997,27 Valverde,2020,29,val
12.643014,-8.601087,0.709427,18.951918,-16.299444,27 Valverde,2020,30,val
11.011303,-8.274265,2.1149929,21.58081,-10.3081,27 Valverde,2020,31,val
16.109861,-15.359364,-4.5818563,22.910189,-10.743541,27 Valverde,2020,32,val
13.46625,-11.243399,-2.5113196,19.812164,-9.246979,27 Valverde,2020,33,val
15.655852,-18.623108,12.514858,21.697475,19.951778,27 Valverde,2020,34,val
11.937867,-14.619726,-2.7343428,12.776053,0.39116704,27 Valverde,2020,35,val
-17.198427,-13.219204,-10.333799,8.063162,3.9705935,27 Valverde,2020,36,val
-22.390007,-16.426085,-14.86832,12.0163965,0.5869285,27 Valverde,2020,37,val
-20.027544,-14.287097,-13.486043,10.368939,5.3858266,27 Valverde,2020,38,val
-20.340364,-17.241793,-16.405752,8.264534,8.891108,27 Valverde,2020,39,val
-22.107594,-8.034928,-15.371966,9.469098,7.3782907,27 Valverde,2020,40,val
-24.965527,-5.427557,-20.16094,12.328362,9.337902,27 Valverde,2020,41,val
-21.893545,-3.875972,-18.932432,11.934598,10.342962,27 Valverde,2020,42,val
-22.747753,-2.8311863,-22.128033,12.722458,13.583476,27 Valverde,2020,43,val
-17.00657,-0.14574668,-17.576616,11.98001,12.275166,27 Valverde,2020,44,val
-12.719511,-1.3056946,-15.579853,6.0864897,14.797123,27 Valverde,2020,45,val
-9.315398,-0.6603894,-13.88144,4.2320795,15.329093,27 Valverde,2020,46,val
-8.163886,0.5864489,-15.70885,3.6756687,17.078367,27 Valverde,2020,47,val
-6.310814,1.7020804,-16.287365,1.99762,18.542141,27 Valverde,2020,48,val
-1.7644036,-3.3372,-26.422459,10.965916,26.992432,27 Valverde,2020,49,val
13.335127,-2.0205007,-16.285444,8.981002,22.023184,27 Valverde,2020,50,val
13.295956,-1.4686937,-13.664541,7.4225645,19.650251,27 Valverde,2020,51,val
13.09501,0.9895437,-10.830039,21.525303,16.35368,27 Valverde,2020,52,val
17.374666,3.9568152,-13.258342,27.131245,17.116793,27 Valverde,2021,1,val
21.625723,1.4317932,-17.43766,23.53762,16.101465,27 Valverde,2021,2,val
20.828022,-1.3528348,-13.483147,20.250818,13.4317665,27 Valverde,2021,3,val
23.014957,0.46290734,-11.781983,24.496271,10.272343,27 Valverde,2021,4,val
18.49501,-7.4325547,-13.795173,7.8269825,18.556175,27 Valverde,2021,5,val
18.84375,-3.3713984,-11.369336,7.0020266,12.106634,27 Valverde,2021,6,val
22.572378,-3.1558857,-14.221775,6.9370003,10.715848,27 Valverde,2021,7,val
21.783766,-3.2401664,-11.058139,5.6580076,7.6008525,27 Valverde,2021,8,val
26.815304,-6.448091,-15.662088,4.71942,8.683389,27 Valverde,2021,9,val
14.363611,-1.9998001,-5.836408,-11.005648,2.9988327,27 Valverde,2021,10,val
25.417912,-0.62073964,-9.092301,-10.338503,-2.0275574,27 Valverde,2021,11,val
17.387217,-2.1835299,-4.439833,-4.0306997,-2.2020931,27 Valverde,2021,12,val
17.839008,-7.1217737,-4.7501006,-7.018874,-5.6508985,27 Valverde,2021,13,val
15.282739,-6.4201913,-2.8846233,-9.584662,-2.4509919,27 Valverde,2021,14,val
27.146107,-18.295988,-9.061689,-8.703768,-8.729032,27 Valverde,2021,15,val
23.170233,-10.50668,-6.183093,3.7795467,-13.480408,27 Valverde,2021,16,val
20.06862,-9.680058,-3.323365,-0.89991635,-11.262016,27 Valverde,2021,17,val
21.759449,-10.230284,-4.5798297,3.6477184,-15.668961,27 Valverde,2021,18,val
19.549067,-11.292246,-4.3909216,5.829122,-15.614525,27 Valverde,2021,19,val
15.842667,-15.9240055,-3.5373685,-2.6012151,-13.060431,27 Valverde,2021,20,val
12.338822,-11.4471245,-0.73941994,1.9771646,-10.158807,27 Valverde,2021,21,val
11.471434,-8.643381,0.12803383,5.012068,-10.624121,27 Valverde,2021,22,val
11.158958,-11.275942,0.9040948,5.0486565,-10.976165,27 Valverde,2021,23,val
11.314733,-11.257823,-0.70397455,7.2690663,-12.460825,27 Valverde,2021,24,val
10.561297,-9.737338,0.45447156,8.246058,-16.188957,27 Valverde,2021,25,val
9.771559,-9.046713,0.30336457,8.638293,-14.962323,27 Valverde,2021,26,val
15.273272,-9.280753,-0.22520211,20.656494,-11.745768,27 Valverde,2021,27,val
13.643859,-8.129748,0.74240357,20.918533,-12.419098,27 Valverde,2021,28,val
-15.061774,-17.142515,-6.429223,21.557838,-3.7288902,27 Valverde,2021,29,val
-16.949266,-17.768314,-7.3538356,22.571308,-2.780788,27 Valverde,2021,30,val
-15.705127,-17.599997,-7.264927,20.44252,-4.4300942,27 Valverde,2021,31,val
-1.6421196,-14.67166,11.6569805,23.134523,16.85868,27 Valverde,2021,32,val
-18.39815,-6.1004915,-2.1082206,22.91574,-2.4429054,27 Valverde,2021,33,val
-21.731573,-15.402848,-6.6104674,19.986958,-8.329164,27 Valverde,2021,34,val
-28.854853,-16.345175,-15.670465,9.903943,-3.562005,27 Valverde,2021,35,val
-23.814322,-20.60206,-16.757896,13.017953,-2.3981705,27 Valverde,2021,36,val
-20.076632,-14.554392,-12.851447,7.863605,5.1719317,27 Valverde,2021,37,val
-17.277565,-12.238835,-12.083318,8.023033,7.8258667,27 Valverde,2021,38,val
-19.802279,-14.527379,-15.268514,3.2707658,12.15845,27 Valverde,2021,39,val
-22.9573,-7.7594094,-16.40233,11.583314,8.4085045,27 Valverde,2021,40,val
-7.902941,-15.760082,-2.4387724,-3.8136635,24.268494,27 Valverde,2021,41,val
-14.875261,-7.467115,-13.565244,4.4387794,13.855133,27 Valverde,2021,42,val
-21.464159,-6.181466,-22.123777,11.280162,16.45669,27 Valverde,2021,43,val
-15.985961,-3.5413904,-17.66138,9.545317,15.591716,27 Valverde,2021,44,val
-16.601233,-4.0484395,-22.127693,10.782557,19.184061,27 Valverde,2021,45,val
-13.677308,0.07654606,-21.626417,12.497437,18.369848,27 Valverde,2021,46,val
-8.884318,-2.3919606,-20.508411,1.2990384,22.534327,27 Valverde,2021,47,val
8.668941,3.205799,-13.153391,4.385598,17.061296,27 Valverde,2021,48,val
10.865864,2.6070352,-12.656793,7.6408014,16.625362,27 Valverde,2021,49,val
10.738426,2.55647,-12.037885,6.1821547,16.184801,27 Valverde,2021,50,val
13.167347,1.3242791,-15.910319,8.219475,20.115616,27 Valverde,2021,51,val
13.034175,7.575251,-10.715816,26.46242,14.403726,27 Valverde,2021,52,val
6.2750616,20.49764,11.591718,20.60743,1.1637928,28 Monseñor Nouel,2015,1,train
8.733689,20.968061,13.676422,22.566816,-0.56054974,28 Monseñor Nouel,2015,2,train
10.630811,20.71708,13.837174,22.966623,-2.9239907,28 Monseñor Nouel,2015,3,train
17.49392,21.937733,12.129826,23.010782,-7.397659,28 Monseñor Nouel,2015,4,train
12.172053,14.207736,4.486618,-11.308208,8.0767355,28 Monseñor Nouel,2015,5,train
15.257189,12.16942,1.8867828,-8.218099,5.947523,28 Monseñor Nouel,2015,6,train
17.13914,11.518547,1.3602101,-11.829621,5.441106,28 Monseñor Nouel,2015,7,train
16.593523,5.4203887,15.42749,-19.017618,12.02299,28 Monseñor Nouel,2015,8,train
19.005936,6.9954176,3.9963784,-11.084548,0.9605642,28 Monseñor Nouel,2015,9,train
17.588682,5.4451504,6.1270695,-9.071635,-0.40894672,28 Monseñor Nouel,2015,10,train
19.740189,4.0554733,6.3708625,-12.885127,-1.0636069,28 Monseñor Nouel,2015,11,train
20.166515,3.1653898,6.2798324,-12.761613,-6.074327,28 Monseñor Nouel,2015,12,train
18.693758,2.171942,6.7422276,-9.756279,-11.1748085,28 Monseñor Nouel,2015,13,train
16.678503,0.430511,7.1922216,-11.017532,-3.0736108,28 Monseñor Nouel,2015,14,train
14.839965,0.41592398,6.926895,-8.261639,-4.1202607,28 Monseñor Nouel,2015,15,train
19.290283,-1.9615067,6.923098,-8.929166,-12.141193,28 Monseñor Nouel,2015,16,train
19.118856,-7.30096,7.4619064,-9.711622,-20.014002,28 Monseñor Nouel,2015,17,train
0.058954753,-24.322515,5.186636,-15.42016,-23.960796,28 Monseñor Nouel,2015,18,train
-4.0284643,-14.792448,7.186062,-17.311533,-21.50563,28 Monseñor Nouel,2015,19,train
-6.0913153,-13.049754,7.043449,-17.039562,-19.923971,28 Monseñor Nouel,2015,20,train
-6.4751153,-12.313272,8.778291,-11.979003,-9.001793,28 Monseñor Nouel,2015,21,train
-7.6489277,-13.49003,9.265893,-12.270087,-5.5311613,28 Monseñor Nouel,2015,22,train
-10.152381,-15.984713,6.407142,-9.575793,-7.548269,28 Monseñor Nouel,2015,23,train
-14.4146185,-18.167658,4.0847344,-9.730894,-9.890522,28 Monseñor Nouel,2015,24,train
-15.174965,-16.04885,3.5394003,-7.1814227,-6.0980434,28 Monseñor Nouel,2015,25,train
-17.770895,-16.828255,2.705946,-6.200195,-5.895629,28 Monseñor Nouel,2015,26,train
-7.3444495,0.73356664,18.11663,27.64095,-17.252172,28 Monseñor Nouel,2015,27,train
-6.692463,3.1230104,21.399416,31.878284,-15.635219,28 Monseñor Nouel,2015,28,train
-10.918985,1.3577116,19.529663,31.840134,-19.055775,28 Monseñor Nouel,2015,29,train
-16.404434,-1.6388085,15.337048,28.728415,-20.06108,28 Monseñor Nouel,2015,30,train
-18.567652,-1.746411,14.356671,26.23079,-22.145443,28 Monseñor Nouel,2015,31,train
-15.955889,4.4389935,18.690884,25.774279,-21.52355,28 Monseñor Nouel,2015,32,train
-17.59641,4.810037,17.432974,24.150621,-22.171545,28 Monseñor Nouel,2015,33,train
-19.762138,2.9102728,15.541353,25.777477,-21.16355,28 Monseñor Nouel,2015,34,train
-24.391043,-5.8309374,9.45714,-9.480682,-1.9870313,28 Monseñor Nouel,2015,35,train
-26.043695,-2.1068292,5.86356,-9.480028,-9.049023,28 Monseñor Nouel,2015,36,train
-27.010166,-2.3360074,4.0650377,-11.044695,-7.7241898,28 Monseñor Nouel,2015,37,train
-25.49309,2.2944448,6.4039893,-10.410301,-3.295032,28 Monseñor Nouel,2015,38,train
-27.055515,3.6230087,5.4746776,-8.881293,-3.7427447,28 Monseñor Nouel,2015,39,train
-36.018383,10.197925,0.65373945,-8.329901,-3.4635835,28 Monseñor Nouel,2015,40,train
-35.040493,12.160773,0.12824893,-7.0549517,-1.4838332,28 Monseñor Nouel,2015,41,train
-27.478327,14.374106,2.7091699,-5.719378,-2.1905885,28 Monseñor Nouel,2015,42,train
-27.6136,14.695967,4.8205056,-11.6655655,3.0061817,28 Monseñor Nouel,2015,43,train
-22.503834,17.050552,3.5352445,-10.083357,2.0482166,28 Monseñor Nouel,2015,44,train
-13.508209,15.848393,4.606278,-5.918919,6.1322618,28 Monseñor Nouel,2015,45,train
-16.207104,19.079288,1.857682,-7.953017,7.910294,28 Monseñor Nouel,2015,46,train
-15.3817425,21.880426,-0.14582086,-11.746376,12.348874,28 Monseñor Nouel,2015,47,train
-2.2120106,27.64786,-0.48208603,-11.833375,9.5252495,28 Monseñor Nouel,2015,48,train
-1.9269648,21.43672,1.77156,-6.369279,7.0258236,28 Monseñor Nouel,2015,49,train
1.9836079,24.223862,0.17871696,-6.652338,7.489875,28 Monseñor Nouel,2015,50,train
3.0140069,24.123716,0.38904938,-7.8104835,7.337541,28 Monseñor Nouel,2015,51,train
-1.6600318,22.669714,13.5246725,22.202444,2.2504637,28 Monseñor Nouel,2015,52,train
7.258759,38.931477,14.350915,24.328514,-8.25714,28 Monseñor Nouel,2016,1,train
10.105257,36.487545,16.265133,23.777248,-10.261244,28 Monseñor Nouel,2016,2,train
12.7771635,34.0501,16.463755,20.686338,-13.062053,28 Monseñor Nouel,2016,3,train
9.30936,27.299707,21.507587,21.374977,-12.535829,28 Monseñor Nouel,2016,4,train
12.381112,28.656832,4.74282,-20.628103,-0.2750171,28 Monseñor Nouel,2016,5,train
11.413994,23.436283,6.149373,-15.468166,-4.0816483,28 Monseñor Nouel,2016,6,train
10.904349,19.554697,9.855057,-17.312708,-2.266773,28 Monseñor Nouel,2016,7,train
14.844756,20.0321,7.857762,-17.356764,-8.175889,28 Monseñor Nouel,2016,8,train
8.662289,15.952948,13.379076,-15.332516,-8.486715,28 Monseñor Nouel,2016,9,train
21.857687,6.129259,6.6409845,-13.389177,-1.1822789,28 Monseñor Nouel,2016,10,train
18.557383,9.102443,6.374086,-13.844365,-9.471676,28 Monseñor Nouel,2016,11,train
18.592655,9.3784275,6.6968927,-10.934218,-12.829959,28 Monseñor Nouel,2016,12,train
19.951271,7.6220217,7.6875463,-13.996057,-16.12513,28 Monseñor Nouel,2016,13,train
10.731144,4.287036,10.584405,-12.944849,-17.118458,28 Monseñor Nouel,2016,14,train
12.574745,4.6825933,10.627856,-13.598728,-17.553541,28 Monseñor Nouel,2016,15,train
7.463632,-0.22693148,12.395052,-12.7809725,-7.8791656,28 Monseñor Nouel,2016,16,train
6.937092,-3.6350114,20.503317,-12.257758,1.2710274,28 Monseñor Nouel,2016,17,train
4.6042666,-0.19922446,11.427668,-13.981483,-11.554656,28 Monseñor Nouel,2016,18,train
3.407233,-18.111391,4.57534,-6.775236,-0.75033075,28 Monseñor Nouel,2016,19,train
1.9360551,-22.88735,0.82270026,-2.9366364,-2.3731577,28 Monseñor Nouel,2016,20,train
-0.7235845,-20.516562,3.387097,-5.079245,0.26743767,28 Monseñor Nouel,2016,21,train
-3.9056664,-18.724709,3.2825937,-7.080419,1.2314748,28 Monseñor Nouel,2016,22,train
-5.302579,-26.901857,-1.7191969,-1.3808093,1.2681475,28 Monseñor Nouel,2016,23,train
-8.963487,-30.5243,-3.4435863,1.072441,-1.1877695,28 Monseñor Nouel,2016,24,train
-12.949569,-19.37546,1.4806885,-3.0650861,4.3059664,28 Monseñor Nouel,2016,25,train
-15.520838,-21.116352,-0.93563724,-2.0078754,4.4828057,28 Monseñor Nouel,2016,26,train
-9.845,-11.166215,8.976366,32.321,-9.143663,28 Monseñor Nouel,2016,27,train
-11.732428,-9.097784,10.65951,33.263542,-9.265217,28 Monseñor Nouel,2016,28,train
-12.006232,-8.259573,10.974902,32.401596,-8.356951,28 Monseñor Nouel,2016,29,train
-11.795574,-4.803799,12.691997,32.07041,-5.224086,28 Monseñor Nouel,2016,30,train
-14.030204,-2.8913474,12.727448,33.021168,-2.8744214,28 Monseñor Nouel,2016,31,train
-12.099315,-11.095415,7.802968,33.48536,-3.0019047,28 Monseñor Nouel,2016,32,train
-10.648848,-16.218615,7.292957,37.06069,-8.322136,28 Monseñor Nouel,2016,33,train
-14.648582,2.1203053,11.15004,34.8796,4.0619197,28 Monseñor Nouel,2016,34,train
-20.805342,-22.894604,-6.300601,0.6914111,7.6520886,28 Monseñor Nouel,2016,35,train
-19.595268,-19.06495,-7.0804725,2.8133473,12.162006,28 Monseñor Nouel,2016,36,train
-21.260664,-23.54205,-8.872683,2.7144594,12.578051,28 Monseñor Nouel,2016,37,train
-20.11565,-20.813305,-8.864418,4.14141,14.444551,28 Monseñor Nouel,2016,38,train
-18.415169,-12.314222,-6.8325562,4.312676,14.07142,28 Monseñor Nouel,2016,39,train
-22.090813,-6.990367,-5.212562,-0.94389814,13.244714,28 Monseñor Nouel,2016,40,train
-19.306332,-4.2135987,-4.452833,1.4943987,13.817547,28 Monseñor Nouel,2016,41,train
-21.419804,-4.1063604,-6.177106,-0.9603283,17.262915,28 Monseñor Nouel,2016,42,train
-19.546305,-0.96867365,-7.4173,0.6799779,17.198668,28 Monseñor Nouel,2016,43,train
-15.49715,1.0321016,-4.98683,-0.77895075,18.24939,28 Monseñor Nouel,2016,44,train
-11.0279455,-0.7080434,6.592685,-4.81842,21.871986,28 Monseñor Nouel,2016,45,train
-7.4610987,5.3277717,0.7457575,-0.19567423,18.801422,28 Monseñor Nouel,2016,46,train
-8.0264635,6.3447247,-4.5130205,-4.0004797,22.318096,28 Monseñor Nouel,2016,47,train
6.040136,10.85254,-3.4702818,-2.7786438,16.991253,28 Monseñor Nouel,2016,48,train
8.2064705,10.614886,-5.6722503,-2.5801084,19.672108,28 Monseñor Nouel,2016,49,train
7.898907,10.482502,-5.2819242,-0.9498222,17.975159,28 Monseñor Nouel,2016,50,train
7.4639745,8.825603,-0.173165,-2.2151484,13.766882,28 Monseñor Nouel,2016,51,train
5.519969,19.067924,6.5012646,28.565914,8.781481,28 Monseñor Nouel,2016,52,train
13.644813,20.206781,-0.53495485,20.604326,7.6959324,28 Monseñor Nouel,2017,1,train
5.291542,14.810116,19.639496,35.747566,1.0169837,28 Monseñor Nouel,2017,2,train
20.806557,25.649387,15.210152,43.76242,-2.1813555,28 Monseñor Nouel,2017,3,train
27.749249,23.951529,7.0520945,37.071663,-3.273854,28 Monseñor Nouel,2017,4,train
21.211185,9.58685,-6.969856,-5.038444,13.361143,28 Monseñor Nouel,2017,5,train
18.455856,7.5489407,-3.0030816,-6.970182,11.0280075,28 Monseñor Nouel,2017,6,train
18.579016,6.132883,-0.61042535,-6.5874453,8.956637,28 Monseñor Nouel,2017,7,train
27.67517,7.8661003,-4.87433,-8.403264,6.0337305,28 Monseñor Nouel,2017,8,train
21.29407,2.7797406,0.95327485,-9.227991,2.9496546,28 Monseñor Nouel,2017,9,train
20.720585,-3.2758942,13.745921,-14.173373,14.448235,28 Monseñor Nouel,2017,10,train
24.686691,-1.2489951,-1.1470392,-4.8980336,1.6244332,28 Monseñor Nouel,2017,11,train
19.416296,-2.643861,6.8866644,-7.8199854,3.3383389,28 Monseñor Nouel,2017,12,train
27.781902,-8.490853,0.21869862,-7.6182203,0.16751835,28 Monseñor Nouel,2017,13,train
20.892921,-10.82981,2.9943242,-7.062234,-4.587743,28 Monseñor Nouel,2017,14,train
21.9841,-8.1208315,5.169469,-9.633503,-3.8555682,28 Monseñor Nouel,2017,15,train
13.229213,-8.765391,14.859783,-10.86863,6.056592,28 Monseñor Nouel,2017,16,train
7.825045,-7.463203,19.781778,-7.511354,6.4764166,28 Monseñor Nouel,2017,17,train
14.694825,-12.775109,5.6120095,-6.33169,-3.4066045,28 Monseñor Nouel,2017,18,train
4.142153,-26.665817,1.8643816,-9.270523,-1.4420741,28 Monseñor Nouel,2017,19,train
0.8537589,-18.33856,3.7685583,-7.5330577,-1.3857142,28 Monseñor Nouel,2017,20,train
-0.44794205,-29.415442,-1.3722941,-4.572798,-4.0092463,28 Monseñor Nouel,2017,21,train
-3.722892,-24.656534,2.0162253,-6.2158904,-1.0821608,28 Monseñor Nouel,2017,22,train
-7.6005344,-26.814238,-0.5266177,-3.3846686,-6.684325,28 Monseñor Nouel,2017,23,train
-12.045,-25.186844,-1.2176497,-6.755909,-2.9089704,28 Monseñor Nouel,2017,24,train
-13.163354,-19.055157,4.0856643,-5.184034,2.7048986,28 Monseñor Nouel,2017,25,train
-14.442425,-18.84581,3.6712806,-3.6979108,3.246791,28 Monseñor Nouel,2017,26,train
-3.2631707,-2.9879742,16.841732,33.941635,-5.9023557,28 Monseñor Nouel,2017,27,train
-8.199795,-4.831375,16.409739,38.636253,-5.4397626,28 Monseñor Nouel,2017,28,train
-6.938147,-6.1007,14.405432,33.378036,-6.1042194,28 Monseñor Nouel,2017,29,train
-6.6509457,-10.88999,11.737863,34.021053,-6.2154036,28 Monseñor Nouel,2017,30,train
-6.6268077,-5.192386,14.513793,31.872017,-4.840544,28 Monseñor Nouel,2017,31,train
-7.8074875,-8.53475,14.065471,36.344032,-7.3216076,28 Monseñor Nouel,2017,32,train
-5.8150663,0.07299806,16.195442,34.173702,-2.8082225,28 Monseñor Nouel,2017,33,train
-6.8643317,-10.281115,9.957917,30.974236,-6.7048016,28 Monseñor Nouel,2017,34,train
-17.580755,-19.961836,-2.5258503,0.7404868,4.094881,28 Monseñor Nouel,2017,35,train
-19.986708,-13.723608,-3.4306803,-0.7016871,8.699428,28 Monseñor Nouel,2017,36,train
-20.847105,-15.788563,-4.7979364,1.7968223,8.7667675,28 Monseñor Nouel,2017,37,train
-22.312796,-12.561301,-6.180032,1.9577867,9.53818,28 Monseñor Nouel,2017,38,train
-22.704947,-14.4169655,-6.581074,2.8753917,10.172977,28 Monseñor Nouel,2017,39,train
-20.739069,-11.10336,-8.316302,3.1751413,16.130003,28 Monseñor Nouel,2017,40,train
-17.96413,-8.916475,-7.0178056,2.328905,18.357489,28 Monseñor Nouel,2017,41,train
-17.852503,-5.3232307,-7.9599705,3.181176,18.642683,28 Monseñor Nouel,2017,42,train
-20.675816,-5.3390503,-12.394889,5.762406,21.800804,28 Monseñor Nouel,2017,43,train
-18.360605,-3.6074965,-12.299229,5.785614,22.82521,28 Monseñor Nouel,2017,44,train
-6.565905,0.37143603,-3.865097,1.1712108,21.049974,28 Monseñor Nouel,2017,45,train
-4.695295,1.3939579,-4.9259777,2.9557886,21.871454,28 Monseñor Nouel,2017,46,train
-14.059966,1.663593,-16.797903,7.6812706,28.429085,28 Monseñor Nouel,2017,47,train
-9.779862,3.8506987,-14.546927,7.1795883,26.684605,28 Monseñor Nouel,2017,48,train
7.358416,12.518593,-4.9073133,-2.5347605,17.37486,28 Monseñor Nouel,2017,49,train
12.329998,16.856434,-8.664803,-1.665856,17.437147,28 Monseñor Nouel,2017,50,train
6.1506457,7.4835515,3.7763116,-2.729881,14.171329,28 Monseñor Nouel,2017,51,train
8.208822,19.745142,3.5331259,24.3239,7.7869015,28 Monseñor Nouel,2017,52,train
8.821933,9.818084,1.9986838,23.404552,12.972915,28 Monseñor Nouel,2018,1,train
10.605379,11.017586,4.7353354,28.486025,10.792063,28 Monseñor Nouel,2018,2,train
10.204252,8.520857,8.848975,23.905111,4.872181,28 Monseñor Nouel,2018,3,train
8.945853,6.795321,23.66665,28.027372,11.832192,28 Monseñor Nouel,2018,4,train
20.268448,4.9081936,-4.2397523,-2.9068513,16.465357,28 Monseñor Nouel,2018,5,train
12.0924,4.49614,6.4937096,-5.184188,7.8987184,28 Monseñor Nouel,2018,6,train
13.247243,3.2870235,7.020832,-5.695375,6.191323,28 Monseñor Nouel,2018,7,train
12.713465,2.029333,10.059114,-5.2427487,5.9667583,28 Monseñor Nouel,2018,8,train
27.533798,6.976472,0.2257458,-15.0405035,3.440755,28 Monseñor Nouel,2018,9,train
31.174658,-0.57469857,-2.4308207,-5.5802474,3.9690971,28 Monseñor Nouel,2018,10,train
31.823614,-1.1578189,-2.1834936,-0.9682482,1.4989187,28 Monseñor Nouel,2018,11,train
24.707033,-4.0900874,-0.9820589,-3.739589,2.7509117,28 Monseñor Nouel,2018,12,train
23.344383,-2.6927521,6.503,-10.260491,0.33408436,28 Monseñor Nouel,2018,13,train
21.405031,-4.3837943,4.2156367,-10.475507,-7.9141,28 Monseñor Nouel,2018,14,train
19.151373,-3.4966445,3.8954682,-7.3347173,-7.4556284,28 Monseñor Nouel,2018,15,train
20.195787,-4.087524,4.157534,-6.7745013,-8.931384,28 Monseñor Nouel,2018,16,train
18.347828,-5.7327256,4.8807797,-4.8115196,-10.365564,28 Monseñor Nouel,2018,17,train
14.9977865,-10.460124,4.470305,-10.371218,-9.012286,28 Monseñor Nouel,2018,18,train
15.496393,-8.077863,5.1520324,-7.5239863,-9.978568,28 Monseñor Nouel,2018,19,train
9.63155,-7.013488,6.963513,-5.616241,-5.010882,28 Monseñor Nouel,2018,20,train
12.910312,-10.281112,6.4804974,-3.9194093,-12.816425,28 Monseñor Nouel,2018,21,train
12.936242,-7.2479978,6.578309,2.6094005,-14.2184725,28 Monseñor Nouel,2018,22,train
-10.883731,-27.233982,0.9375264,-9.785119,-13.511223,28 Monseñor Nouel,2018,23,train
-9.581603,-20.659912,3.0659275,-4.7161417,-9.916491,28 Monseñor Nouel,2018,24,train
-14.707976,-20.866707,0.1824302,-8.398911,-5.081997,28 Monseñor Nouel,2018,25,train
-16.264742,-20.160515,1.5234768,-4.8935866,-5.5849648,28 Monseñor Nouel,2018,26,train
-13.518275,-7.3075337,12.21935,34.052525,-16.113436,28 Monseñor Nouel,2018,27,train
-12.808339,-2.52958,15.340853,35.463543,-10.722526,28 Monseñor Nouel,2018,28,train
-8.579865,-1.1102515,17.635687,32.527798,-8.778476,28 Monseñor Nouel,2018,29,train
-7.9939613,-7.6536975,12.570781,30.138382,-16.891352,28 Monseñor Nouel,2018,30,train
-6.12365,-1.763802,19.009357,33.64259,-11.349818,28 Monseñor Nouel,2018,31,train
-10.386206,-2.8807821,16.901613,34.217762,-14.152127,28 Monseñor Nouel,2018,32,train
-5.5431066,1.8220744,20.74757,34.19615,-9.54954,28 Monseñor Nouel,2018,33,train
-4.8028393,-1.9758072,17.419512,30.088697,-13.694502,28 Monseñor Nouel,2018,34,train
-15.917678,-9.5416765,6.2505083,-2.082111,6.2227407,28 Monseñor Nouel,2018,35,train
-20.951084,-13.973694,2.3748024,-6.1381598,1.0440507,28 Monseñor Nouel,2018,36,train
-18.959494,-11.256715,2.6935816,-5.300607,3.3148394,28 Monseñor Nouel,2018,37,train
-20.864487,-11.183052,0.38907677,-3.187941,1.4590569,28 Monseñor Nouel,2018,38,train
-17.77304,-9.705047,4.4514117,-4.493852,4.394117,28 Monseñor Nouel,2018,39,train
-22.780443,-3.5451794,-2.0347354,-4.1348767,13.554992,28 Monseñor Nouel,2018,40,train
-23.494799,-2.0438662,-4.07408,-3.7221587,14.079238,28 Monseñor Nouel,2018,41,train
-14.566777,1.9785353,2.7196436,-0.96114767,13.205662,28 Monseñor Nouel,2018,42,train
-20.832762,3.032456,-3.795626,0.14681473,13.698972,28 Monseñor Nouel,2018,43,train
-22.385254,4.4083676,-6.469891,-4.1328974,18.135424,28 Monseñor Nouel,2018,44,train
-15.5683565,5.905754,-1.2289561,-3.3333943,16.848167,28 Monseñor Nouel,2018,45,train
-13.054066,8.512037,-2.5632918,-1.4448754,15.701431,28 Monseñor Nouel,2018,46,train
-16.885967,12.321754,-8.030757,-1.11732,18.223568,28 Monseñor Nouel,2018,47,train
-14.5730095,13.784036,-8.4038,-3.5144966,19.532269,28 Monseñor Nouel,2018,48,train
-9.733801,14.206785,-6.5190816,-3.5097058,19.816645,28 Monseñor Nouel,2018,49,train
-9.86903,16.684298,-9.714023,-3.981258,21.104593,28 Monseñor Nouel,2018,50,train
-10.1830225,17.175968,-10.885175,-6.0103006,22.53678,28 Monseñor Nouel,2018,51,train
2.1757357,16.240562,15.37223,26.609346,4.512953,28 Monseñor Nouel,2018,52,train
9.624319,26.933792,11.57998,31.203903,2.4886403,28 Monseñor Nouel,2019,1,train
14.430965,26.784653,12.7937765,32.164883,-1.1687922,28 Monseñor Nouel,2019,2,train
18.305874,25.221926,13.209134,31.036,-4.571078,28 Monseñor Nouel,2019,3,train
21.4439,23.579058,12.694212,30.222824,-8.0567465,28 Monseñor Nouel,2019,4,train
18.010073,16.924568,-2.0601897,-8.652441,6.442714,28 Monseñor Nouel,2019,5,train
15.339393,16.2719,4.5083666,-11.952527,4.0734897,28 Monseñor Nouel,2019,6,train
15.245555,14.428813,5.5887117,-12.779585,2.4260993,28 Monseñor Nouel,2019,7,train
16.30357,12.174886,5.6581573,-8.921302,-1.665009,28 Monseñor Nouel,2019,8,train
19.746231,12.716468,4.64665,-13.88282,-2.47604,28 Monseñor Nouel,2019,9,train
23.793695,7.970819,1.9588442,-13.592739,-2.2180378,28 Monseñor Nouel,2019,10,train
22.297913,4.2509565,6.066392,-12.20389,-2.4049551,28 Monseñor Nouel,2019,11,train
27.35932,5.129543,3.9297547,-13.289641,-10.497522,28 Monseñor Nouel,2019,12,train
11.804393,-2.1547778,17.905197,-13.34495,3.2419417,28 Monseñor Nouel,2019,13,train
14.831787,-1.828504,8.544809,-9.259985,-2.8393693,28 Monseñor Nouel,2019,14,train
22.036798,-1.8806809,4.9534125,-12.050542,-9.892622,28 Monseñor Nouel,2019,15,train
20.163599,-3.453571,5.835356,-11.377579,-10.954339,28 Monseñor Nouel,2019,16,train
15.814184,-6.767605,7.768732,-11.60457,-9.969655,28 Monseñor Nouel,2019,17,train
1.6752931,-14.656112,6.92284,-12.939243,-7.8661065,28 Monseñor Nouel,2019,18,train
-2.758376,-15.3820715,4.8960195,-16.036291,-12.90977,28 Monseñor Nouel,2019,19,train
-6.3759155,-15.113145,6.277825,-9.876082,-16.475422,28 Monseñor Nouel,2019,20,train
-6.014385,-14.208242,7.7779813,-12.625752,-5.1551585,28 Monseñor Nouel,2019,21,train
-6.6340094,-14.404445,7.9915886,-11.113275,-2.9592783,28 Monseñor Nouel,2019,22,train
-12.462934,-14.038025,6.258865,-11.11902,-9.058506,28 Monseñor Nouel,2019,23,train
-15.531726,-14.355868,5.5076604,-9.655045,-9.568666,28 Monseñor Nouel,2019,24,train
-18.129416,-13.364699,4.1212425,-5.7685533,-11.337543,28 Monseñor Nouel,2019,25,train
-20.745592,-12.501062,4.5444045,-8.154366,-5.5791545,28 Monseñor Nouel,2019,26,train
-20.599749,-1.0029083,14.763979,36.851635,-17.669035,28 Monseñor Nouel,2019,27,train
-16.55325,2.8574016,17.350348,30.672815,-10.282878,28 Monseñor Nouel,2019,28,train
-16.797508,6.5813036,18.371431,32.477425,-6.892943,28 Monseñor Nouel,2019,29,train
-22.804537,4.453617,14.106709,30.823671,-8.914369,28 Monseñor Nouel,2019,30,train
-18.374556,6.683349,16.300558,31.347383,-4.4433765,28 Monseñor Nouel,2019,31,train
-22.410387,2.6531563,10.33893,25.951956,-6.4911194,28 Monseñor Nouel,2019,32,train
-22.153091,3.2893867,10.465723,25.946388,-6.836736,28 Monseñor Nouel,2019,33,train
-21.247793,4.957632,11.410243,26.752975,-4.323227,28 Monseñor Nouel,2019,34,train
-33.960487,-6.7986164,-1.6785017,-0.77261496,-0.929896,28 Monseñor Nouel,2019,35,train
-27.389393,-4.0058255,0.2701174,-4.861995,-1.1800221,28 Monseñor Nouel,2019,36,train
-28.261347,-4.0633197,0.07116074,-3.956924,-0.8255467,28 Monseñor Nouel,2019,37,train
-20.78587,1.0185249,2.8484092,-5.0094543,2.733945,28 Monseñor Nouel,2019,38,train
-21.399668,0.09511392,2.7576675,-4.4148326,3.60379,28 Monseñor Nouel,2019,39,train
-25.509613,1.1528155,-2.47777,-2.3204346,6.770149,28 Monseñor Nouel,2019,40,train
-27.825182,3.096245,-4.679684,0.42516574,8.673117,28 Monseñor Nouel,2019,41,train
-29.879766,4.8777795,-6.413136,0.69225645,10.588882,28 Monseñor Nouel,2019,42,train
-19.33916,4.3938723,0.24064001,-5.3720875,12.0900135,28 Monseñor Nouel,2019,43,train
-14.189785,5.9825315,1.5297173,-2.6854658,11.125504,28 Monseñor Nouel,2019,44,train
-19.461203,9.881024,-3.7342286,-1.766243,12.901354,28 Monseñor Nouel,2019,45,train
-18.17065,11.644713,-4.385744,-0.79225546,13.166456,28 Monseñor Nouel,2019,46,train
-17.666325,14.819262,-6.233762,-5.347684,16.667156,28 Monseñor Nouel,2019,47,train
-17.366182,17.19561,-8.100141,-6.9727035,18.099365,28 Monseñor Nouel,2019,48,train
0.33550352,17.662815,0.44105765,-4.678596,11.413004,28 Monseñor Nouel,2019,49,train
1.0767932,11.497666,6.0056243,-5.101891,10.602934,28 Monseñor Nouel,2019,50,train
3.705109,17.00378,1.9338617,-6.3668694,11.706998,28 Monseñor Nouel,2019,51,train
2.5488048,31.91281,7.231779,28.122698,4.05378,28 Monseñor Nouel,2019,52,train
2.605107,21.144331,7.732721,20.551437,4.4811115,28 Monseñor Nouel,2020,1,val
3.7218864,20.073586,15.153759,28.259823,3.2034993,28 Monseñor Nouel,2020,2,val
5.3102117,12.362599,27.467052,25.9733,8.1626005,28 Monseñor Nouel,2020,3,val
7.210563,16.256939,14.551021,23.161612,-1.016135,28 Monseñor Nouel,2020,4,val
16.236916,17.532955,-1.7416568,-8.188808,5.3649926,28 Monseñor Nouel,2020,5,val
12.0123625,12.010578,4.663769,-9.713775,5.5622773,28 Monseñor Nouel,2020,6,val
11.9288845,9.552671,5.714761,-7.68638,3.2716978,28 Monseñor Nouel,2020,7,val
15.474676,9.158335,5.622388,-11.999431,3.1451578,28 Monseñor Nouel,2020,8,val
16.53649,7.9189343,6.5547476,-12.660807,-0.26763922,28 Monseñor Nouel,2020,9,val
15.968802,-2.4214358,16.662241,-12.66931,13.239257,28 Monseñor Nouel,2020,10,val
13.511259,-1.3436126,18.521988,-9.5704155,8.575208,28 Monseñor Nouel,2020,11,val
22.665274,-1.0809923,12.136597,-9.498602,3.6607962,28 Monseñor Nouel,2020,12,val
24.667984,-6.1646547,14.184129,-9.32062,5.38852,28 Monseñor Nouel,2020,13,val
26.315306,-12.590556,2.7752028,-7.3329415,-1.9461133,28 Monseñor Nouel,2020,14,val
16.908083,-15.52561,12.81873,-6.8794184,11.781684,28 Monseñor Nouel,2020,15,val
21.528637,-13.418463,2.5429852,-2.8390675,-4.459754,28 Monseñor Nouel,2020,16,val
25.672512,-9.47947,3.574102,1.6534687,-11.805029,28 Monseñor Nouel,2020,17,val
22.782557,-14.929339,2.0440185,-2.0148587,-9.373929,28 Monseñor Nouel,2020,18,val
4.458817,-26.918812,-1.2472104,-4.4355044,-6.663427,28 Monseñor Nouel,2020,19,val
2.3481102,-28.937504,-1.5286158,-5.9814634,-6.137162,28 Monseñor Nouel,2020,20,val
-0.21356405,-27.930172,-1.5133018,-0.78646034,-5.7520056,28 Monseñor Nouel,2020,21,val
-4.9762597,-29.870083,-2.4440713,-5.950122,-4.615107,28 Monseñor Nouel,2020,22,val
-7.199135,-25.88614,-0.34918094,-3.5007334,-3.883207,28 Monseñor Nouel,2020,23,val
-10.256802,-27.14382,-0.92048764,-2.04477,-5.3130426,28 Monseñor Nouel,2020,24,val
-12.706769,-26.572273,-1.6416423,-0.74734503,-4.5737886,28 Monseñor Nouel,2020,25,val
-16.73482,-24.92416,-2.8127983,-1.4294558,-2.657316,28 Monseñor Nouel,2020,26,val
-10.098398,-13.494436,9.15803,37.329857,-9.278137,28 Monseñor Nouel,2020,27,val
-6.348261,-11.253751,11.599166,33.32763,-9.507789,28 Monseñor Nouel,2020,28,val
-9.511299,-7.491047,13.804752,34.98981,-6.967912,28 Monseñor Nouel,2020,29,val
-4.4921937,-2.2431262,18.129751,35.604435,-5.968312,28 Monseñor Nouel,2020,30,val
-0.9573003,-9.565611,26.918774,30.40287,11.39076,28 Monseñor Nouel,2020,31,val
-5.5645657,-18.419424,6.0161705,35.03787,-3.8926117,28 Monseñor Nouel,2020,32,val
-7.5166407,-13.074771,7.3589544,35.15544,-1.8352551,28 Monseñor Nouel,2020,33,val
-4.43601,-12.011646,29.00839,31.82796,23.840977,28 Monseñor Nouel,2020,34,val
-12.542137,-23.056099,-4.034554,4.6412024,9.84439,28 Monseñor Nouel,2020,35,val
-14.984271,-11.179323,2.479194,1.8021767,9.237303,28 Monseñor Nouel,2020,36,val
-19.10806,-20.818579,-5.8662777,1.887994,11.000166,28 Monseñor Nouel,2020,37,val
-19.838182,-20.285566,-6.7527122,2.1882362,11.968586,28 Monseñor Nouel,2020,38,val
-21.486662,-19.195744,-8.359426,2.7615423,12.407978,28 Monseñor Nouel,2020,39,val
-19.00237,-8.343518,-3.171776,-1.5852476,14.943953,28 Monseñor Nouel,2020,40,val
-22.331402,-9.140651,-10.68141,0.21135554,18.864597,28 Monseñor Nouel,2020,41,val
-16.536509,-5.04708,-6.5024576,3.9322913,16.265265,28 Monseñor Nouel,2020,42,val
-23.268332,-3.5056045,-13.162017,7.1254864,20.938723,28 Monseñor Nouel,2020,43,val
-10.981283,0.2103445,-1.3382117,2.143686,16.883791,28 Monseñor Nouel,2020,44,val
-11.144218,0.10901694,-6.355844,2.2412763,20.83689,28 Monseñor Nouel,2020,45,val
-6.3228283,0.57318974,9.570209,-2.7151887,23.034485,28 Monseñor Nouel,2020,46,val
-9.5117855,3.2480593,-9.499732,2.1336825,24.472757,28 Monseñor Nouel,2020,47,val
-10.653516,4.07206,-12.170467,1.0105822,25.88595,28 Monseñor Nouel,2020,48,val
-1.1875197,-1.2919891,-17.977655,6.740009,34.052486,28 Monseñor Nouel,2020,49,val
13.988238,-0.32309216,-8.494572,6.7987394,25.6403,28 Monseñor Nouel,2020,50,val
12.970129,1.6701233,-5.6090903,2.7929893,23.784924,28 Monseñor Nouel,2020,51,val
11.776856,4.130953,-1.4659886,22.686733,16.447325,28 Monseñor Nouel,2020,52,val
18.615858,6.6646357,-5.8827105,29.21831,20.305452,28 Monseñor Nouel,2021,1,val
22.71297,5.2549872,-7.106775,32.334007,19.709751,28 Monseñor Nouel,2021,2,val
18.775473,-0.06493863,-1.8661352,26.300203,15.071838,28 Monseñor Nouel,2021,3,val
23.367958,2.7201886,1.2455609,33.958824,10.859868,28 Monseñor Nouel,2021,4,val
24.48926,-4.963571,-10.967098,7.3752055,23.392282,28 Monseñor Nouel,2021,5,val
19.76138,-1.1996087,-4.0210133,3.5058947,14.433963,28 Monseñor Nouel,2021,6,val
25.823006,-2.7372348,-6.8186707,1.3169129,16.280811,28 Monseñor Nouel,2021,7,val
21.366127,-3.487467,-0.06375791,0.1374115,10.9881525,28 Monseñor Nouel,2021,8,val
29.865648,-5.9917736,-6.797177,2.790348,12.36898,28 Monseñor Nouel,2021,9,val
16.593388,-1.8874407,15.343356,-11.5051155,12.314199,28 Monseñor Nouel,2021,10,val
26.460201,0.22192605,0.6968382,-10.330398,0.2705512,28 Monseñor Nouel,2021,11,val
20.046999,-2.2778738,2.3592405,-7.485716,0.28995973,28 Monseñor Nouel,2021,12,val
21.221773,-5.7732873,2.6785557,-7.977398,-2.3654969,28 Monseñor Nouel,2021,13,val
18.082588,-9.5308895,17.663834,-12.858437,11.003565,28 Monseñor Nouel,2021,14,val
30.278454,-15.961324,-0.08345031,-10.788389,-7.0523787,28 Monseñor Nouel,2021,15,val
29.861046,-11.242249,1.3733928,-4.6460066,-11.444341,28 Monseñor Nouel,2021,16,val
17.36953,-10.807159,6.4852457,-8.240793,-3.9768343,28 Monseñor Nouel,2021,17,val
19.182528,-11.320326,3.9125268,-4.29987,-5.6877265,28 Monseñor Nouel,2021,18,val
17.246517,-13.735237,2.732172,-2.5690455,-6.8342505,28 Monseñor Nouel,2021,19,val
17.109192,-16.065805,4.2028933,-5.328428,-6.48737,28 Monseñor Nouel,2021,20,val
9.46828,-9.696154,9.2153015,-2.6318479,-2.9131062,28 Monseñor Nouel,2021,21,val
6.555035,-6.6685076,9.391429,-1.6245404,-0.66139764,28 Monseñor Nouel,2021,22,val
-5.6622415,-20.585365,6.750534,-6.9485354,-0.24003418,28 Monseñor Nouel,2021,23,val
-10.648259,-23.764177,-0.179284,-5.3539166,-2.5548162,28 Monseñor Nouel,2021,24,val
-12.418344,-16.744871,4.6874475,-5.3044124,2.363227,28 Monseñor Nouel,2021,25,val
-12.711862,-17.212225,5.328871,-3.9235532,1.8777052,28 Monseñor Nouel,2021,26,val
-5.4198833,-7.211592,13.989191,42.33395,-2.7904928,28 Monseñor Nouel,2021,27,val
-7.403312,0.5215618,16.748753,39.0478,-1.6781368,28 Monseñor Nouel,2021,28,val
-9.488095,-9.36752,11.146647,40.51202,-1.3214962,28 Monseñor Nouel,2021,29,val
-8.440439,-5.3277287,13.740719,36.348602,-1.0844911,28 Monseñor Nouel,2021,30,val
-6.230997,-10.818014,10.467052,36.2957,-0.97804713,28 Monseñor Nouel,2021,31,val
-4.963644,2.143922,26.527332,34.485825,5.511884,28 Monseñor Nouel,2021,32,val
-6.494517,1.4076225,16.665152,31.660347,-0.85866386,28 Monseñor Nouel,2021,33,val
-14.0313225,-8.5337,8.866551,36.150322,-5.974092,28 Monseñor Nouel,2021,34,val
-26.217524,-20.849487,-5.1140223,1.9516598,4.3639307,28 Monseñor Nouel,2021,35,val
-19.900763,-21.928629,-6.5649576,3.2352903,9.657295,28 Monseñor Nouel,2021,36,val
-18.001373,-15.829922,-0.3721054,-0.0770393,10.92266,28 Monseñor Nouel,2021,37,val
-17.947506,-14.93753,-3.0332909,1.1697028,13.252472,28 Monseñor Nouel,2021,38,val
-21.460934,-15.413388,-7.801076,0.7005569,16.583286,28 Monseñor Nouel,2021,39,val
-20.354572,-10.497164,-7.711276,2.012011,16.322973,28 Monseñor Nouel,2021,40,val
-17.143854,-6.765139,-3.3110025,0.87809944,16.77129,28 Monseñor Nouel,2021,41,val
-19.787125,-7.696938,-8.293056,1.3558607,21.661697,28 Monseñor Nouel,2021,42,val
-26.187073,-4.7202096,-16.29342,7.7574396,24.310877,28 Monseñor Nouel,2021,43,val
-19.37073,-4.3937488,-12.722182,2.7076902,25.231337,28 Monseñor Nouel,2021,44,val
-19.365932,-3.7596374,-16.485199,7.4232974,27.687344,28 Monseñor Nouel,2021,45,val
-17.527554,0.24272572,-17.663906,7.1165557,28.699348,28 Monseñor Nouel,2021,46,val
-14.555698,-1.1794847,-18.36389,2.4520404,32.462498,28 Monseñor Nouel,2021,47,val
12.09801,8.661925,-11.852646,4.74561,23.334835,28 Monseñor Nouel,2021,48,val
14.431443,4.926377,-10.571418,3.6382287,25.078058,28 Monseñor Nouel,2021,49,val
10.157927,3.968944,-0.602714,0.22398785,21.302637,28 Monseñor Nouel,2021,50,val
13.837487,3.2551067,-8.654739,4.122829,24.692633,28 Monseñor Nouel,2021,51,val
15.442488,14.185027,-3.6488688,29.683842,15.950512,28 Monseñor Nouel,2021,52,val
3.889739,18.615803,4.1793146,14.939299,-0.6347395,29 Monte Plata,2015,1,train
6.7276425,18.744978,5.7354803,17.354353,-3.2336419,29 Monte Plata,2015,2,train
7.5762515,15.147239,7.0682573,14.579223,-4.554435,29 Monte Plata,2015,3,train
10.6828375,15.380598,7.202235,15.094547,-6.4610195,29 Monte Plata,2015,4,train
6.5407367,10.104948,1.7096078,-8.118855,3.6679127,29 Monte Plata,2015,5,train
10.156278,9.156818,-0.46952823,-5.9560823,2.493048,29 Monte Plata,2015,6,train
9.492921,7.7311144,0.6112863,-5.618747,1.7934602,29 Monte Plata,2015,7,train
12.578288,7.4440823,-1.1223308,-10.278599,0.9732669,29 Monte Plata,2015,8,train
14.745957,7.286875,0.7115755,-7.15163,-2.4245522,29 Monte Plata,2015,9,train
14.010527,6.875728,2.4403844,-6.8937187,-3.9899006,29 Monte Plata,2015,10,train
16.092735,6.64532,2.488685,-8.2114935,-6.716617,29 Monte Plata,2015,11,train
16.446474,2.559494,3.6438184,-10.893496,-10.614492,29 Monte Plata,2015,12,train
12.933739,1.8019295,6.0709357,-6.3385577,-13.046468,29 Monte Plata,2015,13,train
14.413578,-1.2402184,3.105207,-11.281276,-7.686653,29 Monte Plata,2015,14,train
12.0663595,-1.297333,4.4512544,-6.5472536,-9.074526,29 Monte Plata,2015,15,train
14.306318,-3.8612785,5.252524,-6.5378776,-14.518735,29 Monte Plata,2015,16,train
10.441887,-3.815662,5.66885,-4.577306,-12.681805,29 Monte Plata,2015,17,train
9.424627,-2.541806,5.7068915,-2.361262,-12.331702,29 Monte Plata,2015,18,train
8.445153,-0.7414593,8.885756,-5.5520244,-22.15004,29 Monte Plata,2015,19,train
-6.6484547,-7.4145384,5.965658,-9.836845,-18.067385,29 Monte Plata,2015,20,train
-6.8842616,-7.660051,4.8603506,-9.5850315,-9.873901,29 Monte Plata,2015,21,train
-6.9777465,-7.508616,4.7177234,-8.329096,-7.5528502,29 Monte Plata,2015,22,train
-6.7440176,-9.04054,3.8865714,-4.5525265,-6.9002967,29 Monte Plata,2015,23,train
-8.405079,-10.309892,3.5107243,-3.3254445,-8.380142,29 Monte Plata,2015,24,train
-10.847648,-10.708318,1.8328004,-3.94986,-6.386314,29 Monte Plata,2015,25,train
-11.490421,-10.11186,1.9226667,-3.346943,-5.4126773,29 Monte Plata,2015,26,train
-8.754939,-1.1585644,10.164988,16.695366,-14.710861,29 Monte Plata,2015,27,train
-12.665662,1.018043,10.2546015,24.79944,-13.567611,29 Monte Plata,2015,28,train
-11.938556,0.5295838,10.660112,22.877306,-14.383808,29 Monte Plata,2015,29,train
-11.334863,0.59352636,10.058122,19.50656,-13.344198,29 Monte Plata,2015,30,train
-15.323905,-3.5405838,8.524573,16.222345,-15.596517,29 Monte Plata,2015,31,train
-13.942872,3.9440866,12.090291,16.82298,-17.485292,29 Monte Plata,2015,32,train
-14.746503,3.3666787,11.160017,15.723935,-16.455357,29 Monte Plata,2015,33,train
-15.461537,5.4699116,11.760625,20.30463,-15.935012,29 Monte Plata,2015,34,train
-14.282465,-0.29239038,15.895858,-11.572305,2.8288126,29 Monte Plata,2015,35,train
-17.905487,3.098362,6.7696395,-7.3155265,-9.4433365,29 Monte Plata,2015,36,train
-20.142239,2.7623327,4.114074,-7.779983,-7.9233212,29 Monte Plata,2015,37,train
-17.657396,5.4877377,4.5176854,-8.220299,-4.26203,29 Monte Plata,2015,38,train
-16.845108,5.3837047,5.541477,-5.9310193,-5.409786,29 Monte Plata,2015,39,train
-20.336348,10.455453,4.655866,-5.305074,-6.7845016,29 Monte Plata,2015,40,train
-21.943943,10.94109,2.9063349,-5.212609,-5.1978664,29 Monte Plata,2015,41,train
-19.78646,11.95446,3.5739655,-4.9827647,-3.953282,29 Monte Plata,2015,42,train
-18.680836,12.04308,3.623018,-8.081125,-1.7738231,29 Monte Plata,2015,43,train
-17.197506,13.839239,4.01799,-10.5039835,-1.2471966,29 Monte Plata,2015,44,train
-9.73531,10.604195,4.6983924,-5.434188,3.6664908,29 Monte Plata,2015,45,train
-11.86272,13.140111,0.73951703,-2.9386659,3.045473,29 Monte Plata,2015,46,train
-11.888076,17.115746,-1.2768753,-7.299715,5.40528,29 Monte Plata,2015,47,train
-3.621682,20.687658,-0.7438981,-9.470573,4.289868,29 Monte Plata,2015,48,train
-2.691147,15.645672,0.8877503,-5.446381,3.9373934,29 Monte Plata,2015,49,train
-1.0740331,16.331074,0.64165616,-3.3172042,3.6884203,29 Monte Plata,2015,50,train
-0.86517674,16.59624,-0.015568503,-6.8015566,4.6682177,29 Monte Plata,2015,51,train
-1.3067592,20.633272,4.2933173,11.854473,-0.15829316,29 Monte Plata,2015,52,train
-0.8157997,26.734337,10.869543,12.910322,-9.059135,29 Monte Plata,2016,1,train
3.1924334,26.38109,10.334919,11.532543,-10.504062,29 Monte Plata,2016,2,train
6.14031,25.58242,10.57934,10.015311,-12.600736,29 Monte Plata,2016,3,train
5.551689,24.116383,13.153391,11.6136265,-14.570999,29 Monte Plata,2016,4,train
4.726361,22.717192,4.8707404,-11.012738,-6.8366055,29 Monte Plata,2016,5,train
6.116944,20.5173,5.290509,-9.845082,-8.6729965,29 Monte Plata,2016,6,train
6.65128,20.564129,5.5763206,-12.266815,-9.648748,29 Monte Plata,2016,7,train
7.0659547,19.754679,7.3839936,-10.450692,-13.016033,29 Monte Plata,2016,8,train
6.0511994,15.227101,7.7928944,-12.111381,-11.559553,29 Monte Plata,2016,9,train
14.266101,7.665289,3.512845,-9.306342,-6.3617473,29 Monte Plata,2016,10,train
12.369783,7.973324,4.584873,-12.128903,-9.597153,29 Monte Plata,2016,11,train
12.53426,8.443139,6.0703573,-8.27778,-12.534423,29 Monte Plata,2016,12,train
12.10942,5.834173,6.317421,-10.626504,-13.2556095,29 Monte Plata,2016,13,train
5.654428,4.5149426,8.5887985,-10.457401,-13.770479,29 Monte Plata,2016,14,train
10.209672,4.517519,9.105245,-9.222294,-19.26193,29 Monte Plata,2016,15,train
4.841596,3.5553672,8.144855,-12.210399,-13.599822,29 Monte Plata,2016,16,train
3.130407,-2.0897403,18.180092,-9.546589,1.4015695,29 Monte Plata,2016,17,train
-2.9884799,-1.1574987,9.129633,-9.328007,-8.167814,29 Monte Plata,2016,18,train
2.4173965,-12.891184,2.1675062,-2.3363383,1.3694214,29 Monte Plata,2016,19,train
3.5125082,-18.941952,-1.2778572,2.4748678,2.0601537,29 Monte Plata,2016,20,train
0.8441993,-16.578949,-0.56283826,-0.25986186,3.8730228,29 Monte Plata,2016,21,train
-0.77917135,-14.223669,10.301111,-4.71479,7.645203,29 Monte Plata,2016,22,train
0.045995273,-19.087751,-2.2405837,4.3363256,4.5671287,29 Monte Plata,2016,23,train
-1.7355998,-21.64867,-3.597824,5.028342,4.0917263,29 Monte Plata,2016,24,train
-6.10749,-14.012436,-0.44927198,-0.4417067,4.8924813,29 Monte Plata,2016,25,train
-8.048121,-16.070066,-2.7002141,0.8761049,5.674673,29 Monte Plata,2016,26,train
-5.9892015,-10.069726,3.211763,23.804045,-1.6291909,29 Monte Plata,2016,27,train
-9.21279,-7.084212,3.8425796,26.87097,-1.8480271,29 Monte Plata,2016,28,train
-7.290066,-8.628504,3.7723813,23.964304,-1.880207,29 Monte Plata,2016,29,train
-10.118223,-3.7506847,4.8135023,22.495672,-1.1655893,29 Monte Plata,2016,30,train
-1.8545656,-7.184351,16.006157,25.52811,9.575874,29 Monte Plata,2016,31,train
-7.6899967,-9.979287,1.3100294,25.20228,2.5526273,29 Monte Plata,2016,32,train
-8.090681,-14.6433,0.44990918,26.161657,1.2776887,29 Monte Plata,2016,33,train
-12.678938,0.4789589,3.855437,26.93663,4.1267743,29 Monte Plata,2016,34,train
-13.140018,-18.975744,-6.895695,6.068579,7.8065767,29 Monte Plata,2016,35,train
-11.378055,-15.22279,-7.43342,5.813113,11.599588,29 Monte Plata,2016,36,train
-9.184386,-16.3286,-6.966121,5.407815,12.069728,29 Monte Plata,2016,37,train
-8.061405,-15.467692,-6.636842,6.2142487,12.317929,29 Monte Plata,2016,38,train
-9.811757,-10.708102,-5.6369877,6.5861683,11.389065,29 Monte Plata,2016,39,train
-10.702307,-6.541746,6.093649,-3.69974,15.287225,29 Monte Plata,2016,40,train
-12.264119,-3.3824828,-2.923348,2.158417,8.943183,29 Monte Plata,2016,41,train
-11.137313,-2.2666433,-3.4151049,1.5443848,9.789268,29 Monte Plata,2016,42,train
-12.077263,-0.9612426,-4.7162147,2.7602887,10.759406,29 Monte Plata,2016,43,train
-10.069766,0.016184855,-4.299079,0.92293704,11.7527275,29 Monte Plata,2016,44,train
-8.602694,0.37428176,-4.1891317,0.7673426,11.777274,29 Monte Plata,2016,45,train
-6.4534183,1.5139252,-3.7587328,0.36894304,12.250947,29 Monte Plata,2016,46,train
-4.4636955,3.0866635,-4.1964483,-0.31212574,13.622378,29 Monte Plata,2016,47,train
-7.64117,4.556735,-8.427981,0.7947093,15.50146,29 Monte Plata,2016,48,train
-4.3942723,5.006415,-8.929373,2.5350811,16.621046,29 Monte Plata,2016,49,train
-3.7602887,4.6734486,-9.118371,2.4562414,16.626884,29 Monte Plata,2016,50,train
-2.5441978,4.6744227,-8.090623,1.0911716,15.919059,29 Monte Plata,2016,51,train
4.202982,12.022019,0.6349321,19.714666,6.8706307,29 Monte Plata,2016,52,train
7.438942,14.462458,-1.6897931,21.126284,7.8918324,29 Monte Plata,2017,1,train
10.961289,15.36404,1.6883166,23.98363,2.5451837,29 Monte Plata,2017,2,train
16.200481,18.847597,4.5962853,32.741043,-1.4558816,29 Monte Plata,2017,3,train
20.83934,14.736857,0.90999645,28.29343,-0.015551012,29 Monte Plata,2017,4,train
18.117712,5.091859,-9.59818,-1.7428901,11.772939,29 Monte Plata,2017,5,train
15.314442,4.70163,-5.466602,-3.289136,7.972937,29 Monte Plata,2017,6,train
17.189964,3.7289436,-5.9877405,-5.523846,7.6548734,29 Monte Plata,2017,7,train
21.7056,3.854962,-6.780057,-6.900154,5.9859,29 Monte Plata,2017,8,train
23.017872,3.0517223,-6.739127,-4.361282,3.303827,29 Monte Plata,2017,9,train
18.93364,-2.7154548,-4.5918183,-5.236715,5.4181194,29 Monte Plata,2017,10,train
23.52485,-4.318269,-4.865886,-0.651372,3.6765776,29 Monte Plata,2017,11,train
18.903542,-8.297843,-2.8002334,-6.998998,2.3739274,29 Monte Plata,2017,12,train
26.212397,-12.926644,-4.3341694,-0.97454715,-1.2609905,29 Monte Plata,2017,13,train
20.931124,-13.184283,-0.1867161,0.023912502,-6.226295,29 Monte Plata,2017,14,train
22.919577,-12.8290205,-0.19852495,-3.0790439,-8.879579,29 Monte Plata,2017,15,train
12.559783,-12.503045,9.473921,-10.055868,8.79291,29 Monte Plata,2017,16,train
8.951609,-11.802964,15.6996565,-7.829047,10.794892,29 Monte Plata,2017,17,train
11.447731,-14.267141,1.4036851,-3.1146717,-1.071342,29 Monte Plata,2017,18,train
14.053466,-17.520983,-0.08329651,0.70294684,-0.9671103,29 Monte Plata,2017,19,train
11.436686,-15.361574,0.63221884,1.7691003,-3.05621,29 Monte Plata,2017,20,train
1.0820113,-24.796494,-4.025053,0.5392492,-0.30140507,29 Monte Plata,2017,21,train
-1.9138143,-19.621569,-3.208459,-2.8088086,2.440723,29 Monte Plata,2017,22,train
-3.5313246,-21.013361,-2.0295494,1.1868056,-1.5631604,29 Monte Plata,2017,23,train
-8.850517,-20.20412,-3.15378,-2.483499,-2.9295814,29 Monte Plata,2017,24,train
-9.506755,-18.087322,-2.3217156,-0.6653135,-1.3242244,29 Monte Plata,2017,25,train
-10.544364,-16.461224,-2.4113479,-0.17032728,0.21239607,29 Monte Plata,2017,26,train
-9.989175,-9.216027,2.1676757,31.789845,0.14831975,29 Monte Plata,2017,27,train
-7.8996983,-4.3443837,5.2725077,31.528034,0.44768247,29 Monte Plata,2017,28,train
-8.03992,-9.844432,2.0987847,26.97533,0.46451315,29 Monte Plata,2017,29,train
-8.880907,-9.852638,1.5400438,28.488344,1.7673234,29 Monte Plata,2017,30,train
-11.226696,-10.160377,0.8705475,26.22869,1.2304114,29 Monte Plata,2017,31,train
-10.660416,-6.024625,3.8287516,30.367802,-0.7301995,29 Monte Plata,2017,32,train
-10.689898,-2.7494829,3.4193807,25.88874,1.904506,29 Monte Plata,2017,33,train
-9.945284,-7.884207,1.7628607,26.745554,1.2873616,29 Monte Plata,2017,34,train
-11.704308,-16.519947,-5.6051393,4.3712206,6.5258875,29 Monte Plata,2017,35,train
-10.532727,-10.706646,-3.0637712,1.1668359,7.913884,29 Monte Plata,2017,36,train
-10.455962,-11.192721,-3.2190974,1.0492791,8.594798,29 Monte Plata,2017,37,train
-12.165569,-7.908584,-3.70544,0.1603395,8.916634,29 Monte Plata,2017,38,train
-12.309968,-10.228534,-5.553698,2.2175827,10.552013,29 Monte Plata,2017,39,train
-9.68954,-9.804743,-5.8023114,3.2901764,12.735974,29 Monte Plata,2017,40,train
-10.787268,-9.561446,-7.5193396,2.5949383,14.389965,29 Monte Plata,2017,41,train
-10.687852,-7.916826,-8.158375,3.7957635,14.766187,29 Monte Plata,2017,42,train
-10.391314,-7.6040397,-9.735818,3.7959363,16.664066,29 Monte Plata,2017,43,train
-11.280159,-6.512439,-11.392261,5.548877,17.909515,29 Monte Plata,2017,44,train
-3.2579622,-0.43060568,6.8710318,-0.05986101,18.12825,29 Monte Plata,2017,45,train
-2.6074634,-0.02003405,8.114667,-1.3317128,20.578531,29 Monte Plata,2017,46,train
-3.3112938,-3.0324678,-10.069425,3.505672,19.487228,29 Monte Plata,2017,47,train
-4.14006,-1.8894095,-12.970152,6.3551188,21.237509,29 Monte Plata,2017,48,train
-8.361795,6.017593,-10.891951,1.372837,17.642614,29 Monte Plata,2017,49,train
-8.242048,6.9300094,-13.400554,-0.25361866,19.846262,29 Monte Plata,2017,50,train
-5.6244164,8.002876,-10.257793,2.629447,17.103632,29 Monte Plata,2017,51,train
-8.350779,12.361523,-2.7161393,26.892033,9.739144,29 Monte Plata,2017,52,train
-1.080099,4.3454747,-1.0373203,28.461111,12.007704,29 Monte Plata,2018,1,train
-0.30170804,4.008613,-2.166476,31.84773,11.742778,29 Monte Plata,2018,2,train
0.7885487,1.1636882,-2.1006932,25.75062,11.031535,29 Monte Plata,2018,3,train
1.271012,0.5634236,-2.3560894,26.307415,10.564769,29 Monte Plata,2018,4,train
8.011297,-8.667277,-15.5383,-5.623111,19.366802,29 Monte Plata,2018,5,train
11.859365,6.380511,-1.3812717,-3.3871233,4.488121,29 Monte Plata,2018,6,train
14.910329,6.047381,-2.6823921,-7.480732,4.344807,29 Monte Plata,2018,7,train
17.760176,6.220203,-2.2198417,-6.222061,1.6806911,29 Monte Plata,2018,8,train
22.511494,5.097964,-5.0215325,-15.4528675,2.4585664,29 Monte Plata,2018,9,train
25.48107,-5.604288,-7.218276,-1.3359549,7.8983183,29 Monte Plata,2018,10,train
22.016188,-8.068999,-5.492329,2.2267358,7.274165,29 Monte Plata,2018,11,train
22.331692,-8.413312,-5.306483,0.72112143,5.9617643,29 Monte Plata,2018,12,train
22.386717,-3.8417807,-1.2358592,-2.9870474,-0.4564777,29 Monte Plata,2018,13,train
17.520075,-8.005706,2.154732,-9.404711,-11.100968,29 Monte Plata,2018,14,train
15.406682,-6.8098354,2.1901941,-7.388587,-9.583042,29 Monte Plata,2018,15,train
14.610224,-9.701728,2.2103999,-10.062006,-10.425749,29 Monte Plata,2018,16,train
13.418748,-8.461203,3.0346875,-6.0646386,-10.443398,29 Monte Plata,2018,17,train
10.863258,-9.859887,2.8231673,-8.3024845,-8.854654,29 Monte Plata,2018,18,train
9.800246,-8.596859,3.600208,-6.3499312,-8.942222,29 Monte Plata,2018,19,train
8.059002,-7.584956,4.3853707,-4.098655,-7.7197886,29 Monte Plata,2018,20,train
9.707424,-9.581199,5.0199566,-1.8672632,-12.367651,29 Monte Plata,2018,21,train
7.2318683,-7.538629,5.392829,0.017023353,-9.581171,29 Monte Plata,2018,22,train
8.2239895,-8.38616,6.216412,2.4338865,-13.110515,29 Monte Plata,2018,23,train
8.006745,-8.378339,6.6562204,3.2727208,-13.288967,29 Monte Plata,2018,24,train
6.7897077,-7.502055,6.546939,3.6250367,-11.412824,29 Monte Plata,2018,25,train
7.588513,-7.717447,6.824319,5.5885305,-13.804351,29 Monte Plata,2018,26,train
-16.693777,-6.654529,6.659692,26.89256,-11.073862,29 Monte Plata,2018,27,train
-14.353639,0.4435974,6.942992,28.362017,-6.2008657,29 Monte Plata,2018,28,train
-12.502771,0.23635751,7.215615,25.062012,-5.253962,29 Monte Plata,2018,29,train
-15.764529,-2.0970352,7.0907183,28.275724,-7.910853,29 Monte Plata,2018,30,train
-13.426174,-2.262991,7.0159354,25.21413,-7.576251,29 Monte Plata,2018,31,train
-13.169455,2.177108,8.855553,29.637674,-7.4798217,29 Monte Plata,2018,32,train
-7.454148,1.5906227,10.854276,23.739862,-6.945082,29 Monte Plata,2018,33,train
-12.234938,1.2121648,9.237604,29.263456,-9.269857,29 Monte Plata,2018,34,train
-12.055813,-7.8724737,9.662136,-6.4919453,10.178526,29 Monte Plata,2018,35,train
-15.918066,-8.446781,-0.3171177,-3.959356,0.13947162,29 Monte Plata,2018,36,train
-14.895615,-6.6013637,-0.5678346,-2.8380265,1.0130359,29 Monte Plata,2018,37,train
-16.903023,-5.9468503,-1.762818,-1.6291007,1.8310316,29 Monte Plata,2018,38,train
-15.259876,-5.593589,-0.74264646,-2.713065,2.402606,29 Monte Plata,2018,39,train
-16.99927,-3.090333,-3.895245,-4.7643447,8.941633,29 Monte Plata,2018,40,train
-13.630442,-2.238422,7.369478,-6.7186546,15.659435,29 Monte Plata,2018,41,train
-15.544695,1.1555554,-4.091558,-0.8125625,8.29175,29 Monte Plata,2018,42,train
-16.959148,2.7405794,-5.126068,1.1150243,8.77811,29 Monte Plata,2018,43,train
-17.52247,3.7911024,-7.2127376,-0.8462086,10.7620325,29 Monte Plata,2018,44,train
-11.363537,5.0314336,-3.3554924,-1.0730604,9.590607,29 Monte Plata,2018,45,train
-9.261717,5.77385,-2.9849412,-1.491068,9.372933,29 Monte Plata,2018,46,train
-12.797931,9.410672,-8.151417,-2.4903378,12.954807,29 Monte Plata,2018,47,train
-10.708623,10.66023,-7.796768,-2.889456,13.186862,29 Monte Plata,2018,48,train
-8.379726,10.814529,-7.620155,-1.4027363,12.940913,29 Monte Plata,2018,49,train
-6.987368,12.043086,-8.286544,-2.5454307,13.857809,29 Monte Plata,2018,50,train
-7.2485676,12.098815,-9.618416,-5.2448153,15.183399,29 Monte Plata,2018,51,train
-9.171545,16.544197,-1.0283595,22.126322,6.2733016,29 Monte Plata,2018,52,train
6.288719,22.852913,1.7414371,19.556265,1.6936995,29 Monte Plata,2019,1,train
6.689058,21.949287,5.979372,27.65365,-2.7017336,29 Monte Plata,2019,2,train
11.340586,20.767399,7.0029287,26.505875,-5.6147075,29 Monte Plata,2019,3,train
13.604819,17.804123,7.342286,22.482271,-7.1203284,29 Monte Plata,2019,4,train
13.639244,13.662425,-4.4382806,-9.657448,4.95914,29 Monte Plata,2019,5,train
10.897237,13.473313,0.81598663,-8.433368,-0.50444347,29 Monte Plata,2019,6,train
11.692036,12.879248,0.5962527,-10.952358,-1.8583746,29 Monte Plata,2019,7,train
14.866303,13.847297,1.3512757,-9.5711355,-4.839887,29 Monte Plata,2019,8,train
17.472301,14.23656,0.7239985,-11.9412155,-6.910402,29 Monte Plata,2019,9,train
17.007246,7.383011,-0.36979342,-13.259589,-4.025996,29 Monte Plata,2019,10,train
20.103903,5.7332044,0.56933403,-13.483312,-6.711691,29 Monte Plata,2019,11,train
17.93094,1.5980794,2.2338548,-14.032362,-9.033736,29 Monte Plata,2019,12,train
9.490528,-2.144241,5.606587,-11.458954,-7.2313066,29 Monte Plata,2019,13,train
14.512413,-3.7455802,3.5933583,-9.704999,-10.639184,29 Monte Plata,2019,14,train
15.8440485,-5.2808795,3.671595,-10.349029,-12.897659,29 Monte Plata,2019,15,train
17.423119,-5.8493648,4.0970182,-9.080295,-15.46378,29 Monte Plata,2019,16,train
14.19818,-9.705486,4.342383,-10.86984,-16.140575,29 Monte Plata,2019,17,train
-0.9416254,-14.08629,1.24743,-12.298017,-10.726137,29 Monte Plata,2019,18,train
-4.2353754,-11.67211,2.5892735,-13.185533,-11.450604,29 Monte Plata,2019,19,train
-5.02369,-9.978359,3.286689,-8.641909,-10.178173,29 Monte Plata,2019,20,train
-6.4006658,-9.808955,2.414613,-11.085147,-5.888433,29 Monte Plata,2019,21,train
-5.2352962,-10.433248,13.271395,-11.672317,4.255055,29 Monte Plata,2019,22,train
-8.333129,-7.1959763,4.302391,-7.148833,-5.467409,29 Monte Plata,2019,23,train
-11.122339,-9.009296,3.1328912,-6.5594645,-8.570272,29 Monte Plata,2019,24,train
-13.566944,-9.2120495,2.6601233,-4.479073,-8.949829,29 Monte Plata,2019,25,train
-17.951937,-9.9318905,0.98012507,-4.3242946,-7.2781544,29 Monte Plata,2019,26,train
-18.811632,0.3825546,9.339439,28.791687,-13.397201,29 Monte Plata,2019,27,train
-16.251438,2.5199828,9.330826,26.541555,-10.781628,29 Monte Plata,2019,28,train
-15.51103,3.7254949,9.195033,24.35831,-9.054479,29 Monte Plata,2019,29,train
-21.083448,1.775033,7.4898777,23.844973,-9.922628,29 Monte Plata,2019,30,train
-3.1906402,-7.9772973,17.14508,25.026793,11.936022,29 Monte Plata,2019,31,train
-18.945942,3.0311022,6.446795,21.29902,-6.632403,29 Monte Plata,2019,32,train
-18.288729,5.597746,7.284966,22.995382,-6.204322,29 Monte Plata,2019,33,train
-16.466084,6.566061,7.2287617,22.379555,-4.624382,29 Monte Plata,2019,34,train
-24.881996,-3.3550527,-2.0623362,0.88231456,-1.08199,29 Monte Plata,2019,35,train
-20.916834,-1.1776301,-0.41109478,-2.8276782,-1.9168317,29 Monte Plata,2019,36,train
-20.58915,-1.4894845,0.12991828,-2.3557725,-2.091298,29 Monte Plata,2019,37,train
-14.882062,0.45373708,12.257488,-8.932838,8.660711,29 Monte Plata,2019,38,train
-15.650149,0.76546943,1.3848808,-4.6039534,1.2595818,29 Monte Plata,2019,39,train
-15.644495,1.2264618,-0.35436007,-2.5133061,3.385445,29 Monte Plata,2019,40,train
-21.019089,2.2622476,-3.7602158,-1.1643553,4.881634,29 Monte Plata,2019,41,train
-23.29351,3.4054704,-5.582704,-0.7219582,6.2999763,29 Monte Plata,2019,42,train
-13.654502,3.8357718,-0.950311,-4.238775,6.5587473,29 Monte Plata,2019,43,train
-18.193514,6.557244,-5.074875,-0.32181224,7.632122,29 Monte Plata,2019,44,train
-15.387139,7.719695,-4.5847654,-1.2919792,7.9473233,29 Monte Plata,2019,45,train
-13.160074,8.416981,-3.8930585,-2.233714,8.226354,29 Monte Plata,2019,46,train
-16.898596,13.118674,-8.933207,-2.5604002,11.403379,29 Monte Plata,2019,47,train
-16.138693,15.114781,-9.712864,-2.965063,12.047855,29 Monte Plata,2019,48,train
-1.2090806,14.515855,-2.334142,-3.946158,7.3707237,29 Monte Plata,2019,49,train
-0.56871897,11.684003,1.4237705,-3.9368076,7.216998,29 Monte Plata,2019,50,train
0.63115925,15.383572,-2.8509026,-4.6436234,7.556456,29 Monte Plata,2019,51,train
-0.46749204,20.802948,2.5096905,15.485194,2.078023,29 Monte Plata,2019,52,train
1.7848644,19.724676,1.0722753,13.941557,3.1284359,29 Monte Plata,2020,1,val
5.100762,18.986336,1.4140414,12.288899,1.6327958,29 Monte Plata,2020,2,val
7.997713,17.303467,3.2660358,12.391452,-1.2023122,29 Monte Plata,2020,3,val
7.2169714,15.203684,6.689573,17.980677,-3.762983,29 Monte Plata,2020,4,val
11.673504,14.5647135,-2.6604018,-8.201988,2.7190034,29 Monte Plata,2020,5,val
11.356037,13.352099,-0.70572466,-7.179976,0.22158392,29 Monte Plata,2020,6,val
12.408786,12.8129425,-0.3203078,-9.656248,-1.2715604,29 Monte Plata,2020,7,val
11.436476,8.99376,0.26587915,-9.136863,-0.90904707,29 Monte Plata,2020,8,val
16.481665,10.031178,-0.04495228,-12.791464,-3.9978142,29 Monte Plata,2020,9,val
16.147419,-0.68966746,-1.8783026,-7.3101106,1.2448049,29 Monte Plata,2020,10,val
15.382919,-3.137338,-0.32653594,-9.006417,2.185534,29 Monte Plata,2020,11,val
19.877068,-2.2098808,-0.3207474,-7.900675,-2.0328078,29 Monte Plata,2020,12,val
18.804033,-8.276666,-0.714353,-7.687039,-1.6847255,29 Monte Plata,2020,13,val
22.472075,-14.936696,-1.8592154,-2.4405801,-1.7444167,29 Monte Plata,2020,14,val
17.226057,-17.08233,-1.6205329,0.0738008,-1.9330518,29 Monte Plata,2020,15,val
19.44774,-18.643383,-1.2256829,-0.04135023,-4.3919597,29 Monte Plata,2020,16,val
20.209366,-18.680305,-0.99899507,2.6324286,-6.023004,29 Monte Plata,2020,17,val
19.04978,-19.603998,-0.94153595,1.8328409,-5.7839026,29 Monte Plata,2020,18,val
14.720139,-18.202988,-1.0839888,2.867515,-2.4972987,29 Monte Plata,2020,19,val
3.907442,-24.567703,-4.283291,0.3886916,0.7467653,29 Monte Plata,2020,20,val
0.92632806,-24.382874,-4.9314146,1.0183828,1.0032923,29 Monte Plata,2020,21,val
-0.9380805,-21.510347,-3.8747792,-0.3043827,2.601778,29 Monte Plata,2020,22,val
-4.401214,-24.71755,-4.429465,0.43194696,-1.9218007,29 Monte Plata,2020,23,val
-6.4581003,-25.077085,-4.660551,1.1422901,-1.8823022,29 Monte Plata,2020,24,val
-7.617306,-22.598198,-3.9263105,2.4277742,-1.1249201,29 Monte Plata,2020,25,val
-13.887059,-20.514082,-4.428888,2.4382732,-3.5497394,29 Monte Plata,2020,26,val
-8.35851,-11.442196,2.4585156,27.95994,-1.5924472,29 Monte Plata,2020,27,val
-8.966087,-11.217722,2.401763,27.59606,-1.4808201,29 Monte Plata,2020,28,val
-11.997936,-11.240342,2.5445652,30.597248,-2.2331865,29 Monte Plata,2020,29,val
-13.408232,-9.845725,2.4259315,30.296242,-1.6449271,29 Monte Plata,2020,30,val
-0.12199064,-12.889441,10.800374,23.133364,13.50602,29 Monte Plata,2020,31,val
-9.906898,-20.599073,-2.93024,29.214989,4.9776506,29 Monte Plata,2020,32,val
-15.552135,-16.300312,-4.145708,28.101698,5.9916654,29 Monte Plata,2020,33,val
-2.4620683,-16.213593,23.029573,27.862867,27.08104,29 Monte Plata,2020,34,val
-9.620263,-22.742182,-8.381948,9.739592,10.651712,29 Monte Plata,2020,35,val
-9.9681425,-12.372451,-4.471087,2.9145422,10.074282,29 Monte Plata,2020,36,val
-11.034424,-16.657778,-6.943477,5.406621,10.329022,29 Monte Plata,2020,37,val
-11.788156,-17.303879,-7.8841915,7.9337378,11.013724,29 Monte Plata,2020,38,val
-13.207802,-16.11391,-9.190847,8.128386,12.254354,29 Monte Plata,2020,39,val
-13.1441,-8.303388,-5.910261,-0.47408158,11.840952,29 Monte Plata,2020,40,val
-15.237988,-9.512444,-10.586488,3.438083,15.031678,29 Monte Plata,2020,41,val
-10.2424755,-6.000702,-5.392896,2.459703,12.279896,29 Monte Plata,2020,42,val
-12.865099,-6.2033367,-10.376757,5.6954136,15.612978,29 Monte Plata,2020,43,val
-9.898581,-3.5659735,-8.082554,4.9757967,14.155102,29 Monte Plata,2020,44,val
-5.605515,-3.6229517,4.809656,-1.6998503,20.511168,29 Monte Plata,2020,45,val
-4.3343463,-5.841408,0.68580014,-0.9861673,22.78597,29 Monte Plata,2020,46,val
-5.0816035,-1.174206,-8.615271,2.13714,17.460535,29 Monte Plata,2020,47,val
-5.9686484,0.3194704,-12.5653,3.6296287,20.322157,29 Monte Plata,2020,48,val
14.572866,-1.5185636,-13.227658,8.764333,23.451885,29 Monte Plata,2020,49,val
13.149265,-4.5192285,-10.354598,8.363054,22.897484,29 Monte Plata,2020,50,val
13.904487,-3.7492087,-10.96336,8.777398,22.417059,29 Monte Plata,2020,51,val
13.17543,-1.3703834,-7.2082057,21.498241,17.751078,29 Monte Plata,2020,52,val
17.556444,1.7202957,-10.474983,30.740965,20.760265,29 Monte Plata,2021,1,val
19.214033,-2.7749825,-9.885756,25.951536,19.177729,29 Monte Plata,2021,2,val
20.65051,-4.65661,-8.983172,23.021673,17.040579,29 Monte Plata,2021,3,val
23.304176,-3.1819966,-7.9344325,24.910948,14.26395,29 Monte Plata,2021,4,val
21.295351,-9.417232,-12.43051,10.940188,21.009087,29 Monte Plata,2021,5,val
22.873108,-5.390646,-12.217393,7.604983,17.386135,29 Monte Plata,2021,6,val
24.973135,-6.979185,-13.206025,7.287129,16.875072,29 Monte Plata,2021,7,val
25.61179,-7.0421906,-11.473496,7.256523,14.369058,29 Monte Plata,2021,8,val
27.572496,-9.293191,-12.093439,5.4986687,13.987779,29 Monte Plata,2021,9,val
18.703836,-2.41469,-4.7130547,-5.348247,4.932287,29 Monte Plata,2021,10,val
24.002348,-2.029019,-5.2033963,-7.90337,2.0930097,29 Monte Plata,2021,11,val
16.34857,-3.7497704,-1.068362,-4.3434796,1.1146574,29 Monte Plata,2021,12,val
20.037207,-9.180875,-2.4452574,-3.3065014,-1.009197,29 Monte Plata,2021,13,val
17.339191,-10.446341,-1.6123683,-8.63471,-1.388729,29 Monte Plata,2021,14,val
24.160551,-19.939686,-3.9617229,-5.812836,-4.2663913,29 Monte Plata,2021,15,val
17.979565,-14.728237,-1.140744,-0.20877601,-2.499445,29 Monte Plata,2021,16,val
17.71476,-15.526542,-1.2443838,-3.6329002,-3.5707488,29 Monte Plata,2021,17,val
18.437235,-17.787342,-0.99562633,-1.0177711,-5.7594156,29 Monte Plata,2021,18,val
4.4301147,-22.537163,-4.1989083,-3.0444837,0.3562248,29 Monte Plata,2021,19,val
2.2722554,-20.671803,-3.7548587,-4.5063324,0.9452222,29 Monte Plata,2021,20,val
0.2521805,-19.195736,-1.991858,-3.252745,0.7490405,29 Monte Plata,2021,21,val
-2.0942056,-16.581764,-0.90475994,-4.8654857,1.8148122,29 Monte Plata,2021,22,val
-1.6945174,-15.278077,10.708635,-5.4879518,8.7007265,29 Monte Plata,2021,23,val
-5.508762,-18.289455,-1.53233,0.5978834,-1.6831257,29 Monte Plata,2021,24,val
-8.870911,-13.725093,-0.94294983,-2.8744385,1.1204547,29 Monte Plata,2021,25,val
-12.529255,-16.307703,-3.2929962,-1.1836534,0.35819173,29 Monte Plata,2021,26,val
-9.591902,-13.23081,-0.45849693,34.061398,4.056506,29 Monte Plata,2021,27,val
-10.535453,-6.6801457,1.0194764,33.13453,5.4172583,29 Monte Plata,2021,28,val
-7.8005505,-12.887786,-0.67998725,28.568445,5.5639963,29 Monte Plata,2021,29,val
-10.116188,-10.191404,-0.7081452,30.003208,6.5182557,29 Monte Plata,2021,30,val
-7.736792,-9.953284,0.660727,29.846737,5.0744033,29 Monte Plata,2021,31,val
-4.3577933,-7.969483,16.385342,27.778784,14.42713,29 Monte Plata,2021,32,val
-12.476751,-0.5843601,3.8804545,25.85268,2.9613316,29 Monte Plata,2021,33,val
-15.976031,-11.98509,-0.12800623,23.899908,1.2542888,29 Monte Plata,2021,34,val
-18.625225,-16.507648,-6.477729,5.992709,5.88389,29 Monte Plata,2021,35,val
-12.505113,-15.990736,-7.127879,7.36759,10.039318,29 Monte Plata,2021,36,val
-9.499482,-14.542847,-5.7268815,4.2764745,11.18292,29 Monte Plata,2021,37,val
-12.097328,-15.855397,-7.498492,7.9581423,11.603686,29 Monte Plata,2021,38,val
-13.815238,-13.263193,-8.405625,4.094985,13.147517,29 Monte Plata,2021,39,val
-18.822588,-11.324363,-11.13463,8.068495,14.429663,29 Monte Plata,2021,40,val
-7.5384316,-11.772035,0.77503496,1.1244425,20.471264,29 Monte Plata,2021,41,val
-12.799558,-8.365386,-9.248617,3.7616355,15.302531,29 Monte Plata,2021,42,val
-13.281166,-7.1413145,-11.428535,6.633607,17.476,29 Monte Plata,2021,43,val
-11.686778,-5.6896505,-10.977751,5.4719214,17.159357,29 Monte Plata,2021,44,val
-11.167338,-6.3537636,-13.920014,9.136588,20.598375,29 Monte Plata,2021,45,val
-13.032162,-3.981708,-17.493977,11.961054,23.023022,29 Monte Plata,2021,46,val
-7.106906,-3.9489007,-15.435022,6.7508955,23.561945,29 Monte Plata,2021,47,val
-4.2787147,-2.5367355,-13.726084,7.185128,22.031874,29 Monte Plata,2021,48,val
12.6109495,1.1708728,-13.697688,9.871684,21.993286,29 Monte Plata,2021,49,val
13.452525,0.86227006,-13.761978,7.3737254,23.010138,29 Monte Plata,2021,50,val
13.534482,-1.149503,-13.125762,7.4031057,23.012005,29 Monte Plata,2021,51,val
14.73981,5.6402125,-10.512056,25.162699,19.40012,29 Monte Plata,2021,52,val
3.0374424,12.570348,2.723701,8.310101,-1.8576833,30 Hato Mayor,2015,1,train
5.185208,13.0364685,3.1854873,9.185643,-2.9149761,30 Hato Mayor,2015,2,train
5.769721,13.235812,4.891425,12.6120825,-4.9083543,30 Hato Mayor,2015,3,train
8.126466,14.164656,6.060623,16.270763,-7.1587753,30 Hato Mayor,2015,4,train
4.463635,8.453139,-0.43500394,-7.884623,1.9753716,30 Hato Mayor,2015,5,train
8.573381,7.919127,-2.0823548,-6.2627316,1.5860152,30 Hato Mayor,2015,6,train
6.2512803,5.701197,-0.40532178,-5.423399,1.2764596,30 Hato Mayor,2015,7,train
8.527689,5.4492836,-0.9478103,-7.0974107,-0.080593124,30 Hato Mayor,2015,8,train
11.202557,6.130706,-0.51901793,-5.7286086,-2.6918116,30 Hato Mayor,2015,9,train
11.028956,6.126192,1.1769806,-3.1875613,-4.600027,30 Hato Mayor,2015,10,train
11.381577,5.670521,1.3549653,-4.4175076,-6.163393,30 Hato Mayor,2015,11,train
11.940414,3.1936367,1.6086061,-7.926298,-7.173147,30 Hato Mayor,2015,12,train
10.6798935,0.89261025,2.8216658,-7.3032174,-10.568342,30 Hato Mayor,2015,13,train
12.417419,1.752988,1.3894995,-4.870585,-7.7114577,30 Hato Mayor,2015,14,train
10.336319,1.3737032,1.9498426,-2.9278774,-8.067547,30 Hato Mayor,2015,15,train
10.149779,-1.3728032,2.2444873,-4.9980254,-10.872911,30 Hato Mayor,2015,16,train
8.98962,-2.245231,2.7990031,-3.9407701,-12.08616,30 Hato Mayor,2015,17,train
-0.25970384,-9.100475,2.0768175,-4.965222,-13.894118,30 Hato Mayor,2015,18,train
-3.7775908,-5.0118704,3.4666646,-7.8754125,-18.546942,30 Hato Mayor,2015,19,train
-4.6944914,-2.660775,4.7151184,-6.6993055,-17.505772,30 Hato Mayor,2015,20,train
-4.6881485,-4.642139,2.3386376,-6.830833,-6.8901916,30 Hato Mayor,2015,21,train
-5.2229133,-5.414687,2.2003658,-6.380935,-6.177953,30 Hato Mayor,2015,22,train
-5.1971655,-6.2846375,2.4262538,-3.3284442,-5.818973,30 Hato Mayor,2015,23,train
-7.7657175,-8.656471,0.66506296,-3.5529947,-7.5971074,30 Hato Mayor,2015,24,train
-8.421751,-8.295859,0.42603627,-2.323905,-6.0918636,30 Hato Mayor,2015,25,train
-9.157859,-8.066694,0.3994987,-1.1866903,-5.8748302,30 Hato Mayor,2015,26,train
-5.016736,2.363468,7.6638427,13.4121475,-11.991367,30 Hato Mayor,2015,27,train
-7.1899467,5.798907,9.036533,22.672434,-12.307042,30 Hato Mayor,2015,28,train
-7.5212145,2.1599166,7.9968476,19.272032,-13.391511,30 Hato Mayor,2015,29,train
-8.326029,2.7732956,7.978315,15.49744,-12.686071,30 Hato Mayor,2015,30,train
-9.394301,-0.7610564,6.023582,13.525212,-13.675043,30 Hato Mayor,2015,31,train
-10.220433,5.9047713,9.577464,16.459152,-15.781871,30 Hato Mayor,2015,32,train
-11.611828,3.7949276,8.213514,13.786319,-15.70018,30 Hato Mayor,2015,33,train
-11.0114565,6.6963835,9.601141,15.82399,-15.405685,30 Hato Mayor,2015,34,train
-14.009119,0.17681286,0.80383694,-6.0666265,-5.357065,30 Hato Mayor,2015,35,train
-15.317708,3.3438084,3.35736,-6.5937867,-8.391532,30 Hato Mayor,2015,36,train
-16.485308,3.0632546,2.1844654,-5.6933384,-8.747037,30 Hato Mayor,2015,37,train
-13.899766,5.810988,3.8089745,-7.378633,-6.3253098,30 Hato Mayor,2015,38,train
-15.460407,5.7336774,3.9229887,-6.1663055,-6.752123,30 Hato Mayor,2015,39,train
-17.360254,9.463089,2.8921196,-5.881404,-7.6327696,30 Hato Mayor,2015,40,train
-18.265049,9.840931,1.8376167,-5.570841,-6.2909017,30 Hato Mayor,2015,41,train
-18.02939,11.4316845,1.8948649,-4.394671,-5.2917986,30 Hato Mayor,2015,42,train
-16.100958,10.66642,1.3412696,-8.669585,-2.7948976,30 Hato Mayor,2015,43,train
-13.802623,12.560351,3.139646,-9.088708,-3.5581844,30 Hato Mayor,2015,44,train
-8.466503,8.761152,2.8017988,-5.134503,1.5079447,30 Hato Mayor,2015,45,train
-10.981032,12.179124,-1.1530083,-1.9930694,1.1063247,30 Hato Mayor,2015,46,train
-9.245,14.136992,-2.524319,-4.518864,2.901087,30 Hato Mayor,2015,47,train
-2.8667,16.244528,-1.6403008,-8.212709,2.4632356,30 Hato Mayor,2015,48,train
-2.3773358,13.7964325,-0.8273808,-3.5080345,1.8714942,30 Hato Mayor,2015,49,train
-0.7770936,15.767184,-1.7674866,-3.1163313,2.06444,30 Hato Mayor,2015,50,train
0.018065132,14.534922,-0.53710955,-2.7933671,0.98886025,30 Hato Mayor,2015,51,train
-0.4460853,15.531957,1.9953738,5.9451303,-1.730342,30 Hato Mayor,2015,52,train
-1.6293454,23.22105,8.5612955,9.208677,-10.381612,30 Hato Mayor,2016,1,train
2.5687463,24.655693,7.6359625,9.217894,-11.495947,30 Hato Mayor,2016,2,train
3.5502784,24.513758,8.697437,10.3285475,-14.041193,30 Hato Mayor,2016,3,train
4.0159388,22.77216,9.34393,8.110381,-14.933947,30 Hato Mayor,2016,4,train
1.7565098,19.656939,4.6086774,-8.479696,-9.105707,30 Hato Mayor,2016,5,train
3.7455812,19.236479,4.411584,-8.861118,-10.368275,30 Hato Mayor,2016,6,train
3.0571017,18.830404,5.2544875,-9.1537895,-11.47353,30 Hato Mayor,2016,7,train
4.6789656,19.071049,5.918886,-9.92602,-13.9334545,30 Hato Mayor,2016,8,train
3.3723662,12.843432,5.9532695,-10.035857,-10.395212,30 Hato Mayor,2016,9,train
10.52197,5.7931204,1.2926098,-7.001471,-4.997928,30 Hato Mayor,2016,10,train
9.98959,6.695369,2.4447477,-9.323232,-8.182928,30 Hato Mayor,2016,11,train
10.427822,6.5240617,2.3656874,-9.145588,-10.785944,30 Hato Mayor,2016,12,train
9.383532,5.4775395,3.7492971,-8.190916,-11.261934,30 Hato Mayor,2016,13,train
5.3185883,3.4158638,5.552101,-10.462961,-13.53959,30 Hato Mayor,2016,14,train
7.198561,3.8866453,5.4587955,-9.423758,-15.778263,30 Hato Mayor,2016,15,train
3.3683057,2.8652592,4.8835835,-12.687881,-11.895037,30 Hato Mayor,2016,16,train
1.846449,-1.2509384,16.293528,-8.448493,3.2089465,30 Hato Mayor,2016,17,train
0.5331395,2.172757,5.6794496,-7.594263,-8.197395,30 Hato Mayor,2016,18,train
6.260109,-8.698004,0.45644292,-0.782502,-0.03781926,30 Hato Mayor,2016,19,train
8.144563,-9.307188,-0.39131665,2.7263405,-1.3000178,30 Hato Mayor,2016,20,train
0.99283147,-14.128463,-2.797787,0.03223238,2.7495465,30 Hato Mayor,2016,21,train
-0.51353353,-10.770622,8.574732,-3.759655,6.6661487,30 Hato Mayor,2016,22,train
0.49741295,-16.481346,-4.055231,3.5683362,4.559072,30 Hato Mayor,2016,23,train
-0.8674098,-17.652876,-4.5021286,4.584887,3.2883945,30 Hato Mayor,2016,24,train
-4.8145037,-10.885308,-2.1841347,0.7681673,1.8881253,30 Hato Mayor,2016,25,train
-6.857309,-12.978627,-4.1597133,1.4841135,2.617706,30 Hato Mayor,2016,26,train
-3.9106762,-6.9351482,2.0466712,19.884256,-2.8979466,30 Hato Mayor,2016,27,train
-6.1994963,-5.9599123,2.2607756,21.015915,-3.6151729,30 Hato Mayor,2016,28,train
-5.254937,-6.6106443,2.3078828,20.649555,-3.2963727,30 Hato Mayor,2016,29,train
-7.9870014,-1.8285108,2.720232,20.31104,-2.3296475,30 Hato Mayor,2016,30,train
-8.06963,0.3354484,2.8203502,21.098064,-1.0253911,30 Hato Mayor,2016,31,train
-4.3589206,-7.777817,0.15104659,20.252478,1.2568406,30 Hato Mayor,2016,32,train
-3.345661,-11.397553,-0.2864672,20.58325,0.12401159,30 Hato Mayor,2016,33,train
-1.7399461,-4.6326303,12.285794,21.494127,11.102654,30 Hato Mayor,2016,34,train
-8.087486,-13.72226,-6.713469,5.096177,6.0132747,30 Hato Mayor,2016,35,train
-6.940378,-12.313034,-6.833962,5.2672386,9.041557,30 Hato Mayor,2016,36,train
-5.869957,-12.599281,-6.3012614,5.62107,9.053661,30 Hato Mayor,2016,37,train
-5.593396,-12.98985,-6.702101,6.6064057,9.944644,30 Hato Mayor,2016,38,train
-8.3820915,-8.9377985,-6.840289,6.765806,8.405163,30 Hato Mayor,2016,39,train
-9.759694,-3.7320073,-3.9915242,0.7604818,6.061099,30 Hato Mayor,2016,40,train
-10.460412,-2.7658155,-4.531687,2.3725078,6.967968,30 Hato Mayor,2016,41,train
-8.347681,-2.1253767,-3.8478217,0.9497543,7.479091,30 Hato Mayor,2016,42,train
-8.954182,-1.2738361,-4.800952,1.2380015,8.393085,30 Hato Mayor,2016,43,train
-5.826408,-2.7083974,1.0396897,-4.02807,12.329992,30 Hato Mayor,2016,44,train
-5.81726,-0.080932975,-3.5573475,0.38566124,8.674857,30 Hato Mayor,2016,45,train
-5.344979,0.41380155,-4.408206,-0.88222826,9.8576975,30 Hato Mayor,2016,46,train
-2.9848814,1.5729333,-4.059773,-0.7746944,9.763496,30 Hato Mayor,2016,47,train
3.0084827,5.6292667,-5.229817,0.062450465,9.51672,30 Hato Mayor,2016,48,train
3.3636768,5.4406548,-4.8397193,2.9109743,8.919379,30 Hato Mayor,2016,49,train
4.1649323,6.124755,-6.1974993,2.5353298,9.908655,30 Hato Mayor,2016,50,train
4.583325,5.5967603,-4.7778554,1.7890013,8.317719,30 Hato Mayor,2016,51,train
3.7626898,10.589592,-1.1708329,17.090073,5.149072,30 Hato Mayor,2016,52,train
6.247845,13.629556,-2.9688687,20.303658,5.3096433,30 Hato Mayor,2017,1,train
8.65366,12.990904,-0.9932756,18.795721,1.652953,30 Hato Mayor,2017,2,train
12.113569,16.480976,2.1558409,29.117136,-2.6345925,30 Hato Mayor,2017,3,train
14.451413,12.273335,-0.44992632,22.878357,-2.040086,30 Hato Mayor,2017,4,train
13.506565,5.248881,-8.889195,-0.47526142,7.201828,30 Hato Mayor,2017,5,train
12.840048,5.334524,-6.7278395,-2.194731,4.997506,30 Hato Mayor,2017,6,train
13.071186,2.4809902,-5.7233577,-4.9649453,5.746955,30 Hato Mayor,2017,7,train
16.455849,2.7274904,-6.689602,-5.874012,3.8196266,30 Hato Mayor,2017,8,train
16.600513,3.084037,-5.9277086,-1.535421,0.15126425,30 Hato Mayor,2017,9,train
15.5974455,-1.4982421,-4.8293114,-3.674909,2.755443,30 Hato Mayor,2017,10,train
19.368404,-4.8674126,-6.7200465,-1.1253157,3.1758387,30 Hato Mayor,2017,11,train
16.224636,-6.0041842,-4.3986554,-2.0882556,2.7465873,30 Hato Mayor,2017,12,train
22.193499,-10.908611,-7.0721493,-2.095172,-0.7841822,30 Hato Mayor,2017,13,train
17.947685,-10.404312,-3.2676358,-0.59085286,-6.5626388,30 Hato Mayor,2017,14,train
17.578037,-8.523574,-2.1433475,-1.6539471,-7.3928337,30 Hato Mayor,2017,15,train
10.406222,-7.8983393,-1.096109,-6.688814,-2.6229064,30 Hato Mayor,2017,16,train
8.3494835,-11.49363,3.7573729,-7.4686112,7.7870746,30 Hato Mayor,2017,17,train
9.765082,-11.67967,-0.765387,-2.936739,-2.3937533,30 Hato Mayor,2017,18,train
11.422746,-14.042643,-1.9876369,1.5172799,-0.46596244,30 Hato Mayor,2017,19,train
10.592381,-12.905412,-1.5394448,1.654912,-5.267235,30 Hato Mayor,2017,20,train
12.114491,-15.136595,-2.1146278,5.337317,-5.270597,30 Hato Mayor,2017,21,train
-2.2934337,-16.181076,-4.7755384,-2.7137632,-0.8916348,30 Hato Mayor,2017,22,train
-3.444387,-18.749012,-5.169363,1.5712104,-3.6384075,30 Hato Mayor,2017,23,train
-7.1586742,-15.969486,-4.7244534,-0.6326468,-4.57878,30 Hato Mayor,2017,24,train
-8.759721,-15.385468,-4.7691126,0.32564318,-3.7063262,30 Hato Mayor,2017,25,train
-9.041329,-13.873674,-3.9786243,1.4116824,-2.5064883,30 Hato Mayor,2017,26,train
-7.9787073,-10.945308,-1.1415966,22.674429,-2.5955555,30 Hato Mayor,2017,27,train
-7.1561384,-4.7857594,1.6765186,25.4292,-0.8294001,30 Hato Mayor,2017,28,train
-6.899648,-9.044248,-0.30661684,21.240044,-1.4451557,30 Hato Mayor,2017,29,train
-8.77546,-10.398663,-1.728769,25.235275,0.77291113,30 Hato Mayor,2017,30,train
-10.8405695,-10.664975,-2.7186403,20.81479,-0.5220134,30 Hato Mayor,2017,31,train
-10.7628565,-6.7512403,-0.38444856,25.368605,-1.2976872,30 Hato Mayor,2017,32,train
-10.369475,-4.5732484,-0.15712819,19.613314,-0.22320443,30 Hato Mayor,2017,33,train
-5.1231375,-4.368695,2.1723254,21.994522,-1.4650373,30 Hato Mayor,2017,34,train
-11.237463,-13.454446,-7.3307304,4.71436,4.0557847,30 Hato Mayor,2017,35,train
-9.6229925,-8.404795,-4.880652,2.0316918,5.036602,30 Hato Mayor,2017,36,train
-9.399525,-10.117363,-5.7105427,1.4048305,6.993293,30 Hato Mayor,2017,37,train
-5.654684,-8.796121,10.475521,-3.287395,15.6029825,30 Hato Mayor,2017,38,train
-10.835789,-8.532835,-6.7169347,2.5116074,7.720617,30 Hato Mayor,2017,39,train
-7.325895,-7.9431124,-5.3707366,1.783377,9.972023,30 Hato Mayor,2017,40,train
-8.155181,-8.494205,-7.7879286,1.9012687,11.698778,30 Hato Mayor,2017,41,train
-9.717867,-5.527768,-9.060175,6.7815776,10.717703,30 Hato Mayor,2017,42,train
-8.181683,-5.919569,-9.376757,4.839537,12.948955,30 Hato Mayor,2017,43,train
-8.012029,-5.7375617,-10.607953,5.209175,14.167459,30 Hato Mayor,2017,44,train
-2.1178253,-0.5999622,7.3058667,0.33435646,14.625883,30 Hato Mayor,2017,45,train
-1.3692908,-1.4946567,7.743442,-2.2469633,19.247158,30 Hato Mayor,2017,46,train
-3.5658436,-3.218557,-11.643937,1.6125816,16.926136,30 Hato Mayor,2017,47,train
-2.833036,-2.1806028,-12.917337,5.6448607,17.352692,30 Hato Mayor,2017,48,train
-6.899549,6.195481,-11.463606,1.7820985,13.385932,30 Hato Mayor,2017,49,train
-6.2688103,6.753458,-13.763228,-1.4204609,15.653954,30 Hato Mayor,2017,50,train
-3.7283165,7.925992,-9.973945,4.6728454,11.764892,30 Hato Mayor,2017,51,train
-6.349172,9.956561,-5.141418,19.28905,7.584203,30 Hato Mayor,2017,52,train
-0.55292356,2.814626,-4.799016,23.626099,10.6305,30 Hato Mayor,2018,1,train
0.7633713,1.7905419,-4.8442726,20.927633,10.142627,30 Hato Mayor,2018,2,train
1.2581898,0.4478991,-4.6259923,22.749256,9.981331,30 Hato Mayor,2018,3,train
1.1523767,0.57214135,-5.053962,24.293427,9.050918,30 Hato Mayor,2018,4,train
14.729544,0.733303,-8.938228,2.1966913,10.516538,30 Hato Mayor,2018,5,train
11.248258,6.0216274,-3.2114182,-1.7565396,2.1966977,30 Hato Mayor,2018,6,train
11.891255,5.086241,-2.5828822,-2.3887355,1.5409888,30 Hato Mayor,2018,7,train
15.245324,5.0449862,-4.516092,-5.7243695,0.33855975,30 Hato Mayor,2018,8,train
17.886929,3.1967952,-6.869554,-14.400892,1.2724061,30 Hato Mayor,2018,9,train
21.25389,-5.422228,-8.483963,-0.38417202,5.781644,30 Hato Mayor,2018,10,train
21.285896,-7.6954675,-8.686968,2.858572,5.37173,30 Hato Mayor,2018,11,train
18.463097,-7.1979585,-5.898503,2.0082219,4.245129,30 Hato Mayor,2018,12,train
18.325203,-2.994303,-2.7700632,-2.1552536,-1.504228,30 Hato Mayor,2018,13,train
15.271364,-5.735834,-0.82091004,-8.169632,-9.843062,30 Hato Mayor,2018,14,train
14.131377,-4.7133436,-0.52936465,-5.3196244,-9.193754,30 Hato Mayor,2018,15,train
12.045802,-5.491388,0.34065428,-5.0586834,-8.198936,30 Hato Mayor,2018,16,train
12.201545,-6.5901184,0.20556457,-4.376419,-10.109941,30 Hato Mayor,2018,17,train
9.632768,-7.635424,0.46988076,-5.947293,-8.269348,30 Hato Mayor,2018,18,train
10.504436,-7.330353,0.73665756,-3.8441138,-11.232622,30 Hato Mayor,2018,19,train
7.606142,-4.9634676,1.6666546,-1.5656645,-7.8084955,30 Hato Mayor,2018,20,train
8.7317,-8.878314,1.4503354,-1.5303211,-13.227933,30 Hato Mayor,2018,21,train
6.8307724,-6.9094906,2.5869873,0.018384058,-10.227021,30 Hato Mayor,2018,22,train
-5.393226,-13.386765,-1.5034056,-3.1304398,-9.050366,30 Hato Mayor,2018,23,train
-6.934074,-13.488169,-1.7091645,-2.8207662,-8.305405,30 Hato Mayor,2018,24,train
-9.537796,-10.327953,-3.0596008,-5.9046855,-1.542643,30 Hato Mayor,2018,25,train
-10.456778,-12.343462,-2.609288,-1.1627598,-6.385375,30 Hato Mayor,2018,26,train
-12.436147,-4.384124,2.944156,21.8179,-9.944801,30 Hato Mayor,2018,27,train
-13.440384,0.05334716,3.3567586,24.08925,-6.06183,30 Hato Mayor,2018,28,train
-12.1639595,-2.857552,3.1686976,18.753736,-6.2457185,30 Hato Mayor,2018,29,train
-15.783114,-2.9165897,2.5054939,23.312494,-7.661311,30 Hato Mayor,2018,30,train
-10.969025,-3.7681646,3.7156153,20.191015,-8.920584,30 Hato Mayor,2018,31,train
-16.832996,-1.0440601,2.887049,25.45799,-8.389997,30 Hato Mayor,2018,32,train
-12.135089,0.6020421,4.803976,24.264132,-8.125746,30 Hato Mayor,2018,33,train
-11.2421,-1.0101012,5.1379633,22.65004,-9.66133,30 Hato Mayor,2018,34,train
-14.310742,-6.055667,-4.1834507,-1.8258889,2.2760344,30 Hato Mayor,2018,35,train
-13.594204,-6.5136356,-2.1108513,-3.07942,-0.7315016,30 Hato Mayor,2018,36,train
-13.083926,-5.5487947,-2.3227222,-2.348123,-0.18618108,30 Hato Mayor,2018,37,train
-15.337051,-5.2447205,-3.5255642,-1.040457,0.36960566,30 Hato Mayor,2018,38,train
-13.804061,-4.6431804,-2.40504,-0.28795862,-0.0026360918,30 Hato Mayor,2018,39,train
-14.916145,-3.5230715,-5.692613,-5.416757,6.6087036,30 Hato Mayor,2018,40,train
-11.693895,-1.6094123,-4.1159477,-4.074674,6.353123,30 Hato Mayor,2018,41,train
-12.214264,2.033824,-4.2065907,1.6235081,5.217891,30 Hato Mayor,2018,42,train
-13.900672,2.7184963,-5.3006144,1.1585224,6.4732313,30 Hato Mayor,2018,43,train
-15.1916,3.5875754,-8.482962,-1.0830384,8.274702,30 Hato Mayor,2018,44,train
-9.896487,4.7260857,-4.7887683,-0.53200567,6.9939513,30 Hato Mayor,2018,45,train
-8.814552,5.4130917,-4.774704,-0.5423986,6.938969,30 Hato Mayor,2018,46,train
-9.815519,8.0603485,-7.350241,-0.9535272,8.993545,30 Hato Mayor,2018,47,train
-10.214794,10.043307,-9.73137,-1.8621366,10.26927,30 Hato Mayor,2018,48,train
-7.547986,10.236085,-8.8737955,0.8796558,9.368876,30 Hato Mayor,2018,49,train
-5.778672,10.557154,-8.987885,-1.6646476,10.391408,30 Hato Mayor,2018,50,train
4.1649117,14.098397,-7.9471974,-3.0748436,8.582136,30 Hato Mayor,2018,51,train
4.998199,14.386433,-2.2011106,9.485488,2.6265345,30 Hato Mayor,2018,52,train
6.6876593,16.622807,-1.3245322,11.44156,0.27827385,30 Hato Mayor,2019,1,train
5.390482,19.153822,3.5436807,24.092607,-3.3235378,30 Hato Mayor,2019,2,train
9.550857,16.713531,4.2036686,20.863293,-5.3017535,30 Hato Mayor,2019,3,train
11.443446,15.44819,3.759198,18.555714,-6.8450913,30 Hato Mayor,2019,4,train
10.34816,11.027869,-5.124627,-7.4707866,2.931354,30 Hato Mayor,2019,5,train
9.290206,12.663215,-1.2643279,-7.525324,-1.7903116,30 Hato Mayor,2019,6,train
9.267826,11.030615,-0.6224395,-8.463643,-2.978079,30 Hato Mayor,2019,7,train
10.349964,10.520845,-0.0117798215,-7.2214136,-4.7171216,30 Hato Mayor,2019,8,train
13.03819,11.7626705,-1.4177865,-8.928552,-7.594605,30 Hato Mayor,2019,9,train
14.962626,7.115527,-3.0517714,-10.065605,-5.308593,30 Hato Mayor,2019,10,train
16.1387,4.488249,-1.5166585,-9.356425,-6.0967107,30 Hato Mayor,2019,11,train
15.811201,1.5453206,-0.69822377,-12.926498,-10.207162,30 Hato Mayor,2019,12,train
7.1632686,-0.1722273,2.5180962,-8.997603,-5.4747696,30 Hato Mayor,2019,13,train
13.3862295,-1.9919379,0.31650773,-7.859316,-10.03434,30 Hato Mayor,2019,14,train
13.423656,-1.9311711,0.8857372,-6.1921134,-11.112886,30 Hato Mayor,2019,15,train
14.61659,-2.4389908,0.8863478,-4.6689878,-13.87576,30 Hato Mayor,2019,16,train
12.852443,-8.226858,0.27679086,-11.813129,-13.583665,30 Hato Mayor,2019,17,train
9.83131,-6.4124355,0.70665705,-6.777103,-11.725213,30 Hato Mayor,2019,18,train
6.3776746,-4.6059775,2.5999508,-6.797244,-10.987421,30 Hato Mayor,2019,19,train
5.422902,-4.893444,3.288116,-4.278271,-13.692348,30 Hato Mayor,2019,20,train
-4.861916,-7.005449,0.57745016,-9.327307,-4.067431,30 Hato Mayor,2019,21,train
-5.2874446,-8.018138,7.1109543,-12.510684,3.3900135,30 Hato Mayor,2019,22,train
-7.1013255,-5.6499557,1.5101149,-6.119022,-5.6306825,30 Hato Mayor,2019,23,train
-9.10812,-7.784373,0.48038307,-4.319045,-8.580168,30 Hato Mayor,2019,24,train
-11.407429,-8.18896,-0.9666599,-3.6395686,-8.619433,30 Hato Mayor,2019,25,train
-13.877663,-7.770281,-1.6904445,-2.791671,-6.843857,30 Hato Mayor,2019,26,train
-14.582139,0.6045947,5.4211373,26.161018,-13.047937,30 Hato Mayor,2019,27,train
-13.615137,4.316637,6.2018914,20.788256,-11.305097,30 Hato Mayor,2019,28,train
-13.945784,3.0786881,5.581956,18.95451,-11.241464,30 Hato Mayor,2019,29,train
-18.141703,1.6586431,3.3904824,16.769236,-11.086343,30 Hato Mayor,2019,30,train
-1.350228,-9.276824,10.675871,18.119308,11.38862,30 Hato Mayor,2019,31,train
-14.651383,5.4051304,4.9701023,19.20536,-7.287813,30 Hato Mayor,2019,32,train
-16.409666,2.0231912,2.813999,17.131872,-6.435906,30 Hato Mayor,2019,33,train
-14.455107,6.0509453,4.5981236,17.591282,-6.0710497,30 Hato Mayor,2019,34,train
-19.345245,-1.812473,-3.137535,0.40133277,-2.328601,30 Hato Mayor,2019,35,train
-19.150219,-0.37868,-2.549578,-2.8935134,-2.7739177,30 Hato Mayor,2019,36,train
-16.382095,-0.27324137,-0.7631656,-2.0339274,-3.2356694,30 Hato Mayor,2019,37,train
-13.128741,1.6507882,12.947573,-9.891493,7.048661,30 Hato Mayor,2019,38,train
-14.850363,0.8066629,-0.76421297,-5.466483,0.20325267,30 Hato Mayor,2019,39,train
-13.775195,0.6633914,-1.5832126,-4.6134143,2.4037063,30 Hato Mayor,2019,40,train
-18.657452,2.3834746,-5.323098,-1.2264849,2.8506649,30 Hato Mayor,2019,41,train
-18.711143,2.9418497,-6.3432946,-2.0822182,4.0093117,30 Hato Mayor,2019,42,train
-11.459733,3.883443,-2.49876,-3.9227517,4.148198,30 Hato Mayor,2019,43,train
-15.057738,6.723271,-6.1420846,-0.115754545,4.7191105,30 Hato Mayor,2019,44,train
-13.972759,7.169905,-6.5519443,-1.0985684,5.550479,30 Hato Mayor,2019,45,train
-12.769284,7.6412387,-6.296988,-4.017917,7.122119,30 Hato Mayor,2019,46,train
-12.645481,10.52214,-8.084696,-4.0073967,7.7577295,30 Hato Mayor,2019,47,train
-11.707641,12.665518,-8.871271,-3.1034863,7.8712945,30 Hato Mayor,2019,48,train
-1.1982793,12.544914,-3.0603383,-3.4379466,5.1357884,30 Hato Mayor,2019,49,train
-0.54477626,11.660918,-2.2100654,-2.768087,3.874546,30 Hato Mayor,2019,50,train
0.9452802,13.656891,-3.5195785,-1.7915913,4.0423164,30 Hato Mayor,2019,51,train
-1.1254635,18.426563,1.7741381,13.998087,-0.51196986,30 Hato Mayor,2019,52,train
1.5365417,15.805093,0.17478305,10.733623,1.3418108,30 Hato Mayor,2020,1,val
2.8108966,14.929232,1.098268,11.643133,-1.0366528,30 Hato Mayor,2020,2,val
6.0483336,13.763167,2.0943234,12.548142,-2.647111,30 Hato Mayor,2020,3,val
6.0662274,13.786556,4.9005656,16.846252,-4.6225495,30 Hato Mayor,2020,4,val
8.983196,11.454562,-3.955596,-7.3887987,1.835315,30 Hato Mayor,2020,5,val
8.694173,11.160009,-2.4472086,-6.8539553,-0.8120595,30 Hato Mayor,2020,6,val
8.841202,10.117285,-1.055742,-5.9110346,-2.251992,30 Hato Mayor,2020,7,val
10.315255,7.878721,-2.0174925,-8.093342,-1.5731201,30 Hato Mayor,2020,8,val
10.408513,7.563768,-0.48492485,-9.833615,-3.853602,30 Hato Mayor,2020,9,val
13.328947,-0.28073975,-3.1393068,-5.689164,0.55792254,30 Hato Mayor,2020,10,val
11.161685,-2.046888,-1.9103084,-7.3922157,1.0154228,30 Hato Mayor,2020,11,val
14.585374,-1.105492,-1.5452788,-4.69642,-2.2320666,30 Hato Mayor,2020,12,val
14.357742,-5.206588,-1.9260257,-4.974213,-1.8018719,30 Hato Mayor,2020,13,val
19.37277,-12.149085,-3.9513226,-2.0643892,-1.7952032,30 Hato Mayor,2020,14,val
15.543615,-15.677664,-3.7245142,-1.186191,-1.6292036,30 Hato Mayor,2020,15,val
14.998654,-12.836071,-2.938056,0.97182643,-2.9060748,30 Hato Mayor,2020,16,val
16.44347,-13.932765,-3.5278652,2.9387379,-4.943267,30 Hato Mayor,2020,17,val
15.867331,-15.261754,-3.0361717,2.0597782,-5.3787227,30 Hato Mayor,2020,18,val
13.097341,-15.361254,-3.249991,2.541778,-3.3101063,30 Hato Mayor,2020,19,val
12.093576,-14.33931,-2.453487,3.8397763,-2.9306376,30 Hato Mayor,2020,20,val
11.36509,-15.185312,-2.2243097,4.598569,-2.4008832,30 Hato Mayor,2020,21,val
10.526028,-13.968965,-1.0197544,4.992871,-2.6587315,30 Hato Mayor,2020,22,val
10.687855,-14.319101,-0.83652526,6.9818344,-5.687748,30 Hato Mayor,2020,23,val
-6.2821665,-19.920416,-6.636308,-0.41502038,-1.7761277,30 Hato Mayor,2020,24,val
-7.809216,-19.948584,-6.7165146,2.8986337,-4.3876667,30 Hato Mayor,2020,25,val
-10.864328,-15.177306,-6.0141025,2.6912646,-3.9646208,30 Hato Mayor,2020,26,val
-10.064839,-9.06684,-0.9138003,27.211544,-2.718472,30 Hato Mayor,2020,27,val
-8.711739,-10.212433,-0.9411911,24.045055,-2.4034648,30 Hato Mayor,2020,28,val
-7.849005,-10.003391,-0.2569867,24.134602,-3.2997987,30 Hato Mayor,2020,29,val
-9.309239,-10.057241,-0.53817636,21.52015,-3.765743,30 Hato Mayor,2020,30,val
1.2202582,-11.37544,18.295286,17.716698,15.258774,30 Hato Mayor,2020,31,val
-5.642183,-17.476168,-5.5396156,23.417767,4.3384867,30 Hato Mayor,2020,32,val
-10.693776,-13.575347,-6.0601397,22.330309,4.5600257,30 Hato Mayor,2020,33,val
0.8422047,-16.73897,13.230754,19.679949,22.87269,30 Hato Mayor,2020,34,val
-7.718917,-18.692043,-10.115939,9.372201,7.47121,30 Hato Mayor,2020,35,val
-11.916666,-10.38575,-7.9776683,6.1237826,6.0875025,30 Hato Mayor,2020,36,val
-7.676127,-13.400503,-7.0676503,4.7834845,8.3772545,30 Hato Mayor,2020,37,val
-9.529881,-15.394882,-9.712995,6.983194,9.103514,30 Hato Mayor,2020,38,val
-9.841103,-14.3255005,-10.279999,6.943953,9.9846945,30 Hato Mayor,2020,39,val
-11.703069,-7.03969,-7.5895867,0.64726394,8.438849,30 Hato Mayor,2020,40,val
-11.609684,-7.674858,-10.517155,4.147884,10.99642,30 Hato Mayor,2020,41,val
-9.0771885,-5.9778533,-7.909667,2.7922218,10.629337,30 Hato Mayor,2020,42,val
-12.367388,-5.5675554,-12.821358,5.8059015,12.989057,30 Hato Mayor,2020,43,val
-10.3629055,-2.752102,-11.307914,6.5512643,11.57809,30 Hato Mayor,2020,44,val
-3.3480635,-6.63395,3.4875236,-3.6287515,21.243958,30 Hato Mayor,2020,45,val
-1.7858614,-6.249805,-0.78483665,-1.5737839,19.24439,30 Hato Mayor,2020,46,val
-4.1329565,-0.32503414,-9.244239,3.181103,13.753392,30 Hato Mayor,2020,47,val
-3.9717133,0.4650692,-11.614407,1.1767707,15.826184,30 Hato Mayor,2020,48,val
3.2559726,-6.1622057,-17.373089,10.008733,23.142565,30 Hato Mayor,2020,49,val
6.1144466,-8.438283,-14.032387,7.7339787,22.096325,30 Hato Mayor,2020,50,val
5.966162,-7.2559505,-14.721065,9.387274,21.309364,30 Hato Mayor,2020,51,val
3.0763917,-5.032066,-10.782292,25.471642,18.137291,30 Hato Mayor,2020,52,val
4.575745,-4.3469486,-11.948454,31.888239,19.3311,30 Hato Mayor,2021,1,val
5.7673154,-7.8800807,-12.897521,29.012545,19.408981,30 Hato Mayor,2021,2,val
6.532734,-7.705189,-12.371981,28.558924,18.025167,30 Hato Mayor,2021,3,val
6.2664595,-6.510925,-12.4001,31.295765,16.370398,30 Hato Mayor,2021,4,val
11.399927,-15.29666,-18.385319,6.9255066,20.283545,30 Hato Mayor,2021,5,val
9.2956705,-11.932115,-17.455904,2.806252,15.705288,30 Hato Mayor,2021,6,val
9.612145,-12.835249,-19.165586,2.2919662,15.019902,30 Hato Mayor,2021,7,val
9.201995,-13.388988,-17.047033,1.8256049,14.03583,30 Hato Mayor,2021,8,val
10.708851,-16.361814,-18.836689,1.0821356,15.401811,30 Hato Mayor,2021,9,val
4.891446,-8.832976,-11.158917,-10.755758,8.164702,30 Hato Mayor,2021,10,val
6.3447194,-10.819298,-14.447603,-12.822668,6.9986005,30 Hato Mayor,2021,11,val
5.799815,-9.994331,-10.589532,-10.268275,5.775337,30 Hato Mayor,2021,12,val
6.7505755,-12.216573,-11.177572,-8.77915,5.3409677,30 Hato Mayor,2021,13,val
5.8648276,-13.069466,-9.132007,-13.319782,2.5688574,30 Hato Mayor,2021,14,val
8.823139,-20.30326,-10.151025,-7.9945507,2.4082267,30 Hato Mayor,2021,15,val
7.5832,-20.90752,-8.5092945,-4.3731785,-1.15088,30 Hato Mayor,2021,16,val
6.255663,-17.996748,-6.160225,-7.024354,-0.33890355,30 Hato Mayor,2021,17,val
5.9800596,-19.67208,-6.025308,-2.663721,-2.594341,30 Hato Mayor,2021,18,val
3.584576,-18.048166,-6.052538,-3.6049218,-1.6413026,30 Hato Mayor,2021,19,val
2.0272756,-18.209078,-6.3589277,-4.113588,-0.4579782,30 Hato Mayor,2021,20,val
1.039119,-17.311152,-5.086478,-1.9335432,-1.5051252,30 Hato Mayor,2021,21,val
-1.0822285,-13.247911,-2.2997437,-1.9472722,-3.1977441,30 Hato Mayor,2021,22,val
-1.6313013,-12.453987,4.1295667,-6.209717,7.6411433,30 Hato Mayor,2021,23,val
-4.9931507,-14.586846,-3.603423,0.6810216,-3.2916293,30 Hato Mayor,2021,24,val
-7.9525037,-11.562151,-3.161947,-2.1258626,-1.1576302,30 Hato Mayor,2021,25,val
-10.634036,-12.427152,-4.6589694,0.2578678,-2.4648318,30 Hato Mayor,2021,26,val
-4.851871,-13.480775,-2.8134809,24.423841,0.9400728,30 Hato Mayor,2021,27,val
-8.358696,-6.6598964,-1.8208091,26.629904,3.2520006,30 Hato Mayor,2021,28,val
-6.233441,-12.192186,-3.5920482,23.874126,4.538749,30 Hato Mayor,2021,29,val
-9.374792,-9.782703,-3.6559587,26.187965,4.6397867,30 Hato Mayor,2021,30,val
-5.151932,-9.616257,-2.0281408,25.338488,4.220462,30 Hato Mayor,2021,31,val
-1.960556,-7.216297,15.851503,20.16834,14.325112,30 Hato Mayor,2021,32,val
-13.129809,-2.3295934,-0.452067,20.979252,0.92521906,30 Hato Mayor,2021,33,val
-11.660724,-10.237249,-2.3566208,19.638847,-1.0122823,30 Hato Mayor,2021,34,val
-15.734001,-13.639749,-8.408797,5.3988414,3.7498362,30 Hato Mayor,2021,35,val
-10.508058,-12.957729,-8.378009,6.2587304,6.792622,30 Hato Mayor,2021,36,val
-7.1435986,-11.849209,-6.0132203,4.23252,8.118077,30 Hato Mayor,2021,37,val
-9.284134,-13.886707,-9.015158,6.584067,9.060211,30 Hato Mayor,2021,38,val
-10.833798,-11.47948,-8.721134,2.3812377,10.291871,30 Hato Mayor,2021,39,val
-11.828737,-7.693059,-9.608486,7.2662992,9.410224,30 Hato Mayor,2021,40,val
-8.840445,-8.110609,-7.3900394,1.2249932,11.201586,30 Hato Mayor,2021,41,val
-11.799897,-7.590291,-11.149097,3.8310978,12.492883,30 Hato Mayor,2021,42,val
-12.645608,-5.8689456,-13.53296,6.9046335,14.210026,30 Hato Mayor,2021,43,val
-9.836984,-4.122323,-11.359328,6.61365,13.541285,30 Hato Mayor,2021,44,val
-10.0452795,-4.6037908,-15.379939,9.325623,16.138365,30 Hato Mayor,2021,45,val
-9.851617,-1.2574984,-17.289162,12.860277,15.648862,30 Hato Mayor,2021,46,val
-6.153358,-2.513447,-16.471533,7.5682507,18.462608,30 Hato Mayor,2021,47,val
7.9383173,3.4098132,-12.3513365,7.594705,15.196004,30 Hato Mayor,2021,48,val
10.353288,2.4706013,-13.454032,10.078757,15.708854,30 Hato Mayor,2021,49,val
9.938055,1.4211932,-10.817638,8.811669,14.700361,30 Hato Mayor,2021,50,val
11.056727,-1.7376134,-12.35411,7.1969805,18.533777,30 Hato Mayor,2021,51,val
12.296315,4.066532,-10.155285,19.25992,14.3051815,30 Hato Mayor,2021,52,val
12.381495,24.344484,2.170128,11.228201,0.55965096,31 San José de Ocoa,2015,1,train
16.578568,26.327667,3.521422,13.74579,-1.3006521,31 San José de Ocoa,2015,2,train
11.365267,17.895414,9.080221,14.569651,-2.6638541,31 San José de Ocoa,2015,3,train
17.382633,21.85144,12.581538,23.115362,-7.2062035,31 San José de Ocoa,2015,4,train
13.199908,14.592068,3.6374106,-9.572283,6.9919167,31 San José de Ocoa,2015,5,train
17.022873,13.299667,-0.0027627575,-8.098639,4.774211,31 San José de Ocoa,2015,6,train
15.053177,10.523618,2.1730175,-8.149924,4.1612506,31 San José de Ocoa,2015,7,train
19.945919,11.491402,0.62266326,-8.430585,0.7376381,31 San José de Ocoa,2015,8,train
21.42735,9.8735285,1.4977918,-5.74276,-2.3169196,31 San José de Ocoa,2015,9,train
24.150627,10.218253,2.1420312,-3.6427345,-5.4644246,31 San José de Ocoa,2015,10,train
27.401628,10.65584,2.6061323,-3.3330529,-8.249584,31 San José de Ocoa,2015,11,train
22.021614,5.4965024,5.0657616,-10.307215,-6.916758,31 San José de Ocoa,2015,12,train
19.418625,3.3231683,5.820489,-8.889214,-8.488325,31 San José de Ocoa,2015,13,train
21.683487,2.217747,4.3447204,-9.395917,-6.862222,31 San José de Ocoa,2015,14,train
20.919067,4.506139,4.4791427,-1.9005321,-9.40056,31 San José de Ocoa,2015,15,train
23.043215,1.2521657,5.4687433,-6.1415715,-13.091419,31 San José de Ocoa,2015,16,train
2.5151126,-15.135709,6.0832715,-11.158465,-13.51054,31 San José de Ocoa,2015,17,train
1.7387885,-18.236147,6.0061197,-12.496297,-16.839811,31 San José de Ocoa,2015,18,train
-2.162556,-12.822128,6.0061507,-14.717997,-17.99435,31 San José de Ocoa,2015,19,train
-4.176483,-14.725316,5.508573,-16.095829,-19.867895,31 San José de Ocoa,2015,20,train
-6.839138,-14.584377,5.3368583,-12.517162,-11.981594,31 San José de Ocoa,2015,21,train
-8.295242,-16.228874,6.2810006,-13.30594,-7.2813144,31 San José de Ocoa,2015,22,train
-7.409069,-13.758477,5.608124,-6.0165534,-7.296907,31 San José de Ocoa,2015,23,train
-12.278556,-16.876621,3.3914762,-7.2816725,-8.974683,31 San José de Ocoa,2015,24,train
-17.076822,-19.036064,0.4327895,-7.838476,-7.384167,31 San José de Ocoa,2015,25,train
-16.762047,-16.596025,1.5954844,-4.242996,-6.69184,31 San José de Ocoa,2015,26,train
-6.859421,-5.7150354,13.027518,24.225677,-22.419832,31 San José de Ocoa,2015,27,train
-7.3342385,-5.2206616,14.160692,27.105457,-22.439123,31 San José de Ocoa,2015,28,train
-8.871836,-2.0860357,16.432037,28.874928,-21.854486,31 San José de Ocoa,2015,29,train
-10.3211565,-4.310323,15.030213,26.106213,-19.790821,31 San José de Ocoa,2015,30,train
-12.7664385,-7.4540787,13.263968,26.051718,-23.121347,31 San José de Ocoa,2015,31,train
-11.068869,0.27682978,16.080603,18.580727,-24.815323,31 San José de Ocoa,2015,32,train
-13.622875,2.9464662,16.96099,19.144026,-25.001816,31 San José de Ocoa,2015,33,train
-15.336094,6.6891656,19.366493,26.300896,-20.080261,31 San José de Ocoa,2015,34,train
-19.938889,-2.9706144,23.300415,-17.88348,5.908645,31 San José de Ocoa,2015,35,train
-21.903042,-1.3934159,9.357727,-9.542995,-7.3272023,31 San José de Ocoa,2015,36,train
-24.208282,-2.3568223,5.6433945,-10.939495,-7.106489,31 San José de Ocoa,2015,37,train
-25.857475,0.57960874,5.9758472,-11.231699,-2.9978733,31 San José de Ocoa,2015,38,train
-20.447752,3.1995583,8.550179,-7.4855185,-2.9043238,31 San José de Ocoa,2015,39,train
-25.8009,8.102416,6.9700656,-11.404237,0.41406852,31 San José de Ocoa,2015,40,train
-26.124254,10.824594,3.5216591,-5.584748,-3.4798567,31 San José de Ocoa,2015,41,train
-30.524656,13.475601,6.1088133,-9.776975,2.4855707,31 San José de Ocoa,2015,42,train
-22.25993,13.659375,6.5951443,-10.200607,2.9128182,31 San José de Ocoa,2015,43,train
-21.950048,17.349209,6.1493855,-8.660907,1.8487463,31 San José de Ocoa,2015,44,train
-18.092049,19.17151,2.2001805,-7.6565075,7.8789754,31 San José de Ocoa,2015,45,train
-17.913357,20.211794,1.1079109,-8.605573,9.3321295,31 San José de Ocoa,2015,46,train
-17.84794,24.532955,-4.2250304,-10.13067,12.262786,31 San José de Ocoa,2015,47,train
-1.5573479,25.902071,1.6597233,-8.53412,8.537089,31 San José de Ocoa,2015,48,train
0.1865699,22.210768,0.8078314,-3.869302,5.339938,31 San José de Ocoa,2015,49,train
2.7452486,22.317467,1.4097488,-5.8970785,6.944513,31 San José de Ocoa,2015,50,train
4.200042,23.9314,1.8874213,-8.2650585,7.7047462,31 San José de Ocoa,2015,51,train
3.9222949,25.73396,2.1204698,6.1857047,0.16115388,31 San José de Ocoa,2015,52,train
6.104999,35.959957,13.337075,18.836035,-6.6202507,31 San José de Ocoa,2016,1,train
11.590924,35.207275,14.25778,21.286884,-9.580383,31 San José de Ocoa,2016,2,train
14.52992,34.93655,13.78737,18.397865,-13.086218,31 San José de Ocoa,2016,3,train
12.036047,27.454475,15.973837,16.815409,-12.638361,31 San José de Ocoa,2016,4,train
12.76701,28.220713,3.763741,-16.335676,-2.025123,31 San José de Ocoa,2016,5,train
12.011269,22.821892,5.7529573,-11.138018,-4.7004466,31 San José de Ocoa,2016,6,train
13.644373,20.925219,5.4655166,-11.702066,-5.794672,31 San José de Ocoa,2016,7,train
15.350957,19.818186,6.997255,-14.262484,-8.550435,31 San José de Ocoa,2016,8,train
10.28543,15.916117,10.75715,-13.947237,-8.604757,31 San José de Ocoa,2016,9,train
26.524155,10.839411,2.4320278,-10.589756,-7.02504,31 San José de Ocoa,2016,10,train
19.030893,8.480818,5.6918144,-12.987227,-7.611261,31 San José de Ocoa,2016,11,train
20.818745,9.607534,5.383431,-9.419271,-11.484825,31 San José de Ocoa,2016,12,train
19.603266,7.5351267,6.636938,-12.663607,-11.831833,31 San José de Ocoa,2016,13,train
10.047445,5.6032434,9.788016,-10.349861,-11.675333,31 San José de Ocoa,2016,14,train
12.804292,5.668195,10.928507,-11.913022,-13.35821,31 San José de Ocoa,2016,15,train
9.359204,3.7863007,10.953853,-13.311213,-10.947784,31 San José de Ocoa,2016,16,train
5.314941,-2.892634,18.695158,-8.943913,1.6985271,31 San José de Ocoa,2016,17,train
3.1304905,0.030085819,10.185051,-7.9677243,-6.5313926,31 San José de Ocoa,2016,18,train
8.71856,-7.5797863,4.7798505,-2.537002,-1.9192421,31 San José de Ocoa,2016,19,train
2.2140117,-18.624172,3.2508626,-3.2550554,-3.0890515,31 San José de Ocoa,2016,20,train
-0.56321055,-17.083136,4.90673,-4.807376,-1.6894077,31 San José de Ocoa,2016,21,train
-2.8782744,-15.001038,5.293321,-4.756791,0.5623592,31 San José de Ocoa,2016,22,train
-4.8453684,-22.439512,1.8375325,-1.8837833,2.454964,31 San José de Ocoa,2016,23,train
-7.8584757,-26.15938,-1.6897395,0.051660355,-0.47507027,31 San José de Ocoa,2016,24,train
-14.341068,-20.246283,-0.36875162,-4.376288,1.6553289,31 San José de Ocoa,2016,25,train
-15.463236,-19.813509,-0.4721857,-2.8777015,1.7586746,31 San José de Ocoa,2016,26,train
-4.5504293,-11.609747,9.350848,26.7002,-14.632201,31 San José de Ocoa,2016,27,train
-6.0178437,-12.3427515,9.675632,28.50529,-15.584225,31 San José de Ocoa,2016,28,train
-9.004096,-8.202301,11.050552,31.374031,-10.9329195,31 San José de Ocoa,2016,29,train
-8.677827,-9.550039,9.289967,28.771835,-12.173971,31 San José de Ocoa,2016,30,train
-11.2202835,-5.3306556,10.633228,31.53185,-7.5862827,31 San José de Ocoa,2016,31,train
-11.023076,-11.166439,7.5509353,31.057934,-7.7227983,31 San José de Ocoa,2016,32,train
-9.292516,-17.449091,7.5841007,30.761286,-12.698501,31 San José de Ocoa,2016,33,train
-7.1960206,-5.8198195,16.299149,32.394737,14.02835,31 San José de Ocoa,2016,34,train
-20.407938,-19.815643,-4.4246545,1.3814623,3.9967713,31 San José de Ocoa,2016,35,train
-21.011156,-18.152964,-6.934748,3.0509682,9.472235,31 San José de Ocoa,2016,36,train
-19.29766,-20.421852,-6.0926943,3.8155253,8.262494,31 San José de Ocoa,2016,37,train
-16.655336,-16.603271,-4.4869227,4.6857004,10.532027,31 San José de Ocoa,2016,38,train
-20.249077,-9.661852,-6.624403,8.59696,10.410868,31 San José de Ocoa,2016,39,train
-15.111779,-8.553361,18.687914,-9.306018,25.827871,31 San José de Ocoa,2016,40,train
-18.491837,-3.487928,-3.350621,1.5126103,14.324794,31 San José de Ocoa,2016,41,train
-16.925858,-2.0424292,-4.18403,0.5980986,15.511073,31 San José de Ocoa,2016,42,train
-16.563763,0.15370579,-4.5278006,2.445091,15.807102,31 San José de Ocoa,2016,43,train
-17.075443,-3.9924726,0.4944179,-8.642369,25.558483,31 San José de Ocoa,2016,44,train
-11.269232,-1.2370446,4.919254,-4.604072,21.570726,31 San José de Ocoa,2016,45,train
-10.588173,0.1200702,2.9825122,-5.558964,22.159632,31 San José de Ocoa,2016,46,train
-7.4482603,8.482257,-6.8721757,1.45301,19.130066,31 San José de Ocoa,2016,47,train
-11.054034,8.7072935,-10.200564,-1.670678,23.025988,31 San José de Ocoa,2016,48,train
-9.134351,10.166539,-14.260164,-0.7810643,25.550348,31 San José de Ocoa,2016,49,train
-6.470496,11.572063,-11.392185,3.155475,21.93204,31 San José de Ocoa,2016,50,train
-6.345884,13.280617,-12.196263,4.0335093,21.10905,31 San José de Ocoa,2016,51,train
9.680511,17.789883,-0.48724988,16.43886,7.8434987,31 San José de Ocoa,2016,52,train
16.598982,23.9822,-1.0446426,20.055357,7.5195885,31 San José de Ocoa,2017,1,train
19.234076,21.093117,-0.19859402,15.887035,3.465554,31 San José de Ocoa,2017,2,train
30.787983,31.675468,6.132369,37.764256,-3.761913,31 San José de Ocoa,2017,3,train
27.25346,24.65142,8.40115,41.156967,-4.0086756,31 San José de Ocoa,2017,4,train
24.537296,14.441541,-6.683681,-2.211032,10.703574,31 San José de Ocoa,2017,5,train
24.65149,12.903336,-6.548899,-6.5336742,9.760174,31 San José de Ocoa,2017,6,train
23.153559,8.992824,-2.7706895,-9.243564,9.524899,31 San José de Ocoa,2017,7,train
26.898312,6.569722,-3.82635,-12.9754305,8.368014,31 San José de Ocoa,2017,8,train
29.229864,10.795394,-0.24820158,0.44929054,-2.0343075,31 San José de Ocoa,2017,9,train
29.740423,6.711293,-0.52172476,-4.3153005,-2.3423026,31 San José de Ocoa,2017,10,train
28.018955,2.6624122,-0.00081469456,-4.317507,-1.809498,31 San José de Ocoa,2017,11,train
23.234337,-0.98006314,3.2128398,-8.235894,-0.32488003,31 San José de Ocoa,2017,12,train
29.136414,-2.2812026,1.1830841,-7.771511,-3.4459949,31 San José de Ocoa,2017,13,train
27.811451,-9.475708,1.2738955,-8.664197,-9.096648,31 San José de Ocoa,2017,14,train
28.119658,-4.813035,2.6458004,-5.9790235,-9.202355,31 San José de Ocoa,2017,15,train
15.946453,-9.742283,11.749151,-13.649386,7.1871934,31 San José de Ocoa,2017,16,train
13.166905,-8.926412,5.027227,-8.281715,-0.892952,31 San José de Ocoa,2017,17,train
16.41401,-8.661244,5.3258314,-5.718214,-3.9241884,31 San José de Ocoa,2017,18,train
17.731686,-11.321629,5.4964223,-5.6323905,-4.6566763,31 San José de Ocoa,2017,19,train
1.0930585,-20.605686,0.88675636,-9.725639,-4.803099,31 San José de Ocoa,2017,20,train
-0.95974684,-30.410292,-0.95229405,-6.528156,-10.591295,31 San José de Ocoa,2017,21,train
-3.4233031,-25.547144,0.35242555,-2.9581854,-10.103916,31 San José de Ocoa,2017,22,train
-9.7738495,-31.05189,-2.0748875,-7.5419784,-8.28616,31 San José de Ocoa,2017,23,train
-9.622049,-25.45547,0.18528277,0.7594778,-10.236371,31 San José de Ocoa,2017,24,train
-10.75926,-22.717936,0.49442643,3.0285912,-8.755761,31 San José de Ocoa,2017,25,train
-14.949583,-23.979443,-0.38961998,3.5090785,-7.8263507,31 San José de Ocoa,2017,26,train
-5.062303,-17.194098,8.469569,26.858286,-16.777294,31 San José de Ocoa,2017,27,train
-6.7249084,-9.602039,13.387104,37.31687,-11.369948,31 San José de Ocoa,2017,28,train
-3.1916575,-16.198742,8.395215,23.99509,-16.443039,31 San José de Ocoa,2017,29,train
-4.597426,-18.809444,9.240127,26.012218,-18.099966,31 San José de Ocoa,2017,30,train
-7.5778637,-15.961276,6.5706205,23.695238,-13.992791,31 San José de Ocoa,2017,31,train
-6.624219,-15.620925,10.045958,32.708656,-16.75612,31 San José de Ocoa,2017,32,train
-6.1264215,-13.929911,7.0149693,22.635853,-12.093598,31 San José de Ocoa,2017,33,train
-7.6141357,-12.617353,9.048003,31.390465,-12.993847,31 San José de Ocoa,2017,34,train
-25.802324,-25.286867,-4.855177,3.7592854,-1.1113344,31 San José de Ocoa,2017,35,train
-19.600075,-20.67017,5.100519,-8.336577,23.969963,31 San José de Ocoa,2017,36,train
-18.73888,-15.700485,-1.6301008,-2.296121,10.383769,31 San José de Ocoa,2017,37,train
-21.609917,-13.203278,-3.872111,-2.0344331,13.425669,31 San José de Ocoa,2017,38,train
-24.617373,-15.363871,-8.162691,-3.8577662,15.458184,31 San José de Ocoa,2017,39,train
-22.481318,-12.069277,-8.92365,-1.1874338,19.267242,31 San José de Ocoa,2017,40,train
-19.889961,-10.037345,-9.6089325,-0.14640896,21.156898,31 San José de Ocoa,2017,41,train
-17.695665,-3.070553,-8.6991825,7.1939387,16.559933,31 San José de Ocoa,2017,42,train
-21.407415,-5.471355,-13.837522,0.2602086,25.065144,31 San José de Ocoa,2017,43,train
-19.783714,-1.2124165,-14.439689,3.275836,24.849113,31 San José de Ocoa,2017,44,train
-6.6661243,-2.965777,0.1747738,-4.2977376,29.081717,31 San José de Ocoa,2017,45,train
-5.4072666,-2.2992785,0.061295107,-4.450772,31.58608,31 San José de Ocoa,2017,46,train
-10.025044,1.3095701,-13.594085,-2.5789928,30.799305,31 San José de Ocoa,2017,47,train
-10.369222,3.707572,-16.741606,-0.43961224,31.143032,31 San José de Ocoa,2017,48,train
10.247718,15.930953,-7.08314,-0.46779335,15.046655,31 San José de Ocoa,2017,49,train
14.29563,19.271448,-10.459172,-5.242508,19.360964,31 San José de Ocoa,2017,50,train
15.807455,19.112904,-7.2511096,1.6769078,12.998055,31 San José de Ocoa,2017,51,train
16.804356,26.174278,-3.352281,19.453056,9.601348,31 San José de Ocoa,2017,52,train
12.216506,14.404786,0.40510333,28.628002,13.551299,31 San José de Ocoa,2018,1,train
16.125515,13.131872,-2.314907,20.833687,10.640623,31 San José de Ocoa,2018,2,train
19.567179,12.292596,-1.7488167,15.480696,7.325555,31 San José de Ocoa,2018,3,train
20.902668,11.849959,-1.737858,12.806999,4.6186686,31 San José de Ocoa,2018,4,train
26.142673,12.717706,-6.7434497,1.2634645,10.905893,31 San José de Ocoa,2018,5,train
22.076723,14.500569,-2.2726846,-0.18135501,2.9818883,31 San José de Ocoa,2018,6,train
23.059607,13.434908,-1.3153929,-0.3533815,1.2416866,31 San José de Ocoa,2018,7,train
22.371939,11.438639,-0.07588606,0.7279099,-0.8973661,31 San José de Ocoa,2018,8,train
30.913273,9.8902855,-2.056716,-13.8124,1.7108378,31 San José de Ocoa,2018,9,train
35.363884,0.5796729,-4.7732763,-9.116649,4.6567492,31 San José de Ocoa,2018,10,train
32.86579,-0.34130707,-2.0164704,-5.4768248,1.3249757,31 San José de Ocoa,2018,11,train
28.550274,-3.484312,-0.99143344,-8.840334,2.4598134,31 San José de Ocoa,2018,12,train
35.380062,4.4114976,2.524853,-3.5817707,-9.645459,31 San José de Ocoa,2018,13,train
25.166206,-2.188131,3.5713515,-12.559616,-6.939274,31 San José de Ocoa,2018,14,train
26.236183,1.0106794,3.6018295,-3.2382324,-10.803042,31 San José de Ocoa,2018,15,train
26.197792,-0.4826233,3.5386553,-5.313145,-10.893377,31 San José de Ocoa,2018,16,train
20.175972,-5.338647,4.0764604,-8.046573,-9.748999,31 San José de Ocoa,2018,17,train
3.7987928,-18.73201,0.5903388,-16.640165,-7.0366235,31 San José de Ocoa,2018,18,train
2.7420824,-20.016405,0.18360044,-17.155113,-8.914179,31 San José de Ocoa,2018,19,train
1.7000571,-17.23571,1.8666215,-9.153349,-9.773934,31 San José de Ocoa,2018,20,train
0.16222559,-21.183485,2.7843828,-5.352562,-15.198379,31 San José de Ocoa,2018,21,train
-1.5826277,-20.41801,4.146653,-1.6276956,-15.340229,31 San José de Ocoa,2018,22,train
-7.1108055,-24.185247,2.2870095,-5.244423,-14.823662,31 San José de Ocoa,2018,23,train
-10.78034,-22.66058,1.5611726,-7.2113533,-10.066655,31 San José de Ocoa,2018,24,train
-15.875463,-21.75756,-0.17020659,-11.815359,-2.8272073,31 San José de Ocoa,2018,25,train
-16.282053,-22.220997,0.8634097,-0.9663958,-10.403255,31 San José de Ocoa,2018,26,train
-5.35681,-10.2509575,12.539256,29.894896,-21.436691,31 San José de Ocoa,2018,27,train
-7.674244,-6.296657,12.324333,30.697756,-16.277977,31 San José de Ocoa,2018,28,train
-3.5875149,-7.2178245,13.117698,27.496845,-17.442074,31 San José de Ocoa,2018,29,train
-4.2532716,-9.227986,12.914576,30.110682,-20.890059,31 San José de Ocoa,2018,30,train
-3.301838,-10.726957,12.377345,26.41107,-21.068556,31 San José de Ocoa,2018,31,train
-6.1438203,-11.824492,12.659,26.213371,-22.68257,31 San José de Ocoa,2018,32,train
-4.437302,-8.389054,12.476497,25.99811,-20.202082,31 San José de Ocoa,2018,33,train
-6.700418,-8.995057,12.354838,26.763138,-20.312239,31 San José de Ocoa,2018,34,train
-22.132996,-15.19457,-2.4442163,-1.3762052,-0.826681,31 San José de Ocoa,2018,35,train
-25.805584,-18.300316,-1.845347,-8.317092,-0.9545836,31 San José de Ocoa,2018,36,train
-25.554258,-14.779038,-2.8939133,-9.104387,3.4194381,31 San José de Ocoa,2018,37,train
-21.558651,-13.352704,-0.22195108,0.032580286,-2.5575037,31 San José de Ocoa,2018,38,train
-19.60742,-12.084522,0.5094064,1.3401117,-2.9330947,31 San José de Ocoa,2018,39,train
-29.051096,-5.2183475,-5.552509,-8.359253,17.129019,31 San José de Ocoa,2018,40,train
-21.837858,-1.8741958,-2.3503416,-5.2684875,15.458213,31 San José de Ocoa,2018,41,train
-23.558748,3.1381621,-7.346933,3.47669,12.107849,31 San José de Ocoa,2018,42,train
-26.169638,2.6111798,-9.182353,-4.4835067,17.264605,31 San José de Ocoa,2018,43,train
-23.839983,5.755085,-9.976754,-2.7494483,17.676426,31 San José de Ocoa,2018,44,train
-24.13047,9.238495,-12.069838,-3.0324645,19.502617,31 San José de Ocoa,2018,45,train
-16.58264,10.894033,-7.4573026,1.5226371,15.515986,31 San José de Ocoa,2018,46,train
-20.991053,13.178846,-11.850105,-4.55396,21.918612,31 San José de Ocoa,2018,47,train
9.201046,22.713305,-6.257401,-4.842073,13.333937,31 San José de Ocoa,2018,48,train
12.974042,23.91125,-6.730562,-1.0628533,12.036702,31 San José de Ocoa,2018,49,train
13.577581,24.680809,-7.130259,-1.8342271,12.90956,31 San José de Ocoa,2018,50,train
14.105697,25.553778,-9.077563,-7.53729,16.246372,31 San José de Ocoa,2018,51,train
14.646131,22.84438,-1.7108433,9.6698,4.9560504,31 San José de Ocoa,2018,52,train
18.396677,27.720093,-0.14087357,13.489504,3.5653446,31 San José de Ocoa,2019,1,train
21.211699,31.720083,5.6101794,28.074066,-1.3936518,31 San José de Ocoa,2019,2,train
24.19594,30.961094,9.481466,32.895477,-6.2250986,31 San José de Ocoa,2019,3,train
25.575886,24.539774,6.438508,21.164286,-6.348095,31 San José de Ocoa,2019,4,train
20.324493,18.6479,-2.8897955,-8.710196,5.9760075,31 San José de Ocoa,2019,5,train
20.817888,20.798456,-0.59355074,-12.746276,2.3953106,31 San José de Ocoa,2019,6,train
19.65069,17.543272,1.6861424,-8.86065,-0.5226134,31 San José de Ocoa,2019,7,train
23.218357,17.495598,2.308034,-3.8575416,-4.895248,31 San José de Ocoa,2019,8,train
25.889563,17.52096,1.5273389,-10.733769,-5.514429,31 San José de Ocoa,2019,9,train
29.241856,12.013397,1.3902485,-7.2680807,-5.518945,31 San José de Ocoa,2019,10,train
31.584352,10.044597,2.4675195,-6.971163,-8.238088,31 San José de Ocoa,2019,11,train
28.602983,5.320365,2.739163,-16.149887,-8.105665,31 San José de Ocoa,2019,12,train
16.14794,-0.3529015,8.488024,-11.951845,-2.7301297,31 San José de Ocoa,2019,13,train
22.902424,3.870848,4.0938334,-4.220922,-8.673419,31 San José de Ocoa,2019,14,train
25.238792,-0.63672113,3.4734845,-15.459605,-8.210823,31 San José de Ocoa,2019,15,train
27.739357,2.8295991,4.3535876,-5.3987064,-13.43128,31 San José de Ocoa,2019,16,train
16.51371,-4.1868696,8.441925,-11.312018,-5.2487884,31 San José de Ocoa,2019,17,train
0.9582054,-16.088562,2.2568328,-17.410175,-10.807808,31 San José de Ocoa,2019,18,train
-2.2158856,-15.497507,4.215947,-17.859083,-13.438007,31 San José de Ocoa,2019,19,train
-5.7537537,-17.930534,4.9191513,-17.814148,-13.606923,31 San José de Ocoa,2019,20,train
-6.5789585,-14.799822,6.3979406,-17.09364,-6.5229425,31 San José de Ocoa,2019,21,train
-7.8506737,-16.584457,5.0569577,-15.844919,-3.9769151,31 San José de Ocoa,2019,22,train
-11.693113,-14.452135,6.6333404,-13.058786,-5.172864,31 San José de Ocoa,2019,23,train
-20.894873,-14.452436,4.4931765,-13.776749,-10.757068,31 San José de Ocoa,2019,24,train
-24.053152,-14.725803,3.0933301,-10.157892,-10.687753,31 San José de Ocoa,2019,25,train
-23.271784,-17.094563,0.67781144,-6.7105217,-9.280503,31 San José de Ocoa,2019,26,train
-24.294374,5.603791,17.012753,38.18082,-13.606303,31 San José de Ocoa,2019,27,train
-31.921093,14.652685,15.203839,25.54262,-14.56263,31 San José de Ocoa,2019,28,train
-31.885628,10.043496,11.568024,27.760878,-16.651457,31 San José de Ocoa,2019,29,train
-36.424686,12.809711,11.422645,25.06886,-15.239,31 San José de Ocoa,2019,30,train
-34.838478,17.588602,18.056433,26.119144,-11.805488,31 San José de Ocoa,2019,31,train
-34.670513,17.00105,18.889881,30.411211,-10.479998,31 San José de Ocoa,2019,32,train
-33.38051,10.837509,8.833883,20.44719,-13.047628,31 San José de Ocoa,2019,33,train
-35.43525,14.8790655,12.76449,26.924921,-10.585951,31 San José de Ocoa,2019,34,train
-45.917362,-3.9536552,2.8774095,-9.858777,8.122222,31 San José de Ocoa,2019,35,train
-38.45136,-3.1975067,2.5830524,-11.048274,5.1028,31 San José de Ocoa,2019,36,train
-46.883274,-1.0714848,9.11195,-12.67685,9.48301,31 San José de Ocoa,2019,37,train
-32.843067,-0.7832989,15.121894,-13.087373,16.71337,31 San José de Ocoa,2019,38,train
-28.02093,-0.45836034,3.537468,-8.512319,9.421655,31 San José de Ocoa,2019,39,train
-31.498762,-0.5691792,-0.66541284,-9.20153,14.491376,31 San José de Ocoa,2019,40,train
-31.110292,1.3723085,-6.0210123,-6.724271,12.538765,31 San José de Ocoa,2019,41,train
-28.479624,2.3755095,-3.269915,-9.307997,15.924481,31 San José de Ocoa,2019,42,train
-25.591478,7.855074,-4.32806,-5.6793327,13.30505,31 San José de Ocoa,2019,43,train
-25.838287,12.125671,-8.553457,0.23696698,13.831881,31 San José de Ocoa,2019,44,train
-20.94197,10.612347,-5.5321584,-4.20733,15.150736,31 San José de Ocoa,2019,45,train
-17.448917,10.961248,-3.6033638,-8.479119,18.209965,31 San José de Ocoa,2019,46,train
-16.350775,14.119496,-4.5613365,-12.123966,21.824099,31 San José de Ocoa,2019,47,train
-20.386732,18.494806,-10.53507,-11.190599,22.102217,31 San José de Ocoa,2019,48,train
3.2064512,18.7865,0.6477221,-7.4445558,13.827628,31 San José de Ocoa,2019,49,train
5.755854,19.449192,-1.2693838,-2.3520954,6.593961,31 San José de Ocoa,2019,50,train
7.9620795,19.48391,-0.8269445,-4.948553,8.799003,31 San José de Ocoa,2019,51,train
4.3098125,27.46598,7.1552744,22.153246,3.84976,31 San José de Ocoa,2019,52,train
7.3609133,24.247051,1.9250904,14.12019,4.0471244,31 San José de Ocoa,2020,1,val
11.326458,26.763044,2.3053524,20.377975,1.1908611,31 San José de Ocoa,2020,2,val
13.541298,19.682129,2.605769,13.68717,-0.7317138,31 San José de Ocoa,2020,3,val
8.373235,18.611664,15.143549,26.389448,-1.3015368,31 San José de Ocoa,2020,4,val
17.863045,17.708778,-0.6388773,-12.70316,9.40164,31 San José de Ocoa,2020,5,val
18.85098,17.536156,-1.8115953,-7.5142016,3.1556237,31 San José de Ocoa,2020,6,val
17.898853,15.501223,0.43201256,-4.121268,-0.47347844,31 San José de Ocoa,2020,7,val
16.244997,10.415179,2.999083,-10.364233,2.1381497,31 San José de Ocoa,2020,8,val
17.973995,8.8691025,4.0582314,-9.772839,-0.66076905,31 San José de Ocoa,2020,9,val
23.455362,3.8892214,-0.35732308,-10.820996,0.8168816,31 San José de Ocoa,2020,10,val
25.609562,2.3053815,2.5106192,-14.232447,0.4916325,31 San José de Ocoa,2020,11,val
30.877409,5.402277,2.1231265,-3.7935472,-6.745299,31 San José de Ocoa,2020,12,val
26.48083,-2.7433372,2.5581932,-12.489943,-2.1579,31 San José de Ocoa,2020,13,val
29.419355,-10.005109,1.3640614,-11.861759,-2.7715905,31 San José de Ocoa,2020,14,val
18.969494,-12.14234,3.0900984,-3.1642816,-2.2750425,31 San José de Ocoa,2020,15,val
27.2464,-8.130905,2.0288765,-4.2552824,-8.514696,31 San José de Ocoa,2020,16,val
24.27097,-11.457242,2.185113,-3.2093332,-8.856594,31 San José de Ocoa,2020,17,val
25.013054,-14.535653,1.813796,-5.2576866,-9.889083,31 San José de Ocoa,2020,18,val
19.82912,-11.673577,2.8150501,-0.9748496,-9.609355,31 San José de Ocoa,2020,19,val
2.3496683,-24.97863,0.10769809,-7.5708017,-7.5975704,31 San José de Ocoa,2020,20,val
-1.0478746,-27.384201,-1.1008959,-8.111394,-5.5090055,31 San José de Ocoa,2020,21,val
-5.11142,-29.427664,-1.8041583,-10.988599,-4.087804,31 San José de Ocoa,2020,22,val
-7.198747,-27.768126,-1.3030878,-5.9443264,-6.9951754,31 San José de Ocoa,2020,23,val
-12.428747,-27.608627,-0.67353034,-8.648072,-0.84295946,31 San José de Ocoa,2020,24,val
-13.095047,-25.576488,-1.4796268,-1.7949338,-5.433906,31 San José de Ocoa,2020,25,val
-17.321135,-26.498331,-1.6729171,3.2513423,-8.16378,31 San José de Ocoa,2020,26,val
-7.505669,-12.226699,10.96085,36.37815,-14.430034,31 San José de Ocoa,2020,27,val
-4.549351,-14.174623,10.834607,32.775265,-17.236368,31 San José de Ocoa,2020,28,val
-6.7365937,-15.009962,9.62382,30.374542,-15.9398985,31 San José de Ocoa,2020,29,val
-2.1218355,-15.173272,9.339815,25.278973,-16.583889,31 San José de Ocoa,2020,30,val
-1.3509095,-11.966275,25.521135,29.669424,12.483563,31 San José de Ocoa,2020,31,val
-1.3030218,-18.379929,7.772121,28.14332,-12.42802,31 San José de Ocoa,2020,32,val
-5.455072,-15.062962,6.8467884,30.117544,-9.71457,31 San José de Ocoa,2020,33,val
-5.205567,-13.721806,24.090738,32.987442,22.849586,31 San José de Ocoa,2020,34,val
-18.659775,-24.112587,-5.616754,3.0928257,5.1333184,31 San José de Ocoa,2020,35,val
-20.88867,-16.472408,-4.712734,3.5055573,5.427807,31 San José de Ocoa,2020,36,val
-18.816833,-19.248024,-3.860277,-2.1411517,12.573691,31 San José de Ocoa,2020,37,val
-21.622078,-21.132835,-8.006849,-2.3600996,15.680412,31 San José de Ocoa,2020,38,val
-21.105452,-19.118315,-8.725318,0.0037963893,16.002829,31 San José de Ocoa,2020,39,val
-24.123516,-9.248493,-9.259248,-0.8346274,14.996157,31 San José de Ocoa,2020,40,val
-25.579676,-9.743702,-13.014275,-2.4221063,20.918161,31 San José de Ocoa,2020,41,val
-19.87914,-5.9379845,-9.841459,1.4564662,19.125477,31 San José de Ocoa,2020,42,val
-20.733873,-4.155873,-11.989592,1.5384378,21.981567,31 San José de Ocoa,2020,43,val
-16.034983,4.464175,-10.114261,10.766824,17.282537,31 San José de Ocoa,2020,44,val
-11.836792,-5.0915737,-0.7262087,-6.3157954,32.258095,31 San José de Ocoa,2020,45,val
-9.565896,3.446145,-8.513585,0.7745491,23.489655,31 San José de Ocoa,2020,46,val
-9.95346,5.8598266,-12.813413,1.1635048,25.746235,31 San José de Ocoa,2020,47,val
-14.132326,6.9886417,-19.703444,0.022921635,31.232811,31 San José de Ocoa,2020,48,val
17.19406,6.0649805,-11.836009,5.23142,26.014345,31 San José de Ocoa,2020,49,val
14.541422,2.5260165,-8.818738,4.864539,25.578045,31 San José de Ocoa,2020,50,val
18.702478,8.293622,-11.926824,5.733266,24.472076,31 San José de Ocoa,2020,51,val
16.089724,11.77643,-6.440145,26.777763,18.817598,31 San José de Ocoa,2020,52,val
19.480118,13.392349,-4.7949424,34.396942,19.469116,31 San José de Ocoa,2021,1,val
22.403206,12.311962,-4.978104,32.85268,16.896587,31 San José de Ocoa,2021,2,val
25.075228,8.556125,-6.7834244,23.143715,15.442248,31 San José de Ocoa,2021,3,val
31.199133,9.575777,-5.9978805,26.5829,12.317225,31 San José de Ocoa,2021,4,val
27.556152,2.6843028,-11.725981,5.787352,20.82044,31 San José de Ocoa,2021,5,val
26.496855,7.347967,-7.573845,5.564595,11.843402,31 San José de Ocoa,2021,6,val
31.63991,5.0575223,-9.228483,1.8067567,13.406619,31 San José de Ocoa,2021,7,val
28.504665,4.7449517,-4.0798316,5.382558,5.708004,31 San José de Ocoa,2021,8,val
34.16024,-5.2739596,-8.957026,-3.2995222,13.562646,31 San José de Ocoa,2021,9,val
24.653696,3.18808,-0.39596304,-9.299224,1.4717711,31 San José de Ocoa,2021,10,val
30.614656,3.943923,-0.3755272,-8.193321,-3.365026,31 San José de Ocoa,2021,11,val
24.035007,-1.145169,0.82292545,-11.359855,-1.1881943,31 San José de Ocoa,2021,12,val
23.540287,-1.470156,1.6079059,-6.886222,-4.202685,31 San José de Ocoa,2021,13,val
20.417763,-4.720747,3.0152276,-11.048867,-0.3383582,31 San José de Ocoa,2021,14,val
30.572964,-13.744331,0.46509075,-13.936112,-4.763156,31 San José de Ocoa,2021,15,val
27.449078,-8.297529,1.7138597,-7.6502995,-8.471462,31 San José de Ocoa,2021,16,val
23.338892,-8.27998,2.3743448,-7.564472,-7.306569,31 San José de Ocoa,2021,17,val
5.7805777,-27.089417,-1.2134838,-13.419664,-8.838228,31 San José de Ocoa,2021,18,val
4.602652,-26.637987,-1.334025,-11.03515,-7.341532,31 San José de Ocoa,2021,19,val
2.2157497,-26.840998,-1.2363335,-13.720023,-7.386315,31 San José de Ocoa,2021,20,val
-0.75124,-26.786533,-0.7258502,-9.234832,-9.375624,31 San José de Ocoa,2021,21,val
-2.0785568,-21.825275,0.9781984,-4.158125,-9.161256,31 San José de Ocoa,2021,22,val
-5.6259613,-24.28228,5.96615,-13.984618,10.141721,31 San José de Ocoa,2021,23,val
-10.450387,-24.12404,-0.14020619,-2.3113976,-8.831873,31 San José de Ocoa,2021,24,val
-17.866114,-24.752811,-2.2525578,-12.55968,0.8527165,31 San José de Ocoa,2021,25,val
-17.495615,-20.824207,-2.2576125,-5.772985,-1.7611443,31 San José de Ocoa,2021,26,val
-3.2085612,-13.612253,8.463719,34.30802,-13.061249,31 San José de Ocoa,2021,27,val
-8.535969,-13.318808,6.7989726,30.737103,-12.051731,31 San José de Ocoa,2021,28,val
-13.33416,-13.132078,5.7086525,37.924534,-4.7631807,31 San José de Ocoa,2021,29,val
-15.501991,-13.195038,5.7055717,41.510834,-5.1197042,31 San José de Ocoa,2021,30,val
-7.5187693,-15.851648,7.2764416,32.06224,-11.476865,31 San José de Ocoa,2021,31,val
-5.880894,-8.680416,17.3415,33.09912,11.941302,31 San José de Ocoa,2021,32,val
-4.5006795,-7.5714293,17.089699,28.234047,11.275891,31 San José de Ocoa,2021,33,val
-11.122574,-13.414897,7.631929,29.733515,-13.273576,31 San José de Ocoa,2021,34,val
-28.534636,-21.375713,-6.845999,-3.265288,8.863273,31 San José de Ocoa,2021,35,val
-24.790638,-22.733303,-7.965341,-1.5158395,10.521231,31 San José de Ocoa,2021,36,val
-25.49051,-21.227396,-8.43572,-4.6170526,15.597259,31 San José de Ocoa,2021,37,val
-21.750893,-16.710052,-5.9216447,-0.4632862,16.498217,31 San José de Ocoa,2021,38,val
-20.94382,-14.520743,-5.9038734,-3.2099586,17.765661,31 San José de Ocoa,2021,39,val
-26.618587,-12.800638,-12.631849,-1.050365,19.212692,31 San José de Ocoa,2021,40,val
-18.554178,-8.419608,-6.4170337,-1.0644729,20.173357,31 San José de Ocoa,2021,41,val
-20.196274,-7.2545767,-10.294661,-0.6024512,21.879179,31 San José de Ocoa,2021,42,val
-22.803284,-7.6660585,-15.0105915,-4.2592554,29.961664,31 San José de Ocoa,2021,43,val
-18.547005,-3.0621395,-14.177118,-2.169394,26.83826,31 San José de Ocoa,2021,44,val
-19.185589,-3.11353,-17.81176,2.8924956,29.68405,31 San José de Ocoa,2021,45,val
-17.827446,0.6755181,-19.246428,4.761042,30.56587,31 San José de Ocoa,2021,46,val
-10.636992,0.04311605,-15.075929,-0.9548506,32.00731,31 San José de Ocoa,2021,47,val
-9.344497,4.881643,-17.312864,4.1749983,30.230818,31 San José de Ocoa,2021,48,val
-4.4289284,4.7707534,-18.510216,8.874098,31.226137,31 San José de Ocoa,2021,49,val
-2.590809,7.9400754,-15.050421,12.614213,26.219723,31 San José de Ocoa,2021,50,val
-0.73603153,0.6942881,-18.96673,3.3325315,34.698566,31 San José de Ocoa,2021,51,val
19.913525,16.76655,-6.877729,22.736229,15.580394,31 San José de Ocoa,2021,52,val
11.636683,19.184929,13.742686,3.3657553,8.351683,32 Santo Domingo,2015,1,train
15.34274,20.336311,14.596713,3.59051,7.520732,32 Santo Domingo,2015,2,train
12.968967,16.766134,17.18671,4.673854,6.2045355,32 Santo Domingo,2015,3,train
17.622698,18.21028,17.253653,4.533708,3.7874355,32 Santo Domingo,2015,4,train
14.290157,14.562359,14.180746,-2.8062725,7.7267237,32 Santo Domingo,2015,5,train
17.403997,12.859877,12.738326,-1.5448608,6.625572,32 Santo Domingo,2015,6,train
18.820772,13.570653,13.229757,-1.3029448,5.4208097,32 Santo Domingo,2015,7,train
23.350838,13.95643,16.103136,-2.4695609,4.540318,32 Santo Domingo,2015,8,train
20.453407,9.636533,15.719461,-1.14327,1.6041254,32 Santo Domingo,2015,9,train
20.140532,9.524865,15.4542265,0.80370903,-1.0606711,32 Santo Domingo,2015,10,train
22.619007,9.913957,17.350763,0.62629044,-3.17262,32 Santo Domingo,2015,11,train
23.769588,8.59487,18.594646,0.257728,-6.2582526,32 Santo Domingo,2015,12,train
18.496124,4.2524433,19.682634,-0.388599,-6.390366,32 Santo Domingo,2015,13,train
21.346912,4.863305,18.356024,1.4585048,-5.4651394,32 Santo Domingo,2015,14,train
17.390022,3.352015,16.998392,1.7468438,-4.7982516,32 Santo Domingo,2015,15,train
19.156029,0.6223831,19.408049,0.83502823,-9.678317,32 Santo Domingo,2015,16,train
2.0628493,-15.858718,21.103127,-1.9511884,-13.519431,32 Santo Domingo,2015,17,train
1.4042647,-16.654697,21.230618,-1.4542793,-15.067703,32 Santo Domingo,2015,18,train
-1.8171507,-12.331069,24.70103,-4.252767,-16.882626,32 Santo Domingo,2015,19,train
-4.446289,-11.075751,23.379627,-2.5179212,-19.527458,32 Santo Domingo,2015,20,train
-5.7246747,-12.592306,21.770544,-2.6309793,-12.449421,32 Santo Domingo,2015,21,train
-7.0295978,-13.515033,21.916967,-2.9170494,-10.354019,32 Santo Domingo,2015,22,train
-7.0730724,-14.330135,18.69606,-0.36242092,-8.429702,32 Santo Domingo,2015,23,train
-9.855671,-16.29949,19.103983,-0.15848544,-7.8992167,32 Santo Domingo,2015,24,train
-12.861138,-17.222244,18.01716,1.3297813,-8.39809,32 Santo Domingo,2015,25,train
-14.1147,-16.224264,17.860577,1.2505455,-5.1336083,32 Santo Domingo,2015,26,train
-10.572166,-11.194055,23.999346,7.3157187,-11.166834,32 Santo Domingo,2015,27,train
-15.087319,-12.416089,24.342924,8.235629,-10.681945,32 Santo Domingo,2015,28,train
-12.326263,-11.774253,23.94706,7.4992228,-10.510813,32 Santo Domingo,2015,29,train
-16.261393,-11.793478,24.436481,7.961358,-9.864084,32 Santo Domingo,2015,30,train
-17.082104,-12.416645,24.341644,7.2919645,-12.4558325,32 Santo Domingo,2015,31,train
-18.13446,-8.00246,26.094744,5.3231096,-13.403208,32 Santo Domingo,2015,32,train
-18.366974,-6.3782353,26.396114,4.5675974,-13.229655,32 Santo Domingo,2015,33,train
-18.404432,-5.2144094,25.039854,4.6252723,-11.151795,32 Santo Domingo,2015,34,train
-18.67994,-0.82008505,33.4745,-9.879417,6.257778,32 Santo Domingo,2015,35,train
-20.390728,0.60076064,21.372242,-3.6300676,-5.374561,32 Santo Domingo,2015,36,train
-22.173536,1.0130194,21.27596,-2.8703718,-3.061764,32 Santo Domingo,2015,37,train
-22.322647,5.8734646,19.575375,-2.07174,0.6382768,32 Santo Domingo,2015,38,train
-19.272877,6.5852523,19.060987,-2.0921068,0.5463513,32 Santo Domingo,2015,39,train
-23.633799,12.492721,19.240578,-2.394056,-0.5074915,32 Santo Domingo,2015,40,train
-28.378763,14.086949,18.560003,-0.9290664,2.6644368,32 Santo Domingo,2015,41,train
-23.04398,14.6003065,18.488838,-1.3853484,3.1261458,32 Santo Domingo,2015,42,train
-25.014658,17.47427,17.37151,-0.6817309,4.4746323,32 Santo Domingo,2015,43,train
-20.71337,19.072838,18.602789,-2.0862582,5.753277,32 Santo Domingo,2015,44,train
-14.488826,16.645544,15.520021,0.3221052,10.946192,32 Santo Domingo,2015,45,train
-14.045261,16.7202,13.639761,1.5033218,11.004829,32 Santo Domingo,2015,46,train
-15.88262,23.492165,12.529295,2.580722,15.376304,32 Santo Domingo,2015,47,train
-3.3936682,25.67557,16.256147,-2.597724,12.4148855,32 Santo Domingo,2015,48,train
-2.5861683,18.171251,15.150334,-1.2485077,10.7099495,32 Santo Domingo,2015,49,train
0.18716407,19.506956,14.163403,-1.0030313,11.327467,32 Santo Domingo,2015,50,train
1.5787805,20.205421,14.587555,-1.7068257,11.827086,32 Santo Domingo,2015,51,train
2.083508,19.921741,17.082525,3.421005,8.683665,32 Santo Domingo,2015,52,train
7.53256,29.869078,22.813076,1.3227897,3.7037714,32 Santo Domingo,2016,1,train
9.69617,26.786703,22.112461,-0.11485507,1.6279467,32 Santo Domingo,2016,2,train
13.732071,28.296577,23.433683,-1.0309016,-0.72336304,32 Santo Domingo,2016,3,train
10.86608,23.27339,24.592455,0.43259963,-1.2236304,32 Santo Domingo,2016,4,train
13.431774,26.556595,20.945217,-7.9452014,1.1695083,32 Santo Domingo,2016,5,train
12.493517,21.350609,20.749617,-6.6865325,-0.96206874,32 Santo Domingo,2016,6,train
13.415175,20.166357,21.331766,-6.655216,-1.524599,32 Santo Domingo,2016,7,train
14.284291,19.486605,22.819263,-6.7703586,-4.5804896,32 Santo Domingo,2016,8,train
10.53573,17.722086,22.58196,-6.175993,-7.191284,32 Santo Domingo,2016,9,train
24.165668,12.965917,18.918186,-1.3870273,-3.7187068,32 Santo Domingo,2016,10,train
19.160921,10.674538,21.582577,-3.8796148,-4.5899453,32 Santo Domingo,2016,11,train
17.55582,9.412554,20.741957,-1.8309726,-6.473504,32 Santo Domingo,2016,12,train
18.71916,8.216195,22.434301,-3.160421,-7.438774,32 Santo Domingo,2016,13,train
10.897221,6.2188063,23.273588,-3.3905573,-9.360552,32 Santo Domingo,2016,14,train
15.605558,6.6399255,24.472614,-1.9522531,-16.053514,32 Santo Domingo,2016,15,train
10.040733,6.45761,24.14959,-3.4088526,-12.029811,32 Santo Domingo,2016,16,train
5.2548375,-1.9982495,29.598072,-7.486967,3.0729904,32 Santo Domingo,2016,17,train
-2.289385,-5.6390915,22.111816,-5.3113503,-4.9127884,32 Santo Domingo,2016,18,train
2.596065,-15.3952675,15.666004,1.4862939,-0.76801896,32 Santo Domingo,2016,19,train
2.6013124,-19.154598,15.711877,3.0959978,-1.0983996,32 Santo Domingo,2016,20,train
-0.20624764,-17.622581,16.836525,1.6009043,-0.20759524,32 Santo Domingo,2016,21,train
-0.5181863,-16.680597,23.490734,-1.6670381,9.795625,32 Santo Domingo,2016,22,train
-2.260065,-20.009138,14.493654,3.889726,1.9533086,32 Santo Domingo,2016,23,train
-5.406578,-24.784416,15.146714,5.138838,1.6668804,32 Santo Domingo,2016,24,train
-9.104844,-16.016998,15.462978,2.5735557,4.1342864,32 Santo Domingo,2016,25,train
-11.925704,-17.26276,14.687265,3.74871,4.0160728,32 Santo Domingo,2016,26,train
-5.4580097,-16.163322,19.19376,11.229796,-1.6273723,32 Santo Domingo,2016,27,train
-9.3761015,-18.692968,19.549583,12.001904,-2.3346772,32 Santo Domingo,2016,28,train
-8.115819,-17.598066,19.184816,11.333093,-1.801066,32 Santo Domingo,2016,29,train
-12.228205,-15.991979,18.492464,11.17775,0.71774346,32 Santo Domingo,2016,30,train
-4.3262863,-13.153662,27.2069,16.884085,12.056082,32 Santo Domingo,2016,31,train
-12.449903,-17.8226,17.531345,12.428582,2.758996,32 Santo Domingo,2016,32,train
-11.033891,-21.45984,17.605616,12.679683,-0.46347782,32 Santo Domingo,2016,33,train
-19.667068,-8.653421,15.432759,14.166416,11.103303,32 Santo Domingo,2016,34,train
-19.743355,-21.008322,12.791112,8.442827,8.660639,32 Santo Domingo,2016,35,train
-22.362621,-17.169155,11.360091,9.763861,14.686152,32 Santo Domingo,2016,36,train
-20.13205,-17.643515,10.506574,9.764638,13.030657,32 Santo Domingo,2016,37,train
-20.49354,-16.755785,9.731397,10.811167,15.79762,32 Santo Domingo,2016,38,train
-21.982641,-10.17981,8.930858,10.820807,18.172857,32 Santo Domingo,2016,39,train
-15.376113,-7.483403,23.327894,0.8216276,24.927177,32 Santo Domingo,2016,40,train
-18.538513,-2.2302253,7.9791384,8.062362,16.651333,32 Santo Domingo,2016,41,train
-17.246845,-0.26249713,7.313671,8.390256,17.803486,32 Santo Domingo,2016,42,train
-18.936924,1.2821136,5.767449,9.651738,19.655018,32 Santo Domingo,2016,43,train
-16.62271,4.083381,6.16768,9.419318,21.46591,32 Santo Domingo,2016,44,train
-14.002091,5.31933,5.8564105,8.978959,21.17042,32 Santo Domingo,2016,45,train
-11.131265,7.264885,6.414913,8.466643,22.227367,32 Santo Domingo,2016,46,train
-8.589542,10.88633,6.3486276,8.892944,24.996563,32 Santo Domingo,2016,47,train
6.647271,13.217309,7.433818,4.4475727,19.629139,32 Santo Domingo,2016,48,train
7.795261,12.848848,7.2657323,4.562688,19.264582,32 Santo Domingo,2016,49,train
8.726639,12.568741,6.917728,4.4919415,18.517672,32 Santo Domingo,2016,50,train
9.270015,11.975907,8.242217,3.1183193,16.562979,32 Santo Domingo,2016,51,train
10.362902,13.751386,10.926614,8.274735,15.815764,32 Santo Domingo,2016,52,train
12.865446,15.132112,11.64182,9.296789,16.319624,32 Santo Domingo,2017,1,train
18.428564,15.056824,11.055511,6.8098087,13.44633,32 Santo Domingo,2017,2,train
27.666052,20.036171,14.170375,9.205107,12.374667,32 Santo Domingo,2017,3,train
27.139936,16.162704,14.496413,9.37309,11.732151,32 Santo Domingo,2017,4,train
23.00268,11.44882,9.11753,2.2139947,14.8109865,32 Santo Domingo,2017,5,train
21.403913,9.933729,11.365912,1.3740991,11.647387,32 Santo Domingo,2017,6,train
21.950275,9.002673,12.243784,1.1199385,9.824217,32 Santo Domingo,2017,7,train
27.369707,8.989482,12.019007,2.5213118,6.923093,32 Santo Domingo,2017,8,train
28.16092,8.038156,12.183323,3.9306302,3.788912,32 Santo Domingo,2017,9,train
24.484175,4.5367436,13.88808,3.3571513,5.9010816,32 Santo Domingo,2017,10,train
27.85844,1.1728826,13.892594,4.472627,5.409581,32 Santo Domingo,2017,11,train
26.044619,-1.6233654,16.948711,2.3457263,4.9075093,32 Santo Domingo,2017,12,train
30.240967,-5.010611,15.806907,6.0880265,-0.21276958,32 Santo Domingo,2017,13,train
22.172556,-6.3343596,16.299044,5.232454,-3.3632066,32 Santo Domingo,2017,14,train
28.964308,-6.2134843,18.405626,7.4439993,-8.801366,32 Santo Domingo,2017,15,train
15.963412,-10.31585,24.786684,-0.67171544,12.459999,32 Santo Domingo,2017,16,train
10.546023,-8.695838,25.567595,-2.119788,10.401108,32 Santo Domingo,2017,17,train
3.385337,-17.221243,18.289713,0.022626944,-1.3664954,32 Santo Domingo,2017,18,train
4.295788,-21.6694,17.631739,2.4483428,-2.654589,32 Santo Domingo,2017,19,train
1.591412,-17.74686,16.05512,1.6272277,-0.5469516,32 Santo Domingo,2017,20,train
1.2464021,-21.632227,16.08456,3.8167121,-1.7210908,32 Santo Domingo,2017,21,train
-1.4459859,-19.285318,16.768904,2.4098442,-0.62452245,32 Santo Domingo,2017,22,train
-3.0034623,-18.80105,15.539254,3.142669,-0.47659412,32 Santo Domingo,2017,23,train
-7.6949883,-22.616928,16.873083,2.8541718,-0.91270405,32 Santo Domingo,2017,24,train
-8.860081,-21.120258,16.097424,3.3946574,-0.28185466,32 Santo Domingo,2017,25,train
-9.519016,-18.443335,15.144437,3.7923315,1.3984873,32 Santo Domingo,2017,26,train
-6.881607,-18.905115,19.540833,11.929644,-1.1204951,32 Santo Domingo,2017,27,train
-10.110839,-17.491262,19.546585,13.141939,2.7740836,32 Santo Domingo,2017,28,train
-12.534308,-20.502642,18.643414,11.992256,0.31846493,32 Santo Domingo,2017,29,train
-7.5519633,-15.93832,18.507174,11.127228,2.4444315,32 Santo Domingo,2017,30,train
-18.853659,-21.106781,19.098013,14.252275,3.56114,32 Santo Domingo,2017,31,train
-13.083155,-16.780008,19.34353,12.76512,3.263263,32 Santo Domingo,2017,32,train
-17.622553,-16.018068,18.091856,13.159408,5.758948,32 Santo Domingo,2017,33,train
-13.299924,-16.246973,17.362902,12.086735,4.0236616,32 Santo Domingo,2017,34,train
-18.649336,-19.879082,13.107568,7.637739,8.065384,32 Santo Domingo,2017,35,train
-19.531696,-13.809002,13.241815,7.173856,11.025923,32 Santo Domingo,2017,36,train
-17.741608,-11.9628935,13.131408,6.1048627,11.319746,32 Santo Domingo,2017,37,train
-20.785976,-8.0661,11.373467,7.955823,15.615611,32 Santo Domingo,2017,38,train
-19.578302,-8.695825,10.693862,8.299195,15.192402,32 Santo Domingo,2017,39,train
-17.457886,-5.5862465,9.274682,8.309604,17.230461,32 Santo Domingo,2017,40,train
-20.092909,-5.358813,8.907479,10.122663,21.235977,32 Santo Domingo,2017,41,train
-17.097822,-2.5381212,7.923435,9.641743,20.672354,32 Santo Domingo,2017,42,train
-17.944187,-1.2584907,6.171166,11.112538,23.530016,32 Santo Domingo,2017,43,train
-18.666908,0.45230275,4.623383,12.750102,26.262037,32 Santo Domingo,2017,44,train
-5.809656,2.6923816,18.444643,1.6262192,25.131222,32 Santo Domingo,2017,45,train
-6.2417336,5.283569,8.440933,7.1978903,22.160587,32 Santo Domingo,2017,46,train
-11.099408,5.4788027,4.390986,11.578272,29.641594,32 Santo Domingo,2017,47,train
-10.664695,6.6283636,2.2577007,12.833928,29.1556,32 Santo Domingo,2017,48,train
7.8547587,13.514529,7.247832,4.597171,19.616068,32 Santo Domingo,2017,49,train
10.84792,17.166767,6.5264764,4.6757193,21.913975,32 Santo Domingo,2017,50,train
11.65704,15.13073,5.7498035,4.16121,18.263954,32 Santo Domingo,2017,51,train
11.7239485,14.894468,10.012203,7.899061,16.44514,32 Santo Domingo,2017,52,train
10.928784,9.743975,11.778404,10.679871,18.757952,32 Santo Domingo,2018,1,train
12.64546,9.364308,13.201594,10.044913,17.016962,32 Santo Domingo,2018,2,train
14.520841,7.467392,12.5382,7.9024143,13.669119,32 Santo Domingo,2018,3,train
16.595133,7.045462,12.611264,7.42881,12.073579,32 Santo Domingo,2018,4,train
24.57235,8.82977,7.8304844,4.1810336,15.474126,32 Santo Domingo,2018,5,train
17.303226,9.372878,11.597737,0.5787949,8.360033,32 Santo Domingo,2018,6,train
22.310728,11.30681,12.188551,0.86213225,7.2863355,32 Santo Domingo,2018,7,train
24.573338,10.697848,13.0910635,1.4434469,4.8011017,32 Santo Domingo,2018,8,train
32.339542,12.191267,16.705982,-1.8889991,5.6750994,32 Santo Domingo,2018,9,train
30.69807,2.8859162,14.147257,4.3282056,7.875718,32 Santo Domingo,2018,10,train
21.63649,-1.5977054,12.876862,4.35702,7.904763,32 Santo Domingo,2018,11,train
27.647514,-1.5191869,14.492584,4.809519,6.9019985,32 Santo Domingo,2018,12,train
31.326075,3.4958465,16.503864,5.2217083,-2.4246073,32 Santo Domingo,2018,13,train
21.878565,-2.4165204,20.04735,0.85064965,-5.295563,32 Santo Domingo,2018,14,train
20.591967,-2.6376703,19.596754,1.7220954,-5.229709,32 Santo Domingo,2018,15,train
17.31151,-3.0310125,18.78029,0.9420844,-3.364638,32 Santo Domingo,2018,16,train
15.394737,-3.157761,17.55244,1.8519775,-3.5007524,32 Santo Domingo,2018,17,train
2.563099,-15.277675,19.676659,-1.0227649,-4.2021446,32 Santo Domingo,2018,18,train
1.7078515,-13.716522,18.276884,-0.3013411,-4.3435717,32 Santo Domingo,2018,19,train
1.1325992,-15.101611,19.269243,-0.777234,-4.509009,32 Santo Domingo,2018,20,train
-0.34141088,-16.168177,18.72311,0.8373807,-5.999109,32 Santo Domingo,2018,21,train
-1.79038,-14.331473,17.625532,0.7020133,-3.7872214,32 Santo Domingo,2018,22,train
-4.306898,-16.688978,18.027128,1.1009307,-5.0147243,32 Santo Domingo,2018,23,train
-5.771873,-16.234396,17.310019,1.250077,-3.97744,32 Santo Domingo,2018,24,train
-9.709204,-15.401658,17.773726,0.020406168,0.8978408,32 Santo Domingo,2018,25,train
-13.332472,-20.004856,16.495262,3.2984002,-4.700482,32 Santo Domingo,2018,26,train
-18.411913,-21.716892,22.132149,13.633564,-7.079302,32 Santo Domingo,2018,27,train
-10.887216,-12.576774,21.120272,10.522732,-0.6610801,32 Santo Domingo,2018,28,train
-11.079819,-12.355078,20.31652,9.924925,-0.4892596,32 Santo Domingo,2018,29,train
-10.920512,-14.037027,20.768278,10.592399,-2.6590378,32 Santo Domingo,2018,30,train
-11.350413,-14.819453,21.255566,10.275276,-2.8192594,32 Santo Domingo,2018,31,train
-10.331751,-10.288597,21.025904,9.282974,-0.28800228,32 Santo Domingo,2018,32,train
-9.818624,-9.547869,20.78074,9.225741,-0.14798056,32 Santo Domingo,2018,33,train
-9.599707,-10.200666,20.639618,9.190389,-1.2810148,32 Santo Domingo,2018,34,train
-17.375862,-9.478314,15.7481165,3.1627622,8.660598,32 Santo Domingo,2018,35,train
-18.443382,-12.085725,16.075434,2.8000185,3.3185997,32 Santo Domingo,2018,36,train
-18.329687,-10.384248,16.270792,2.879604,5.5413914,32 Santo Domingo,2018,37,train
-17.93821,-8.320751,14.581323,3.6327927,6.188971,32 Santo Domingo,2018,38,train
-16.721216,-6.961092,15.514729,3.13024,7.8168244,32 Santo Domingo,2018,39,train
-23.44825,-1.3928066,11.384051,5.7822366,17.136526,32 Santo Domingo,2018,40,train
-16.702375,-0.47801313,19.713648,-0.17022601,22.307594,32 Santo Domingo,2018,41,train
-20.711206,3.4415474,9.796267,7.450583,17.163946,32 Santo Domingo,2018,42,train
-21.91471,4.963552,8.662024,7.783856,18.118212,32 Santo Domingo,2018,43,train
-20.852182,7.7422247,8.376697,8.444603,20.029842,32 Santo Domingo,2018,44,train
-14.854877,8.981497,9.434158,6.582516,18.436037,32 Santo Domingo,2018,45,train
-10.559106,9.280829,10.716714,4.920418,17.806274,32 Santo Domingo,2018,46,train
-16.909586,14.558328,7.6503425,7.822135,23.429094,32 Santo Domingo,2018,47,train
4.6397676,16.94861,11.171009,2.0306401,16.4001,32 Santo Domingo,2018,48,train
5.992932,17.572214,9.175199,2.7189054,16.823109,32 Santo Domingo,2018,49,train
7.1249743,19.164946,10.164918,1.9459654,19.055136,32 Santo Domingo,2018,50,train
9.652659,21.521229,9.751665,1.3328581,19.950747,32 Santo Domingo,2018,51,train
11.864813,19.147482,12.0442505,5.7304535,14.001889,32 Santo Domingo,2018,52,train
14.517753,21.32912,15.595777,6.1875014,13.394756,32 Santo Domingo,2019,1,train
18.350374,21.65602,17.358429,7.445616,11.102988,32 Santo Domingo,2019,2,train
21.27189,20.489779,18.724958,7.4426265,8.960441,32 Santo Domingo,2019,3,train
19.756144,17.124712,18.90176,6.61894,7.199736,32 Santo Domingo,2019,4,train
19.184414,16.561071,14.447933,-2.5807989,10.34666,32 Santo Domingo,2019,5,train
16.995117,16.295832,17.244095,-3.230723,5.7431355,32 Santo Domingo,2019,6,train
15.782822,14.255528,17.756876,-3.1366549,3.9269025,32 Santo Domingo,2019,7,train
20.309902,16.363344,17.965744,-2.4994435,-0.122919574,32 Santo Domingo,2019,8,train
23.60076,17.772243,20.991745,-4.227783,-1.7326785,32 Santo Domingo,2019,9,train
23.910057,11.489956,19.683512,-2.5214899,0.54777217,32 Santo Domingo,2019,10,train
23.892673,9.450969,18.996407,0.28903437,-2.1952133,32 Santo Domingo,2019,11,train
24.725595,6.8215194,21.495361,-3.1001406,-1.5651248,32 Santo Domingo,2019,12,train
13.715084,2.4118457,19.93699,-1.6361778,-1.5902988,32 Santo Domingo,2019,13,train
18.18002,1.6440251,19.796362,0.82946384,-3.4896436,32 Santo Domingo,2019,14,train
15.275447,0.27128828,18.803753,-0.0030475834,-2.4333684,32 Santo Domingo,2019,15,train
17.453741,0.035823688,19.98706,1.2153848,-4.825748,32 Santo Domingo,2019,16,train
16.08556,-3.2136092,21.418879,0.13900939,-6.331098,32 Santo Domingo,2019,17,train
1.2473063,-14.364165,21.032211,-1.4028989,-7.651856,32 Santo Domingo,2019,18,train
-1.6486452,-14.339741,23.694897,-3.4597094,-9.832202,32 Santo Domingo,2019,19,train
-2.4292464,-11.827215,20.460714,-1.7979052,-6.497673,32 Santo Domingo,2019,20,train
-4.118918,-12.136027,21.599031,-3.4534662,-4.071382,32 Santo Domingo,2019,21,train
-4.007396,-10.55218,20.319025,-2.30962,-1.6557789,32 Santo Domingo,2019,22,train
-6.4848175,-10.152304,19.551037,-1.9454089,-3.7236295,32 Santo Domingo,2019,23,train
-9.526275,-12.372866,20.325148,-1.4046915,-5.143838,32 Santo Domingo,2019,24,train
-11.5908375,-11.693065,19.489334,-0.9463128,-4.0493765,32 Santo Domingo,2019,25,train
-15.409021,-11.468365,19.890512,-0.48409736,-2.6609504,32 Santo Domingo,2019,26,train
-19.532927,-10.433,25.805172,10.423791,-4.56172,32 Santo Domingo,2019,27,train
-17.912382,-5.2402296,24.313871,9.262025,-0.62160605,32 Santo Domingo,2019,28,train
-19.140366,-6.0168467,23.33626,7.9639072,-1.2386316,32 Santo Domingo,2019,29,train
-22.52298,-5.001579,23.450434,9.117745,0.48515993,32 Santo Domingo,2019,30,train
-23.274296,-3.4208713,24.451496,10.5012455,3.526855,32 Santo Domingo,2019,31,train
-19.93893,-3.107266,21.654497,9.140818,3.32778,32 Santo Domingo,2019,32,train
-22.539944,-2.9911768,22.079206,9.939447,4.086086,32 Santo Domingo,2019,33,train
-18.495378,-0.61787957,21.323334,9.2661085,4.732271,32 Santo Domingo,2019,34,train
-27.672104,-4.359113,16.830252,4.7429886,6.484664,32 Santo Domingo,2019,35,train
-25.746937,-1.6655287,18.818182,2.0829878,4.558661,32 Santo Domingo,2019,36,train
-25.010372,-1.726901,18.228632,2.283045,4.395876,32 Santo Domingo,2019,37,train
-19.0103,2.4604197,27.49925,-5.015619,14.266273,32 Santo Domingo,2019,38,train
-19.295416,2.594511,16.027992,1.6748315,7.560763,32 Santo Domingo,2019,39,train
-20.39116,3.5040576,14.229992,3.4073884,11.490858,32 Santo Domingo,2019,40,train
-24.768667,4.7737393,12.311445,5.50492,13.1573105,32 Santo Domingo,2019,41,train
-24.260649,5.8543344,11.935627,5.7764053,14.518969,32 Santo Domingo,2019,42,train
-18.160917,7.645566,13.426197,3.9857016,14.728001,32 Santo Domingo,2019,43,train
-23.831089,10.727016,9.773287,7.0459824,17.160376,32 Santo Domingo,2019,44,train
-19.80339,11.529784,10.135503,6.1839323,17.540607,32 Santo Domingo,2019,45,train
-16.892046,12.226856,10.042501,5.8012857,18.041317,32 Santo Domingo,2019,46,train
-21.495342,18.342674,7.5142083,7.968359,22.345821,32 Santo Domingo,2019,47,train
-24.676733,22.278341,6.771985,8.805584,25.70167,32 Santo Domingo,2019,48,train
-0.41536805,16.57264,13.453814,1.2522194,15.181791,32 Santo Domingo,2019,49,train
1.0249822,14.645967,15.174877,-0.04119884,14.8154125,32 Santo Domingo,2019,50,train
3.767702,17.718983,13.237728,0.50906926,14.7044,32 Santo Domingo,2019,51,train
5.9376307,20.592342,15.53649,4.988942,11.854571,32 Santo Domingo,2019,52,train
9.248385,18.733084,14.474708,4.265544,11.77525,32 Santo Domingo,2020,1,val
12.959776,19.75123,14.897686,3.4667823,10.214189,32 Santo Domingo,2020,2,val
14.31373,16.808987,17.002714,3.6954312,9.372957,32 Santo Domingo,2020,3,val
12.34547,13.97004,18.200027,4.905359,7.6021442,32 Santo Domingo,2020,4,val
17.856422,16.216175,14.90451,-2.6142561,9.409598,32 Santo Domingo,2020,5,val
16.562845,15.026963,16.181047,-2.7864592,5.608723,32 Santo Domingo,2020,6,val
17.377283,13.57472,17.01781,-2.395789,3.9546983,32 Santo Domingo,2020,7,val
16.539116,10.107525,17.976114,-1.8956574,4.8283234,32 Santo Domingo,2020,8,val
18.42872,10.238193,18.899004,-1.8045549,1.1470609,32 Santo Domingo,2020,9,val
18.828684,2.837472,16.25791,0.9383701,5.3552384,32 Santo Domingo,2020,10,val
21.48471,2.5658126,17.503418,0.39388707,4.513992,32 Santo Domingo,2020,11,val
25.779016,2.712991,18.059618,3.3783298,0.5182709,32 Santo Domingo,2020,12,val
21.437515,-1.5068492,18.67019,1.8716527,1.5559311,32 Santo Domingo,2020,13,val
28.078949,-7.425706,20.043705,3.9580424,-0.86505103,32 Santo Domingo,2020,14,val
18.25806,-8.48159,17.244589,4.135731,1.8536812,32 Santo Domingo,2020,15,val
20.371717,-10.716996,18.431694,4.5083656,-0.049624365,32 Santo Domingo,2020,16,val
19.681646,-11.216202,18.291351,4.984954,-0.61340433,32 Santo Domingo,2020,17,val
5.8142624,-23.032839,17.948805,3.1655707,-2.4153004,32 Santo Domingo,2020,18,val
4.1508727,-21.43094,16.342285,3.873534,-0.46173853,32 Santo Domingo,2020,19,val
2.7314615,-20.5689,17.683527,3.4206142,-2.144374,32 Santo Domingo,2020,20,val
0.9931256,-22.791832,16.502848,4.242701,-0.096206516,32 Santo Domingo,2020,21,val
-1.5667098,-23.08949,17.618734,3.2797616,-0.13547103,32 Santo Domingo,2020,22,val
-4.1574116,-24.026613,17.355247,4.097919,-1.9888439,32 Santo Domingo,2020,23,val
-6.532354,-24.924109,16.822855,4.527471,-1.601602,32 Santo Domingo,2020,24,val
-8.110269,-23.994537,16.353489,4.8147535,-1.0867554,32 Santo Domingo,2020,25,val
-15.9983635,-27.417776,17.210924,5.7682924,0.14773533,32 Santo Domingo,2020,26,val
-9.436959,-20.631672,20.45623,12.499281,0.2909211,32 Santo Domingo,2020,27,val
-15.822305,-24.21786,20.75767,13.767668,0.56303066,32 Santo Domingo,2020,28,val
-13.940933,-22.668781,20.838337,12.995846,0.08718286,32 Santo Domingo,2020,29,val
-13.347516,-20.71699,21.218655,12.516135,0.8734686,32 Santo Domingo,2020,30,val
-17.067081,-18.601526,19.56787,11.963913,3.9929693,32 Santo Domingo,2020,31,val
-13.731664,-27.032166,17.304781,15.622311,7.1836915,32 Santo Domingo,2020,32,val
-15.578734,-22.722025,17.214504,13.440628,4.6204824,32 Santo Domingo,2020,33,val
-5.8628445,-14.333962,33.41759,16.2707,24.09188,32 Santo Domingo,2020,34,val
-16.638466,-24.633858,12.371548,10.356717,12.225254,32 Santo Domingo,2020,35,val
-20.245695,-13.332161,13.643994,7.4612565,13.507205,32 Santo Domingo,2020,36,val
-18.711565,-17.070074,12.185328,8.895523,13.263626,32 Santo Domingo,2020,37,val
-22.040379,-19.750307,11.970769,10.610398,15.2608185,32 Santo Domingo,2020,38,val
-23.215517,-17.877466,9.362145,12.236848,18.556307,32 Santo Domingo,2020,39,val
-17.89807,-4.8239503,11.125119,6.9747763,17.933838,32 Santo Domingo,2020,40,val
-22.999372,-6.3806562,7.7473483,11.432406,23.328545,32 Santo Domingo,2020,41,val
-16.03056,-2.442926,8.614839,8.396417,19.73265,32 Santo Domingo,2020,42,val
-19.987053,-1.9129243,5.9833236,11.656883,24.510777,32 Santo Domingo,2020,43,val
-16.352676,1.2015762,7.231216,10.456565,24.436052,32 Santo Domingo,2020,44,val
-10.112019,-1.2416819,17.3191,3.7174675,30.176083,32 Santo Domingo,2020,45,val
-7.2141137,0.8194287,18.375895,2.45985,30.747232,32 Santo Domingo,2020,46,val
-10.322324,7.1209016,6.843968,10.083561,26.766428,32 Santo Domingo,2020,47,val
-14.847101,8.803093,3.2459517,14.262343,33.2579,32 Santo Domingo,2020,48,val
14.905685,6.3874707,3.9086213,9.591807,29.266981,32 Santo Domingo,2020,49,val
12.412186,3.9464893,4.715318,8.864105,27.227516,32 Santo Domingo,2020,50,val
13.588035,4.3729196,4.779726,8.568694,26.231705,32 Santo Domingo,2020,51,val
16.0462,5.5720305,7.123988,13.123354,26.554768,32 Santo Domingo,2020,52,val
22.435595,7.578088,6.757269,15.407671,30.24957,32 Santo Domingo,2021,1,val
21.784164,3.8721216,7.52337,14.113827,26.58386,32 Santo Domingo,2021,2,val
23.576454,2.2638462,7.508774,13.217138,24.318222,32 Santo Domingo,2021,3,val
28.390043,3.8925,8.253116,13.288229,22.997185,32 Santo Domingo,2021,4,val
23.4429,-2.702013,4.710233,8.987936,22.105862,32 Santo Domingo,2021,5,val
25.737625,0.76758605,6.33568,7.7388606,18.676262,32 Santo Domingo,2021,6,val
27.096241,0.69219726,9.051403,7.3108974,17.29443,32 Santo Domingo,2021,7,val
31.516665,0.23097719,9.01204,8.55052,15.330178,32 Santo Domingo,2021,8,val
31.491343,-2.4542768,9.488638,8.819541,15.419349,32 Santo Domingo,2021,9,val
23.20647,-3.0022452,23.309866,0.46221578,18.464184,32 Santo Domingo,2021,10,val
30.92599,5.6283703,16.672289,3.0429487,3.255632,32 Santo Domingo,2021,11,val
21.700289,1.3306648,15.86855,2.1774337,3.7070487,32 Santo Domingo,2021,12,val
21.48447,-2.3068168,17.322393,2.616924,1.879394,32 Santo Domingo,2021,13,val
18.868673,-2.3389616,17.692705,2.604364,2.6082542,32 Santo Domingo,2021,14,val
28.560503,-12.052737,20.991291,2.7561328,-2.0020604,32 Santo Domingo,2021,15,val
17.782282,-7.196562,16.754042,3.384155,0.19455788,32 Santo Domingo,2021,16,val
5.7063446,-21.050104,19.50895,0.9426205,-3.895134,32 Santo Domingo,2021,17,val
5.1523867,-21.524567,18.919647,2.2087572,-3.898681,32 Santo Domingo,2021,18,val
3.3464727,-19.4205,18.598722,1.9851489,-2.2632687,32 Santo Domingo,2021,19,val
2.1162775,-20.664177,19.40541,1.3793838,-2.010159,32 Santo Domingo,2021,20,val
0.7739417,-19.415394,18.833073,1.9254227,-2.1495037,32 Santo Domingo,2021,21,val
-1.074714,-17.873358,18.600204,1.8456423,-0.88492954,32 Santo Domingo,2021,22,val
-4.1162677,-17.585531,19.287186,0.7680188,0.91664916,32 Santo Domingo,2021,23,val
-6.4354515,-20.73169,18.195314,2.9286702,-0.87075657,32 Santo Domingo,2021,24,val
-7.9048543,-15.596802,17.326132,1.7126316,2.0837543,32 Santo Domingo,2021,25,val
-5.454937,-17.265503,24.686771,0.66354686,11.845056,32 Santo Domingo,2021,26,val
-10.444814,-20.921953,20.540524,14.951243,4.0261087,32 Santo Domingo,2021,27,val
-13.001543,-16.067938,21.174301,13.483078,5.049186,32 Santo Domingo,2021,28,val
-11.444905,-20.244211,19.229122,13.553551,5.4421124,32 Santo Domingo,2021,29,val
-17.154802,-18.417946,19.410986,14.615545,7.91648,32 Santo Domingo,2021,30,val
-14.506629,-17.606302,19.09686,13.701013,6.9729266,32 Santo Domingo,2021,31,val
-8.970625,-10.63886,29.61943,17.809093,16.666988,32 Santo Domingo,2021,32,val
-18.944221,-11.363766,19.105825,12.568652,9.165718,32 Santo Domingo,2021,33,val
-18.8973,-18.242683,18.826763,12.979172,3.8698425,32 Santo Domingo,2021,34,val
-22.986954,-18.224085,15.057296,8.073679,9.372146,32 Santo Domingo,2021,35,val
-20.595665,-18.005953,12.97149,9.807433,13.862565,32 Santo Domingo,2021,36,val
-19.065428,-14.848113,12.686727,8.893877,14.083073,32 Santo Domingo,2021,37,val
-21.639666,-17.349367,10.931841,11.428328,16.959919,32 Santo Domingo,2021,38,val
-23.265436,-11.835673,10.751393,11.10502,19.738583,32 Santo Domingo,2021,39,val
-24.437954,-8.642385,9.033686,12.134531,22.31417,32 Santo Domingo,2021,40,val
-14.310284,-10.179703,14.603627,6.9757233,28.4558,32 Santo Domingo,2021,41,val
-14.357692,-8.498385,15.939715,6.0507913,30.273483,32 Santo Domingo,2021,42,val
-20.83565,-2.0836718,6.1562943,12.702256,26.535702,32 Santo Domingo,2021,43,val
-18.078571,0.41372773,6.750113,12.224641,26.9801,32 Santo Domingo,2021,44,val
-19.44085,0.29639703,3.2960558,15.55106,32.301826,32 Santo Domingo,2021,45,val
-20.43595,3.0394914,-0.13484487,17.7897,34.735313,32 Santo Domingo,2021,46,val
-16.075848,4.542076,2.3859527,16.062166,34.862217,32 Santo Domingo,2021,47,val
9.371259,9.817878,5.1776595,9.160932,27.686169,32 Santo Domingo,2021,48,val
13.415175,8.439407,3.9838302,9.641719,27.761934,32 Santo Domingo,2021,49,val
15.871571,9.266274,4.7530537,9.036879,28.22426,32 Santo Domingo,2021,50,val
13.149306,7.3191743,4.9651036,9.153308,30.59446,32 Santo Domingo,2021,51,val
19.896608,12.3407955,5.822719,12.60156,26.780416,32 Santo Domingo,2021,52,val
